"Handle","Command","Body HTML"
"ap-csa-lesson-3-5-methods-how-to-write-them","MERGE","<style>
/* =============================================================
   SCOPED RESET --- nukes Shopify Dawn theme overrides
   all:initial applies to wrapper ONLY (proven pattern from live
   AP Cyber pages). Applying it to all descendants kills nested
   element display values (table cells, buttons, inline-block badges).
   ============================================================= */
#apcsa-lesson {
  all: initial !important;
  display: block !important;
  font-family: -apple-system, BlinkMacSystemFont, ""Segoe UI"", Roboto, ""Helvetica Neue"", Arial, sans-serif !important;
  max-width: 1080px !important;
  margin: 0 auto !important;
  padding: 32px 20px 80px !important;
  color: #1f2937 !important;
  -webkit-text-fill-color: #1f2937 !important;
  line-height: 1.65 !important;
  font-size: 17px !important;
  background: #ffffff !important;
}
#apcsa-lesson * {
  box-sizing: border-box !important;
}
#apcsa-lesson p, #apcsa-lesson li, #apcsa-lesson td, #apcsa-lesson th,
#apcsa-lesson dt, #apcsa-lesson dd, #apcsa-lesson span, #apcsa-lesson em, #apcsa-lesson strong {
  color: #1f2937 !important;
  -webkit-text-fill-color: #1f2937 !important;
  font-size: 17px !important;
  line-height: 1.65 !important;
}
#apcsa-lesson em { font-style: italic !important; }
#apcsa-lesson strong { font-weight: 700 !important; }
#apcsa-lesson p { margin: 0 0 16px 0 !important; }
#apcsa-lesson ul, #apcsa-lesson ol { display: block !important; margin: 0 0 16px 24px !important; padding: 0 !important; }
#apcsa-lesson ul li { display: list-item !important; list-style: disc outside !important; margin: 0 0 6px 0 !important; }
#apcsa-lesson ol li { display: list-item !important; list-style: decimal outside !important; margin: 0 0 6px 0 !important; }

/* Headings */
#apcsa-lesson h1, #apcsa-lesson h2, #apcsa-lesson h3, #apcsa-lesson h4 {
  display: block !important;
  font-weight: 800 !important;
  color: #0f172a !important;
  -webkit-text-fill-color: #0f172a !important;
  line-height: 1.25 !important;
}
#apcsa-lesson h1 { font-size: 36px !important; margin: 8px 0 12px 0 !important; letter-spacing: -0.02em !important; }
#apcsa-lesson h2 { font-size: 26px !important; margin: 40px 0 14px 0 !important; padding-bottom: 8px !important; border-bottom: 2px solid #e5e7eb !important; }
#apcsa-lesson h3 { font-size: 20px !important; margin: 24px 0 10px 0 !important; color: #1e3a8a !important; -webkit-text-fill-color: #1e3a8a !important; }
#apcsa-lesson h4 { font-size: 17px !important; margin: 16px 0 8px 0 !important; }

/* Links */
#apcsa-lesson a:link, #apcsa-lesson a:visited {
  color: #2563eb !important;
  -webkit-text-fill-color: #2563eb !important;
  text-decoration: underline !important;
  cursor: pointer !important;
}
#apcsa-lesson a:hover, #apcsa-lesson a:active {
  color: #1d4ed8 !important;
  -webkit-text-fill-color: #1d4ed8 !important;
}

/* Code (used sparingly in conceptual lessons --- only for syntax mentions) */
#apcsa-lesson code {
  font-family: ""SF Mono"", Menlo, Consolas, Monaco, monospace !important;
  background: #f1f5f9 !important;
  color: #0f172a !important;
  -webkit-text-fill-color: #0f172a !important;
  padding: 2px 6px !important;
  border-radius: 4px !important;
  font-size: 15px !important;
}
#apcsa-lesson pre {
  display: block !important;
  background: #0f172a !important;
  color: #e2e8f0 !important;
  -webkit-text-fill-color: #e2e8f0 !important;
  padding: 18px 20px !important;
  border-radius: 8px !important;
  overflow-x: auto !important;
  margin: 16px 0 !important;
  font-family: ""SF Mono"", Menlo, Consolas, Monaco, monospace !important;
  font-size: 14px !important;
  line-height: 1.55 !important;
  white-space: pre !important;
}
#apcsa-lesson pre code {
  background: transparent !important;
  color: #e2e8f0 !important;
  -webkit-text-fill-color: #e2e8f0 !important;
  padding: 0 !important;
  font-size: 14px !important;
}

/* BREADCRUMB */
#apcsa-lesson .apcsa-breadcrumb {
  display: block !important;
  font-size: 14px !important;
  color: #64748b !important;
  -webkit-text-fill-color: #64748b !important;
  margin-bottom: 16px !important;
}
#apcsa-lesson .apcsa-breadcrumb a:link, #apcsa-lesson .apcsa-breadcrumb a:visited {
  color: #64748b !important;
  -webkit-text-fill-color: #64748b !important;
  text-decoration: none !important;
}
#apcsa-lesson .apcsa-breadcrumb a:hover { text-decoration: underline !important; }
#apcsa-lesson .apcsa-breadcrumb span.sep { margin: 0 8px !important; color: #cbd5e1 !important; -webkit-text-fill-color: #cbd5e1 !important; }

/* HEADER */
#apcsa-lesson .apcsa-header { display: block !important; margin-bottom: 28px !important; }
#apcsa-lesson .apcsa-eyebrow {
  display: inline-block !important;
  background: #dbeafe !important;
  color: #1e40af !important;
  -webkit-text-fill-color: #1e40af !important;
  padding: 5px 12px !important;
  border-radius: 999px !important;
  font-size: 12px !important;
  font-weight: 700 !important;
  letter-spacing: 0.05em !important;
  text-transform: uppercase !important;
  margin-bottom: 12px !important;
}
#apcsa-lesson .apcsa-meta-row {
  display: flex !important;
  gap: 16px !important;
  flex-wrap: wrap !important;
  margin-top: 12px !important;
  font-size: 14px !important;
  color: #64748b !important;
  -webkit-text-fill-color: #64748b !important;
}
#apcsa-lesson .apcsa-meta-row span { color: #64748b !important; -webkit-text-fill-color: #64748b !important; }

/* ""WHAT YOU'LL LEARN"" BOX */
#apcsa-lesson .apcsa-learn-box {
  display: block !important;
  background: #eff6ff !important;
  border-left: 4px solid #2563eb !important;
  padding: 20px 24px !important;
  margin: 24px 0 !important;
  border-radius: 0 8px 8px 0 !important;
}
#apcsa-lesson .apcsa-learn-box h3 {
  margin-top: 0 !important;
  color: #1e3a8a !important;
  -webkit-text-fill-color: #1e3a8a !important;
  font-size: 18px !important;
}
#apcsa-lesson .apcsa-learn-box ul li { margin-bottom: 8px !important; }

/* CALLOUTS */
#apcsa-lesson .apcsa-callout {
  display: block !important;
  padding: 18px 22px !important;
  margin: 20px 0 !important;
  border-radius: 0 8px 8px 0 !important;
  border-left: 4px solid #94a3b8 !important;
  background: #f8fafc !important;
}
#apcsa-lesson .apcsa-callout h4 {
  margin-top: 0 !important;
  margin-bottom: 8px !important;
  font-size: 16px !important;
  letter-spacing: 0.02em !important;
}
#apcsa-lesson .apcsa-callout.concept { background: #eff6ff !important; border-left-color: #2563eb !important; }
#apcsa-lesson .apcsa-callout.concept h4 { color: #1e3a8a !important; -webkit-text-fill-color: #1e3a8a !important; }
#apcsa-lesson .apcsa-callout.example { background: #f0fdf4 !important; border-left-color: #16a34a !important; }
#apcsa-lesson .apcsa-callout.example h4 { color: #166534 !important; -webkit-text-fill-color: #166534 !important; }
#apcsa-lesson .apcsa-callout.warning { background: #fef2f2 !important; border-left-color: #dc2626 !important; }
#apcsa-lesson .apcsa-callout.warning h4 { color: #991b1b !important; -webkit-text-fill-color: #991b1b !important; }
#apcsa-lesson .apcsa-callout.trap { background: #fef2f2 !important; border-left-color: #dc2626 !important; }
#apcsa-lesson .apcsa-callout.trap h4 { color: #991b1b !important; -webkit-text-fill-color: #991b1b !important; }

/* PRACTICE TIER */
#apcsa-lesson .apcsa-practice-tier {
  display: block !important;
  background: #fafafa !important;
  border: 1px solid #e5e7eb !important;
  border-radius: 12px !important;
  padding: 24px 28px !important;
  margin: 32px 0 !important;
}
#apcsa-lesson .apcsa-practice-tier h2 {
  margin-top: 0 !important;
  border-bottom: none !important;
  padding-bottom: 0 !important;
}
#apcsa-lesson .apcsa-practice-tier .tier-label {
  display: inline-block !important;
  background: #1e40af !important;
  color: #ffffff !important;
  -webkit-text-fill-color: #ffffff !important;
  padding: 4px 10px !important;
  border-radius: 4px !important;
  font-size: 11px !important;
  font-weight: 700 !important;
  letter-spacing: 0.08em !important;
  text-transform: uppercase !important;
  margin-right: 10px !important;
}

/* MCQ */
#apcsa-lesson .apcs-ex {
  display: block !important;
  background: #ffffff !important;
  border: 1px solid #e5e7eb !important;
  border-radius: 8px !important;
  padding: 20px 22px !important;
  margin: 16px 0 !important;
}
#apcsa-lesson .apcs-ex-stem { margin-bottom: 12px !important; }
#apcsa-lesson .apcs-ex-stem strong { color: #0f172a !important; -webkit-text-fill-color: #0f172a !important; }

/* MCQ options */
#apcsa-lesson .apcs-ex-options { display: block !important; margin: 12px 0 !important; }
#apcsa-lesson .apcs-ex-options .apcs-opt {
  display: block !important;
  padding: 10px 14px !important;
  margin: 6px 0 !important;
  border: 2px solid #e5e7eb !important;
  border-radius: 6px !important;
  background: #ffffff !important;
  cursor: pointer !important;
  font-size: 16px !important;
  color: #1f2937 !important;
  -webkit-text-fill-color: #1f2937 !important;
  transition: all 0.15s !important;
}
#apcsa-lesson .apcs-ex-options .apcs-opt:hover { border-color: #93c5fd !important; background: #eff6ff !important; }
#apcsa-lesson .apcs-ex-options .apcs-opt.selected { border-color: #2563eb !important; background: #dbeafe !important; }
#apcsa-lesson .apcs-ex-options .apcs-opt.correct { border-color: #16a34a !important; background: #dcfce7 !important; }
#apcsa-lesson .apcs-ex-options .apcs-opt.incorrect { border-color: #dc2626 !important; background: #fee2e2 !important; }
#apcsa-lesson .apcs-opt-letter {
  display: inline-block !important;
  font-weight: 700 !important;
  margin-right: 10px !important;
  color: #1e40af !important;
  -webkit-text-fill-color: #1e40af !important;
}

/* Predict gate */
#apcsa-lesson .apcs-predict-gate {
  display: block !important;
  background: #fffbeb !important;
  border-left: 3px solid #f59e0b !important;
  padding: 10px 14px !important;
  margin: 10px 0 !important;
  font-size: 14px !important;
  color: #78350f !important;
  -webkit-text-fill-color: #78350f !important;
  font-style: italic !important;
}

/* Buttons */
#apcsa-lesson .apcs-btn,
#apcsa-lesson .apcs-btn:link,
#apcsa-lesson .apcs-btn:visited {
  display: inline-block !important;
  background: #2563eb !important;
  color: #ffffff !important;
  -webkit-text-fill-color: #ffffff !important;
  padding: 10px 20px !important;
  border-radius: 6px !important;
  font-weight: 600 !important;
  font-size: 15px !important;
  text-decoration: none !important;
  border: none !important;
  cursor: pointer !important;
  margin: 4px 4px 4px 0 !important;
}
#apcsa-lesson .apcs-btn:hover, #apcsa-lesson .apcs-btn:active {
  background: #1d4ed8 !important;
  color: #ffffff !important;
  -webkit-text-fill-color: #ffffff !important;
}

/* Feedback */
#apcsa-lesson .apcs-ex-feedback {
  display: none !important;
  margin-top: 12px !important;
  padding: 14px 16px !important;
  border-radius: 6px !important;
  font-size: 15px !important;
}
#apcsa-lesson .apcs-ex-feedback.show { display: block !important; }
#apcsa-lesson .apcs-ex-feedback.fb-correct {
  background: #dcfce7 !important;
  border-left: 4px solid #16a34a !important;
  color: #14532d !important;
  -webkit-text-fill-color: #14532d !important;
}
#apcsa-lesson .apcs-ex-feedback.fb-incorrect {
  background: #fee2e2 !important;
  border-left: 4px solid #dc2626 !important;
  color: #7f1d1d !important;
  -webkit-text-fill-color: #7f1d1d !important;
}

/* MASTERY */
#apcsa-lesson .apcsa-mastery {
  display: block !important;
  background: #0f172a !important;
  color: #f1f5f9 !important;
  -webkit-text-fill-color: #f1f5f9 !important;
  border-radius: 12px !important;
  padding: 32px 32px 28px !important;
  margin: 40px 0 !important;
}
#apcsa-lesson .apcsa-mastery,
#apcsa-lesson .apcsa-mastery p,
#apcsa-lesson .apcsa-mastery span,
#apcsa-lesson .apcsa-mastery li,
#apcsa-lesson .apcsa-mastery strong,
#apcsa-lesson .apcsa-mastery em { color: #f1f5f9 !important; -webkit-text-fill-color: #f1f5f9 !important; }
#apcsa-lesson .apcsa-mastery code { background: rgba(255,255,255,0.10) !important; color: #fde68a !important; -webkit-text-fill-color: #fde68a !important; padding: 2px 6px !important; border-radius: 4px !important; font-size: 14px !important; }
#apcsa-lesson .apcsa-mastery .apcs-ex-feedback.fb-correct strong { color: #14532d !important; -webkit-text-fill-color: #14532d !important; }
#apcsa-lesson .apcsa-mastery .apcs-ex-feedback.fb-correct code { background: rgba(20,83,45,0.12) !important; color: #14532d !important; -webkit-text-fill-color: #14532d !important; }
#apcsa-lesson .apcsa-mastery .apcs-ex-feedback.fb-incorrect strong { color: #7f1d1d !important; -webkit-text-fill-color: #7f1d1d !important; }
#apcsa-lesson .apcsa-mastery .apcs-ex-feedback.fb-incorrect code { background: rgba(127,29,29,0.12) !important; color: #7f1d1d !important; -webkit-text-fill-color: #7f1d1d !important; }
#apcsa-lesson .apcsa-mastery .mastery-badge {
  display: inline-block !important;
  background: #f59e0b !important;
  color: #0f172a !important;
  -webkit-text-fill-color: #0f172a !important;
  padding: 5px 12px !important;
  border-radius: 999px !important;
  font-size: 11px !important;
  font-weight: 700 !important;
  letter-spacing: 0.08em !important;
  text-transform: uppercase !important;
  margin-bottom: 14px !important;
}
#apcsa-lesson .apcsa-mastery h2 { color: #ffffff !important; -webkit-text-fill-color: #ffffff !important; border-bottom: none !important; padding-bottom: 0 !important; margin-top: 0 !important; }
#apcsa-lesson .apcsa-mastery h3 { color: #fbbf24 !important; -webkit-text-fill-color: #fbbf24 !important; }
#apcsa-lesson .apcsa-mastery .apcs-ex {
  background: #1e293b !important;
  border-color: #334155 !important;
}
#apcsa-lesson .apcsa-mastery .apcs-ex-stem,
#apcsa-lesson .apcsa-mastery .apcs-ex-stem strong { color: #f1f5f9 !important; -webkit-text-fill-color: #f1f5f9 !important; }
#apcsa-lesson .apcsa-mastery .apcs-ex-options .apcs-opt {
  background: #0f172a !important;
  border-color: #334155 !important;
  color: #f1f5f9 !important;
  -webkit-text-fill-color: #f1f5f9 !important;
}
#apcsa-lesson .apcsa-mastery .apcs-ex-options .apcs-opt:hover { border-color: #60a5fa !important; background: #1e293b !important; }
#apcsa-lesson .apcsa-mastery .apcs-ex-options .apcs-opt.selected { border-color: #60a5fa !important; background: #1e3a8a !important; }
#apcsa-lesson .apcsa-mastery .mastery-rubric {
  display: block !important;
  margin-top: 18px !important;
  padding: 16px 18px !important;
  background: #1e293b !important;
  border-radius: 8px !important;
  border: 1px solid #334155 !important;
}
#apcsa-lesson .apcsa-mastery .mastery-rubric h4 {
  color: #fbbf24 !important;
  -webkit-text-fill-color: #fbbf24 !important;
  margin-top: 0 !important;
  margin-bottom: 10px !important;
  font-size: 15px !important;
  text-transform: uppercase !important;
  letter-spacing: 0.06em !important;
}
#apcsa-lesson .apcsa-mastery .rubric-row {
  display: flex !important;
  justify-content: space-between !important;
  align-items: center !important;
  padding: 8px 0 !important;
  border-bottom: 1px solid #334155 !important;
  gap: 12px !important;
}
#apcsa-lesson .apcsa-mastery .rubric-row:last-child { border-bottom: none !important; }
#apcsa-lesson .apcsa-mastery .rubric-score {
  display: inline-block !important;
  background: #16a34a !important;
  color: #ffffff !important;
  -webkit-text-fill-color: #ffffff !important;
  padding: 3px 10px !important;
  border-radius: 4px !important;
  font-size: 12px !important;
  font-weight: 700 !important;
  white-space: nowrap !important;
}

/* EXTENSION */
#apcsa-lesson .apcsa-extension {
  display: block !important;
  background: #faf5ff !important;
  border: 1px solid #e9d5ff !important;
  border-radius: 12px !important;
  padding: 24px 28px !important;
  margin: 32px 0 !important;
}
#apcsa-lesson .apcsa-extension h3 {
  color: #6b21a8 !important;
  -webkit-text-fill-color: #6b21a8 !important;
  margin-top: 8px !important;
}
#apcsa-lesson .apcsa-extension .ext-badge {
  display: inline-block !important;
  background: #6b21a8 !important;
  color: #ffffff !important;
  -webkit-text-fill-color: #ffffff !important;
  padding: 4px 10px !important;
  border-radius: 4px !important;
  font-size: 11px !important;
  font-weight: 700 !important;
  letter-spacing: 0.08em !important;
  text-transform: uppercase !important;
}

/* NAV */
#apcsa-lesson .apcsa-lesson-nav {
  display: flex !important;
  justify-content: space-between !important;
  gap: 14px !important;
  margin: 40px 0 24px 0 !important;
  padding-top: 24px !important;
  border-top: 2px solid #e5e7eb !important;
}
#apcsa-lesson .apcsa-lesson-nav a:link, #apcsa-lesson .apcsa-lesson-nav a:visited {
  display: block !important;
  flex: 1 1 0 !important;
  padding: 14px 18px !important;
  background: #f8fafc !important;
  border: 1px solid #e5e7eb !important;
  border-radius: 8px !important;
  text-decoration: none !important;
  color: #1f2937 !important;
  -webkit-text-fill-color: #1f2937 !important;
}
#apcsa-lesson .apcsa-lesson-nav a:hover { border-color: #2563eb !important; background: #eff6ff !important; }

@media (max-width: 720px) {
  #apcsa-lesson { padding: 20px 16px 60px !important; font-size: 16px !important; }
  #apcsa-lesson h1 { font-size: 28px !important; }
  #apcsa-lesson h2 { font-size: 22px !important; }
}

#apcsa-lesson .apcsa-mastery .apcs-predict-gate {
  background: #1e293b !important;
  border-left-color: #f59e0b !important;
  color: #fde68a !important;
  -webkit-text-fill-color: #fde68a !important;
}
#apcsa-lesson .apcsa-game-block{margin:40px 0!important;}
#apcsa-lesson .game-toggle-label{font-size:11px!important;font-weight:700!important;letter-spacing:1.5px!important;text-transform:uppercase!important;color:#6b7280!important;-webkit-text-fill-color:#6b7280!important;margin-bottom:10px!important;}
#apcsa-lesson .game-toggle-pills{display:flex!important;gap:8px!important;margin-bottom:16px!important;flex-wrap:wrap!important;}
#apcsa-lesson .game-pill{padding:8px 20px!important;border-radius:999px!important;border:2px solid #e5e7eb!important;background:#f9fafb!important;font-size:13px!important;font-weight:600!important;cursor:pointer!important;color:#374151!important;-webkit-text-fill-color:#374151!important;}
#apcsa-lesson .game-pill.active{background:#6b21a8!important;border-color:#6b21a8!important;color:#fff!important;-webkit-text-fill-color:#fff!important;}
#apcsa-lesson .game-pill:link,#apcsa-lesson .game-pill.visited{color:#374151!important;-webkit-text-fill-color:#374151!important;}
#apcsa-lesson .game-pill.active:link,#apcsa-lesson .game-pill.active:visited{color:#fff!important;-webkit-text-fill-color:#fff!important;}

#srt-203{background:#f8fafc!important;border:1px solid #e2e8f0!important;border-radius:12px!important;padding:24px!important;}#srt-203 .g-title{font-size:18px!important;font-weight:700!important;color:#1e1b4b!important;-webkit-text-fill-color:#1e1b4b!important;margin:0 0 4px!important;}#srt-203 .g-sub{font-size:13px!important;color:#6b7280!important;-webkit-text-fill-color:#6b7280!important;margin:0 0 16px!important;}#srt-203 .g-progress{display:flex!important;justify-content:space-between!important;margin-bottom:16px!important;font-size:13px!important;color:#6b7280!important;-webkit-text-fill-color:#6b7280!important;}#srt-203 .g-feedback{margin-top:12px!important;padding:14px!important;background:#fff!important;border-radius:8px!important;border:1px solid #e2e8f0!important;font-size:13px!important;color:#1f2937!important;-webkit-text-fill-color:#1f2937!important;line-height:1.6!important;display:none!important;}#srt-203 .g-complete{text-align:center!important;padding:32px 16px!important;display:none!important;}#srt-203 .g-complete-title{font-size:22px!important;font-weight:700!important;color:#1e1b4b!important;-webkit-text-fill-color:#1e1b4b!important;margin-bottom:8px!important;}#srt-203 .g-complete-score{font-size:16px!important;color:#4b5563!important;-webkit-text-fill-color:#4b5563!important;margin-bottom:20px!important;}#srt-203 .g-btn{background:#6b21a8!important;color:#fff!important;-webkit-text-fill-color:#fff!important;border:none!important;padding:10px 20px!important;border-radius:8px!important;font-weight:600!important;font-size:14px!important;cursor:pointer!important;}#srt-203 .g-btn:disabled{background:#d1d5db!important;cursor:not-allowed!important;}#srt-203 .g-btn:link,#srt-203 .g-btn:visited{color:#fff!important;-webkit-text-fill-color:#fff!important;}#srt-203 .g-bank{display:flex!important;flex-direction:column!important;gap:6px!important;margin-bottom:12px!important;}#srt-203 .g-slot{display:flex!important;flex-direction:column!important;gap:6px!important;min-height:40px!important;margin-bottom:12px!important;padding:10px!important;background:#fff!important;border:2px dashed #cbd5e1!important;border-radius:8px!important;}#srt-203 .g-tile{padding:9px 14px!important;background:#fff!important;border:2px solid #e2e8f0!important;border-radius:6px!important;cursor:pointer!important;font-family:Consolas,monospace!important;font-size:13px!important;color:#1e293b!important;-webkit-text-fill-color:#1e293b!important;}#srt-203 .g-tile:hover{border-color:#6b21a8!important;background:#f5f0ff!important;}#srt-203 .g-tile.placed{background:#f5f0ff!important;border-color:#6b21a8!important;}#srt-203 .g-tile.ok{background:#f0fdf4!important;border-color:#15803d!important;}#srt-203 .g-tile.bad{background:#fef2f2!important;border-color:#b91c1c!important;}#srt-203 .g-prompt{font-size:14px!important;color:#1f2937!important;-webkit-text-fill-color:#1f2937!important;margin-bottom:12px!important;}#srt-203 .g-label{font-size:11px!important;font-weight:700!important;letter-spacing:1px!important;text-transform:uppercase!important;color:#6b7280!important;-webkit-text-fill-color:#6b7280!important;margin-bottom:6px!important;}
#opq-203{background:#f8fafc!important;border:1px solid #e2e8f0!important;border-radius:12px!important;padding:24px!important;}#opq-203 .g-title{font-size:18px!important;font-weight:700!important;color:#1e1b4b!important;-webkit-text-fill-color:#1e1b4b!important;margin:0 0 4px!important;}#opq-203 .g-sub{font-size:13px!important;color:#6b7280!important;-webkit-text-fill-color:#6b7280!important;margin:0 0 16px!important;}#opq-203 .g-progress{display:flex!important;justify-content:space-between!important;margin-bottom:16px!important;font-size:13px!important;color:#6b7280!important;-webkit-text-fill-color:#6b7280!important;}#opq-203 .g-feedback{margin-top:12px!important;padding:14px!important;background:#fff!important;border-radius:8px!important;border:1px solid #e2e8f0!important;font-size:13px!important;color:#1f2937!important;-webkit-text-fill-color:#1f2937!important;line-height:1.6!important;display:none!important;}#opq-203 .g-complete{text-align:center!important;padding:32px 16px!important;display:none!important;}#opq-203 .g-complete-title{font-size:22px!important;font-weight:700!important;color:#1e1b4b!important;-webkit-text-fill-color:#1e1b4b!important;margin-bottom:8px!important;}#opq-203 .g-complete-score{font-size:16px!important;color:#4b5563!important;-webkit-text-fill-color:#4b5563!important;margin-bottom:20px!important;}#opq-203 .g-btn{background:#6b21a8!important;color:#fff!important;-webkit-text-fill-color:#fff!important;border:none!important;padding:10px 20px!important;border-radius:8px!important;font-weight:600!important;font-size:14px!important;cursor:pointer!important;}#opq-203 .g-btn:disabled{background:#d1d5db!important;cursor:not-allowed!important;}#opq-203 .g-btn:link,#opq-203 .g-btn:visited{color:#fff!important;-webkit-text-fill-color:#fff!important;}#opq-203 .g-code{background:#0f172a!important;color:#e2e8f0!important;-webkit-text-fill-color:#e2e8f0!important;padding:16px!important;border-radius:8px!important;font-family:Consolas,monospace!important;font-size:13px!important;white-space:pre!important;overflow-x:auto!important;margin-bottom:16px!important;}#opq-203 .g-input{width:100%!important;padding:10px!important;border:2px solid #e2e8f0!important;border-radius:8px!important;font-family:Consolas,monospace!important;font-size:13px!important;resize:vertical!important;background:#fff!important;color:#1f2937!important;-webkit-text-fill-color:#1f2937!important;margin-bottom:10px!important;}
</style><div id=""apcsa-lesson"">
<nav class=""apcsa-breadcrumb"" aria-label=""Breadcrumb"">
  <a href=""/pages/ap-csa-exam-prep-hub"">AP CSA</a><span class=""sep"">›</span>
  <a href=""/pages/ap-csa-course"">Course</a><span class=""sep"">›</span>
  <a href=""/pages/ap-csa-unit-3-course"">Unit 3: Class Creation</a><span class=""sep"">›</span>
  <span>Lesson 3.5</span>
</nav>
<header class=""apcsa-header"">
  <span class=""apcsa-eyebrow"">Unit 3 · Lesson 3.5 · Code Mechanics</span>
  <h1>Lesson 3.5: Methods: How to Write Them</h1>
  <div class=""apcsa-meta-row"">
    <span>🕑 35–40 min</span><span>·</span>
    <span>8 Practice Questions</span><span>·</span>
    <span>4 Mastery Questions</span><span>·</span>
    <span>Output Predictor + Bug Hunt</span>
  </div>
</header>
<div class=""apcsa-learn-box"">
  <h3>What You'll Learn</h3>
  <ul>
    <li>Write void and return methods with correct headers and return statements</li>
    <li>Explain pass-by-value for primitive parameters</li>
    <li>Identify missing return statements that cause compile errors</li>
    <li>Distinguish local variables from instance variables</li>
    <li>Recognize valid method overloading</li>
  </ul>
</div>
<div class=""apcsa-block"" style=""margin:28px 0!important;"">
<h3 style=""font-size:17px!important;font-weight:700!important;color:#1e1b4b!important;-webkit-text-fill-color:#1e1b4b!important;margin:0 0 10px!important;"">Key Vocabulary</h3>
<table style=""width:100%!important;border-collapse:collapse!important;font-size:14px!important;"">
<thead><tr style=""background:#1e1b4b!important;"">
<th style=""padding:8px 12px!important;border:1px solid #334155!important;text-align:left!important;color:#fff!important;-webkit-text-fill-color:#fff!important;font-size:13px!important;width:26%!important;"">Term</th>
<th style=""padding:8px 12px!important;border:1px solid #334155!important;text-align:left!important;color:#fff!important;-webkit-text-fill-color:#fff!important;font-size:13px!important;"">Definition</th>
</tr></thead>
<tbody>
<tr>
<td style=""padding:8px 12px!important;border:1px solid #e5e7eb!important;font-weight:700!important;font-family:Consolas,monospace!important;font-size:13px!important;white-space:nowrap!important;color:#1e1b4b!important;-webkit-text-fill-color:#1e1b4b!important;background:#f9fafb!important;vertical-align:top!important;"">void method</td>
<td style=""padding:8px 12px!important;border:1px solid #e5e7eb!important;font-size:14px!important;color:#374151!important;-webkit-text-fill-color:#374151!important;"">Performs an action but returns NO value</td>
</tr>
<tr>
<td style=""padding:8px 12px!important;border:1px solid #e5e7eb!important;font-weight:700!important;font-family:Consolas,monospace!important;font-size:13px!important;white-space:nowrap!important;color:#1e1b4b!important;-webkit-text-fill-color:#1e1b4b!important;background:#f9fafb!important;vertical-align:top!important;"">return method</td>
<td style=""padding:8px 12px!important;border:1px solid #e5e7eb!important;font-size:14px!important;color:#374151!important;-webkit-text-fill-color:#374151!important;"">Computes and returns a value; return type in header</td>
</tr>
<tr>
<td style=""padding:8px 12px!important;border:1px solid #e5e7eb!important;font-weight:700!important;font-family:Consolas,monospace!important;font-size:13px!important;white-space:nowrap!important;color:#1e1b4b!important;-webkit-text-fill-color:#1e1b4b!important;background:#f9fafb!important;vertical-align:top!important;"">parameter</td>
<td style=""padding:8px 12px!important;border:1px solid #e5e7eb!important;font-size:14px!important;color:#374151!important;-webkit-text-fill-color:#374151!important;"">Variable in method header that receives a passed argument</td>
</tr>
<tr>
<td style=""padding:8px 12px!important;border:1px solid #e5e7eb!important;font-weight:700!important;font-family:Consolas,monospace!important;font-size:13px!important;white-space:nowrap!important;color:#1e1b4b!important;-webkit-text-fill-color:#1e1b4b!important;background:#f9fafb!important;vertical-align:top!important;"">argument</td>
<td style=""padding:8px 12px!important;border:1px solid #e5e7eb!important;font-size:14px!important;color:#374151!important;-webkit-text-fill-color:#374151!important;"">Actual value passed into a method when called</td>
</tr>
<tr>
<td style=""padding:8px 12px!important;border:1px solid #e5e7eb!important;font-weight:700!important;font-family:Consolas,monospace!important;font-size:13px!important;white-space:nowrap!important;color:#1e1b4b!important;-webkit-text-fill-color:#1e1b4b!important;background:#f9fafb!important;vertical-align:top!important;"">pass by value</td>
<td style=""padding:8px 12px!important;border:1px solid #e5e7eb!important;font-size:14px!important;color:#374151!important;-webkit-text-fill-color:#374151!important;"">Primitive argument passes a COPY; changes to parameter do NOT affect original</td>
</tr>
<tr>
<td style=""padding:8px 12px!important;border:1px solid #e5e7eb!important;font-weight:700!important;font-family:Consolas,monospace!important;font-size:13px!important;white-space:nowrap!important;color:#1e1b4b!important;-webkit-text-fill-color:#1e1b4b!important;background:#f9fafb!important;vertical-align:top!important;"">method signature</td>
<td style=""padding:8px 12px!important;border:1px solid #e5e7eb!important;font-size:14px!important;color:#374151!important;-webkit-text-fill-color:#374151!important;"">Method name + ordered parameter types; used to distinguish overloaded methods</td>
</tr>
<tr>
<td style=""padding:8px 12px!important;border:1px solid #e5e7eb!important;font-weight:700!important;font-family:Consolas,monospace!important;font-size:13px!important;white-space:nowrap!important;color:#1e1b4b!important;-webkit-text-fill-color:#1e1b4b!important;background:#f9fafb!important;vertical-align:top!important;"">local variable</td>
<td style=""padding:8px 12px!important;border:1px solid #e5e7eb!important;font-size:14px!important;color:#374151!important;-webkit-text-fill-color:#374151!important;"">Variable declared inside a method; exists only during that method's execution</td>
</tr>
</tbody>
</table>
</div>
<div class=""apcsa-callout concept"" style=""margin:20px 0!important;padding:16px 20px!important;background:#ede9fe!important;border-left:4px solid #7c3aed!important;border-radius:6px!important;"">
<h4 style=""margin:0 0 8px!important;font-size:15px!important;color:#1e1b4b!important;-webkit-text-fill-color:#1e1b4b!important;"">CED Connection</h4>
<p style=""margin:0 0 8px!important;font-size:14px!important;color:#374151!important;-webkit-text-fill-color:#374151!important;"">A void method performs an action without returning a value. A non-void method returns a value matching its declared return type. When a primitive argument is passed, the parameter receives a COPY -- the original is unaffected.</p>
</div>
<h2 style=""font-size:22px!important;font-weight:700!important;color:#1e1b4b!important;-webkit-text-fill-color:#1e1b4b!important;margin:32px 0 12px!important;"">Method Anatomy</h2>
<pre style=""margin:8px 0 0!important;background:#1e293b!important;color:#e2e8f0!important;padding:14px!important;border-radius:6px!important;font-size:13px!important;overflow-x:auto!important;"">//  access   return   name       parameter list
    public   double   getArea(int length, int width) {
        return (double)(length * width);
    }</pre>
<h2 style=""font-size:22px!important;font-weight:700!important;color:#1e1b4b!important;-webkit-text-fill-color:#1e1b4b!important;margin:32px 0 12px!important;"">void Methods vs Return Methods</h2>
<div class=""apcsa-callout example"" style=""margin:20px 0!important;padding:16px 20px!important;background:#f0fdf4!important;border-left:4px solid #16a34a!important;border-radius:6px!important;"">
<h4 style=""margin:0 0 8px!important;font-size:15px!important;color:#15803d!important;-webkit-text-fill-color:#15803d!important;"">void vs return</h4>
<pre style=""margin:8px 0 0!important;background:#1e293b!important;color:#e2e8f0!important;padding:14px!important;border-radius:6px!important;font-size:13px!important;overflow-x:auto!important;"">// void: performs action, returns nothing
public void printInfo() {
    System.out.println(""Name: "" + name);
}

// return method: computes and returns a value
public int getDoubled(int n) {
    return n * 2;
}
int result = obj.getDoubled(5);  // result = 10</pre>
</div>
<h2 style=""font-size:22px!important;font-weight:700!important;color:#1e1b4b!important;-webkit-text-fill-color:#1e1b4b!important;margin:32px 0 12px!important;"">Pass by Value: Primitives Are Copied</h2>
<div class=""apcsa-callout example"" style=""margin:20px 0!important;padding:16px 20px!important;background:#f0fdf4!important;border-left:4px solid #16a34a!important;border-radius:6px!important;"">
<h4 style=""margin:0 0 8px!important;font-size:15px!important;color:#15803d!important;-webkit-text-fill-color:#15803d!important;"">Pass by Value Demo</h4>
<pre style=""margin:8px 0 0!important;background:#1e293b!important;color:#e2e8f0!important;padding:14px!important;border-radius:6px!important;font-size:13px!important;overflow-x:auto!important;"">public class Modifier {
    public void addTen(int x) { x = x + 10; }
}

int num = 5;
new Modifier().addTen(num);
System.out.println(num);  // prints 5, NOT 15</pre>
<p style=""margin:0 0 8px!important;font-size:14px!important;color:#374151!important;-webkit-text-fill-color:#374151!important;"">The parameter x receives a COPY of 5. Changing x inside the method does nothing to num. This is one of the most tested AP exam concepts.</p>
</div>
<div class=""apcsa-callout trap"" style=""margin:20px 0!important;padding:16px 20px!important;background:#fef3c7!important;border-left:4px solid #d97706!important;border-radius:6px!important;"">
<h4 style=""margin:0 0 8px!important;font-size:15px!important;color:#92400e!important;-webkit-text-fill-color:#92400e!important;"">AP Trap: Missing Return Statement</h4>
<pre style=""margin:8px 0 0!important;background:#1e293b!important;color:#e2e8f0!important;padding:14px!important;border-radius:6px!important;font-size:13px!important;overflow-x:auto!important;"">public int getMax(int a, int b) {
    if (a &gt; b) {
        return a;
    }
    // BUG: no return when a &lt;= b
}</pre>
<p style=""margin:0 0 8px!important;font-size:14px!important;color:#374151!important;-webkit-text-fill-color:#374151!important;"">Every code path in a non-void method must return a value. This is a compile error.</p>
</div>
<div class=""apcsa-callout trap"" style=""margin:20px 0!important;padding:16px 20px!important;background:#fef3c7!important;border-left:4px solid #d97706!important;border-radius:6px!important;"">
<h4 style=""margin:0 0 8px!important;font-size:15px!important;color:#92400e!important;-webkit-text-fill-color:#92400e!important;"">AP Trap: Return Type Mismatch</h4>
<pre style=""margin:8px 0 0!important;background:#1e293b!important;color:#e2e8f0!important;padding:14px!important;border-radius:6px!important;font-size:13px!important;overflow-x:auto!important;"">public int getLabel() {
    return ""Hello"";  // BUG: returns String, declared int
}</pre>
<p style=""margin:0 0 8px!important;font-size:14px!important;color:#374151!important;-webkit-text-fill-color:#374151!important;"">The return value must match the declared return type. Mismatch = compile error.</p>
</div>
<div class=""apcsa-callout trap"" style=""margin:20px 0!important;padding:16px 20px!important;background:#fef3c7!important;border-left:4px solid #d97706!important;border-radius:6px!important;"">
<h4 style=""margin:0 0 8px!important;font-size:15px!important;color:#92400e!important;-webkit-text-fill-color:#92400e!important;"">AP Trap: Pass by Value -- Primitives Never Change</h4>
<pre style=""margin:8px 0 0!important;background:#1e293b!important;color:#e2e8f0!important;padding:14px!important;border-radius:6px!important;font-size:13px!important;overflow-x:auto!important;"">public void doubleIt(int x) { x *= 2; }

int score = 10;
obj.doubleIt(score);
// score is still 10</pre>
<p style=""margin:0 0 8px!important;font-size:14px!important;color:#374151!important;-webkit-text-fill-color:#374151!important;"">Students expect score to become 20. It doesn't. x was a copy.</p>
</div>
<p style=""margin:0 0 8px!important;font-size:14px!important;color:#374151!important;-webkit-text-fill-color:#374151!important;""><strong>Real-World Connection:</strong> The Math class consists entirely of static return methods: <code>Math.sqrt()</code>, <code>Math.abs()</code>. Each takes parameters and returns a computed value.</p>
<div class=""apcsa-block"" style=""margin:28px 0!important;"">
<h3 style=""font-size:17px!important;font-weight:700!important;color:#1e1b4b!important;-webkit-text-fill-color:#1e1b4b!important;margin:0 0 10px!important;"">Summary</h3>
<ul style=""padding-left:20px!important;margin:0!important;"">
<li style=""margin:4px 0!important;font-size:14px!important;color:#374151!important;-webkit-text-fill-color:#374151!important;"">A void method performs an action; a return method returns a value matching its declared type.</li>
<li style=""margin:4px 0!important;font-size:14px!important;color:#374151!important;-webkit-text-fill-color:#374151!important;"">Every code path in a non-void method must end with a return of the correct type.</li>
<li style=""margin:4px 0!important;font-size:14px!important;color:#374151!important;-webkit-text-fill-color:#374151!important;"">When a primitive is passed as an argument, the parameter receives a COPY; the original is unaffected.</li>
<li style=""margin:4px 0!important;font-size:14px!important;color:#374151!important;-webkit-text-fill-color:#374151!important;"">A local variable declared inside a method exists only for that call.</li>
<li style=""margin:4px 0!important;font-size:14px!important;color:#374151!important;-webkit-text-fill-color:#374151!important;"">Method signature = name + parameter types (used for overloading).</li>
</ul>
</div>
<section class=""apcsa-practice-tier"">
  <span class=""tier-label"">Tier 2 · AP Practice</span>
  <h2>Practice Questions</h2>

  <div class=""apcs-ex"" data-type=""mcq"" data-answer=""B"">
    <span class=""apcs-ex-label"">MCQ 1</span>
    <div class=""apcs-ex-stem"">What is printed?<br><pre style=""margin:8px 0 0!important;background:#1e293b!important;color:#e2e8f0!important;padding:14px!important;border-radius:6px!important;font-size:13px!important;overflow-x:auto!important;"">int x = 10;
new Adder().addFive(x);
// addFive: n = n + 5
System.out.println(x);</pre>
</div>
    <div class=""apcs-predict-gate"" style=""background:#fefce8!important;border:1px solid #fde68a!important;border-radius:6px!important;padding:8px 12px!important;margin:8px 0!important;font-size:13px!important;color:#92400e!important;-webkit-text-fill-color:#92400e!important;""><em>⚠ Predict the answer before reading the options.</em></div>
<div class=""apcs-ex-options"">
  <div class=""apcs-opt"" data-letter=""A"">
<span class=""apcs-opt-letter"">A</span> 15
</div>
  <div class=""apcs-opt"" data-letter=""B"">
<span class=""apcs-opt-letter"">B</span> 10
</div>
  <div class=""apcs-opt"" data-letter=""C"">
<span class=""apcs-opt-letter"">C</span> 5
</div>
  <div class=""apcs-opt"" data-letter=""D"">
<span class=""apcs-opt-letter"">D</span> Compile error
</div>
    </div>
    <button class=""apcs-btn apcs-ex-check"" style=""background:#6b21a8!important;color:#fff!important;-webkit-text-fill-color:#fff!important;border:none!important;padding:10px 20px!important;border-radius:8px!important;font-weight:600!important;font-size:14px!important;cursor:pointer!important;display:inline-block!important;margin:4px 4px 4px 0!important;"">Check Answer</button>
    <div class=""apcs-ex-feedback"">
<strong>B is correct.</strong> Primitive passes by value. n is a copy; x stays 10.</div>
  </div>
  <div class=""apcs-ex"" data-type=""mcq"" data-answer=""C"">
    <span class=""apcs-ex-label"">MCQ 2</span>
    <div class=""apcs-ex-stem"">Will NOT compile. Why?<br><pre style=""margin:8px 0 0!important;background:#1e293b!important;color:#e2e8f0!important;padding:14px!important;border-radius:6px!important;font-size:13px!important;overflow-x:auto!important;"">public int getLarger(int a, int b) {
    if (a &gt; b) {
        return a;
    }
}</pre>
</div>
    <div class=""apcs-ex-options"">
  <div class=""apcs-opt"" data-letter=""A"">
<span class=""apcs-opt-letter"">A</span> Should be void
</div>
  <div class=""apcs-opt"" data-letter=""B"">
<span class=""apcs-opt-letter"">B</span> Accessors can't take two parameters
</div>
  <div class=""apcs-opt"" data-letter=""C"">
<span class=""apcs-opt-letter"">C</span> No return when a &lt;= b -- compile error
</div>
  <div class=""apcs-opt"" data-letter=""D"">
<span class=""apcs-opt-letter"">D</span> Single-char names not allowed
</div>
    </div>
    <button class=""apcs-btn apcs-ex-check"" style=""background:#6b21a8!important;color:#fff!important;-webkit-text-fill-color:#fff!important;border:none!important;padding:10px 20px!important;border-radius:8px!important;font-weight:600!important;font-size:14px!important;cursor:pointer!important;display:inline-block!important;margin:4px 4px 4px 0!important;"">Check Answer</button>
    <div class=""apcs-ex-feedback"">
<strong>C is correct.</strong> Missing return when a &lt;= b. Fix: add <code>return b;</code>.</div>
  </div>
  <div class=""apcs-ex"" data-type=""mcq"" data-answer=""B"">
    <span class=""apcs-ex-label"">MCQ 3</span>
    <div class=""apcs-ex-stem"">After <code>rocket.launch(100)</code> where method does <code>speed = speed * 2;</code>, what is TRUE?</div>
    <div class=""apcs-ex-options"">
  <div class=""apcs-opt"" data-letter=""A"">
<span class=""apcs-opt-letter"">A</span> Instance variable speed is 200
</div>
  <div class=""apcs-opt"" data-letter=""B"">
<span class=""apcs-opt-letter"">B</span> Parameter speed is 200 inside method; caller variable unchanged
</div>
  <div class=""apcs-opt"" data-letter=""C"">
<span class=""apcs-opt-letter"">C</span> Compile error
</div>
  <div class=""apcs-opt"" data-letter=""D"">
<span class=""apcs-opt-letter"">D</span> Caller variable is now 200
</div>
    </div>
    <button class=""apcs-btn apcs-ex-check"" style=""background:#6b21a8!important;color:#fff!important;-webkit-text-fill-color:#fff!important;border:none!important;padding:10px 20px!important;border-radius:8px!important;font-weight:600!important;font-size:14px!important;cursor:pointer!important;display:inline-block!important;margin:4px 4px 4px 0!important;"">Check Answer</button>
    <div class=""apcs-ex-feedback"">
<strong>B is correct.</strong> Parameter receives a copy. Caller variable unaffected.</div>
  </div>
  <div class=""apcs-ex"" data-type=""mcq"" data-answer=""C"">
    <span class=""apcs-ex-label"">MCQ 4</span>
    <div class=""apcs-ex-stem"">Which method header causes a compile error?</div>
    <div class=""apcs-predict-gate"" style=""background:#fefce8!important;border:1px solid #fde68a!important;border-radius:6px!important;padding:8px 12px!important;margin:8px 0!important;font-size:13px!important;color:#92400e!important;-webkit-text-fill-color:#92400e!important;""><em>⚠ Predict the answer before reading the options.</em></div>
<div class=""apcs-ex-options"">
  <div class=""apcs-opt"" data-letter=""A"">
<span class=""apcs-opt-letter"">A</span> <code>public int computeTotal(int a, int b) { return a + b; }</code>
</div>
  <div class=""apcs-opt"" data-letter=""B"">
<span class=""apcs-opt-letter"">B</span> <code>public void resetScore() { score = 0; }</code>
</div>
  <div class=""apcs-opt"" data-letter=""C"">
<span class=""apcs-opt-letter"">C</span> <code>public String getLabel() { return 42; }</code>
</div>
  <div class=""apcs-opt"" data-letter=""D"">
<span class=""apcs-opt-letter"">D</span> <code>public boolean isActive() { return active; }</code>
</div>
    </div>
    <button class=""apcs-btn apcs-ex-check"" style=""background:#6b21a8!important;color:#fff!important;-webkit-text-fill-color:#fff!important;border:none!important;padding:10px 20px!important;border-radius:8px!important;font-weight:600!important;font-size:14px!important;cursor:pointer!important;display:inline-block!important;margin:4px 4px 4px 0!important;"">Check Answer</button>
    <div class=""apcs-ex-feedback"">
<strong>C is correct.</strong> Declared String but returns int -- type mismatch.</div>
  </div>
  <div class=""apcs-ex"" data-type=""mcq"" data-answer=""D"">
    <span class=""apcs-ex-label"">MCQ 5</span>
    <div class=""apcs-ex-stem"">What does <code>mystery(4)</code> return?<br><pre style=""margin:8px 0 0!important;background:#1e293b!important;color:#e2e8f0!important;padding:14px!important;border-radius:6px!important;font-size:13px!important;overflow-x:auto!important;"">public int mystery(int n) { n = n * n; return n + 1; }</pre>
</div>
    <div class=""apcs-ex-options"">
  <div class=""apcs-opt"" data-letter=""A"">
<span class=""apcs-opt-letter"">A</span> 5
</div>
  <div class=""apcs-opt"" data-letter=""B"">
<span class=""apcs-opt-letter"">B</span> 9
</div>
  <div class=""apcs-opt"" data-letter=""C"">
<span class=""apcs-opt-letter"">C</span> 16
</div>
  <div class=""apcs-opt"" data-letter=""D"">
<span class=""apcs-opt-letter"">D</span> 17
</div>
    </div>
    <button class=""apcs-btn apcs-ex-check"" style=""background:#6b21a8!important;color:#fff!important;-webkit-text-fill-color:#fff!important;border:none!important;padding:10px 20px!important;border-radius:8px!important;font-weight:600!important;font-size:14px!important;cursor:pointer!important;display:inline-block!important;margin:4px 4px 4px 0!important;"">Check Answer</button>
    <div class=""apcs-ex-feedback"">
<strong>D is correct.</strong> 4*4=16, 16+1=17.</div>
  </div>
  <div class=""apcs-ex"" data-type=""mcq"" data-answer=""B"">
    <span class=""apcs-ex-label"">MCQ 6</span>
    <div class=""apcs-ex-stem"">After <code>obj.swap(x,y)</code> where x=3,y=7, swap correctly swaps a and b internally. What are x and y?</div>
    <div class=""apcs-predict-gate"" style=""background:#fefce8!important;border:1px solid #fde68a!important;border-radius:6px!important;padding:8px 12px!important;margin:8px 0!important;font-size:13px!important;color:#92400e!important;-webkit-text-fill-color:#92400e!important;""><em>⚠ Predict the answer before reading the options.</em></div>
<div class=""apcs-ex-options"">
  <div class=""apcs-opt"" data-letter=""A"">
<span class=""apcs-opt-letter"">A</span> x=7, y=3
</div>
  <div class=""apcs-opt"" data-letter=""B"">
<span class=""apcs-opt-letter"">B</span> x=3, y=7
</div>
  <div class=""apcs-opt"" data-letter=""C"">
<span class=""apcs-opt-letter"">C</span> x=3, y=3
</div>
  <div class=""apcs-opt"" data-letter=""D"">
<span class=""apcs-opt-letter"">D</span> x=7, y=7
</div>
    </div>
    <button class=""apcs-btn apcs-ex-check"" style=""background:#6b21a8!important;color:#fff!important;-webkit-text-fill-color:#fff!important;border:none!important;padding:10px 20px!important;border-radius:8px!important;font-weight:600!important;font-size:14px!important;cursor:pointer!important;display:inline-block!important;margin:4px 4px 4px 0!important;"">Check Answer</button>
    <div class=""apcs-ex-feedback"">
<strong>B is correct.</strong> Swaps local copies only. Caller x and y unaffected.</div>
  </div>
  <div class=""apcs-ex"" data-type=""mcq"" data-answer=""C"">
    <span class=""apcs-ex-label"">MCQ 7</span>
    <div class=""apcs-ex-stem"">Which pair is valid method overloading?</div>
    <div class=""apcs-ex-options"">
  <div class=""apcs-opt"" data-letter=""A"">
<span class=""apcs-opt-letter"">A</span> <code>add(int a, int b)</code> and <code>add(int x, int y)</code>
</div>
  <div class=""apcs-opt"" data-letter=""B"">
<span class=""apcs-opt-letter"">B</span> <code>int add(int,int)</code> and <code>double add(int,int)</code>
</div>
  <div class=""apcs-opt"" data-letter=""C"">
<span class=""apcs-opt-letter"">C</span> <code>int add(int a, int b)</code> and <code>int add(double a, double b)</code>
</div>
  <div class=""apcs-opt"" data-letter=""D"">
<span class=""apcs-opt-letter"">D</span> Two identical <code>void add(int a)</code>
</div>
    </div>
    <button class=""apcs-btn apcs-ex-check"" style=""background:#6b21a8!important;color:#fff!important;-webkit-text-fill-color:#fff!important;border:none!important;padding:10px 20px!important;border-radius:8px!important;font-weight:600!important;font-size:14px!important;cursor:pointer!important;display:inline-block!important;margin:4px 4px 4px 0!important;"">Check Answer</button>
    <div class=""apcs-ex-feedback"">
<strong>C is correct.</strong> Different parameter types = valid overload. A: same types. B: return type only. D: duplicate.</div>
  </div>
  <div class=""apcs-ex"" data-type=""mcq"" data-answer=""A"">
    <span class=""apcs-ex-label"">MCQ 8</span>
    <div class=""apcs-ex-stem"">What are n and result?<br><pre style=""margin:8px 0 0!important;background:#1e293b!important;color:#e2e8f0!important;padding:14px!important;border-radius:6px!important;font-size:13px!important;overflow-x:auto!important;"">public int triple(int value) { value *= 3; return value; }
int n = 4;
int result = obj.triple(n);</pre>
</div>
    <div class=""apcs-ex-options"">
  <div class=""apcs-opt"" data-letter=""A"">
<span class=""apcs-opt-letter"">A</span> n=4, result=12
</div>
  <div class=""apcs-opt"" data-letter=""B"">
<span class=""apcs-opt-letter"">B</span> n=12, result=12
</div>
  <div class=""apcs-opt"" data-letter=""C"">
<span class=""apcs-opt-letter"">C</span> n=4, result=4
</div>
  <div class=""apcs-opt"" data-letter=""D"">
<span class=""apcs-opt-letter"">D</span> n=12, result=4
</div>
    </div>
    <button class=""apcs-btn apcs-ex-check"" style=""background:#6b21a8!important;color:#fff!important;-webkit-text-fill-color:#fff!important;border:none!important;padding:10px 20px!important;border-radius:8px!important;font-weight:600!important;font-size:14px!important;cursor:pointer!important;display:inline-block!important;margin:4px 4px 4px 0!important;"">Check Answer</button>
    <div class=""apcs-ex-feedback"">
<strong>A is correct.</strong> n stays 4. value (copy) becomes 12. result=12.</div>
  </div>
</section>
<div class=""apcsa-game-block"" id=""game-toggle-305"">
<div class=""game-toggle-label"">PRACTICE WITH A GAME — CHOOSE ONE:</div>
<div class=""game-toggle-pills"">
<button class=""game-pill active"" data-gt-target=""opq"">Output Predictor</button><button class=""game-pill"" data-gt-target=""bh"">Bug Hunt</button>
</div>
<div data-gt-widget=""opq""><div id=""opq-305"">
<div class=""g-title"">Output Predictor: Method Calls</div>
<div class=""g-sub"">Predict carefully -- pass-by-value matters.</div>
<div class=""g-progress""><span>Question <span id=""opq-305-cur"">1</span> of 3  ·  Score: <span id=""opq-305-score"">0</span></span></div>
<div id=""opq-305-card"">
<pre class=""g-code"" id=""opq-305-code""></pre>
<textarea style=""width:100%!important;padding:12px 14px!important;border:2px solid #e2e8f0!important;border-radius:8px!important;font-family:Consolas,monospace!important;font-size:14px!important;resize:none!important;background:#fff!important;color:#1f2937!important;-webkit-text-fill-color:#1f2937!important;margin-bottom:10px!important;display:block!important;box-sizing:border-box!important;line-height:1.5!important;"" id=""opq-305-inp"" rows=""2"" placeholder=""Type exact output..."" spellcheck=""false""></textarea><button style=""background:#6b21a8!important;color:#fff!important;-webkit-text-fill-color:#fff!important;border:none!important;padding:10px 20px!important;border-radius:8px!important;font-weight:600!important;font-size:14px!important;cursor:pointer!important;display:inline-block!important;margin:4px 4px 4px 0!important;"" onclick=""_opq_305_submit()"">Predict</button><div class=""g-feedback"" id=""opq-305-fb""></div>
<button style=""background:#6b21a8!important;color:#fff!important;-webkit-text-fill-color:#fff!important;border:none!important;padding:10px 20px!important;border-radius:8px!important;font-weight:600!important;font-size:14px!important;cursor:pointer!important;display:inline-block!important;margin:4px 4px 4px 0!important;display:none!important;margin-top:8px!important;"" id=""opq-305-next"" onclick=""_opq_305_next()"">Next →</button>
</div>
<div class=""g-complete"" id=""opq-305-complete"" style=""display:none!important;"">
<div class=""g-complete-title"">Done!</div>
<div class=""g-complete-score"">You got <span id=""opq-305-final"">0</span> of 3 correct.</div>
<button style=""background:#6b21a8!important;color:#fff!important;-webkit-text-fill-color:#fff!important;border:none!important;padding:10px 20px!important;border-radius:8px!important;font-weight:600!important;font-size:14px!important;cursor:pointer!important;display:inline-block!important;margin:4px 4px 4px 0!important;"" onclick=""_opq_305_restart()"">Play again</button>
</div>
</div></div>
<div data-gt-widget=""bh"" style=""display:none;""><div id=""bh-305"">
<div class=""g-title"">Bug Hunt: Methods</div>
<div class=""g-sub"">Click the buggy line, or 'No bug'.</div>
<div class=""g-progress""><span>Question <span id=""bh-305-cur"">1</span> of 3  ·  Score: <span id=""bh-305-score"">0</span></span></div>
<div id=""bh-305-card"">
<div id=""bh-305-lines""></div>
<div style=""margin-top:12px!important;""><div id=""bh-305-nobug"" onclick=""_bh_305_pick(-1)"" style=""padding:9px 14px!important;background:#fff!important;border:2px solid #e2e8f0!important;border-radius:6px!important;cursor:pointer!important;text-align:center!important;font-style:italic!important;color:#374151!important;"">No bug — code is correct</div></div>
<div class=""g-feedback"" id=""bh-305-fb""></div>
<button style=""background:#6b21a8!important;color:#fff!important;-webkit-text-fill-color:#fff!important;border:none!important;padding:10px 20px!important;border-radius:8px!important;font-weight:600!important;font-size:14px!important;cursor:pointer!important;display:inline-block!important;margin:4px 4px 4px 0!important;display:none!important;margin-top:8px!important;"" id=""bh-305-next"" onclick=""_bh_305_next()"">Next →</button>
</div>
<div class=""g-complete"" id=""bh-305-complete"" style=""display:none!important;"">
<div class=""g-complete-title"">Done!</div>
<div class=""g-complete-score"">You got <span id=""bh-305-final"">0</span> of 3 correct.</div>
<button style=""background:#6b21a8!important;color:#fff!important;-webkit-text-fill-color:#fff!important;border:none!important;padding:10px 20px!important;border-radius:8px!important;font-weight:600!important;font-size:14px!important;cursor:pointer!important;display:inline-block!important;margin:4px 4px 4px 0!important;"" onclick=""_bh_305_restart()"">Play again</button>
</div>
</div></div>
</div>
<script>(function(){var W=document.getElementById(""game-toggle-305"");if(!W||W.dataset.gtInit)return;W.dataset.gtInit=""1"";var pills=W.querySelectorAll("".game-pill""),widgets=W.querySelectorAll(""[data-gt-widget]"");pills.forEach(function(p){p.addEventListener(""click"",function(){var t=p.getAttribute(""data-gt-target"");pills.forEach(function(x){x.classList.remove(""active"");});p.classList.add(""active"");widgets.forEach(function(w){w.style.display=w.getAttribute(""data-gt-widget"")===t?"""":""none"";});});});})();</script>

<script>(function(){var Q=[{""code"": ""public class Runner {\n    private int laps = 0;\n    public void runLap(int count) { count++; laps += count; }\n    public int getLaps() { return laps; }\n}\nRunner r = new Runner();\nint n = 3;\nr.runLap(n);\nr.runLap(n);\nSystem.out.println(n + \"" \"" + r.getLaps());"", ""expected"": ""3 8"", ""explanation"": ""n passes by value each time (stays 3). Each call: count becomes 4, laps += 4. After 2 calls: laps=8.""}, {""code"": ""public class Power {\n    public int square(int x) { return x * x; }\n    public int cube(int x) { return x * square(x); }\n}\nSystem.out.println(new Power().cube(3));"", ""expected"": ""27"", ""explanation"": ""cube(3) = 3 * square(3) = 3 * 9 = 27.""}, {""code"": ""public class Shifter {\n    private int base;\n    public Shifter(int b) { base = b; }\n    public void shift(int base) { base += 10; }\n    public int getBase() { return base; }\n}\nShifter s = new Shifter(5);\ns.shift(100);\nSystem.out.println(s.getBase());"", ""expected"": ""5"", ""explanation"": ""shift() parameter base shadows instance variable base. base += 10 only changes the local copy. Instance base stays 5.""}],idx=0,score=0;function N(s){return s.replace(/\r\n/g,""\n"").replace(/\r/g,""\n"").trim();}function load(){document.getElementById(""opq-305-cur"").textContent=idx+1;document.getElementById(""opq-305-code"").textContent=Q[idx].code;var inp=document.getElementById(""opq-305-inp"");inp.value="""";inp.disabled=false;document.getElementById(""opq-305-fb"").style.display=""none"";document.getElementById(""opq-305-next"").style.display=""none"";}window._opq_305_submit=function(){var inp=document.getElementById(""opq-305-inp"");var ok=N(inp.value)===N(Q[idx].expected);if(ok)score++;document.getElementById(""opq-305-score"").textContent=score;inp.disabled=true;var fb=document.getElementById(""opq-305-fb"");fb.innerHTML=""<strong style=\""color:""+(ok?""#15803d"":""#b91c1c"")+""\"">""+(ok?""✓ Correct!"":""✗ Not quite."")+""</strong> Expected: <code>""+Q[idx].expected+""</code><br><span style=\""color:#4b5563;\"">""+Q[idx].explanation+""</span>"";fb.style.display=""block"";document.getElementById(""opq-305-next"").style.display=""block"";};window._opq_305_next=function(){idx++;if(idx>=Q.length){document.getElementById(""opq-305-card"").style.display=""none"";document.getElementById(""opq-305-complete"").style.display=""block"";document.getElementById(""opq-305-final"").textContent=score;}else load();};window._opq_305_restart=function(){idx=0;score=0;document.getElementById(""opq-305-score"").textContent=0;document.getElementById(""opq-305-complete"").style.display=""none"";document.getElementById(""opq-305-card"").style.display=""block"";load();};load();})();</script>
<script>(function(){var Q=[{""code"": ""public class Wallet {\n    private double cash;\n    public double getCash() { cash += 1.0; return cash; }\n}"", ""bugLine"": 2, ""explanation"": ""Line 3: getCash() is an accessor and should NOT modify cash. Adding 1.0 is an unexpected side effect.""}, {""code"": ""public class Meter {\n    private int value;\n    public Meter(int v) { value = v; }\n    public void increase(int amount) { value += amount; }\n    public int getValue() { return value; }\n}"", ""bugLine"": null, ""explanation"": ""No bug! Correct constructor, void mutator, int accessor.""}, {""code"": ""public class Counter {\n    private int n;\n    public int getDouble(int n) { n = n * 2; }\n}"", ""bugLine"": 3, ""explanation"": ""Line 4: getDouble() declares int return type but has no return statement. Add 'return n;' before the closing brace.""}],idx=0,score=0,chosen=null;function load(){var q=Q[idx];chosen=null;document.getElementById(""bh-305-cur"").textContent=idx+1;var lines=document.getElementById(""bh-305-lines"");lines.innerHTML="""";q.code.split(""\n"").forEach(function(line,i){var d=document.createElement(""div"");d.style.cssText=""padding:9px 14px!important;background:#fff!important;border:2px solid #e2e8f0!important;border-radius:6px!important;cursor:pointer!important;margin-bottom:4px!important;font-family:Consolas,monospace!important;font-size:13px!important;color:#1e293b!important;"";d.textContent=line;d.setAttribute(""data-li"",i);d.addEventListener(""click"",function(){_bh_305_pick(i);});lines.appendChild(d);});document.getElementById(""bh-305-fb"").style.display=""none"";document.getElementById(""bh-305-next"").style.display=""none"";}window._bh_305_pick=function(li){if(chosen!==null)return;chosen=li;var q=Q[idx];var correct=(li===q.bugLine)||(li===-1&&q.bugLine===null);if(correct)score++;document.getElementById(""bh-305-score"").textContent=score;var fb=document.getElementById(""bh-305-fb"");fb.innerHTML=""<strong style=\""color:""+(correct?""#15803d"":""#b91c1c"")+""\"">""+(correct?""✓ Correct!"":""✗ Not quite."")+""</strong> ""+(q.bugLine!==null?""Line ""+(q.bugLine+1)+"" has the bug."":""No bug."")+"" ""+q.explanation;fb.style.display=""block"";document.getElementById(""bh-305-next"").style.display=""block"";};window._bh_305_next=function(){idx++;if(idx>=Q.length){document.getElementById(""bh-305-card"").style.display=""none"";document.getElementById(""bh-305-complete"").style.display=""block"";document.getElementById(""bh-305-final"").textContent=score;}else load();};window._bh_305_restart=function(){idx=0;score=0;chosen=null;document.getElementById(""bh-305-score"").textContent=0;document.getElementById(""bh-305-complete"").style.display=""none"";document.getElementById(""bh-305-card"").style.display=""block"";load();};load();})();</script>
<section class=""apcsa-mastery"">
  <span class=""mastery-badge"">Tier 3 · AP Mastery</span>
  <h2>Mastery: Methods</h2>

  <div class=""apcs-ex"" data-type=""mcq"" data-answer=""C"">
    <span class=""apcs-ex-label"">MCQ 1</span>
    <div class=""apcs-ex-stem"">Will NOT compile. Why?<br><pre style=""margin:8px 0 0!important;background:#1e293b!important;color:#e2e8f0!important;padding:14px!important;border-radius:6px!important;font-size:13px!important;overflow-x:auto!important;"">public int compute(int x, int y) {
    if (x &gt; y) {
        return x - y;
    }
    else if (x &lt; y) {
        return y - x;
    }
}</pre>
</div>
    <div class=""apcs-ex-options"">
  <div class=""apcs-opt"" data-letter=""A"">
<span class=""apcs-opt-letter"">A</span> Returns 0 when x==y is invalid
</div>
  <div class=""apcs-opt"" data-letter=""B"">
<span class=""apcs-opt-letter"">B</span> Non-void can only have one return statement
</div>
  <div class=""apcs-opt"" data-letter=""C"">
<span class=""apcs-opt-letter"">C</span> When x==y, no code path returns a value
</div>
  <div class=""apcs-opt"" data-letter=""D"">
<span class=""apcs-opt-letter"">D</span> Compiles but throws exception at runtime
</div>
    </div>
    <button class=""apcs-btn apcs-ex-check"" style=""background:#6b21a8!important;color:#fff!important;-webkit-text-fill-color:#fff!important;border:none!important;padding:10px 20px!important;border-radius:8px!important;font-weight:600!important;font-size:14px!important;cursor:pointer!important;display:inline-block!important;margin:4px 4px 4px 0!important;"">Check Answer</button>
    <div class=""apcs-ex-feedback"">
<strong>C is correct.</strong> When x==y neither branch runs. Compile error.</div>
  </div>
  <div class=""apcs-ex"" data-type=""mcq"" data-answer=""B"">
    <span class=""apcs-ex-label"">MCQ 2</span>
    <div class=""apcs-ex-stem"">
<code>addToTotal</code> does: <code>amount += 100; total += amount;</code>. val=50 passed. What is printed?<br><pre style=""margin:8px 0 0!important;background:#1e293b!important;color:#e2e8f0!important;padding:14px!important;border-radius:6px!important;font-size:13px!important;overflow-x:auto!important;"">System.out.println(val + "" "" + c.getTotal());</pre>
</div>
    <div class=""apcs-ex-options"">
  <div class=""apcs-opt"" data-letter=""A"">
<span class=""apcs-opt-letter"">A</span> 150 50
</div>
  <div class=""apcs-opt"" data-letter=""B"">
<span class=""apcs-opt-letter"">B</span> 50 150
</div>
  <div class=""apcs-opt"" data-letter=""C"">
<span class=""apcs-opt-letter"">C</span> 50 50
</div>
  <div class=""apcs-opt"" data-letter=""D"">
<span class=""apcs-opt-letter"">D</span> 150 150
</div>
    </div>
    <button class=""apcs-btn apcs-ex-check"" style=""background:#6b21a8!important;color:#fff!important;-webkit-text-fill-color:#fff!important;border:none!important;padding:10px 20px!important;border-radius:8px!important;font-weight:600!important;font-size:14px!important;cursor:pointer!important;display:inline-block!important;margin:4px 4px 4px 0!important;"">Check Answer</button>
    <div class=""apcs-ex-feedback"">
<strong>B is correct.</strong> val stays 50 (pass by value). amount=150 inside method. total=150. Output: 50 150.</div>
  </div>
  <div class=""apcs-ex"" data-type=""mcq"" data-answer=""D"">
    <span class=""apcs-ex-label"">MCQ 3</span>
    <div class=""apcs-ex-stem"">After <code>obj.increment(myCount)</code> does <code>count++;</code>, myCount is unchanged. Which fix makes internal count increase?</div>
    <div class=""apcs-ex-options"">
  <div class=""apcs-opt"" data-letter=""A"">
<span class=""apcs-opt-letter"">A</span> Change parameter type to String
</div>
  <div class=""apcs-opt"" data-letter=""B"">
<span class=""apcs-opt-letter"">B</span> Return int and return count
</div>
  <div class=""apcs-opt"" data-letter=""C"">
<span class=""apcs-opt-letter"">C</span> Rename parameter to x
</div>
  <div class=""apcs-opt"" data-letter=""D"">
<span class=""apcs-opt-letter"">D</span> Remove parameter; modify instance variable directly
</div>
    </div>
    <button class=""apcs-btn apcs-ex-check"" style=""background:#6b21a8!important;color:#fff!important;-webkit-text-fill-color:#fff!important;border:none!important;padding:10px 20px!important;border-radius:8px!important;font-weight:600!important;font-size:14px!important;cursor:pointer!important;display:inline-block!important;margin:4px 4px 4px 0!important;"">Check Answer</button>
    <div class=""apcs-ex-feedback"">
<strong>D is correct.</strong> Pass by value means the only way to change object state is to modify the instance variable directly.</div>
  </div>
  <div class=""apcs-ex"" data-type=""mcq"" data-answer=""C"">
    <span class=""apcs-ex-label"">MCQ 4</span>
    <div class=""apcs-ex-stem"">
<code>int process(int a) { return a*2; }</code> and <code>int process(int a, int b) { return a+b; }</code>. What is <code>process(3,4)</code>?</div>
    <div class=""apcs-ex-options"">
  <div class=""apcs-opt"" data-letter=""A"">
<span class=""apcs-opt-letter"">A</span> 6
</div>
  <div class=""apcs-opt"" data-letter=""B"">
<span class=""apcs-opt-letter"">B</span> 14
</div>
  <div class=""apcs-opt"" data-letter=""C"">
<span class=""apcs-opt-letter"">C</span> 7
</div>
  <div class=""apcs-opt"" data-letter=""D"">
<span class=""apcs-opt-letter"">D</span> Compile error
</div>
    </div>
    <button class=""apcs-btn apcs-ex-check"" style=""background:#6b21a8!important;color:#fff!important;-webkit-text-fill-color:#fff!important;border:none!important;padding:10px 20px!important;border-radius:8px!important;font-weight:600!important;font-size:14px!important;cursor:pointer!important;display:inline-block!important;margin:4px 4px 4px 0!important;"">Check Answer</button>
    <div class=""apcs-ex-feedback"">
<strong>C is correct.</strong> Two arguments: two-parameter overload selected. 3+4=7.</div>
  </div>
</section>
<nav class=""apcsa-lesson-nav"">
  <a class=""nav-prev"" href=""/pages/ap-csa-lesson-3-4-constructors"">← 3.4: Constructors</a>
  <a class=""nav-next"" href=""/pages/ap-csa-lesson-3-6-methods-passing-returning-object-references"">3.6: Methods: Passing and Returning Object References →</a>
</nav>
<script>
(function() {
  document.querySelectorAll('#apcsa-lesson .apcs-ex').forEach(function(ex) {
    if (ex.dataset.mcqInit) return;
    ex.dataset.mcqInit = '1';
    var correct = ex.getAttribute('data-answer');
    var opts = ex.querySelectorAll('.apcs-opt');
    var btn = ex.querySelector('.apcs-ex-check');
    var feedback = ex.querySelector('.apcs-ex-feedback');
    var chosen = null;

    opts.forEach(function(opt) {
      opt.style.cursor = 'pointer';
      opt.addEventListener('click', function() {
        if (ex.dataset.answered) return;
        opts.forEach(function(o) { o.classList.remove('selected'); });
        opt.classList.add('selected');
        chosen = opt.getAttribute('data-letter');
      });
    });

    if (btn) btn.addEventListener('click', function() {
      if (!chosen || ex.dataset.answered) return;
      ex.dataset.answered = '1';
      opts.forEach(function(opt) {
        var letter = opt.getAttribute('data-letter');
        if (letter === correct) opt.classList.add('correct');
        else if (letter === chosen) opt.classList.add('incorrect');
        opt.classList.remove('selected');
      });
      if (feedback) {
        feedback.classList.add('show');
        feedback.classList.add(chosen === correct ? 'fb-correct' : 'fb-incorrect');
      }
      btn.disabled = true;
    });
  });
})();
</script>
<script type=""application/ld+json"">{""@context"": ""https://schema.org"", ""@type"": ""Article"", ""headline"": ""Lesson 3.5: Methods: How to Write Them"", ""description"": ""AP CSA Lesson 3.5: Methods: How to Write Them - aligned to 2025-2026 CED."", ""url"": ""https://apcsexamprep.com/pages/ap-csa-lesson-3-5-methods-how-to-write-them"", ""datePublished"": ""2026-05-23"", ""dateModified"": ""2026-05-23"", ""author"": {""@type"": ""Person"", ""name"": ""Tanner Crow""}, ""publisher"": {""@type"": ""Organization"", ""name"": ""APCSExamPrep.com""}}</script>
<script type=""application/ld+json"">{""@context"": ""https://schema.org"", ""@type"": ""BreadcrumbList"", ""itemListElement"": [{""@type"": ""ListItem"", ""position"": 1, ""name"": ""AP CSA"", ""item"": ""https://apcsexamprep.com/pages/ap-csa-exam-prep-hub""}, {""@type"": ""ListItem"", ""position"": 2, ""name"": ""Unit 3"", ""item"": ""https://apcsexamprep.com/pages/ap-csa-unit-3-course""}, {""@type"": ""ListItem"", ""position"": 3, ""name"": ""Lesson 3.5: Methods: How to Write Them"", ""item"": ""https://apcsexamprep.com/pages/ap-csa-lesson-3-5-methods-how-to-write-them""}]}</script>
</div>"
"ap-csa-lesson-3-6-methods-passing-returning-object-references","MERGE","<style>
/* =============================================================
   SCOPED RESET --- nukes Shopify Dawn theme overrides
   all:initial applies to wrapper ONLY (proven pattern from live
   AP Cyber pages). Applying it to all descendants kills nested
   element display values (table cells, buttons, inline-block badges).
   ============================================================= */
#apcsa-lesson {
  all: initial !important;
  display: block !important;
  font-family: -apple-system, BlinkMacSystemFont, ""Segoe UI"", Roboto, ""Helvetica Neue"", Arial, sans-serif !important;
  max-width: 1080px !important;
  margin: 0 auto !important;
  padding: 32px 20px 80px !important;
  color: #1f2937 !important;
  -webkit-text-fill-color: #1f2937 !important;
  line-height: 1.65 !important;
  font-size: 17px !important;
  background: #ffffff !important;
}
#apcsa-lesson * {
  box-sizing: border-box !important;
}
#apcsa-lesson p, #apcsa-lesson li, #apcsa-lesson td, #apcsa-lesson th,
#apcsa-lesson dt, #apcsa-lesson dd, #apcsa-lesson span, #apcsa-lesson em, #apcsa-lesson strong {
  color: #1f2937 !important;
  -webkit-text-fill-color: #1f2937 !important;
  font-size: 17px !important;
  line-height: 1.65 !important;
}
#apcsa-lesson em { font-style: italic !important; }
#apcsa-lesson strong { font-weight: 700 !important; }
#apcsa-lesson p { margin: 0 0 16px 0 !important; }
#apcsa-lesson ul, #apcsa-lesson ol { display: block !important; margin: 0 0 16px 24px !important; padding: 0 !important; }
#apcsa-lesson ul li { display: list-item !important; list-style: disc outside !important; margin: 0 0 6px 0 !important; }
#apcsa-lesson ol li { display: list-item !important; list-style: decimal outside !important; margin: 0 0 6px 0 !important; }

/* Headings */
#apcsa-lesson h1, #apcsa-lesson h2, #apcsa-lesson h3, #apcsa-lesson h4 {
  display: block !important;
  font-weight: 800 !important;
  color: #0f172a !important;
  -webkit-text-fill-color: #0f172a !important;
  line-height: 1.25 !important;
}
#apcsa-lesson h1 { font-size: 36px !important; margin: 8px 0 12px 0 !important; letter-spacing: -0.02em !important; }
#apcsa-lesson h2 { font-size: 26px !important; margin: 40px 0 14px 0 !important; padding-bottom: 8px !important; border-bottom: 2px solid #e5e7eb !important; }
#apcsa-lesson h3 { font-size: 20px !important; margin: 24px 0 10px 0 !important; color: #1e3a8a !important; -webkit-text-fill-color: #1e3a8a !important; }
#apcsa-lesson h4 { font-size: 17px !important; margin: 16px 0 8px 0 !important; }

/* Links */
#apcsa-lesson a:link, #apcsa-lesson a:visited {
  color: #2563eb !important;
  -webkit-text-fill-color: #2563eb !important;
  text-decoration: underline !important;
  cursor: pointer !important;
}
#apcsa-lesson a:hover, #apcsa-lesson a:active {
  color: #1d4ed8 !important;
  -webkit-text-fill-color: #1d4ed8 !important;
}

/* Code (used sparingly in conceptual lessons --- only for syntax mentions) */
#apcsa-lesson code {
  font-family: ""SF Mono"", Menlo, Consolas, Monaco, monospace !important;
  background: #f1f5f9 !important;
  color: #0f172a !important;
  -webkit-text-fill-color: #0f172a !important;
  padding: 2px 6px !important;
  border-radius: 4px !important;
  font-size: 15px !important;
}
#apcsa-lesson pre {
  display: block !important;
  background: #0f172a !important;
  color: #e2e8f0 !important;
  -webkit-text-fill-color: #e2e8f0 !important;
  padding: 18px 20px !important;
  border-radius: 8px !important;
  overflow-x: auto !important;
  margin: 16px 0 !important;
  font-family: ""SF Mono"", Menlo, Consolas, Monaco, monospace !important;
  font-size: 14px !important;
  line-height: 1.55 !important;
  white-space: pre !important;
}
#apcsa-lesson pre code {
  background: transparent !important;
  color: #e2e8f0 !important;
  -webkit-text-fill-color: #e2e8f0 !important;
  padding: 0 !important;
  font-size: 14px !important;
}

/* BREADCRUMB */
#apcsa-lesson .apcsa-breadcrumb {
  display: block !important;
  font-size: 14px !important;
  color: #64748b !important;
  -webkit-text-fill-color: #64748b !important;
  margin-bottom: 16px !important;
}
#apcsa-lesson .apcsa-breadcrumb a:link, #apcsa-lesson .apcsa-breadcrumb a:visited {
  color: #64748b !important;
  -webkit-text-fill-color: #64748b !important;
  text-decoration: none !important;
}
#apcsa-lesson .apcsa-breadcrumb a:hover { text-decoration: underline !important; }
#apcsa-lesson .apcsa-breadcrumb span.sep { margin: 0 8px !important; color: #cbd5e1 !important; -webkit-text-fill-color: #cbd5e1 !important; }

/* HEADER */
#apcsa-lesson .apcsa-header { display: block !important; margin-bottom: 28px !important; }
#apcsa-lesson .apcsa-eyebrow {
  display: inline-block !important;
  background: #dbeafe !important;
  color: #1e40af !important;
  -webkit-text-fill-color: #1e40af !important;
  padding: 5px 12px !important;
  border-radius: 999px !important;
  font-size: 12px !important;
  font-weight: 700 !important;
  letter-spacing: 0.05em !important;
  text-transform: uppercase !important;
  margin-bottom: 12px !important;
}
#apcsa-lesson .apcsa-meta-row {
  display: flex !important;
  gap: 16px !important;
  flex-wrap: wrap !important;
  margin-top: 12px !important;
  font-size: 14px !important;
  color: #64748b !important;
  -webkit-text-fill-color: #64748b !important;
}
#apcsa-lesson .apcsa-meta-row span { color: #64748b !important; -webkit-text-fill-color: #64748b !important; }

/* ""WHAT YOU'LL LEARN"" BOX */
#apcsa-lesson .apcsa-learn-box {
  display: block !important;
  background: #eff6ff !important;
  border-left: 4px solid #2563eb !important;
  padding: 20px 24px !important;
  margin: 24px 0 !important;
  border-radius: 0 8px 8px 0 !important;
}
#apcsa-lesson .apcsa-learn-box h3 {
  margin-top: 0 !important;
  color: #1e3a8a !important;
  -webkit-text-fill-color: #1e3a8a !important;
  font-size: 18px !important;
}
#apcsa-lesson .apcsa-learn-box ul li { margin-bottom: 8px !important; }

/* CALLOUTS */
#apcsa-lesson .apcsa-callout {
  display: block !important;
  padding: 18px 22px !important;
  margin: 20px 0 !important;
  border-radius: 0 8px 8px 0 !important;
  border-left: 4px solid #94a3b8 !important;
  background: #f8fafc !important;
}
#apcsa-lesson .apcsa-callout h4 {
  margin-top: 0 !important;
  margin-bottom: 8px !important;
  font-size: 16px !important;
  letter-spacing: 0.02em !important;
}
#apcsa-lesson .apcsa-callout.concept { background: #eff6ff !important; border-left-color: #2563eb !important; }
#apcsa-lesson .apcsa-callout.concept h4 { color: #1e3a8a !important; -webkit-text-fill-color: #1e3a8a !important; }
#apcsa-lesson .apcsa-callout.example { background: #f0fdf4 !important; border-left-color: #16a34a !important; }
#apcsa-lesson .apcsa-callout.example h4 { color: #166534 !important; -webkit-text-fill-color: #166534 !important; }
#apcsa-lesson .apcsa-callout.warning { background: #fef2f2 !important; border-left-color: #dc2626 !important; }
#apcsa-lesson .apcsa-callout.warning h4 { color: #991b1b !important; -webkit-text-fill-color: #991b1b !important; }
#apcsa-lesson .apcsa-callout.trap { background: #fef2f2 !important; border-left-color: #dc2626 !important; }
#apcsa-lesson .apcsa-callout.trap h4 { color: #991b1b !important; -webkit-text-fill-color: #991b1b !important; }

/* PRACTICE TIER */
#apcsa-lesson .apcsa-practice-tier {
  display: block !important;
  background: #fafafa !important;
  border: 1px solid #e5e7eb !important;
  border-radius: 12px !important;
  padding: 24px 28px !important;
  margin: 32px 0 !important;
}
#apcsa-lesson .apcsa-practice-tier h2 {
  margin-top: 0 !important;
  border-bottom: none !important;
  padding-bottom: 0 !important;
}
#apcsa-lesson .apcsa-practice-tier .tier-label {
  display: inline-block !important;
  background: #1e40af !important;
  color: #ffffff !important;
  -webkit-text-fill-color: #ffffff !important;
  padding: 4px 10px !important;
  border-radius: 4px !important;
  font-size: 11px !important;
  font-weight: 700 !important;
  letter-spacing: 0.08em !important;
  text-transform: uppercase !important;
  margin-right: 10px !important;
}

/* MCQ */
#apcsa-lesson .apcs-ex {
  display: block !important;
  background: #ffffff !important;
  border: 1px solid #e5e7eb !important;
  border-radius: 8px !important;
  padding: 20px 22px !important;
  margin: 16px 0 !important;
}
#apcsa-lesson .apcs-ex-stem { margin-bottom: 12px !important; }
#apcsa-lesson .apcs-ex-stem strong { color: #0f172a !important; -webkit-text-fill-color: #0f172a !important; }

/* MCQ options */
#apcsa-lesson .apcs-ex-options { display: block !important; margin: 12px 0 !important; }
#apcsa-lesson .apcs-ex-options .apcs-opt {
  display: block !important;
  padding: 10px 14px !important;
  margin: 6px 0 !important;
  border: 2px solid #e5e7eb !important;
  border-radius: 6px !important;
  background: #ffffff !important;
  cursor: pointer !important;
  font-size: 16px !important;
  color: #1f2937 !important;
  -webkit-text-fill-color: #1f2937 !important;
  transition: all 0.15s !important;
}
#apcsa-lesson .apcs-ex-options .apcs-opt:hover { border-color: #93c5fd !important; background: #eff6ff !important; }
#apcsa-lesson .apcs-ex-options .apcs-opt.selected { border-color: #2563eb !important; background: #dbeafe !important; }
#apcsa-lesson .apcs-ex-options .apcs-opt.correct { border-color: #16a34a !important; background: #dcfce7 !important; }
#apcsa-lesson .apcs-ex-options .apcs-opt.incorrect { border-color: #dc2626 !important; background: #fee2e2 !important; }
#apcsa-lesson .apcs-opt-letter {
  display: inline-block !important;
  font-weight: 700 !important;
  margin-right: 10px !important;
  color: #1e40af !important;
  -webkit-text-fill-color: #1e40af !important;
}

/* Predict gate */
#apcsa-lesson .apcs-predict-gate {
  display: block !important;
  background: #fffbeb !important;
  border-left: 3px solid #f59e0b !important;
  padding: 10px 14px !important;
  margin: 10px 0 !important;
  font-size: 14px !important;
  color: #78350f !important;
  -webkit-text-fill-color: #78350f !important;
  font-style: italic !important;
}

/* Buttons */
#apcsa-lesson .apcs-btn,
#apcsa-lesson .apcs-btn:link,
#apcsa-lesson .apcs-btn:visited {
  display: inline-block !important;
  background: #2563eb !important;
  color: #ffffff !important;
  -webkit-text-fill-color: #ffffff !important;
  padding: 10px 20px !important;
  border-radius: 6px !important;
  font-weight: 600 !important;
  font-size: 15px !important;
  text-decoration: none !important;
  border: none !important;
  cursor: pointer !important;
  margin: 4px 4px 4px 0 !important;
}
#apcsa-lesson .apcs-btn:hover, #apcsa-lesson .apcs-btn:active {
  background: #1d4ed8 !important;
  color: #ffffff !important;
  -webkit-text-fill-color: #ffffff !important;
}

/* Feedback */
#apcsa-lesson .apcs-ex-feedback {
  display: none !important;
  margin-top: 12px !important;
  padding: 14px 16px !important;
  border-radius: 6px !important;
  font-size: 15px !important;
}
#apcsa-lesson .apcs-ex-feedback.show { display: block !important; }
#apcsa-lesson .apcs-ex-feedback.fb-correct {
  background: #dcfce7 !important;
  border-left: 4px solid #16a34a !important;
  color: #14532d !important;
  -webkit-text-fill-color: #14532d !important;
}
#apcsa-lesson .apcs-ex-feedback.fb-incorrect {
  background: #fee2e2 !important;
  border-left: 4px solid #dc2626 !important;
  color: #7f1d1d !important;
  -webkit-text-fill-color: #7f1d1d !important;
}

/* MASTERY */
#apcsa-lesson .apcsa-mastery {
  display: block !important;
  background: #0f172a !important;
  color: #f1f5f9 !important;
  -webkit-text-fill-color: #f1f5f9 !important;
  border-radius: 12px !important;
  padding: 32px 32px 28px !important;
  margin: 40px 0 !important;
}
#apcsa-lesson .apcsa-mastery,
#apcsa-lesson .apcsa-mastery p,
#apcsa-lesson .apcsa-mastery span,
#apcsa-lesson .apcsa-mastery li,
#apcsa-lesson .apcsa-mastery strong,
#apcsa-lesson .apcsa-mastery em { color: #f1f5f9 !important; -webkit-text-fill-color: #f1f5f9 !important; }
#apcsa-lesson .apcsa-mastery code { background: rgba(255,255,255,0.10) !important; color: #fde68a !important; -webkit-text-fill-color: #fde68a !important; padding: 2px 6px !important; border-radius: 4px !important; font-size: 14px !important; }
#apcsa-lesson .apcsa-mastery .apcs-ex-feedback.fb-correct strong { color: #14532d !important; -webkit-text-fill-color: #14532d !important; }
#apcsa-lesson .apcsa-mastery .apcs-ex-feedback.fb-correct code { background: rgba(20,83,45,0.12) !important; color: #14532d !important; -webkit-text-fill-color: #14532d !important; }
#apcsa-lesson .apcsa-mastery .apcs-ex-feedback.fb-incorrect strong { color: #7f1d1d !important; -webkit-text-fill-color: #7f1d1d !important; }
#apcsa-lesson .apcsa-mastery .apcs-ex-feedback.fb-incorrect code { background: rgba(127,29,29,0.12) !important; color: #7f1d1d !important; -webkit-text-fill-color: #7f1d1d !important; }
#apcsa-lesson .apcsa-mastery .mastery-badge {
  display: inline-block !important;
  background: #f59e0b !important;
  color: #0f172a !important;
  -webkit-text-fill-color: #0f172a !important;
  padding: 5px 12px !important;
  border-radius: 999px !important;
  font-size: 11px !important;
  font-weight: 700 !important;
  letter-spacing: 0.08em !important;
  text-transform: uppercase !important;
  margin-bottom: 14px !important;
}
#apcsa-lesson .apcsa-mastery h2 { color: #ffffff !important; -webkit-text-fill-color: #ffffff !important; border-bottom: none !important; padding-bottom: 0 !important; margin-top: 0 !important; }
#apcsa-lesson .apcsa-mastery h3 { color: #fbbf24 !important; -webkit-text-fill-color: #fbbf24 !important; }
#apcsa-lesson .apcsa-mastery .apcs-ex {
  background: #1e293b !important;
  border-color: #334155 !important;
}
#apcsa-lesson .apcsa-mastery .apcs-ex-stem,
#apcsa-lesson .apcsa-mastery .apcs-ex-stem strong { color: #f1f5f9 !important; -webkit-text-fill-color: #f1f5f9 !important; }
#apcsa-lesson .apcsa-mastery .apcs-ex-options .apcs-opt {
  background: #0f172a !important;
  border-color: #334155 !important;
  color: #f1f5f9 !important;
  -webkit-text-fill-color: #f1f5f9 !important;
}
#apcsa-lesson .apcsa-mastery .apcs-ex-options .apcs-opt:hover { border-color: #60a5fa !important; background: #1e293b !important; }
#apcsa-lesson .apcsa-mastery .apcs-ex-options .apcs-opt.selected { border-color: #60a5fa !important; background: #1e3a8a !important; }
#apcsa-lesson .apcsa-mastery .mastery-rubric {
  display: block !important;
  margin-top: 18px !important;
  padding: 16px 18px !important;
  background: #1e293b !important;
  border-radius: 8px !important;
  border: 1px solid #334155 !important;
}
#apcsa-lesson .apcsa-mastery .mastery-rubric h4 {
  color: #fbbf24 !important;
  -webkit-text-fill-color: #fbbf24 !important;
  margin-top: 0 !important;
  margin-bottom: 10px !important;
  font-size: 15px !important;
  text-transform: uppercase !important;
  letter-spacing: 0.06em !important;
}
#apcsa-lesson .apcsa-mastery .rubric-row {
  display: flex !important;
  justify-content: space-between !important;
  align-items: center !important;
  padding: 8px 0 !important;
  border-bottom: 1px solid #334155 !important;
  gap: 12px !important;
}
#apcsa-lesson .apcsa-mastery .rubric-row:last-child { border-bottom: none !important; }
#apcsa-lesson .apcsa-mastery .rubric-score {
  display: inline-block !important;
  background: #16a34a !important;
  color: #ffffff !important;
  -webkit-text-fill-color: #ffffff !important;
  padding: 3px 10px !important;
  border-radius: 4px !important;
  font-size: 12px !important;
  font-weight: 700 !important;
  white-space: nowrap !important;
}

/* EXTENSION */
#apcsa-lesson .apcsa-extension {
  display: block !important;
  background: #faf5ff !important;
  border: 1px solid #e9d5ff !important;
  border-radius: 12px !important;
  padding: 24px 28px !important;
  margin: 32px 0 !important;
}
#apcsa-lesson .apcsa-extension h3 {
  color: #6b21a8 !important;
  -webkit-text-fill-color: #6b21a8 !important;
  margin-top: 8px !important;
}
#apcsa-lesson .apcsa-extension .ext-badge {
  display: inline-block !important;
  background: #6b21a8 !important;
  color: #ffffff !important;
  -webkit-text-fill-color: #ffffff !important;
  padding: 4px 10px !important;
  border-radius: 4px !important;
  font-size: 11px !important;
  font-weight: 700 !important;
  letter-spacing: 0.08em !important;
  text-transform: uppercase !important;
}

/* NAV */
#apcsa-lesson .apcsa-lesson-nav {
  display: flex !important;
  justify-content: space-between !important;
  gap: 14px !important;
  margin: 40px 0 24px 0 !important;
  padding-top: 24px !important;
  border-top: 2px solid #e5e7eb !important;
}
#apcsa-lesson .apcsa-lesson-nav a:link, #apcsa-lesson .apcsa-lesson-nav a:visited {
  display: block !important;
  flex: 1 1 0 !important;
  padding: 14px 18px !important;
  background: #f8fafc !important;
  border: 1px solid #e5e7eb !important;
  border-radius: 8px !important;
  text-decoration: none !important;
  color: #1f2937 !important;
  -webkit-text-fill-color: #1f2937 !important;
}
#apcsa-lesson .apcsa-lesson-nav a:hover { border-color: #2563eb !important; background: #eff6ff !important; }

@media (max-width: 720px) {
  #apcsa-lesson { padding: 20px 16px 60px !important; font-size: 16px !important; }
  #apcsa-lesson h1 { font-size: 28px !important; }
  #apcsa-lesson h2 { font-size: 22px !important; }
}

#apcsa-lesson .apcsa-mastery .apcs-predict-gate {
  background: #1e293b !important;
  border-left-color: #f59e0b !important;
  color: #fde68a !important;
  -webkit-text-fill-color: #fde68a !important;
}
#apcsa-lesson .apcsa-game-block{margin:40px 0!important;}
#apcsa-lesson .game-toggle-label{font-size:11px!important;font-weight:700!important;letter-spacing:1.5px!important;text-transform:uppercase!important;color:#6b7280!important;-webkit-text-fill-color:#6b7280!important;margin-bottom:10px!important;}
#apcsa-lesson .game-toggle-pills{display:flex!important;gap:8px!important;margin-bottom:16px!important;flex-wrap:wrap!important;}
#apcsa-lesson .game-pill{padding:8px 20px!important;border-radius:999px!important;border:2px solid #e5e7eb!important;background:#f9fafb!important;font-size:13px!important;font-weight:600!important;cursor:pointer!important;color:#374151!important;-webkit-text-fill-color:#374151!important;}
#apcsa-lesson .game-pill.active{background:#6b21a8!important;border-color:#6b21a8!important;color:#fff!important;-webkit-text-fill-color:#fff!important;}
#apcsa-lesson .game-pill:link,#apcsa-lesson .game-pill.visited{color:#374151!important;-webkit-text-fill-color:#374151!important;}
#apcsa-lesson .game-pill.active:link,#apcsa-lesson .game-pill.active:visited{color:#fff!important;-webkit-text-fill-color:#fff!important;}

#srt-203{background:#f8fafc!important;border:1px solid #e2e8f0!important;border-radius:12px!important;padding:24px!important;}#srt-203 .g-title{font-size:18px!important;font-weight:700!important;color:#1e1b4b!important;-webkit-text-fill-color:#1e1b4b!important;margin:0 0 4px!important;}#srt-203 .g-sub{font-size:13px!important;color:#6b7280!important;-webkit-text-fill-color:#6b7280!important;margin:0 0 16px!important;}#srt-203 .g-progress{display:flex!important;justify-content:space-between!important;margin-bottom:16px!important;font-size:13px!important;color:#6b7280!important;-webkit-text-fill-color:#6b7280!important;}#srt-203 .g-feedback{margin-top:12px!important;padding:14px!important;background:#fff!important;border-radius:8px!important;border:1px solid #e2e8f0!important;font-size:13px!important;color:#1f2937!important;-webkit-text-fill-color:#1f2937!important;line-height:1.6!important;display:none!important;}#srt-203 .g-complete{text-align:center!important;padding:32px 16px!important;display:none!important;}#srt-203 .g-complete-title{font-size:22px!important;font-weight:700!important;color:#1e1b4b!important;-webkit-text-fill-color:#1e1b4b!important;margin-bottom:8px!important;}#srt-203 .g-complete-score{font-size:16px!important;color:#4b5563!important;-webkit-text-fill-color:#4b5563!important;margin-bottom:20px!important;}#srt-203 .g-btn{background:#6b21a8!important;color:#fff!important;-webkit-text-fill-color:#fff!important;border:none!important;padding:10px 20px!important;border-radius:8px!important;font-weight:600!important;font-size:14px!important;cursor:pointer!important;}#srt-203 .g-btn:disabled{background:#d1d5db!important;cursor:not-allowed!important;}#srt-203 .g-btn:link,#srt-203 .g-btn:visited{color:#fff!important;-webkit-text-fill-color:#fff!important;}#srt-203 .g-bank{display:flex!important;flex-direction:column!important;gap:6px!important;margin-bottom:12px!important;}#srt-203 .g-slot{display:flex!important;flex-direction:column!important;gap:6px!important;min-height:40px!important;margin-bottom:12px!important;padding:10px!important;background:#fff!important;border:2px dashed #cbd5e1!important;border-radius:8px!important;}#srt-203 .g-tile{padding:9px 14px!important;background:#fff!important;border:2px solid #e2e8f0!important;border-radius:6px!important;cursor:pointer!important;font-family:Consolas,monospace!important;font-size:13px!important;color:#1e293b!important;-webkit-text-fill-color:#1e293b!important;}#srt-203 .g-tile:hover{border-color:#6b21a8!important;background:#f5f0ff!important;}#srt-203 .g-tile.placed{background:#f5f0ff!important;border-color:#6b21a8!important;}#srt-203 .g-tile.ok{background:#f0fdf4!important;border-color:#15803d!important;}#srt-203 .g-tile.bad{background:#fef2f2!important;border-color:#b91c1c!important;}#srt-203 .g-prompt{font-size:14px!important;color:#1f2937!important;-webkit-text-fill-color:#1f2937!important;margin-bottom:12px!important;}#srt-203 .g-label{font-size:11px!important;font-weight:700!important;letter-spacing:1px!important;text-transform:uppercase!important;color:#6b7280!important;-webkit-text-fill-color:#6b7280!important;margin-bottom:6px!important;}
#opq-203{background:#f8fafc!important;border:1px solid #e2e8f0!important;border-radius:12px!important;padding:24px!important;}#opq-203 .g-title{font-size:18px!important;font-weight:700!important;color:#1e1b4b!important;-webkit-text-fill-color:#1e1b4b!important;margin:0 0 4px!important;}#opq-203 .g-sub{font-size:13px!important;color:#6b7280!important;-webkit-text-fill-color:#6b7280!important;margin:0 0 16px!important;}#opq-203 .g-progress{display:flex!important;justify-content:space-between!important;margin-bottom:16px!important;font-size:13px!important;color:#6b7280!important;-webkit-text-fill-color:#6b7280!important;}#opq-203 .g-feedback{margin-top:12px!important;padding:14px!important;background:#fff!important;border-radius:8px!important;border:1px solid #e2e8f0!important;font-size:13px!important;color:#1f2937!important;-webkit-text-fill-color:#1f2937!important;line-height:1.6!important;display:none!important;}#opq-203 .g-complete{text-align:center!important;padding:32px 16px!important;display:none!important;}#opq-203 .g-complete-title{font-size:22px!important;font-weight:700!important;color:#1e1b4b!important;-webkit-text-fill-color:#1e1b4b!important;margin-bottom:8px!important;}#opq-203 .g-complete-score{font-size:16px!important;color:#4b5563!important;-webkit-text-fill-color:#4b5563!important;margin-bottom:20px!important;}#opq-203 .g-btn{background:#6b21a8!important;color:#fff!important;-webkit-text-fill-color:#fff!important;border:none!important;padding:10px 20px!important;border-radius:8px!important;font-weight:600!important;font-size:14px!important;cursor:pointer!important;}#opq-203 .g-btn:disabled{background:#d1d5db!important;cursor:not-allowed!important;}#opq-203 .g-btn:link,#opq-203 .g-btn:visited{color:#fff!important;-webkit-text-fill-color:#fff!important;}#opq-203 .g-code{background:#0f172a!important;color:#e2e8f0!important;-webkit-text-fill-color:#e2e8f0!important;padding:16px!important;border-radius:8px!important;font-family:Consolas,monospace!important;font-size:13px!important;white-space:pre!important;overflow-x:auto!important;margin-bottom:16px!important;}#opq-203 .g-input{width:100%!important;padding:10px!important;border:2px solid #e2e8f0!important;border-radius:8px!important;font-family:Consolas,monospace!important;font-size:13px!important;resize:vertical!important;background:#fff!important;color:#1f2937!important;-webkit-text-fill-color:#1f2937!important;margin-bottom:10px!important;}
</style><div id=""apcsa-lesson"">
<nav class=""apcsa-breadcrumb"" aria-label=""Breadcrumb"">
  <a href=""/pages/ap-csa-exam-prep-hub"">AP CSA</a><span class=""sep"">›</span>
  <a href=""/pages/ap-csa-course"">Course</a><span class=""sep"">›</span>
  <a href=""/pages/ap-csa-unit-3-course"">Unit 3: Class Creation</a><span class=""sep"">›</span>
  <span>Lesson 3.6</span>
</nav>
<header class=""apcsa-header"">
  <span class=""apcsa-eyebrow"">Unit 3 · Lesson 3.6 · Code Mechanics</span>
  <h1>Lesson 3.6: Methods: Passing and Returning Object References</h1>
  <div class=""apcsa-meta-row"">
    <span>🕑 35–40 min</span><span>·</span>
    <span>8 Practice Questions</span><span>·</span>
    <span>4 Mastery Questions</span><span>·</span>
    <span>Output Predictor + Bug Hunt</span>
  </div>
</header>
<div class=""apcsa-learn-box"">
  <h3>What You'll Learn</h3>
  <ul>
    <li>Explain how object references are passed to methods</li>
    <li>Distinguish mutating through a parameter vs reassigning the parameter reference</li>
    <li>Identify aliasing and predict its effects</li>
    <li>Apply same-class access to private fields</li>
    <li>Explain what is returned when a method returns an object reference</li>
  </ul>
</div>
<div class=""apcsa-block"" style=""margin:28px 0!important;"">
<h3 style=""font-size:17px!important;font-weight:700!important;color:#1e1b4b!important;-webkit-text-fill-color:#1e1b4b!important;margin:0 0 10px!important;"">Key Vocabulary</h3>
<table style=""width:100%!important;border-collapse:collapse!important;font-size:14px!important;"">
<thead><tr style=""background:#1e1b4b!important;"">
<th style=""padding:8px 12px!important;border:1px solid #334155!important;text-align:left!important;color:#fff!important;-webkit-text-fill-color:#fff!important;font-size:13px!important;width:26%!important;"">Term</th>
<th style=""padding:8px 12px!important;border:1px solid #334155!important;text-align:left!important;color:#fff!important;-webkit-text-fill-color:#fff!important;font-size:13px!important;"">Definition</th>
</tr></thead>
<tbody>
<tr>
<td style=""padding:8px 12px!important;border:1px solid #e5e7eb!important;font-weight:700!important;font-family:Consolas,monospace!important;font-size:13px!important;white-space:nowrap!important;color:#1e1b4b!important;-webkit-text-fill-color:#1e1b4b!important;background:#f9fafb!important;vertical-align:top!important;"">object reference</td>
<td style=""padding:8px 12px!important;border:1px solid #e5e7eb!important;font-size:14px!important;color:#374151!important;-webkit-text-fill-color:#374151!important;"">Variable storing the memory address of an object, not the object itself</td>
</tr>
<tr>
<td style=""padding:8px 12px!important;border:1px solid #e5e7eb!important;font-weight:700!important;font-family:Consolas,monospace!important;font-size:13px!important;white-space:nowrap!important;color:#1e1b4b!important;-webkit-text-fill-color:#1e1b4b!important;background:#f9fafb!important;vertical-align:top!important;"">alias</td>
<td style=""padding:8px 12px!important;border:1px solid #e5e7eb!important;font-size:14px!important;color:#374151!important;-webkit-text-fill-color:#374151!important;"">Two reference variables pointing to the SAME object in memory</td>
</tr>
<tr>
<td style=""padding:8px 12px!important;border:1px solid #e5e7eb!important;font-weight:700!important;font-family:Consolas,monospace!important;font-size:13px!important;white-space:nowrap!important;color:#1e1b4b!important;-webkit-text-fill-color:#1e1b4b!important;background:#f9fafb!important;vertical-align:top!important;"">mutable object</td>
<td style=""padding:8px 12px!important;border:1px solid #e5e7eb!important;font-size:14px!important;color:#374151!important;-webkit-text-fill-color:#374151!important;"">Object whose state can be changed after creation (has setters)</td>
</tr>
<tr>
<td style=""padding:8px 12px!important;border:1px solid #e5e7eb!important;font-weight:700!important;font-family:Consolas,monospace!important;font-size:13px!important;white-space:nowrap!important;color:#1e1b4b!important;-webkit-text-fill-color:#1e1b4b!important;background:#f9fafb!important;vertical-align:top!important;"">immutable object</td>
<td style=""padding:8px 12px!important;border:1px solid #e5e7eb!important;font-size:14px!important;color:#374151!important;-webkit-text-fill-color:#374151!important;"">Object whose state cannot be changed after creation (e.g., String in Java)</td>
</tr>
<tr>
<td style=""padding:8px 12px!important;border:1px solid #e5e7eb!important;font-weight:700!important;font-family:Consolas,monospace!important;font-size:13px!important;white-space:nowrap!important;color:#1e1b4b!important;-webkit-text-fill-color:#1e1b4b!important;background:#f9fafb!important;vertical-align:top!important;"">same-class access</td>
<td style=""padding:8px 12px!important;border:1px solid #e5e7eb!important;font-size:14px!important;color:#374151!important;-webkit-text-fill-color:#374151!important;"">A method can access private data of a parameter if the parameter is the SAME type as the enclosing class</td>
</tr>
<tr>
<td style=""padding:8px 12px!important;border:1px solid #e5e7eb!important;font-weight:700!important;font-family:Consolas,monospace!important;font-size:13px!important;white-space:nowrap!important;color:#1e1b4b!important;-webkit-text-fill-color:#1e1b4b!important;background:#f9fafb!important;vertical-align:top!important;"">null</td>
<td style=""padding:8px 12px!important;border:1px solid #e5e7eb!important;font-size:14px!important;color:#374151!important;-webkit-text-fill-color:#374151!important;"">A reference that points to no object; calling a method on null causes NullPointerException</td>
</tr>
</tbody>
</table>
</div>
<div class=""apcsa-callout concept"" style=""margin:20px 0!important;padding:16px 20px!important;background:#ede9fe!important;border-left:4px solid #7c3aed!important;border-radius:6px!important;"">
<h4 style=""margin:0 0 8px!important;font-size:15px!important;color:#1e1b4b!important;-webkit-text-fill-color:#1e1b4b!important;"">CED Connection</h4>
<p style=""margin:0 0 8px!important;font-size:14px!important;color:#374151!important;-webkit-text-fill-color:#374151!important;"">When an object reference is passed, the parameter receives a COPY of the reference -- both the caller and parameter point to the SAME object. A method CAN change a mutable object's state. When a method returns an object reference, the caller receives a reference to the SAME object. A method CANNOT access private data of a parameter unless the parameter is the same type as the enclosing class.</p>
</div>
<h2 style=""font-size:22px!important;font-weight:700!important;color:#1e1b4b!important;-webkit-text-fill-color:#1e1b4b!important;margin:32px 0 12px!important;"">How Object References Are Passed</h2>
<div class=""apcsa-callout example"" style=""margin:20px 0!important;padding:16px 20px!important;background:#f0fdf4!important;border-left:4px solid #16a34a!important;border-radius:6px!important;"">
<h4 style=""margin:0 0 8px!important;font-size:15px!important;color:#15803d!important;-webkit-text-fill-color:#15803d!important;"">Mutating a Passed Object</h4>
<pre style=""margin:8px 0 0!important;background:#1e293b!important;color:#e2e8f0!important;padding:14px!important;border-radius:6px!important;font-size:13px!important;overflow-x:auto!important;"">public class Baker {
    public void fillJar(Jar j) {
        j.addCookies(10);  // changes the SAME jar
    }
}
Jar myJar = new Jar(5);
new Baker().fillJar(myJar);
System.out.println(myJar.getCookies());  // 15</pre>
<p style=""margin:0 0 8px!important;font-size:14px!important;color:#374151!important;-webkit-text-fill-color:#374151!important;"">j is a copy of the reference -- points to the SAME jar. Calling j.addCookies(10) mutates the shared object.</p>
</div>
<h2 style=""font-size:22px!important;font-weight:700!important;color:#1e1b4b!important;-webkit-text-fill-color:#1e1b4b!important;margin:32px 0 12px!important;"">Aliasing</h2>
<div class=""apcsa-callout example"" style=""margin:20px 0!important;padding:16px 20px!important;background:#f0fdf4!important;border-left:4px solid #16a34a!important;border-radius:6px!important;"">
<h4 style=""margin:0 0 8px!important;font-size:15px!important;color:#15803d!important;-webkit-text-fill-color:#15803d!important;"">Two Variables, One Object</h4>
<pre style=""margin:8px 0 0!important;background:#1e293b!important;color:#e2e8f0!important;padding:14px!important;border-radius:6px!important;font-size:13px!important;overflow-x:auto!important;"">Jar jar1 = new Jar(5);
Jar jar2 = jar1;  // alias!
jar2.addCookies(10);
System.out.println(jar1.getCookies());  // 15, not 5</pre>
<p style=""margin:0 0 8px!important;font-size:14px!important;color:#374151!important;-webkit-text-fill-color:#374151!important;"">jar2 = jar1 makes both point to the same Jar. Changes through jar2 are visible through jar1.</p>
</div>
<div class=""apcsa-callout trap"" style=""margin:20px 0!important;padding:16px 20px!important;background:#fef3c7!important;border-left:4px solid #d97706!important;border-radius:6px!important;"">
<h4 style=""margin:0 0 8px!important;font-size:15px!important;color:#92400e!important;-webkit-text-fill-color:#92400e!important;"">AP Trap: Object Parameter vs Primitive Parameter</h4>
<p style=""margin:0 0 8px!important;font-size:14px!important;color:#374151!important;-webkit-text-fill-color:#374151!important;"">Primitives: copy of value -- caller unaffected. Objects: copy of reference -- SAME object is reachable; state CAN be changed.</p>
</div>
<div class=""apcsa-callout trap"" style=""margin:20px 0!important;padding:16px 20px!important;background:#fef3c7!important;border-left:4px solid #d97706!important;border-radius:6px!important;"">
<h4 style=""margin:0 0 8px!important;font-size:15px!important;color:#92400e!important;-webkit-text-fill-color:#92400e!important;"">AP Trap: Reassigning Parameter Reference Doesn't Affect Caller</h4>
<pre style=""margin:8px 0 0!important;background:#1e293b!important;color:#e2e8f0!important;padding:14px!important;border-radius:6px!important;font-size:13px!important;overflow-x:auto!important;"">public void replaceJar(Jar j) {
    j = new Jar(100);  // replaces local copy only
}
Jar myJar = new Jar(5);
replaceJar(myJar);
// myJar still has 5 cookies</pre>
<p style=""margin:0 0 8px!important;font-size:14px!important;color:#374151!important;-webkit-text-fill-color:#374151!important;"">Reassigning j to a new Jar replaces the LOCAL reference copy. myJar in the caller is unaffected. This is DIFFERENT from calling a mutator method on j.</p>
</div>
<div class=""apcsa-callout trap"" style=""margin:20px 0!important;padding:16px 20px!important;background:#fef3c7!important;border-left:4px solid #d97706!important;border-radius:6px!important;"">
<h4 style=""margin:0 0 8px!important;font-size:15px!important;color:#92400e!important;-webkit-text-fill-color:#92400e!important;"">AP Trap: Cannot Access Another Class's Private Data</h4>
<pre style=""margin:8px 0 0!important;background:#1e293b!important;color:#e2e8f0!important;padding:14px!important;border-radius:6px!important;font-size:13px!important;overflow-x:auto!important;"">public class Baker {
    public void inspect(Jar j) {
        System.out.println(j.cookies);  // COMPILE ERROR
    }
}</pre>
<p style=""margin:0 0 8px!important;font-size:14px!important;color:#374151!important;-webkit-text-fill-color:#374151!important;"">Baker != Jar. Baker cannot access Jar's private fields directly.</p>
</div>
<h2 style=""font-size:22px!important;font-weight:700!important;color:#1e1b4b!important;-webkit-text-fill-color:#1e1b4b!important;margin:32px 0 12px!important;"">Same-Class Private Access</h2>
<div class=""apcsa-callout example"" style=""margin:20px 0!important;padding:16px 20px!important;background:#f0fdf4!important;border-left:4px solid #16a34a!important;border-radius:6px!important;"">
<h4 style=""margin:0 0 8px!important;font-size:15px!important;color:#15803d!important;-webkit-text-fill-color:#15803d!important;"">Valid Same-Class Access</h4>
<pre style=""margin:8px 0 0!important;background:#1e293b!important;color:#e2e8f0!important;padding:14px!important;border-radius:6px!important;font-size:13px!important;overflow-x:auto!important;"">public class Point {
    private int x; private int y;
    public boolean equals(Point other) {
        return this.x == other.x &amp;&amp; this.y == other.y;
        // other.x is valid: other is also a Point
    }
}</pre>
<p style=""margin:0 0 8px!important;font-size:14px!important;color:#374151!important;-webkit-text-fill-color:#374151!important;"">A method inside Point CAN access other.x and other.y because other is also a Point.</p>
</div>
<p style=""margin:0 0 8px!important;font-size:14px!important;color:#374151!important;-webkit-text-fill-color:#374151!important;""><strong>Real-World Connection:</strong> Passing a BankAccount to a transfer() method lets it call account.withdraw() -- mutating the same account. Powerful but requires careful design.</p>
<div class=""apcsa-block"" style=""margin:28px 0!important;"">
<h3 style=""font-size:17px!important;font-weight:700!important;color:#1e1b4b!important;-webkit-text-fill-color:#1e1b4b!important;margin:0 0 10px!important;"">Summary</h3>
<ul style=""padding-left:20px!important;margin:0!important;"">
<li style=""margin:4px 0!important;font-size:14px!important;color:#374151!important;-webkit-text-fill-color:#374151!important;"">When an object reference is passed, the parameter is a COPY of the reference; both point to the SAME object.</li>
<li style=""margin:4px 0!important;font-size:14px!important;color:#374151!important;-webkit-text-fill-color:#374151!important;"">A method CAN change a mutable object passed as a parameter by calling its mutators.</li>
<li style=""margin:4px 0!important;font-size:14px!important;color:#374151!important;-webkit-text-fill-color:#374151!important;"">Reassigning the parameter reference does NOT affect the caller's variable.</li>
<li style=""margin:4px 0!important;font-size:14px!important;color:#374151!important;-webkit-text-fill-color:#374151!important;"">Returned reference points to the SAME object.</li>
<li style=""margin:4px 0!important;font-size:14px!important;color:#374151!important;-webkit-text-fill-color:#374151!important;"">Same-class: method can access private fields of a same-type parameter. Different class: compile error.</li>
</ul>
</div>
<section class=""apcsa-practice-tier"">
  <span class=""tier-label"">Tier 2 · AP Practice</span>
  <h2>Practice Questions</h2>

  <div class=""apcs-ex"" data-type=""mcq"" data-answer=""D"">
    <span class=""apcs-ex-label"">MCQ 1</span>
    <div class=""apcs-ex-stem"">After <code>change(myBox)</code> where change calls <code>b.setVal(99)</code> and myBox=Box(1), result?</div>
    <div class=""apcs-predict-gate"" style=""background:#fefce8!important;border:1px solid #fde68a!important;border-radius:6px!important;padding:8px 12px!important;margin:8px 0!important;font-size:13px!important;color:#92400e!important;-webkit-text-fill-color:#92400e!important;""><em>⚠ Predict the answer before reading the options.</em></div>
<div class=""apcs-ex-options"">
  <div class=""apcs-opt"" data-letter=""A"">
<span class=""apcs-opt-letter"">A</span> 1
</div>
  <div class=""apcs-opt"" data-letter=""B"">
<span class=""apcs-opt-letter"">B</span> 0
</div>
  <div class=""apcs-opt"" data-letter=""C"">
<span class=""apcs-opt-letter"">C</span> Compile error
</div>
  <div class=""apcs-opt"" data-letter=""D"">
<span class=""apcs-opt-letter"">D</span> 99
</div>
    </div>
    <button class=""apcs-btn apcs-ex-check"" style=""background:#6b21a8!important;color:#fff!important;-webkit-text-fill-color:#fff!important;border:none!important;padding:10px 20px!important;border-radius:8px!important;font-weight:600!important;font-size:14px!important;cursor:pointer!important;display:inline-block!important;margin:4px 4px 4px 0!important;"">Check Answer</button>
    <div class=""apcs-ex-feedback"">
<strong>D is correct.</strong> b is a copy of reference to same Box. setVal(99) mutates shared object.</div>
  </div>
  <div class=""apcs-ex"" data-type=""mcq"" data-answer=""B"">
    <span class=""apcs-ex-label"">MCQ 2</span>
    <div class=""apcs-ex-stem"">What is printed?<br><pre style=""margin:8px 0 0!important;background:#1e293b!important;color:#e2e8f0!important;padding:14px!important;border-radius:6px!important;font-size:13px!important;overflow-x:auto!important;"">Box a = new Box(5);
Box b = a;
b.setVal(20);
System.out.println(a.getVal());</pre>
</div>
    <div class=""apcs-ex-options"">
  <div class=""apcs-opt"" data-letter=""A"">
<span class=""apcs-opt-letter"">A</span> 5
</div>
  <div class=""apcs-opt"" data-letter=""B"">
<span class=""apcs-opt-letter"">B</span> 20
</div>
  <div class=""apcs-opt"" data-letter=""C"">
<span class=""apcs-opt-letter"">C</span> 0
</div>
  <div class=""apcs-opt"" data-letter=""D"">
<span class=""apcs-opt-letter"">D</span> Compile error
</div>
    </div>
    <button class=""apcs-btn apcs-ex-check"" style=""background:#6b21a8!important;color:#fff!important;-webkit-text-fill-color:#fff!important;border:none!important;padding:10px 20px!important;border-radius:8px!important;font-weight:600!important;font-size:14px!important;cursor:pointer!important;display:inline-block!important;margin:4px 4px 4px 0!important;"">Check Answer</button>
    <div class=""apcs-ex-feedback"">
<strong>B is correct.</strong> b=a is an alias. b.setVal(20) changes shared object. a.getVal()=20.</div>
  </div>
  <div class=""apcs-ex"" data-type=""mcq"" data-answer=""B"">
    <span class=""apcs-ex-label"">MCQ 3</span>
    <div class=""apcs-ex-stem"">
<code>public static void reset(Box b) { b = new Box(0); }</code> called with Box(42). What does myBox.getVal() return?</div>
    <div class=""apcs-predict-gate"" style=""background:#fefce8!important;border:1px solid #fde68a!important;border-radius:6px!important;padding:8px 12px!important;margin:8px 0!important;font-size:13px!important;color:#92400e!important;-webkit-text-fill-color:#92400e!important;""><em>⚠ Predict the answer before reading the options.</em></div>
<div class=""apcs-ex-options"">
  <div class=""apcs-opt"" data-letter=""A"">
<span class=""apcs-opt-letter"">A</span> 0
</div>
  <div class=""apcs-opt"" data-letter=""B"">
<span class=""apcs-opt-letter"">B</span> 42
</div>
  <div class=""apcs-opt"" data-letter=""C"">
<span class=""apcs-opt-letter"">C</span> NullPointerException
</div>
  <div class=""apcs-opt"" data-letter=""D"">
<span class=""apcs-opt-letter"">D</span> Compile error
</div>
    </div>
    <button class=""apcs-btn apcs-ex-check"" style=""background:#6b21a8!important;color:#fff!important;-webkit-text-fill-color:#fff!important;border:none!important;padding:10px 20px!important;border-radius:8px!important;font-weight:600!important;font-size:14px!important;cursor:pointer!important;display:inline-block!important;margin:4px 4px 4px 0!important;"">Check Answer</button>
    <div class=""apcs-ex-feedback"">
<strong>B is correct.</strong> Reassigning b (local ref copy) does NOT affect myBox. Still Box(42).</div>
  </div>
  <div class=""apcs-ex"" data-type=""mcq"" data-answer=""B"">
    <span class=""apcs-ex-label"">MCQ 4</span>
    <div class=""apcs-ex-stem"">Inside a Rectangle method, <code>other.width</code> where width is private and other is Rectangle parameter. TRUE?</div>
    <div class=""apcs-ex-options"">
  <div class=""apcs-opt"" data-letter=""A"">
<span class=""apcs-opt-letter"">A</span> Compile error
</div>
  <div class=""apcs-opt"" data-letter=""B"">
<span class=""apcs-opt-letter"">B</span> Valid: same-class access to same-type parameter private field
</div>
  <div class=""apcs-opt"" data-letter=""C"">
<span class=""apcs-opt-letter"">C</span> Valid only if width is static
</div>
  <div class=""apcs-opt"" data-letter=""D"">
<span class=""apcs-opt-letter"">D</span> Valid only if other is public
</div>
    </div>
    <button class=""apcs-btn apcs-ex-check"" style=""background:#6b21a8!important;color:#fff!important;-webkit-text-fill-color:#fff!important;border:none!important;padding:10px 20px!important;border-radius:8px!important;font-weight:600!important;font-size:14px!important;cursor:pointer!important;display:inline-block!important;margin:4px 4px 4px 0!important;"">Check Answer</button>
    <div class=""apcs-ex-feedback"">
<strong>B is correct.</strong> Same-class access is permitted.</div>
  </div>
  <div class=""apcs-ex"" data-type=""mcq"" data-answer=""B"">
    <span class=""apcs-ex-label"">MCQ 5</span>
    <div class=""apcs-ex-stem"">w1 starts at 100, w2 at 50. <code>w1.transfer(w2, 30)</code> does <code>money -= amt; other.money += amt;</code>. Output?</div>
    <div class=""apcs-ex-options"">
  <div class=""apcs-opt"" data-letter=""A"">
<span class=""apcs-opt-letter"">A</span> 100 50
</div>
  <div class=""apcs-opt"" data-letter=""B"">
<span class=""apcs-opt-letter"">B</span> 70 80
</div>
  <div class=""apcs-opt"" data-letter=""C"">
<span class=""apcs-opt-letter"">C</span> 130 20
</div>
  <div class=""apcs-opt"" data-letter=""D"">
<span class=""apcs-opt-letter"">D</span> Compile error
</div>
    </div>
    <button class=""apcs-btn apcs-ex-check"" style=""background:#6b21a8!important;color:#fff!important;-webkit-text-fill-color:#fff!important;border:none!important;padding:10px 20px!important;border-radius:8px!important;font-weight:600!important;font-size:14px!important;cursor:pointer!important;display:inline-block!important;margin:4px 4px 4px 0!important;"">Check Answer</button>
    <div class=""apcs-ex-feedback"">
<strong>B is correct.</strong> w1=70, w2=80. Same-class private access is valid.</div>
  </div>
  <div class=""apcs-ex"" data-type=""mcq"" data-answer=""B"">
    <span class=""apcs-ex-label"">MCQ 6</span>
    <div class=""apcs-ex-stem"">Which statement about accessing a parameter's private fields is TRUE?</div>
    <div class=""apcs-ex-options"">
  <div class=""apcs-opt"" data-letter=""A"">
<span class=""apcs-opt-letter"">A</span> A method can access private fields of ANY object parameter
</div>
  <div class=""apcs-opt"" data-letter=""B"">
<span class=""apcs-opt-letter"">B</span> A method can access private fields of a parameter ONLY when the parameter is the same type as the enclosing class
</div>
  <div class=""apcs-opt"" data-letter=""C"">
<span class=""apcs-opt-letter"">C</span> Private fields can never be accessed
</div>
  <div class=""apcs-opt"" data-letter=""D"">
<span class=""apcs-opt-letter"">D</span> Private fields become public when passed as parameters
</div>
    </div>
    <button class=""apcs-btn apcs-ex-check"" style=""background:#6b21a8!important;color:#fff!important;-webkit-text-fill-color:#fff!important;border:none!important;padding:10px 20px!important;border-radius:8px!important;font-weight:600!important;font-size:14px!important;cursor:pointer!important;display:inline-block!important;margin:4px 4px 4px 0!important;"">Check Answer</button>
    <div class=""apcs-ex-feedback"">
<strong>B is correct.</strong> Same-type = allowed; different type = compile error.</div>
  </div>
  <div class=""apcs-ex"" data-type=""mcq"" data-answer=""B"">
    <span class=""apcs-ex-label"">MCQ 7</span>
    <div class=""apcs-ex-stem"">Which CORRECTLY distinguishes primitive vs object reference passing?</div>
    <div class=""apcs-ex-options"">
  <div class=""apcs-opt"" data-letter=""A"">
<span class=""apcs-opt-letter"">A</span> Both pass exact copies; neither affects the original
</div>
  <div class=""apcs-opt"" data-letter=""B"">
<span class=""apcs-opt-letter"">B</span> Primitives: copy of value; Objects: copy of reference to same object; methods CAN mutate the object
</div>
  <div class=""apcs-opt"" data-letter=""C"">
<span class=""apcs-opt-letter"">C</span> Objects pass a copy of the entire object
</div>
  <div class=""apcs-opt"" data-letter=""D"">
<span class=""apcs-opt-letter"">D</span> Primitives pass the original variable
</div>
    </div>
    <button class=""apcs-btn apcs-ex-check"" style=""background:#6b21a8!important;color:#fff!important;-webkit-text-fill-color:#fff!important;border:none!important;padding:10px 20px!important;border-radius:8px!important;font-weight:600!important;font-size:14px!important;cursor:pointer!important;display:inline-block!important;margin:4px 4px 4px 0!important;"">Check Answer</button>
    <div class=""apcs-ex-feedback"">
<strong>B is correct.</strong> A primitive parameter gets a copy of the value. An object parameter gets a copy of the reference, so the method can change the object it points at.</div>
  </div>
  <div class=""apcs-ex"" data-type=""mcq"" data-answer=""C"">
    <span class=""apcs-ex-label"">MCQ 8</span>
    <div class=""apcs-ex-stem"">After <code>Dog winner = competition.getBest();</code>, calling <code>winner.setName(""Rex"");</code>...</div>
    <div class=""apcs-ex-options"">
  <div class=""apcs-opt"" data-letter=""A"">
<span class=""apcs-opt-letter"">A</span> Creates a new Dog; competition's dog unchanged
</div>
  <div class=""apcs-opt"" data-letter=""B"">
<span class=""apcs-opt-letter"">B</span> Throws NullPointerException
</div>
  <div class=""apcs-opt"" data-letter=""C"">
<span class=""apcs-opt-letter"">C</span> Changes the same Dog object the competition holds
</div>
  <div class=""apcs-opt"" data-letter=""D"">
<span class=""apcs-opt-letter"">D</span> Compile error
</div>
    </div>
    <button class=""apcs-btn apcs-ex-check"" style=""background:#6b21a8!important;color:#fff!important;-webkit-text-fill-color:#fff!important;border:none!important;padding:10px 20px!important;border-radius:8px!important;font-weight:600!important;font-size:14px!important;cursor:pointer!important;display:inline-block!important;margin:4px 4px 4px 0!important;"">Check Answer</button>
    <div class=""apcs-ex-feedback"">
<strong>C is correct.</strong> The returned reference points to the same object.</div>
  </div>
</section>
<div class=""apcsa-game-block"" id=""game-toggle-306"">
<div class=""game-toggle-label"">PRACTICE WITH A GAME — CHOOSE ONE:</div>
<div class=""game-toggle-pills"">
<button class=""game-pill active"" data-gt-target=""opq"">Output Predictor</button><button class=""game-pill"" data-gt-target=""bh"">Bug Hunt</button>
</div>
<div data-gt-widget=""opq""><div id=""opq-306"">
<div class=""g-title"">Output Predictor: Object References</div>
<div class=""g-sub"">Predict carefully -- aliasing and reference copies.</div>
<div class=""g-progress""><span>Question <span id=""opq-306-cur"">1</span> of 3  ·  Score: <span id=""opq-306-score"">0</span></span></div>
<div id=""opq-306-card"">
<pre class=""g-code"" id=""opq-306-code""></pre>
<textarea style=""width:100%!important;padding:12px 14px!important;border:2px solid #e2e8f0!important;border-radius:8px!important;font-family:Consolas,monospace!important;font-size:14px!important;resize:none!important;background:#fff!important;color:#1f2937!important;-webkit-text-fill-color:#1f2937!important;margin-bottom:10px!important;display:block!important;box-sizing:border-box!important;line-height:1.5!important;"" id=""opq-306-inp"" rows=""2"" placeholder=""Type exact output..."" spellcheck=""false""></textarea><button style=""background:#6b21a8!important;color:#fff!important;-webkit-text-fill-color:#fff!important;border:none!important;padding:10px 20px!important;border-radius:8px!important;font-weight:600!important;font-size:14px!important;cursor:pointer!important;display:inline-block!important;margin:4px 4px 4px 0!important;"" onclick=""_opq_306_submit()"">Predict</button><div class=""g-feedback"" id=""opq-306-fb""></div>
<button style=""background:#6b21a8!important;color:#fff!important;-webkit-text-fill-color:#fff!important;border:none!important;padding:10px 20px!important;border-radius:8px!important;font-weight:600!important;font-size:14px!important;cursor:pointer!important;display:inline-block!important;margin:4px 4px 4px 0!important;display:none!important;margin-top:8px!important;"" id=""opq-306-next"" onclick=""_opq_306_next()"">Next →</button>
</div>
<div class=""g-complete"" id=""opq-306-complete"" style=""display:none!important;"">
<div class=""g-complete-title"">Done!</div>
<div class=""g-complete-score"">You got <span id=""opq-306-final"">0</span> of 3 correct.</div>
<button style=""background:#6b21a8!important;color:#fff!important;-webkit-text-fill-color:#fff!important;border:none!important;padding:10px 20px!important;border-radius:8px!important;font-weight:600!important;font-size:14px!important;cursor:pointer!important;display:inline-block!important;margin:4px 4px 4px 0!important;"" onclick=""_opq_306_restart()"">Play again</button>
</div>
</div></div>
<div data-gt-widget=""bh"" style=""display:none;""><div id=""bh-306"">
<div class=""g-title"">Bug Hunt: Object References</div>
<div class=""g-sub"">Click the buggy line, or 'No bug'.</div>
<div class=""g-progress""><span>Question <span id=""bh-306-cur"">1</span> of 3  ·  Score: <span id=""bh-306-score"">0</span></span></div>
<div id=""bh-306-card"">
<div id=""bh-306-lines""></div>
<div style=""margin-top:12px!important;""><div id=""bh-306-nobug"" onclick=""_bh_306_pick(-1)"" style=""padding:9px 14px!important;background:#fff!important;border:2px solid #e2e8f0!important;border-radius:6px!important;cursor:pointer!important;text-align:center!important;font-style:italic!important;color:#374151!important;"">No bug — code is correct</div></div>
<div class=""g-feedback"" id=""bh-306-fb""></div>
<button style=""background:#6b21a8!important;color:#fff!important;-webkit-text-fill-color:#fff!important;border:none!important;padding:10px 20px!important;border-radius:8px!important;font-weight:600!important;font-size:14px!important;cursor:pointer!important;display:inline-block!important;margin:4px 4px 4px 0!important;display:none!important;margin-top:8px!important;"" id=""bh-306-next"" onclick=""_bh_306_next()"">Next →</button>
</div>
<div class=""g-complete"" id=""bh-306-complete"" style=""display:none!important;"">
<div class=""g-complete-title"">Done!</div>
<div class=""g-complete-score"">You got <span id=""bh-306-final"">0</span> of 3 correct.</div>
<button style=""background:#6b21a8!important;color:#fff!important;-webkit-text-fill-color:#fff!important;border:none!important;padding:10px 20px!important;border-radius:8px!important;font-weight:600!important;font-size:14px!important;cursor:pointer!important;display:inline-block!important;margin:4px 4px 4px 0!important;"" onclick=""_bh_306_restart()"">Play again</button>
</div>
</div></div>
</div>
<script>(function(){var W=document.getElementById(""game-toggle-306"");if(!W||W.dataset.gtInit)return;W.dataset.gtInit=""1"";var pills=W.querySelectorAll("".game-pill""),widgets=W.querySelectorAll(""[data-gt-widget]"");pills.forEach(function(p){p.addEventListener(""click"",function(){var t=p.getAttribute(""data-gt-target"");pills.forEach(function(x){x.classList.remove(""active"");});p.classList.add(""active"");widgets.forEach(function(w){w.style.display=w.getAttribute(""data-gt-widget"")===t?"""":""none"";});});});})();</script>

<script>(function(){var Q=[{""code"": ""public class Bucket {\n    private int liters;\n    public Bucket(int l) { liters = l; }\n    public void fill(int n) { liters += n; }\n    public int getLiters() { return liters; }\n}\nBucket b1 = new Bucket(10);\nBucket b2 = b1;\nb2.fill(5);\nSystem.out.println(b1.getLiters());"", ""expected"": ""15"", ""explanation"": ""b2=b1 creates alias. Both point to same bucket. b2.fill(5) adds 5 to shared object. b1.getLiters()=15.""}, {""code"": ""public class Shelf {\n    private int books;\n    public Shelf(int b) { books = b; }\n    public int getBooks() { return books; }\n}\npublic class Librarian {\n    public void replace(Shelf s) { s = new Shelf(100); }\n}\nShelf myShelf = new Shelf(5);\nnew Librarian().replace(myShelf);\nSystem.out.println(myShelf.getBooks());"", ""expected"": ""5"", ""explanation"": ""replace() reassigns local ref copy to new Shelf(100). myShelf still points to original Shelf(5).""}, {""code"": ""public class Lamp {\n    private boolean on;\n    public Lamp(boolean b) { on = b; }\n    public void toggle() { on = !on; }\n    public boolean isOn() { return on; }\n}\nLamp a = new Lamp(false);\nLamp b = a;\na.toggle();\nb.toggle();\nSystem.out.println(a.isOn());"", ""expected"": ""false"", ""explanation"": ""a and b are aliases (same Lamp). a.toggle() => on=true. b.toggle() on same object => on=false. a.isOn()=false.""}],idx=0,score=0;function N(s){return s.replace(/\r\n/g,""\n"").replace(/\r/g,""\n"").trim();}function load(){document.getElementById(""opq-306-cur"").textContent=idx+1;document.getElementById(""opq-306-code"").textContent=Q[idx].code;var inp=document.getElementById(""opq-306-inp"");inp.value="""";inp.disabled=false;document.getElementById(""opq-306-fb"").style.display=""none"";document.getElementById(""opq-306-next"").style.display=""none"";}window._opq_306_submit=function(){var inp=document.getElementById(""opq-306-inp"");var ok=N(inp.value)===N(Q[idx].expected);if(ok)score++;document.getElementById(""opq-306-score"").textContent=score;inp.disabled=true;var fb=document.getElementById(""opq-306-fb"");fb.innerHTML=""<strong style=\""color:""+(ok?""#15803d"":""#b91c1c"")+""\"">""+(ok?""✓ Correct!"":""✗ Not quite."")+""</strong> Expected: <code>""+Q[idx].expected+""</code><br><span style=\""color:#4b5563;\"">""+Q[idx].explanation+""</span>"";fb.style.display=""block"";document.getElementById(""opq-306-next"").style.display=""block"";};window._opq_306_next=function(){idx++;if(idx>=Q.length){document.getElementById(""opq-306-card"").style.display=""none"";document.getElementById(""opq-306-complete"").style.display=""block"";document.getElementById(""opq-306-final"").textContent=score;}else load();};window._opq_306_restart=function(){idx=0;score=0;document.getElementById(""opq-306-score"").textContent=0;document.getElementById(""opq-306-complete"").style.display=""none"";document.getElementById(""opq-306-card"").style.display=""block"";load();};load();})();</script>
<script>(function(){var Q=[{""code"": ""public class Inventory {\n    private int count;\n    public void merge(Inventory other) {\n        count += other.count;\n        other.count = 0;\n    }\n}"", ""bugLine"": null, ""explanation"": ""No bug! count is private but same-class access allows other.count inside Inventory.""}, {""code"": ""public class Printer {\n    public void printData(Report r) {\n        System.out.println(r.data);\n    }\n}\n// data is private in Report"", ""bugLine"": 2, ""explanation"": ""Line 3: Printer accessing r.data directly where data is private in Report. Printer != Report = compile error. Use r.getData() instead.""}, {""code"": ""public class Ledger {\n    private int balance;\n    public Ledger(int b) { balance = b; }\n    public void transfer(Ledger other, int amt) { balance -= amt; balance += amt; }\n    public int getBalance() { return balance; }\n}"", ""bugLine"": 3, ""explanation"": ""Line 4: transfer() subtracts amt from this.balance but then adds it back to this.balance again instead of other.balance. Should be: other.balance += amt; (same-class private access is valid).""}],idx=0,score=0,chosen=null;function load(){var q=Q[idx];chosen=null;document.getElementById(""bh-306-cur"").textContent=idx+1;var lines=document.getElementById(""bh-306-lines"");lines.innerHTML="""";q.code.split(""\n"").forEach(function(line,i){var d=document.createElement(""div"");d.style.cssText=""padding:9px 14px!important;background:#fff!important;border:2px solid #e2e8f0!important;border-radius:6px!important;cursor:pointer!important;margin-bottom:4px!important;font-family:Consolas,monospace!important;font-size:13px!important;color:#1e293b!important;"";d.textContent=line;d.setAttribute(""data-li"",i);d.addEventListener(""click"",function(){_bh_306_pick(i);});lines.appendChild(d);});document.getElementById(""bh-306-fb"").style.display=""none"";document.getElementById(""bh-306-next"").style.display=""none"";}window._bh_306_pick=function(li){if(chosen!==null)return;chosen=li;var q=Q[idx];var correct=(li===q.bugLine)||(li===-1&&q.bugLine===null);if(correct)score++;document.getElementById(""bh-306-score"").textContent=score;var fb=document.getElementById(""bh-306-fb"");fb.innerHTML=""<strong style=\""color:""+(correct?""#15803d"":""#b91c1c"")+""\"">""+(correct?""✓ Correct!"":""✗ Not quite."")+""</strong> ""+(q.bugLine!==null?""Line ""+(q.bugLine+1)+"" has the bug."":""No bug."")+"" ""+q.explanation;fb.style.display=""block"";document.getElementById(""bh-306-next"").style.display=""block"";};window._bh_306_next=function(){idx++;if(idx>=Q.length){document.getElementById(""bh-306-card"").style.display=""none"";document.getElementById(""bh-306-complete"").style.display=""block"";document.getElementById(""bh-306-final"").textContent=score;}else load();};window._bh_306_restart=function(){idx=0;score=0;chosen=null;document.getElementById(""bh-306-score"").textContent=0;document.getElementById(""bh-306-complete"").style.display=""none"";document.getElementById(""bh-306-card"").style.display=""block"";load();};load();})();</script>
<section class=""apcsa-mastery"">
  <span class=""mastery-badge"">Tier 3 · AP Mastery</span>
  <h2>Mastery: Methods</h2>

  <div class=""apcs-ex"" data-type=""mcq"" data-answer=""A"">
    <span class=""apcs-ex-label"">MCQ 1</span>
    <div class=""apcs-ex-stem"">What is printed?<br><pre style=""margin:8px 0 0!important;background:#1e293b!important;color:#e2e8f0!important;padding:14px!important;border-radius:6px!important;font-size:13px!important;overflow-x:auto!important;"">// doubleNode: n.setData(n.getData() * 2)
new Graph().doubleNode(myNode);  // myNode started as Node(7)
System.out.println(myNode.getData());</pre>
</div>
    <div class=""apcs-ex-options"">
  <div class=""apcs-opt"" data-letter=""A"">
<span class=""apcs-opt-letter"">A</span> 14
</div>
  <div class=""apcs-opt"" data-letter=""B"">
<span class=""apcs-opt-letter"">B</span> 7
</div>
  <div class=""apcs-opt"" data-letter=""C"">
<span class=""apcs-opt-letter"">C</span> 0
</div>
  <div class=""apcs-opt"" data-letter=""D"">
<span class=""apcs-opt-letter"">D</span> Compile error
</div>
    </div>
    <button class=""apcs-btn apcs-ex-check"" style=""background:#6b21a8!important;color:#fff!important;-webkit-text-fill-color:#fff!important;border:none!important;padding:10px 20px!important;border-radius:8px!important;font-weight:600!important;font-size:14px!important;cursor:pointer!important;display:inline-block!important;margin:4px 4px 4px 0!important;"">Check Answer</button>
    <div class=""apcs-ex-feedback"">
<strong>A is correct.</strong> doubleNode receives ref copy. setData(14) mutates shared Node.</div>
  </div>
  <div class=""apcs-ex"" data-type=""mcq"" data-answer=""D"">
    <span class=""apcs-ex-label"">MCQ 2</span>
    <div class=""apcs-ex-stem"">After this code, what does <code>a.getData()</code> print?<br><pre style=""margin:8px 0 0!important;background:#1e293b!important;color:#e2e8f0!important;padding:14px!important;border-radius:6px!important;font-size:13px!important;overflow-x:auto!important;"">Node a = new Node(10);
Node b = a;
b.setData(50);
b = new Node(99);</pre>
</div>
    <div class=""apcs-predict-gate"" style=""background:#fefce8!important;border:1px solid #fde68a!important;border-radius:6px!important;padding:8px 12px!important;margin:8px 0!important;font-size:13px!important;color:#92400e!important;-webkit-text-fill-color:#92400e!important;""><em>⚠ Predict the answer before reading the options.</em></div>
<div class=""apcs-ex-options"">
  <div class=""apcs-opt"" data-letter=""A"">
<span class=""apcs-opt-letter"">A</span> 99
</div>
  <div class=""apcs-opt"" data-letter=""B"">
<span class=""apcs-opt-letter"">B</span> 10
</div>
  <div class=""apcs-opt"" data-letter=""C"">
<span class=""apcs-opt-letter"">C</span> 0
</div>
  <div class=""apcs-opt"" data-letter=""D"">
<span class=""apcs-opt-letter"">D</span> 50
</div>
    </div>
    <button class=""apcs-btn apcs-ex-check"" style=""background:#6b21a8!important;color:#fff!important;-webkit-text-fill-color:#fff!important;border:none!important;padding:10px 20px!important;border-radius:8px!important;font-weight:600!important;font-size:14px!important;cursor:pointer!important;display:inline-block!important;margin:4px 4px 4px 0!important;"">Check Answer</button>
    <div class=""apcs-ex-feedback"">
<strong>D is correct.</strong> b=a alias. b.setData(50) changes shared node to 50. b=new Node(99) moves b; a still has 50.</div>
  </div>
  <div class=""apcs-ex"" data-type=""mcq"" data-answer=""C"">
    <span class=""apcs-ex-label"">MCQ 3</span>
    <div class=""apcs-ex-stem"">
<code>public void swap(Node a, Node b)</code> reassigns a and b. Do caller variables change?</div>
    <div class=""apcs-ex-options"">
  <div class=""apcs-opt"" data-letter=""A"">
<span class=""apcs-opt-letter"">A</span> Yes: object references modified by called methods
</div>
  <div class=""apcs-opt"" data-letter=""B"">
<span class=""apcs-opt-letter"">B</span> Yes, if nodes are mutable
</div>
  <div class=""apcs-opt"" data-letter=""C"">
<span class=""apcs-opt-letter"">C</span> No: reassigning parameters changes only local copies
</div>
  <div class=""apcs-opt"" data-letter=""D"">
<span class=""apcs-opt-letter"">D</span> No: Node is immutable
</div>
    </div>
    <button class=""apcs-btn apcs-ex-check"" style=""background:#6b21a8!important;color:#fff!important;-webkit-text-fill-color:#fff!important;border:none!important;padding:10px 20px!important;border-radius:8px!important;font-weight:600!important;font-size:14px!important;cursor:pointer!important;display:inline-block!important;margin:4px 4px 4px 0!important;"">Check Answer</button>
    <div class=""apcs-ex-feedback"">
<strong>C is correct.</strong> Reassigning local reference copies does not affect caller.</div>
  </div>
  <div class=""apcs-ex"" data-type=""mcq"" data-answer=""D"">
    <span class=""apcs-ex-label"">MCQ 4</span>
    <div class=""apcs-ex-stem"">
<code>public boolean sameAs(Node other) { return this.data == other.data; }</code> -- data is private. Compiles?</div>
    <div class=""apcs-ex-options"">
  <div class=""apcs-opt"" data-letter=""A"">
<span class=""apcs-opt-letter"">A</span> No: private inaccessible
</div>
  <div class=""apcs-opt"" data-letter=""B"">
<span class=""apcs-opt-letter"">B</span> No: == can't compare private
</div>
  <div class=""apcs-opt"" data-letter=""C"">
<span class=""apcs-opt-letter"">C</span> Yes, but only if data is static
</div>
  <div class=""apcs-opt"" data-letter=""D"">
<span class=""apcs-opt-letter"">D</span> Yes: same-class access
</div>
    </div>
    <button class=""apcs-btn apcs-ex-check"" style=""background:#6b21a8!important;color:#fff!important;-webkit-text-fill-color:#fff!important;border:none!important;padding:10px 20px!important;border-radius:8px!important;font-weight:600!important;font-size:14px!important;cursor:pointer!important;display:inline-block!important;margin:4px 4px 4px 0!important;"">Check Answer</button>
    <div class=""apcs-ex-feedback"">
<strong>D is correct.</strong> Inside Node, private fields of a Node parameter are accessible.</div>
  </div>
</section>
<nav class=""apcsa-lesson-nav"">
  <a class=""nav-prev"" href=""/pages/ap-csa-lesson-3-5-methods-how-to-write-them"">← 3.5: Methods: How to Write Them</a>
  <a class=""nav-next"" href=""/pages/ap-csa-lesson-3-7-class-variables-and-methods"">3.7: Class Variables and Methods →</a>
</nav>
<script>
(function() {
  document.querySelectorAll('#apcsa-lesson .apcs-ex').forEach(function(ex) {
    if (ex.dataset.mcqInit) return;
    ex.dataset.mcqInit = '1';
    var correct = ex.getAttribute('data-answer');
    var opts = ex.querySelectorAll('.apcs-opt');
    var btn = ex.querySelector('.apcs-ex-check');
    var feedback = ex.querySelector('.apcs-ex-feedback');
    var chosen = null;

    opts.forEach(function(opt) {
      opt.style.cursor = 'pointer';
      opt.addEventListener('click', function() {
        if (ex.dataset.answered) return;
        opts.forEach(function(o) { o.classList.remove('selected'); });
        opt.classList.add('selected');
        chosen = opt.getAttribute('data-letter');
      });
    });

    if (btn) btn.addEventListener('click', function() {
      if (!chosen || ex.dataset.answered) return;
      ex.dataset.answered = '1';
      opts.forEach(function(opt) {
        var letter = opt.getAttribute('data-letter');
        if (letter === correct) opt.classList.add('correct');
        else if (letter === chosen) opt.classList.add('incorrect');
        opt.classList.remove('selected');
      });
      if (feedback) {
        feedback.classList.add('show');
        feedback.classList.add(chosen === correct ? 'fb-correct' : 'fb-incorrect');
      }
      btn.disabled = true;
    });
  });
})();
</script>
<script type=""application/ld+json"">{""@context"": ""https://schema.org"", ""@type"": ""Article"", ""headline"": ""Lesson 3.6: Methods: Passing and Returning Object References"", ""description"": ""AP CSA Lesson 3.6: Methods: Passing and Returning Object References - aligned to 2025-2026 CED."", ""url"": ""https://apcsexamprep.com/pages/ap-csa-lesson-3-6-methods-passing-returning-object-references"", ""datePublished"": ""2026-05-23"", ""dateModified"": ""2026-05-23"", ""author"": {""@type"": ""Person"", ""name"": ""Tanner Crow""}, ""publisher"": {""@type"": ""Organization"", ""name"": ""APCSExamPrep.com""}}</script>
<script type=""application/ld+json"">{""@context"": ""https://schema.org"", ""@type"": ""BreadcrumbList"", ""itemListElement"": [{""@type"": ""ListItem"", ""position"": 1, ""name"": ""AP CSA"", ""item"": ""https://apcsexamprep.com/pages/ap-csa-exam-prep-hub""}, {""@type"": ""ListItem"", ""position"": 2, ""name"": ""Unit 3"", ""item"": ""https://apcsexamprep.com/pages/ap-csa-unit-3-course""}, {""@type"": ""ListItem"", ""position"": 3, ""name"": ""Lesson 3.6: Methods: Passing and Returning Object References"", ""item"": ""https://apcsexamprep.com/pages/ap-csa-lesson-3-6-methods-passing-returning-object-references""}]}</script>
</div>"
"ap-csa-lesson-3-7-class-variables-and-methods","MERGE","<style>
/* =============================================================
   SCOPED RESET --- nukes Shopify Dawn theme overrides
   all:initial applies to wrapper ONLY (proven pattern from live
   AP Cyber pages). Applying it to all descendants kills nested
   element display values (table cells, buttons, inline-block badges).
   ============================================================= */
#apcsa-lesson {
  all: initial !important;
  display: block !important;
  font-family: -apple-system, BlinkMacSystemFont, ""Segoe UI"", Roboto, ""Helvetica Neue"", Arial, sans-serif !important;
  max-width: 1080px !important;
  margin: 0 auto !important;
  padding: 32px 20px 80px !important;
  color: #1f2937 !important;
  -webkit-text-fill-color: #1f2937 !important;
  line-height: 1.65 !important;
  font-size: 17px !important;
  background: #ffffff !important;
}
#apcsa-lesson * {
  box-sizing: border-box !important;
}
#apcsa-lesson p, #apcsa-lesson li, #apcsa-lesson td, #apcsa-lesson th,
#apcsa-lesson dt, #apcsa-lesson dd, #apcsa-lesson span, #apcsa-lesson em, #apcsa-lesson strong {
  color: #1f2937 !important;
  -webkit-text-fill-color: #1f2937 !important;
  font-size: 17px !important;
  line-height: 1.65 !important;
}
#apcsa-lesson em { font-style: italic !important; }
#apcsa-lesson strong { font-weight: 700 !important; }
#apcsa-lesson p { margin: 0 0 16px 0 !important; }
#apcsa-lesson ul, #apcsa-lesson ol { display: block !important; margin: 0 0 16px 24px !important; padding: 0 !important; }
#apcsa-lesson ul li { display: list-item !important; list-style: disc outside !important; margin: 0 0 6px 0 !important; }
#apcsa-lesson ol li { display: list-item !important; list-style: decimal outside !important; margin: 0 0 6px 0 !important; }

/* Headings */
#apcsa-lesson h1, #apcsa-lesson h2, #apcsa-lesson h3, #apcsa-lesson h4 {
  display: block !important;
  font-weight: 800 !important;
  color: #0f172a !important;
  -webkit-text-fill-color: #0f172a !important;
  line-height: 1.25 !important;
}
#apcsa-lesson h1 { font-size: 36px !important; margin: 8px 0 12px 0 !important; letter-spacing: -0.02em !important; }
#apcsa-lesson h2 { font-size: 26px !important; margin: 40px 0 14px 0 !important; padding-bottom: 8px !important; border-bottom: 2px solid #e5e7eb !important; }
#apcsa-lesson h3 { font-size: 20px !important; margin: 24px 0 10px 0 !important; color: #1e3a8a !important; -webkit-text-fill-color: #1e3a8a !important; }
#apcsa-lesson h4 { font-size: 17px !important; margin: 16px 0 8px 0 !important; }

/* Links */
#apcsa-lesson a:link, #apcsa-lesson a:visited {
  color: #2563eb !important;
  -webkit-text-fill-color: #2563eb !important;
  text-decoration: underline !important;
  cursor: pointer !important;
}
#apcsa-lesson a:hover, #apcsa-lesson a:active {
  color: #1d4ed8 !important;
  -webkit-text-fill-color: #1d4ed8 !important;
}

/* Code (used sparingly in conceptual lessons --- only for syntax mentions) */
#apcsa-lesson code {
  font-family: ""SF Mono"", Menlo, Consolas, Monaco, monospace !important;
  background: #f1f5f9 !important;
  color: #0f172a !important;
  -webkit-text-fill-color: #0f172a !important;
  padding: 2px 6px !important;
  border-radius: 4px !important;
  font-size: 15px !important;
}
#apcsa-lesson pre {
  display: block !important;
  background: #0f172a !important;
  color: #e2e8f0 !important;
  -webkit-text-fill-color: #e2e8f0 !important;
  padding: 18px 20px !important;
  border-radius: 8px !important;
  overflow-x: auto !important;
  margin: 16px 0 !important;
  font-family: ""SF Mono"", Menlo, Consolas, Monaco, monospace !important;
  font-size: 14px !important;
  line-height: 1.55 !important;
  white-space: pre !important;
}
#apcsa-lesson pre code {
  background: transparent !important;
  color: #e2e8f0 !important;
  -webkit-text-fill-color: #e2e8f0 !important;
  padding: 0 !important;
  font-size: 14px !important;
}

/* BREADCRUMB */
#apcsa-lesson .apcsa-breadcrumb {
  display: block !important;
  font-size: 14px !important;
  color: #64748b !important;
  -webkit-text-fill-color: #64748b !important;
  margin-bottom: 16px !important;
}
#apcsa-lesson .apcsa-breadcrumb a:link, #apcsa-lesson .apcsa-breadcrumb a:visited {
  color: #64748b !important;
  -webkit-text-fill-color: #64748b !important;
  text-decoration: none !important;
}
#apcsa-lesson .apcsa-breadcrumb a:hover { text-decoration: underline !important; }
#apcsa-lesson .apcsa-breadcrumb span.sep { margin: 0 8px !important; color: #cbd5e1 !important; -webkit-text-fill-color: #cbd5e1 !important; }

/* HEADER */
#apcsa-lesson .apcsa-header { display: block !important; margin-bottom: 28px !important; }
#apcsa-lesson .apcsa-eyebrow {
  display: inline-block !important;
  background: #dbeafe !important;
  color: #1e40af !important;
  -webkit-text-fill-color: #1e40af !important;
  padding: 5px 12px !important;
  border-radius: 999px !important;
  font-size: 12px !important;
  font-weight: 700 !important;
  letter-spacing: 0.05em !important;
  text-transform: uppercase !important;
  margin-bottom: 12px !important;
}
#apcsa-lesson .apcsa-meta-row {
  display: flex !important;
  gap: 16px !important;
  flex-wrap: wrap !important;
  margin-top: 12px !important;
  font-size: 14px !important;
  color: #64748b !important;
  -webkit-text-fill-color: #64748b !important;
}
#apcsa-lesson .apcsa-meta-row span { color: #64748b !important; -webkit-text-fill-color: #64748b !important; }

/* ""WHAT YOU'LL LEARN"" BOX */
#apcsa-lesson .apcsa-learn-box {
  display: block !important;
  background: #eff6ff !important;
  border-left: 4px solid #2563eb !important;
  padding: 20px 24px !important;
  margin: 24px 0 !important;
  border-radius: 0 8px 8px 0 !important;
}
#apcsa-lesson .apcsa-learn-box h3 {
  margin-top: 0 !important;
  color: #1e3a8a !important;
  -webkit-text-fill-color: #1e3a8a !important;
  font-size: 18px !important;
}
#apcsa-lesson .apcsa-learn-box ul li { margin-bottom: 8px !important; }

/* CALLOUTS */
#apcsa-lesson .apcsa-callout {
  display: block !important;
  padding: 18px 22px !important;
  margin: 20px 0 !important;
  border-radius: 0 8px 8px 0 !important;
  border-left: 4px solid #94a3b8 !important;
  background: #f8fafc !important;
}
#apcsa-lesson .apcsa-callout h4 {
  margin-top: 0 !important;
  margin-bottom: 8px !important;
  font-size: 16px !important;
  letter-spacing: 0.02em !important;
}
#apcsa-lesson .apcsa-callout.concept { background: #eff6ff !important; border-left-color: #2563eb !important; }
#apcsa-lesson .apcsa-callout.concept h4 { color: #1e3a8a !important; -webkit-text-fill-color: #1e3a8a !important; }
#apcsa-lesson .apcsa-callout.example { background: #f0fdf4 !important; border-left-color: #16a34a !important; }
#apcsa-lesson .apcsa-callout.example h4 { color: #166534 !important; -webkit-text-fill-color: #166534 !important; }
#apcsa-lesson .apcsa-callout.warning { background: #fef2f2 !important; border-left-color: #dc2626 !important; }
#apcsa-lesson .apcsa-callout.warning h4 { color: #991b1b !important; -webkit-text-fill-color: #991b1b !important; }
#apcsa-lesson .apcsa-callout.trap { background: #fef2f2 !important; border-left-color: #dc2626 !important; }
#apcsa-lesson .apcsa-callout.trap h4 { color: #991b1b !important; -webkit-text-fill-color: #991b1b !important; }

/* PRACTICE TIER */
#apcsa-lesson .apcsa-practice-tier {
  display: block !important;
  background: #fafafa !important;
  border: 1px solid #e5e7eb !important;
  border-radius: 12px !important;
  padding: 24px 28px !important;
  margin: 32px 0 !important;
}
#apcsa-lesson .apcsa-practice-tier h2 {
  margin-top: 0 !important;
  border-bottom: none !important;
  padding-bottom: 0 !important;
}
#apcsa-lesson .apcsa-practice-tier .tier-label {
  display: inline-block !important;
  background: #1e40af !important;
  color: #ffffff !important;
  -webkit-text-fill-color: #ffffff !important;
  padding: 4px 10px !important;
  border-radius: 4px !important;
  font-size: 11px !important;
  font-weight: 700 !important;
  letter-spacing: 0.08em !important;
  text-transform: uppercase !important;
  margin-right: 10px !important;
}

/* MCQ */
#apcsa-lesson .apcs-ex {
  display: block !important;
  background: #ffffff !important;
  border: 1px solid #e5e7eb !important;
  border-radius: 8px !important;
  padding: 20px 22px !important;
  margin: 16px 0 !important;
}
#apcsa-lesson .apcs-ex-stem { margin-bottom: 12px !important; }
#apcsa-lesson .apcs-ex-stem strong { color: #0f172a !important; -webkit-text-fill-color: #0f172a !important; }

/* MCQ options */
#apcsa-lesson .apcs-ex-options { display: block !important; margin: 12px 0 !important; }
#apcsa-lesson .apcs-ex-options .apcs-opt {
  display: block !important;
  padding: 10px 14px !important;
  margin: 6px 0 !important;
  border: 2px solid #e5e7eb !important;
  border-radius: 6px !important;
  background: #ffffff !important;
  cursor: pointer !important;
  font-size: 16px !important;
  color: #1f2937 !important;
  -webkit-text-fill-color: #1f2937 !important;
  transition: all 0.15s !important;
}
#apcsa-lesson .apcs-ex-options .apcs-opt:hover { border-color: #93c5fd !important; background: #eff6ff !important; }
#apcsa-lesson .apcs-ex-options .apcs-opt.selected { border-color: #2563eb !important; background: #dbeafe !important; }
#apcsa-lesson .apcs-ex-options .apcs-opt.correct { border-color: #16a34a !important; background: #dcfce7 !important; }
#apcsa-lesson .apcs-ex-options .apcs-opt.incorrect { border-color: #dc2626 !important; background: #fee2e2 !important; }
#apcsa-lesson .apcs-opt-letter {
  display: inline-block !important;
  font-weight: 700 !important;
  margin-right: 10px !important;
  color: #1e40af !important;
  -webkit-text-fill-color: #1e40af !important;
}

/* Predict gate */
#apcsa-lesson .apcs-predict-gate {
  display: block !important;
  background: #fffbeb !important;
  border-left: 3px solid #f59e0b !important;
  padding: 10px 14px !important;
  margin: 10px 0 !important;
  font-size: 14px !important;
  color: #78350f !important;
  -webkit-text-fill-color: #78350f !important;
  font-style: italic !important;
}

/* Buttons */
#apcsa-lesson .apcs-btn,
#apcsa-lesson .apcs-btn:link,
#apcsa-lesson .apcs-btn:visited {
  display: inline-block !important;
  background: #2563eb !important;
  color: #ffffff !important;
  -webkit-text-fill-color: #ffffff !important;
  padding: 10px 20px !important;
  border-radius: 6px !important;
  font-weight: 600 !important;
  font-size: 15px !important;
  text-decoration: none !important;
  border: none !important;
  cursor: pointer !important;
  margin: 4px 4px 4px 0 !important;
}
#apcsa-lesson .apcs-btn:hover, #apcsa-lesson .apcs-btn:active {
  background: #1d4ed8 !important;
  color: #ffffff !important;
  -webkit-text-fill-color: #ffffff !important;
}

/* Feedback */
#apcsa-lesson .apcs-ex-feedback {
  display: none !important;
  margin-top: 12px !important;
  padding: 14px 16px !important;
  border-radius: 6px !important;
  font-size: 15px !important;
}
#apcsa-lesson .apcs-ex-feedback.show { display: block !important; }
#apcsa-lesson .apcs-ex-feedback.fb-correct {
  background: #dcfce7 !important;
  border-left: 4px solid #16a34a !important;
  color: #14532d !important;
  -webkit-text-fill-color: #14532d !important;
}
#apcsa-lesson .apcs-ex-feedback.fb-incorrect {
  background: #fee2e2 !important;
  border-left: 4px solid #dc2626 !important;
  color: #7f1d1d !important;
  -webkit-text-fill-color: #7f1d1d !important;
}

/* MASTERY */
#apcsa-lesson .apcsa-mastery {
  display: block !important;
  background: #0f172a !important;
  color: #f1f5f9 !important;
  -webkit-text-fill-color: #f1f5f9 !important;
  border-radius: 12px !important;
  padding: 32px 32px 28px !important;
  margin: 40px 0 !important;
}
#apcsa-lesson .apcsa-mastery,
#apcsa-lesson .apcsa-mastery p,
#apcsa-lesson .apcsa-mastery span,
#apcsa-lesson .apcsa-mastery li,
#apcsa-lesson .apcsa-mastery strong,
#apcsa-lesson .apcsa-mastery em { color: #f1f5f9 !important; -webkit-text-fill-color: #f1f5f9 !important; }
#apcsa-lesson .apcsa-mastery code { background: rgba(255,255,255,0.10) !important; color: #fde68a !important; -webkit-text-fill-color: #fde68a !important; padding: 2px 6px !important; border-radius: 4px !important; font-size: 14px !important; }
#apcsa-lesson .apcsa-mastery .apcs-ex-feedback.fb-correct strong { color: #14532d !important; -webkit-text-fill-color: #14532d !important; }
#apcsa-lesson .apcsa-mastery .apcs-ex-feedback.fb-correct code { background: rgba(20,83,45,0.12) !important; color: #14532d !important; -webkit-text-fill-color: #14532d !important; }
#apcsa-lesson .apcsa-mastery .apcs-ex-feedback.fb-incorrect strong { color: #7f1d1d !important; -webkit-text-fill-color: #7f1d1d !important; }
#apcsa-lesson .apcsa-mastery .apcs-ex-feedback.fb-incorrect code { background: rgba(127,29,29,0.12) !important; color: #7f1d1d !important; -webkit-text-fill-color: #7f1d1d !important; }
#apcsa-lesson .apcsa-mastery .mastery-badge {
  display: inline-block !important;
  background: #f59e0b !important;
  color: #0f172a !important;
  -webkit-text-fill-color: #0f172a !important;
  padding: 5px 12px !important;
  border-radius: 999px !important;
  font-size: 11px !important;
  font-weight: 700 !important;
  letter-spacing: 0.08em !important;
  text-transform: uppercase !important;
  margin-bottom: 14px !important;
}
#apcsa-lesson .apcsa-mastery h2 { color: #ffffff !important; -webkit-text-fill-color: #ffffff !important; border-bottom: none !important; padding-bottom: 0 !important; margin-top: 0 !important; }
#apcsa-lesson .apcsa-mastery h3 { color: #fbbf24 !important; -webkit-text-fill-color: #fbbf24 !important; }
#apcsa-lesson .apcsa-mastery .apcs-ex {
  background: #1e293b !important;
  border-color: #334155 !important;
}
#apcsa-lesson .apcsa-mastery .apcs-ex-stem,
#apcsa-lesson .apcsa-mastery .apcs-ex-stem strong { color: #f1f5f9 !important; -webkit-text-fill-color: #f1f5f9 !important; }
#apcsa-lesson .apcsa-mastery .apcs-ex-options .apcs-opt {
  background: #0f172a !important;
  border-color: #334155 !important;
  color: #f1f5f9 !important;
  -webkit-text-fill-color: #f1f5f9 !important;
}
#apcsa-lesson .apcsa-mastery .apcs-ex-options .apcs-opt:hover { border-color: #60a5fa !important; background: #1e293b !important; }
#apcsa-lesson .apcsa-mastery .apcs-ex-options .apcs-opt.selected { border-color: #60a5fa !important; background: #1e3a8a !important; }
#apcsa-lesson .apcsa-mastery .mastery-rubric {
  display: block !important;
  margin-top: 18px !important;
  padding: 16px 18px !important;
  background: #1e293b !important;
  border-radius: 8px !important;
  border: 1px solid #334155 !important;
}
#apcsa-lesson .apcsa-mastery .mastery-rubric h4 {
  color: #fbbf24 !important;
  -webkit-text-fill-color: #fbbf24 !important;
  margin-top: 0 !important;
  margin-bottom: 10px !important;
  font-size: 15px !important;
  text-transform: uppercase !important;
  letter-spacing: 0.06em !important;
}
#apcsa-lesson .apcsa-mastery .rubric-row {
  display: flex !important;
  justify-content: space-between !important;
  align-items: center !important;
  padding: 8px 0 !important;
  border-bottom: 1px solid #334155 !important;
  gap: 12px !important;
}
#apcsa-lesson .apcsa-mastery .rubric-row:last-child { border-bottom: none !important; }
#apcsa-lesson .apcsa-mastery .rubric-score {
  display: inline-block !important;
  background: #16a34a !important;
  color: #ffffff !important;
  -webkit-text-fill-color: #ffffff !important;
  padding: 3px 10px !important;
  border-radius: 4px !important;
  font-size: 12px !important;
  font-weight: 700 !important;
  white-space: nowrap !important;
}

/* EXTENSION */
#apcsa-lesson .apcsa-extension {
  display: block !important;
  background: #faf5ff !important;
  border: 1px solid #e9d5ff !important;
  border-radius: 12px !important;
  padding: 24px 28px !important;
  margin: 32px 0 !important;
}
#apcsa-lesson .apcsa-extension h3 {
  color: #6b21a8 !important;
  -webkit-text-fill-color: #6b21a8 !important;
  margin-top: 8px !important;
}
#apcsa-lesson .apcsa-extension .ext-badge {
  display: inline-block !important;
  background: #6b21a8 !important;
  color: #ffffff !important;
  -webkit-text-fill-color: #ffffff !important;
  padding: 4px 10px !important;
  border-radius: 4px !important;
  font-size: 11px !important;
  font-weight: 700 !important;
  letter-spacing: 0.08em !important;
  text-transform: uppercase !important;
}

/* NAV */
#apcsa-lesson .apcsa-lesson-nav {
  display: flex !important;
  justify-content: space-between !important;
  gap: 14px !important;
  margin: 40px 0 24px 0 !important;
  padding-top: 24px !important;
  border-top: 2px solid #e5e7eb !important;
}
#apcsa-lesson .apcsa-lesson-nav a:link, #apcsa-lesson .apcsa-lesson-nav a:visited {
  display: block !important;
  flex: 1 1 0 !important;
  padding: 14px 18px !important;
  background: #f8fafc !important;
  border: 1px solid #e5e7eb !important;
  border-radius: 8px !important;
  text-decoration: none !important;
  color: #1f2937 !important;
  -webkit-text-fill-color: #1f2937 !important;
}
#apcsa-lesson .apcsa-lesson-nav a:hover { border-color: #2563eb !important; background: #eff6ff !important; }

@media (max-width: 720px) {
  #apcsa-lesson { padding: 20px 16px 60px !important; font-size: 16px !important; }
  #apcsa-lesson h1 { font-size: 28px !important; }
  #apcsa-lesson h2 { font-size: 22px !important; }
}

#apcsa-lesson .apcsa-mastery .apcs-predict-gate {
  background: #1e293b !important;
  border-left-color: #f59e0b !important;
  color: #fde68a !important;
  -webkit-text-fill-color: #fde68a !important;
}
#apcsa-lesson .apcsa-game-block{margin:40px 0!important;}
#apcsa-lesson .game-toggle-label{font-size:11px!important;font-weight:700!important;letter-spacing:1.5px!important;text-transform:uppercase!important;color:#6b7280!important;-webkit-text-fill-color:#6b7280!important;margin-bottom:10px!important;}
#apcsa-lesson .game-toggle-pills{display:flex!important;gap:8px!important;margin-bottom:16px!important;flex-wrap:wrap!important;}
#apcsa-lesson .game-pill{padding:8px 20px!important;border-radius:999px!important;border:2px solid #e5e7eb!important;background:#f9fafb!important;font-size:13px!important;font-weight:600!important;cursor:pointer!important;color:#374151!important;-webkit-text-fill-color:#374151!important;}
#apcsa-lesson .game-pill.active{background:#6b21a8!important;border-color:#6b21a8!important;color:#fff!important;-webkit-text-fill-color:#fff!important;}
#apcsa-lesson .game-pill:link,#apcsa-lesson .game-pill.visited{color:#374151!important;-webkit-text-fill-color:#374151!important;}
#apcsa-lesson .game-pill.active:link,#apcsa-lesson .game-pill.active:visited{color:#fff!important;-webkit-text-fill-color:#fff!important;}

#srt-203{background:#f8fafc!important;border:1px solid #e2e8f0!important;border-radius:12px!important;padding:24px!important;}#srt-203 .g-title{font-size:18px!important;font-weight:700!important;color:#1e1b4b!important;-webkit-text-fill-color:#1e1b4b!important;margin:0 0 4px!important;}#srt-203 .g-sub{font-size:13px!important;color:#6b7280!important;-webkit-text-fill-color:#6b7280!important;margin:0 0 16px!important;}#srt-203 .g-progress{display:flex!important;justify-content:space-between!important;margin-bottom:16px!important;font-size:13px!important;color:#6b7280!important;-webkit-text-fill-color:#6b7280!important;}#srt-203 .g-feedback{margin-top:12px!important;padding:14px!important;background:#fff!important;border-radius:8px!important;border:1px solid #e2e8f0!important;font-size:13px!important;color:#1f2937!important;-webkit-text-fill-color:#1f2937!important;line-height:1.6!important;display:none!important;}#srt-203 .g-complete{text-align:center!important;padding:32px 16px!important;display:none!important;}#srt-203 .g-complete-title{font-size:22px!important;font-weight:700!important;color:#1e1b4b!important;-webkit-text-fill-color:#1e1b4b!important;margin-bottom:8px!important;}#srt-203 .g-complete-score{font-size:16px!important;color:#4b5563!important;-webkit-text-fill-color:#4b5563!important;margin-bottom:20px!important;}#srt-203 .g-btn{background:#6b21a8!important;color:#fff!important;-webkit-text-fill-color:#fff!important;border:none!important;padding:10px 20px!important;border-radius:8px!important;font-weight:600!important;font-size:14px!important;cursor:pointer!important;}#srt-203 .g-btn:disabled{background:#d1d5db!important;cursor:not-allowed!important;}#srt-203 .g-btn:link,#srt-203 .g-btn:visited{color:#fff!important;-webkit-text-fill-color:#fff!important;}#srt-203 .g-bank{display:flex!important;flex-direction:column!important;gap:6px!important;margin-bottom:12px!important;}#srt-203 .g-slot{display:flex!important;flex-direction:column!important;gap:6px!important;min-height:40px!important;margin-bottom:12px!important;padding:10px!important;background:#fff!important;border:2px dashed #cbd5e1!important;border-radius:8px!important;}#srt-203 .g-tile{padding:9px 14px!important;background:#fff!important;border:2px solid #e2e8f0!important;border-radius:6px!important;cursor:pointer!important;font-family:Consolas,monospace!important;font-size:13px!important;color:#1e293b!important;-webkit-text-fill-color:#1e293b!important;}#srt-203 .g-tile:hover{border-color:#6b21a8!important;background:#f5f0ff!important;}#srt-203 .g-tile.placed{background:#f5f0ff!important;border-color:#6b21a8!important;}#srt-203 .g-tile.ok{background:#f0fdf4!important;border-color:#15803d!important;}#srt-203 .g-tile.bad{background:#fef2f2!important;border-color:#b91c1c!important;}#srt-203 .g-prompt{font-size:14px!important;color:#1f2937!important;-webkit-text-fill-color:#1f2937!important;margin-bottom:12px!important;}#srt-203 .g-label{font-size:11px!important;font-weight:700!important;letter-spacing:1px!important;text-transform:uppercase!important;color:#6b7280!important;-webkit-text-fill-color:#6b7280!important;margin-bottom:6px!important;}
#opq-203{background:#f8fafc!important;border:1px solid #e2e8f0!important;border-radius:12px!important;padding:24px!important;}#opq-203 .g-title{font-size:18px!important;font-weight:700!important;color:#1e1b4b!important;-webkit-text-fill-color:#1e1b4b!important;margin:0 0 4px!important;}#opq-203 .g-sub{font-size:13px!important;color:#6b7280!important;-webkit-text-fill-color:#6b7280!important;margin:0 0 16px!important;}#opq-203 .g-progress{display:flex!important;justify-content:space-between!important;margin-bottom:16px!important;font-size:13px!important;color:#6b7280!important;-webkit-text-fill-color:#6b7280!important;}#opq-203 .g-feedback{margin-top:12px!important;padding:14px!important;background:#fff!important;border-radius:8px!important;border:1px solid #e2e8f0!important;font-size:13px!important;color:#1f2937!important;-webkit-text-fill-color:#1f2937!important;line-height:1.6!important;display:none!important;}#opq-203 .g-complete{text-align:center!important;padding:32px 16px!important;display:none!important;}#opq-203 .g-complete-title{font-size:22px!important;font-weight:700!important;color:#1e1b4b!important;-webkit-text-fill-color:#1e1b4b!important;margin-bottom:8px!important;}#opq-203 .g-complete-score{font-size:16px!important;color:#4b5563!important;-webkit-text-fill-color:#4b5563!important;margin-bottom:20px!important;}#opq-203 .g-btn{background:#6b21a8!important;color:#fff!important;-webkit-text-fill-color:#fff!important;border:none!important;padding:10px 20px!important;border-radius:8px!important;font-weight:600!important;font-size:14px!important;cursor:pointer!important;}#opq-203 .g-btn:disabled{background:#d1d5db!important;cursor:not-allowed!important;}#opq-203 .g-btn:link,#opq-203 .g-btn:visited{color:#fff!important;-webkit-text-fill-color:#fff!important;}#opq-203 .g-code{background:#0f172a!important;color:#e2e8f0!important;-webkit-text-fill-color:#e2e8f0!important;padding:16px!important;border-radius:8px!important;font-family:Consolas,monospace!important;font-size:13px!important;white-space:pre!important;overflow-x:auto!important;margin-bottom:16px!important;}#opq-203 .g-input{width:100%!important;padding:10px!important;border:2px solid #e2e8f0!important;border-radius:8px!important;font-family:Consolas,monospace!important;font-size:13px!important;resize:vertical!important;background:#fff!important;color:#1f2937!important;-webkit-text-fill-color:#1f2937!important;margin-bottom:10px!important;}
</style><div id=""apcsa-lesson"">
<nav class=""apcsa-breadcrumb"" aria-label=""Breadcrumb"">
  <a href=""/pages/ap-csa-exam-prep-hub"">AP CSA</a><span class=""sep"">›</span>
  <a href=""/pages/ap-csa-course"">Course</a><span class=""sep"">›</span>
  <a href=""/pages/ap-csa-unit-3-course"">Unit 3: Class Creation</a><span class=""sep"">›</span>
  <span>Lesson 3.7</span>
</nav>
<header class=""apcsa-header"">
  <span class=""apcsa-eyebrow"">Unit 3 · Lesson 3.7 · Code Mechanics</span>
  <h1>Lesson 3.7: Class Variables and Methods</h1>
  <div class=""apcsa-meta-row"">
    <span>🕑 30–35 min</span><span>·</span>
    <span>8 Practice Questions</span><span>·</span>
    <span>4 Mastery Questions</span><span>·</span>
    <span>Output Predictor + Bug Hunt</span>
  </div>
</header>
<div class=""apcsa-learn-box"">
  <h3>What You'll Learn</h3>
  <ul>
    <li>Declare and use class (static) variables correctly</li>
    <li>Explain what static methods can and cannot access</li>
    <li>Identify static method + instance variable compile errors</li>
    <li>Recognize the Math class as an example of all-static methods</li>
  </ul>
</div>
<div class=""apcsa-block"" style=""margin:28px 0!important;"">
<h3 style=""font-size:17px!important;font-weight:700!important;color:#1e1b4b!important;-webkit-text-fill-color:#1e1b4b!important;margin:0 0 10px!important;"">Key Vocabulary</h3>
<table style=""width:100%!important;border-collapse:collapse!important;font-size:14px!important;"">
<thead><tr style=""background:#1e1b4b!important;"">
<th style=""padding:8px 12px!important;border:1px solid #334155!important;text-align:left!important;color:#fff!important;-webkit-text-fill-color:#fff!important;font-size:13px!important;width:26%!important;"">Term</th>
<th style=""padding:8px 12px!important;border:1px solid #334155!important;text-align:left!important;color:#fff!important;-webkit-text-fill-color:#fff!important;font-size:13px!important;"">Definition</th>
</tr></thead>
<tbody>
<tr>
<td style=""padding:8px 12px!important;border:1px solid #e5e7eb!important;font-weight:700!important;font-family:Consolas,monospace!important;font-size:13px!important;white-space:nowrap!important;color:#1e1b4b!important;-webkit-text-fill-color:#1e1b4b!important;background:#f9fafb!important;vertical-align:top!important;"">class variable</td>
<td style=""padding:8px 12px!important;border:1px solid #e5e7eb!important;font-size:14px!important;color:#374151!important;-webkit-text-fill-color:#374151!important;"">Declared with <code>static</code>; ONE copy shared by ALL objects</td>
</tr>
<tr>
<td style=""padding:8px 12px!important;border:1px solid #e5e7eb!important;font-weight:700!important;font-family:Consolas,monospace!important;font-size:13px!important;white-space:nowrap!important;color:#1e1b4b!important;-webkit-text-fill-color:#1e1b4b!important;background:#f9fafb!important;vertical-align:top!important;"">class method</td>
<td style=""padding:8px 12px!important;border:1px solid #e5e7eb!important;font-size:14px!important;color:#374151!important;-webkit-text-fill-color:#374151!important;"">Declared with <code>static</code>; belongs to the class, not any specific instance</td>
</tr>
<tr>
<td style=""padding:8px 12px!important;border:1px solid #e5e7eb!important;font-weight:700!important;font-family:Consolas,monospace!important;font-size:13px!important;white-space:nowrap!important;color:#1e1b4b!important;-webkit-text-fill-color:#1e1b4b!important;background:#f9fafb!important;vertical-align:top!important;"">instance variable</td>
<td style=""padding:8px 12px!important;border:1px solid #e5e7eb!important;font-size:14px!important;color:#374151!important;-webkit-text-fill-color:#374151!important;"">No <code>static</code>; each object has its own copy</td>
</tr>
<tr>
<td style=""padding:8px 12px!important;border:1px solid #e5e7eb!important;font-weight:700!important;font-family:Consolas,monospace!important;font-size:13px!important;white-space:nowrap!important;color:#1e1b4b!important;-webkit-text-fill-color:#1e1b4b!important;background:#f9fafb!important;vertical-align:top!important;"">instance method</td>
<td style=""padding:8px 12px!important;border:1px solid #e5e7eb!important;font-size:14px!important;color:#374151!important;-webkit-text-fill-color:#374151!important;"">No <code>static</code>; can access instance variables of its object</td>
</tr>
<tr>
<td style=""padding:8px 12px!important;border:1px solid #e5e7eb!important;font-weight:700!important;font-family:Consolas,monospace!important;font-size:13px!important;white-space:nowrap!important;color:#1e1b4b!important;-webkit-text-fill-color:#1e1b4b!important;background:#f9fafb!important;vertical-align:top!important;"">static</td>
<td style=""padding:8px 12px!important;border:1px solid #e5e7eb!important;font-size:14px!important;color:#374151!important;-webkit-text-fill-color:#374151!important;"">Java keyword making a member belong to the class rather than individual objects</td>
</tr>
<tr>
<td style=""padding:8px 12px!important;border:1px solid #e5e7eb!important;font-weight:700!important;font-family:Consolas,monospace!important;font-size:13px!important;white-space:nowrap!important;color:#1e1b4b!important;-webkit-text-fill-color:#1e1b4b!important;background:#f9fafb!important;vertical-align:top!important;"">Math class</td>
<td style=""padding:8px 12px!important;border:1px solid #e5e7eb!important;font-size:14px!important;color:#374151!important;-webkit-text-fill-color:#374151!important;"">Example of a class with only static methods: <code>Math.abs()</code>, <code>Math.sqrt()</code>
</td>
</tr>
</tbody>
</table>
</div>
<div class=""apcsa-callout concept"" style=""margin:20px 0!important;padding:16px 20px!important;background:#ede9fe!important;border-left:4px solid #7c3aed!important;border-radius:6px!important;"">
<h4 style=""margin:0 0 8px!important;font-size:15px!important;color:#1e1b4b!important;-webkit-text-fill-color:#1e1b4b!important;"">CED Connection</h4>
<p style=""margin:0 0 8px!important;font-size:14px!important;color:#374151!important;-webkit-text-fill-color:#374151!important;"">Class methods (static) CANNOT access instance variables or call instance methods without being passed an object reference. Class methods CAN access class variables and call other class methods. Class variables are declared with <code>static</code> and shared by all instances.</p>
</div>
<h2 style=""font-size:22px!important;font-weight:700!important;color:#1e1b4b!important;-webkit-text-fill-color:#1e1b4b!important;margin:32px 0 12px!important;"">Class Variables: Shared State</h2>
<div class=""apcsa-callout example"" style=""margin:20px 0!important;padding:16px 20px!important;background:#f0fdf4!important;border-left:4px solid #16a34a!important;border-radius:6px!important;"">
<h4 style=""margin:0 0 8px!important;font-size:15px!important;color:#15803d!important;-webkit-text-fill-color:#15803d!important;"">Class Variable in Action</h4>
<pre style=""margin:8px 0 0!important;background:#1e293b!important;color:#e2e8f0!important;padding:14px!important;border-radius:6px!important;font-size:13px!important;overflow-x:auto!important;"">public class Robot {
    private String name;           // instance variable
    private static int count = 0;  // class variable

    public Robot(String n) { name = n; count++; }

    public static int getCount() { return count; }
    public String getName()       { return name;  }
}

Robot r1 = new Robot(""Alpha"");
Robot r2 = new Robot(""Beta"");
System.out.println(Robot.getCount()); // 2</pre>
<p style=""margin:0 0 8px!important;font-size:14px!important;color:#374151!important;-webkit-text-fill-color:#374151!important;"">All Robot objects share one copy of count. Each constructor increments it. Static methods called on the CLASS: <code>Robot.getCount()</code>.</p>
</div>
<h2 style=""font-size:22px!important;font-weight:700!important;color:#1e1b4b!important;-webkit-text-fill-color:#1e1b4b!important;margin:32px 0 12px!important;"">Calling Rules</h2>
<table style=""width:100%!important;border-collapse:collapse!important;font-size:14px!important;margin:12px 0!important;"">
<thead><tr style=""background:#1e1b4b!important;"">
<th style=""padding:8px 12px!important;border:1px solid #334155!important;color:#fff!important;-webkit-text-fill-color:#fff!important;text-align:left!important;width:30%!important;"">Method Type</th>
<th style=""padding:8px 12px!important;border:1px solid #334155!important;color:#fff!important;-webkit-text-fill-color:#fff!important;text-align:left!important;"">Can Access</th>
</tr></thead>
<tbody>
<tr>
<td style=""padding:8px 12px!important;border:1px solid #e5e7eb!important;font-weight:700!important;color:#1e1b4b!important;-webkit-text-fill-color:#1e1b4b!important;background:#f9fafb!important;vertical-align:top!important;"">Instance method</td>
<td style=""padding:8px 12px!important;border:1px solid #e5e7eb!important;color:#374151!important;-webkit-text-fill-color:#374151!important;"">Instance variables + class variables + both types of methods</td>
</tr>
<tr>
<td style=""padding:8px 12px!important;border:1px solid #e5e7eb!important;font-weight:700!important;color:#1e1b4b!important;-webkit-text-fill-color:#1e1b4b!important;vertical-align:top!important;"">Class method (static)</td>
<td style=""padding:8px 12px!important;border:1px solid #e5e7eb!important;color:#374151!important;-webkit-text-fill-color:#374151!important;"">Class variables + other class methods ONLY -- NOT instance variables or instance methods</td>
</tr>
</tbody>
</table>
<div class=""apcsa-callout example"" style=""margin:20px 0!important;padding:16px 20px!important;background:#f0fdf4!important;border-left:4px solid #16a34a!important;border-radius:6px!important;"">
<h4 style=""margin:0 0 8px!important;font-size:15px!important;color:#15803d!important;-webkit-text-fill-color:#15803d!important;"">Static Method Cannot Use Instance Variable</h4>
<pre style=""margin:8px 0 0!important;background:#1e293b!important;color:#e2e8f0!important;padding:14px!important;border-radius:6px!important;font-size:13px!important;overflow-x:auto!important;"">public class Sensor {
    private int reading;  // instance variable

    // ILLEGAL
    public static int getReading() {
        return reading;  // COMPILE ERROR
    }

    // LEGAL: pass the object as a parameter
    public static int getReading(Sensor s) {
        return s.reading;  // OK -- same class
    }
}</pre>
<p style=""margin:0 0 8px!important;font-size:14px!important;color:#374151!important;-webkit-text-fill-color:#374151!important;"">To use instance data in a static method, pass an object of the class as a parameter.</p>
</div>
<div class=""apcsa-callout trap"" style=""margin:20px 0!important;padding:16px 20px!important;background:#fef3c7!important;border-left:4px solid #d97706!important;border-radius:6px!important;"">
<h4 style=""margin:0 0 8px!important;font-size:15px!important;color:#92400e!important;-webkit-text-fill-color:#92400e!important;"">AP Trap: Static Method + Instance Variable = Compile Error</h4>
<pre style=""margin:8px 0 0!important;background:#1e293b!important;color:#e2e8f0!important;padding:14px!important;border-radius:6px!important;font-size:13px!important;overflow-x:auto!important;"">public class Vault {
    private int code;
    public static boolean isValid() {
        return code &gt; 0;  // COMPILE ERROR
    }
}</pre>
<p style=""margin:0 0 8px!important;font-size:14px!important;color:#374151!important;-webkit-text-fill-color:#374151!important;"">A static method has no <code>this</code> and cannot access any instance variable directly.</p>
</div>
<div class=""apcsa-callout trap"" style=""margin:20px 0!important;padding:16px 20px!important;background:#fef3c7!important;border-left:4px solid #d97706!important;border-radius:6px!important;"">
<h4 style=""margin:0 0 8px!important;font-size:15px!important;color:#92400e!important;-webkit-text-fill-color:#92400e!important;"">AP Trap: Static Variable Is Shared -- Not Per Object</h4>
<pre style=""margin:8px 0 0!important;background:#1e293b!important;color:#e2e8f0!important;padding:14px!important;border-radius:6px!important;font-size:13px!important;overflow-x:auto!important;"">Robot r1 = new Robot(""Alpha"");
Robot r2 = new Robot(""Beta"");
// count == 2 for BOTH -- not 1 each</pre>
<p style=""margin:0 0 8px!important;font-size:14px!important;color:#374151!important;-webkit-text-fill-color:#374151!important;"">Students frequently assume each object has its own counter. count is ONE variable shared by all.</p>
</div>
<div class=""apcsa-callout trap"" style=""margin:20px 0!important;padding:16px 20px!important;background:#fef3c7!important;border-left:4px solid #d97706!important;border-radius:6px!important;"">
<h4 style=""margin:0 0 8px!important;font-size:15px!important;color:#92400e!important;-webkit-text-fill-color:#92400e!important;"">AP Trap: Can Call Static on an Instance (Confusing but Legal)</h4>
<pre style=""margin:8px 0 0!important;background:#1e293b!important;color:#e2e8f0!important;padding:14px!important;border-radius:6px!important;font-size:13px!important;overflow-x:auto!important;"">Robot r = new Robot(""C"");
r.getCount();       // compiles but misleading
Robot.getCount();   // preferred</pre>
<p style=""margin:0 0 8px!important;font-size:14px!important;color:#374151!important;-webkit-text-fill-color:#374151!important;"">Java allows calling a static method on an instance, but prefer the class-name syntax to make it clear.</p>
</div>
<p style=""margin:0 0 8px!important;font-size:14px!important;color:#374151!important;-webkit-text-fill-color:#374151!important;""><strong>Real-World Connection:</strong> The Java Math class is a perfect model: you never write <code>new Math()</code>. All methods are static -- no instance needed.</p>
<div class=""apcsa-block"" style=""margin:28px 0!important;"">
<h3 style=""font-size:17px!important;font-weight:700!important;color:#1e1b4b!important;-webkit-text-fill-color:#1e1b4b!important;margin:0 0 10px!important;"">Summary</h3>
<ul style=""padding-left:20px!important;margin:0!important;"">
<li style=""margin:4px 0!important;font-size:14px!important;color:#374151!important;-webkit-text-fill-color:#374151!important;"">Class variables (static) belong to the class; all objects share ONE copy.</li>
<li style=""margin:4px 0!important;font-size:14px!important;color:#374151!important;-webkit-text-fill-color:#374151!important;"">Class methods (static) cannot access instance variables or call instance methods directly.</li>
<li style=""margin:4px 0!important;font-size:14px!important;color:#374151!important;-webkit-text-fill-color:#374151!important;"">Class methods CAN access class variables and call other class methods.</li>
<li style=""margin:4px 0!important;font-size:14px!important;color:#374151!important;-webkit-text-fill-color:#374151!important;"">To use instance data in a static method, pass an object as a parameter.</li>
<li style=""margin:4px 0!important;font-size:14px!important;color:#374151!important;-webkit-text-fill-color:#374151!important;"">All methods in Math are class methods: <code>Math.abs()</code>, <code>Math.sqrt()</code>, <code>Math.random()</code>.</li>
</ul>
</div>
<section class=""apcsa-practice-tier"">
  <span class=""tier-label"">Tier 2 · AP Practice</span>
  <h2>Practice Questions</h2>

  <div class=""apcs-ex"" data-type=""mcq"" data-answer=""C"">
    <span class=""apcs-ex-label"">MCQ 1</span>
    <div class=""apcs-ex-stem"">The following static method will NOT compile. Why?<br><pre style=""margin:8px 0 0!important;background:#1e293b!important;color:#e2e8f0!important;padding:14px!important;border-radius:6px!important;font-size:13px!important;overflow-x:auto!important;"">public class Counter {
    private int value;
    public static int getValue() { return value; }
}</pre>
</div>
    <div class=""apcs-predict-gate"" style=""background:#fefce8!important;border:1px solid #fde68a!important;border-radius:6px!important;padding:8px 12px!important;margin:8px 0!important;font-size:13px!important;color:#92400e!important;-webkit-text-fill-color:#92400e!important;""><em>⚠ Predict the answer before reading the options.</em></div>
<div class=""apcs-ex-options"">
  <div class=""apcs-opt"" data-letter=""A"">
<span class=""apcs-opt-letter"">A</span> Static methods must return void
</div>
  <div class=""apcs-opt"" data-letter=""B"">
<span class=""apcs-opt-letter"">B</span> Method should be named getStaticValue
</div>
  <div class=""apcs-opt"" data-letter=""C"">
<span class=""apcs-opt-letter"">C</span> Static method cannot access instance variable value
</div>
  <div class=""apcs-opt"" data-letter=""D"">
<span class=""apcs-opt-letter"">D</span> Return type should be double
</div>
    </div>
    <button class=""apcs-btn apcs-ex-check"" style=""background:#6b21a8!important;color:#fff!important;-webkit-text-fill-color:#fff!important;border:none!important;padding:10px 20px!important;border-radius:8px!important;font-weight:600!important;font-size:14px!important;cursor:pointer!important;display:inline-block!important;margin:4px 4px 4px 0!important;"">Check Answer</button>
    <div class=""apcs-ex-feedback"">
<strong>C is correct.</strong> Static methods cannot access instance variables.</div>
  </div>
  <div class=""apcs-ex"" data-type=""mcq"" data-answer=""B"">
    <span class=""apcs-ex-label"">MCQ 2</span>
    <div class=""apcs-ex-stem"">Which can a static method access WITHOUT an object parameter?</div>
    <div class=""apcs-ex-options"">
  <div class=""apcs-opt"" data-letter=""A"">
<span class=""apcs-opt-letter"">A</span> A private instance variable in the same class
</div>
  <div class=""apcs-opt"" data-letter=""B"">
<span class=""apcs-opt-letter"">B</span> A private static variable in the same class
</div>
  <div class=""apcs-opt"" data-letter=""C"">
<span class=""apcs-opt-letter"">C</span> An instance method in the same class
</div>
  <div class=""apcs-opt"" data-letter=""D"">
<span class=""apcs-opt-letter"">D</span> An instance method in another class
</div>
    </div>
    <button class=""apcs-btn apcs-ex-check"" style=""background:#6b21a8!important;color:#fff!important;-webkit-text-fill-color:#fff!important;border:none!important;padding:10px 20px!important;border-radius:8px!important;font-weight:600!important;font-size:14px!important;cursor:pointer!important;display:inline-block!important;margin:4px 4px 4px 0!important;"">Check Answer</button>
    <div class=""apcs-ex-feedback"">
<strong>B is correct.</strong> Static methods can access static variables and other static methods.</div>
  </div>
  <div class=""apcs-ex"" data-type=""mcq"" data-answer=""B"">
    <span class=""apcs-ex-label"">MCQ 3</span>
    <div class=""apcs-ex-stem"">After creating 3 Robot objects, where constructor increments <code>private static int count</code>, what is count?</div>
    <div class=""apcs-ex-options"">
  <div class=""apcs-opt"" data-letter=""A"">
<span class=""apcs-opt-letter"">A</span> 1 for r1, 2 for r2, 3 for r3
</div>
  <div class=""apcs-opt"" data-letter=""B"">
<span class=""apcs-opt-letter"">B</span> 3 -- one shared variable for all objects
</div>
  <div class=""apcs-opt"" data-letter=""C"">
<span class=""apcs-opt-letter"">C</span> 0 -- static variables can't be modified in constructors
</div>
  <div class=""apcs-opt"" data-letter=""D"">
<span class=""apcs-opt-letter"">D</span> 3 only for the most recently created
</div>
    </div>
    <button class=""apcs-btn apcs-ex-check"" style=""background:#6b21a8!important;color:#fff!important;-webkit-text-fill-color:#fff!important;border:none!important;padding:10px 20px!important;border-radius:8px!important;font-weight:600!important;font-size:14px!important;cursor:pointer!important;display:inline-block!important;margin:4px 4px 4px 0!important;"">Check Answer</button>
    <div class=""apcs-ex-feedback"">
<strong>B is correct.</strong> static = one shared copy. All 3 constructors incremented the same count.</div>
  </div>
  <div class=""apcs-ex"" data-type=""mcq"" data-answer=""C"">
    <span class=""apcs-ex-label"">MCQ 4</span>
    <div class=""apcs-ex-stem"">Box has <code>public static int getTotal()</code> and <code>public int getSize()</code>. Which causes a compile error?</div>
    <div class=""apcs-predict-gate"" style=""background:#fefce8!important;border:1px solid #fde68a!important;border-radius:6px!important;padding:8px 12px!important;margin:8px 0!important;font-size:13px!important;color:#92400e!important;-webkit-text-fill-color:#92400e!important;""><em>⚠ Predict the answer before reading the options.</em></div>
<div class=""apcs-ex-options"">
  <div class=""apcs-opt"" data-letter=""A"">
<span class=""apcs-opt-letter"">A</span> <code>int x = Box.getTotal();</code>
</div>
  <div class=""apcs-opt"" data-letter=""B"">
<span class=""apcs-opt-letter"">B</span> <code>Box b = new Box(5); int y = b.getSize();</code>
</div>
  <div class=""apcs-opt"" data-letter=""C"">
<span class=""apcs-opt-letter"">C</span> <code>int z = Box.getSize();</code>
</div>
  <div class=""apcs-opt"" data-letter=""D"">
<span class=""apcs-opt-letter"">D</span> <code>Box b = new Box(3); int w = b.getTotal();</code>
</div>
    </div>
    <button class=""apcs-btn apcs-ex-check"" style=""background:#6b21a8!important;color:#fff!important;-webkit-text-fill-color:#fff!important;border:none!important;padding:10px 20px!important;border-radius:8px!important;font-weight:600!important;font-size:14px!important;cursor:pointer!important;display:inline-block!important;margin:4px 4px 4px 0!important;"">Check Answer</button>
    <div class=""apcs-ex-feedback"">
<strong>C is correct.</strong> getSize() is an instance method; calling it on the CLASS without an object is a compile error.</div>
  </div>
  <div class=""apcs-ex"" data-type=""mcq"" data-answer=""C"">
    <span class=""apcs-ex-label"">MCQ 5</span>
    <div class=""apcs-ex-stem"">Why is <code>Math.sqrt()</code> a static method?</div>
    <div class=""apcs-ex-options"">
  <div class=""apcs-opt"" data-letter=""A"">
<span class=""apcs-opt-letter"">A</span> It can only be called once per program
</div>
  <div class=""apcs-opt"" data-letter=""B"">
<span class=""apcs-opt-letter"">B</span> It returns a double, requiring static access
</div>
  <div class=""apcs-opt"" data-letter=""C"">
<span class=""apcs-opt-letter"">C</span> It does not depend on any instance state; it just computes from its parameters
</div>
  <div class=""apcs-opt"" data-letter=""D"">
<span class=""apcs-opt-letter"">D</span> Static methods are always faster
</div>
    </div>
    <button class=""apcs-btn apcs-ex-check"" style=""background:#6b21a8!important;color:#fff!important;-webkit-text-fill-color:#fff!important;border:none!important;padding:10px 20px!important;border-radius:8px!important;font-weight:600!important;font-size:14px!important;cursor:pointer!important;display:inline-block!important;margin:4px 4px 4px 0!important;"">Check Answer</button>
    <div class=""apcs-ex-feedback"">
<strong>C is correct.</strong> Math.sqrt() computes purely from its input, no object state needed.</div>
  </div>
  <div class=""apcs-ex"" data-type=""mcq"" data-answer=""B"">
    <span class=""apcs-ex-label"">MCQ 6</span>
    <div class=""apcs-ex-stem"">
<strong>I.</strong> Static method can access private static variable in same class<br><strong>II.</strong> Static method can call private instance method in same class<br><strong>III.</strong> Instance method can access private static variable in same class<br>Which are TRUE?</div>
    <div class=""apcs-ex-options"">
  <div class=""apcs-opt"" data-letter=""A"">
<span class=""apcs-opt-letter"">A</span> I only
</div>
  <div class=""apcs-opt"" data-letter=""B"">
<span class=""apcs-opt-letter"">B</span> I and III only
</div>
  <div class=""apcs-opt"" data-letter=""C"">
<span class=""apcs-opt-letter"">C</span> II and III only
</div>
  <div class=""apcs-opt"" data-letter=""D"">
<span class=""apcs-opt-letter"">D</span> I, II, and III
</div>
    </div>
    <button class=""apcs-btn apcs-ex-check"" style=""background:#6b21a8!important;color:#fff!important;-webkit-text-fill-color:#fff!important;border:none!important;padding:10px 20px!important;border-radius:8px!important;font-weight:600!important;font-size:14px!important;cursor:pointer!important;display:inline-block!important;margin:4px 4px 4px 0!important;"">Check Answer</button>
    <div class=""apcs-ex-feedback"">
<strong>B is correct.</strong> I and III are true. II is false: static cannot call instance method without an object.</div>
  </div>
  <div class=""apcs-ex"" data-type=""mcq"" data-answer=""C"">
    <span class=""apcs-ex-label"">MCQ 7</span>
    <div class=""apcs-ex-stem"">
<code>Robot r = new Robot(""D""); r.getCount();</code>. Which is TRUE?</div>
    <div class=""apcs-ex-options"">
  <div class=""apcs-opt"" data-letter=""A"">
<span class=""apcs-opt-letter"">A</span> Compile error: static methods can't be called on instances
</div>
  <div class=""apcs-opt"" data-letter=""B"">
<span class=""apcs-opt-letter"">B</span> Runtime error
</div>
  <div class=""apcs-opt"" data-letter=""C"">
<span class=""apcs-opt-letter"">C</span> Valid but misleading; Java resolves it as Robot.getCount()
</div>
  <div class=""apcs-opt"" data-letter=""D"">
<span class=""apcs-opt-letter"">D</span> Valid only if count is public
</div>
    </div>
    <button class=""apcs-btn apcs-ex-check"" style=""background:#6b21a8!important;color:#fff!important;-webkit-text-fill-color:#fff!important;border:none!important;padding:10px 20px!important;border-radius:8px!important;font-weight:600!important;font-size:14px!important;cursor:pointer!important;display:inline-block!important;margin:4px 4px 4px 0!important;"">Check Answer</button>
    <div class=""apcs-ex-feedback"">
<strong>C is correct.</strong> Legal but confusing style. Prefer Robot.getCount().</div>
  </div>
  <div class=""apcs-ex"" data-type=""mcq"" data-answer=""C"">
    <span class=""apcs-ex-label"">MCQ 8</span>
    <div class=""apcs-ex-stem"">After <code>new Coin(""penny""); new Coin(""dime""); new Coin(""nickel"");</code>, what does Coin.getMinted() return?</div>
    <div class=""apcs-ex-options"">
  <div class=""apcs-opt"" data-letter=""A"">
<span class=""apcs-opt-letter"">A</span> 1
</div>
  <div class=""apcs-opt"" data-letter=""B"">
<span class=""apcs-opt-letter"">B</span> 2
</div>
  <div class=""apcs-opt"" data-letter=""C"">
<span class=""apcs-opt-letter"">C</span> 3
</div>
  <div class=""apcs-opt"" data-letter=""D"">
<span class=""apcs-opt-letter"">D</span> 0
</div>
    </div>
    <button class=""apcs-btn apcs-ex-check"" style=""background:#6b21a8!important;color:#fff!important;-webkit-text-fill-color:#fff!important;border:none!important;padding:10px 20px!important;border-radius:8px!important;font-weight:600!important;font-size:14px!important;cursor:pointer!important;display:inline-block!important;margin:4px 4px 4px 0!important;"">Check Answer</button>
    <div class=""apcs-ex-feedback"">
<strong>C is correct.</strong> minted is static, incremented once per constructor. 3 objects = 3.</div>
  </div>
</section>
<div class=""apcsa-game-block"" id=""game-toggle-307"">
<div class=""game-toggle-label"">PRACTICE WITH A GAME — CHOOSE ONE:</div>
<div class=""game-toggle-pills"">
<button class=""game-pill active"" data-gt-target=""opq"">Output Predictor</button><button class=""game-pill"" data-gt-target=""bh"">Bug Hunt</button>
</div>
<div data-gt-widget=""opq""><div id=""opq-307"">
<div class=""g-title"">Output Predictor: Static Variables</div>
<div class=""g-sub"">Predict the output.</div>
<div class=""g-progress""><span>Question <span id=""opq-307-cur"">1</span> of 3  ·  Score: <span id=""opq-307-score"">0</span></span></div>
<div id=""opq-307-card"">
<pre class=""g-code"" id=""opq-307-code""></pre>
<textarea style=""width:100%!important;padding:12px 14px!important;border:2px solid #e2e8f0!important;border-radius:8px!important;font-family:Consolas,monospace!important;font-size:14px!important;resize:none!important;background:#fff!important;color:#1f2937!important;-webkit-text-fill-color:#1f2937!important;margin-bottom:10px!important;display:block!important;box-sizing:border-box!important;line-height:1.5!important;"" id=""opq-307-inp"" rows=""2"" placeholder=""Type exact output..."" spellcheck=""false""></textarea><button style=""background:#6b21a8!important;color:#fff!important;-webkit-text-fill-color:#fff!important;border:none!important;padding:10px 20px!important;border-radius:8px!important;font-weight:600!important;font-size:14px!important;cursor:pointer!important;display:inline-block!important;margin:4px 4px 4px 0!important;"" onclick=""_opq_307_submit()"">Predict</button><div class=""g-feedback"" id=""opq-307-fb""></div>
<button style=""background:#6b21a8!important;color:#fff!important;-webkit-text-fill-color:#fff!important;border:none!important;padding:10px 20px!important;border-radius:8px!important;font-weight:600!important;font-size:14px!important;cursor:pointer!important;display:inline-block!important;margin:4px 4px 4px 0!important;display:none!important;margin-top:8px!important;"" id=""opq-307-next"" onclick=""_opq_307_next()"">Next →</button>
</div>
<div class=""g-complete"" id=""opq-307-complete"" style=""display:none!important;"">
<div class=""g-complete-title"">Done!</div>
<div class=""g-complete-score"">You got <span id=""opq-307-final"">0</span> of 3 correct.</div>
<button style=""background:#6b21a8!important;color:#fff!important;-webkit-text-fill-color:#fff!important;border:none!important;padding:10px 20px!important;border-radius:8px!important;font-weight:600!important;font-size:14px!important;cursor:pointer!important;display:inline-block!important;margin:4px 4px 4px 0!important;"" onclick=""_opq_307_restart()"">Play again</button>
</div>
</div></div>
<div data-gt-widget=""bh"" style=""display:none;""><div id=""bh-307"">
<div class=""g-title"">Bug Hunt: Static vs Instance</div>
<div class=""g-sub"">Click the buggy line, or 'No bug'.</div>
<div class=""g-progress""><span>Question <span id=""bh-307-cur"">1</span> of 3  ·  Score: <span id=""bh-307-score"">0</span></span></div>
<div id=""bh-307-card"">
<div id=""bh-307-lines""></div>
<div style=""margin-top:12px!important;""><div id=""bh-307-nobug"" onclick=""_bh_307_pick(-1)"" style=""padding:9px 14px!important;background:#fff!important;border:2px solid #e2e8f0!important;border-radius:6px!important;cursor:pointer!important;text-align:center!important;font-style:italic!important;color:#374151!important;"">No bug — code is correct</div></div>
<div class=""g-feedback"" id=""bh-307-fb""></div>
<button style=""background:#6b21a8!important;color:#fff!important;-webkit-text-fill-color:#fff!important;border:none!important;padding:10px 20px!important;border-radius:8px!important;font-weight:600!important;font-size:14px!important;cursor:pointer!important;display:inline-block!important;margin:4px 4px 4px 0!important;display:none!important;margin-top:8px!important;"" id=""bh-307-next"" onclick=""_bh_307_next()"">Next →</button>
</div>
<div class=""g-complete"" id=""bh-307-complete"" style=""display:none!important;"">
<div class=""g-complete-title"">Done!</div>
<div class=""g-complete-score"">You got <span id=""bh-307-final"">0</span> of 3 correct.</div>
<button style=""background:#6b21a8!important;color:#fff!important;-webkit-text-fill-color:#fff!important;border:none!important;padding:10px 20px!important;border-radius:8px!important;font-weight:600!important;font-size:14px!important;cursor:pointer!important;display:inline-block!important;margin:4px 4px 4px 0!important;"" onclick=""_bh_307_restart()"">Play again</button>
</div>
</div></div>
</div>
<script>(function(){var W=document.getElementById(""game-toggle-307"");if(!W||W.dataset.gtInit)return;W.dataset.gtInit=""1"";var pills=W.querySelectorAll("".game-pill""),widgets=W.querySelectorAll(""[data-gt-widget]"");pills.forEach(function(p){p.addEventListener(""click"",function(){var t=p.getAttribute(""data-gt-target"");pills.forEach(function(x){x.classList.remove(""active"");});p.classList.add(""active"");widgets.forEach(function(w){w.style.display=w.getAttribute(""data-gt-widget"")===t?"""":""none"";});});});})();</script>

<script>(function(){var Q=[{""code"": ""public class Counter {\n    private static int n = 0;\n    public Counter() { n++; }\n    public static int get() { return n; }\n}\nnew Counter(); new Counter(); new Counter();\nSystem.out.println(Counter.get());"", ""expected"": ""3"", ""explanation"": ""Each constructor call increments the single shared static n. After 3 constructions, n=3.""}, {""code"": ""public class Tag {\n    private int id;\n    private static int next = 1;\n    public Tag() { id = next; next++; }\n    public int getId() { return id; }\n}\nTag t1 = new Tag();\nTag t2 = new Tag();\nTag t3 = new Tag();\nSystem.out.println(t1.getId() + \"" \"" + t3.getId());"", ""expected"": ""1 3"", ""explanation"": ""t1 gets id=1, t2 gets id=2, t3 gets id=3. t1.getId()=1, t3.getId()=3.""}, {""code"": ""public class Fleet {\n    private String name;\n    private static int ships = 0;\n    public Fleet(String n) { name = n; ships++; }\n    public static int getShips() { return ships; }\n}\nFleet f1 = new Fleet(\""Alpha\"");\nFleet f2 = f1;\nSystem.out.println(Fleet.getShips());"", ""expected"": ""1"", ""explanation"": ""f2 = f1 is an alias assignment -- no new object, no constructor call. Only 1 Fleet was constructed. ships=1.""}],idx=0,score=0;function N(s){return s.replace(/\r\n/g,""\n"").replace(/\r/g,""\n"").trim();}function load(){document.getElementById(""opq-307-cur"").textContent=idx+1;document.getElementById(""opq-307-code"").textContent=Q[idx].code;var inp=document.getElementById(""opq-307-inp"");inp.value="""";inp.disabled=false;document.getElementById(""opq-307-fb"").style.display=""none"";document.getElementById(""opq-307-next"").style.display=""none"";}window._opq_307_submit=function(){var inp=document.getElementById(""opq-307-inp"");var ok=N(inp.value)===N(Q[idx].expected);if(ok)score++;document.getElementById(""opq-307-score"").textContent=score;inp.disabled=true;var fb=document.getElementById(""opq-307-fb"");fb.innerHTML=""<strong style=\""color:""+(ok?""#15803d"":""#b91c1c"")+""\"">""+(ok?""✓ Correct!"":""✗ Not quite."")+""</strong> Expected: <code>""+Q[idx].expected+""</code><br><span style=\""color:#4b5563;\"">""+Q[idx].explanation+""</span>"";fb.style.display=""block"";document.getElementById(""opq-307-next"").style.display=""block"";};window._opq_307_next=function(){idx++;if(idx>=Q.length){document.getElementById(""opq-307-card"").style.display=""none"";document.getElementById(""opq-307-complete"").style.display=""block"";document.getElementById(""opq-307-final"").textContent=score;}else load();};window._opq_307_restart=function(){idx=0;score=0;document.getElementById(""opq-307-score"").textContent=0;document.getElementById(""opq-307-complete"").style.display=""none"";document.getElementById(""opq-307-card"").style.display=""block"";load();};load();})();</script>
<script>(function(){var Q=[{""code"": ""public class Tracker {\n    private int pos;\n    public static int getPos() { return pos; }\n}"", ""bugLine"": 2, ""explanation"": ""Line 3: static method getPos() tries to access instance variable pos. Static methods cannot access instance variables. Compile error.""}, {""code"": ""public class Scoreboard {\n    private static int high = 0;\n    public void updateHigh(int score) {\n        if (score > high) high = score;\n    }\n    public static int getHigh() { return high; }\n}"", ""bugLine"": null, ""explanation"": ""No bug! Instance method updateHigh accesses static variable high (valid). Static getHigh accesses static high (valid).""}, {""code"": ""public class Lamp {\n    private boolean on;\n    private static int total;\n    public static void makeOn() { on = true; }\n}"", ""bugLine"": 3, ""explanation"": ""Line 4: static method makeOn() sets instance variable on. Static methods cannot access instance variables without an object reference.""}],idx=0,score=0,chosen=null;function load(){var q=Q[idx];chosen=null;document.getElementById(""bh-307-cur"").textContent=idx+1;var lines=document.getElementById(""bh-307-lines"");lines.innerHTML="""";q.code.split(""\n"").forEach(function(line,i){var d=document.createElement(""div"");d.style.cssText=""padding:9px 14px!important;background:#fff!important;border:2px solid #e2e8f0!important;border-radius:6px!important;cursor:pointer!important;margin-bottom:4px!important;font-family:Consolas,monospace!important;font-size:13px!important;color:#1e293b!important;"";d.textContent=line;d.setAttribute(""data-li"",i);d.addEventListener(""click"",function(){_bh_307_pick(i);});lines.appendChild(d);});document.getElementById(""bh-307-fb"").style.display=""none"";document.getElementById(""bh-307-next"").style.display=""none"";}window._bh_307_pick=function(li){if(chosen!==null)return;chosen=li;var q=Q[idx];var correct=(li===q.bugLine)||(li===-1&&q.bugLine===null);if(correct)score++;document.getElementById(""bh-307-score"").textContent=score;var fb=document.getElementById(""bh-307-fb"");fb.innerHTML=""<strong style=\""color:""+(correct?""#15803d"":""#b91c1c"")+""\"">""+(correct?""✓ Correct!"":""✗ Not quite."")+""</strong> ""+(q.bugLine!==null?""Line ""+(q.bugLine+1)+"" has the bug."":""No bug."")+"" ""+q.explanation;fb.style.display=""block"";document.getElementById(""bh-307-next"").style.display=""block"";};window._bh_307_next=function(){idx++;if(idx>=Q.length){document.getElementById(""bh-307-card"").style.display=""none"";document.getElementById(""bh-307-complete"").style.display=""block"";document.getElementById(""bh-307-final"").textContent=score;}else load();};window._bh_307_restart=function(){idx=0;score=0;chosen=null;document.getElementById(""bh-307-score"").textContent=0;document.getElementById(""bh-307-complete"").style.display=""none"";document.getElementById(""bh-307-card"").style.display=""block"";load();};load();})();</script>
<section class=""apcsa-mastery"">
  <span class=""mastery-badge"">Tier 3 · AP Mastery</span>
  <h2>Mastery: Class Variables and Methods</h2>

  <div class=""apcs-ex"" data-type=""mcq"" data-answer=""D"">
    <span class=""apcs-ex-label"">MCQ 1</span>
    <div class=""apcs-ex-stem"">Which correctly counts all Gadget objects created?</div>
    <div class=""apcs-ex-options"">
  <div class=""apcs-opt"" data-letter=""A"">
<span class=""apcs-opt-letter"">A</span> <code>public int count = 0;</code> incremented in constructor
</div>
  <div class=""apcs-opt"" data-letter=""B"">
<span class=""apcs-opt-letter"">B</span> <code>private static int count;</code> not incremented in constructor
</div>
  <div class=""apcs-opt"" data-letter=""C"">
<span class=""apcs-opt-letter"">C</span> <code>public static int count = 0;</code> incremented in a separate static method
</div>
  <div class=""apcs-opt"" data-letter=""D"">
<span class=""apcs-opt-letter"">D</span> <code>private static int count = 0;</code> incremented in constructor
</div>
    </div>
    <button class=""apcs-btn apcs-ex-check"" style=""background:#6b21a8!important;color:#fff!important;-webkit-text-fill-color:#fff!important;border:none!important;padding:10px 20px!important;border-radius:8px!important;font-weight:600!important;font-size:14px!important;cursor:pointer!important;display:inline-block!important;margin:4px 4px 4px 0!important;"">Check Answer</button>
    <div class=""apcs-ex-feedback"">
<strong>D is correct.</strong> Private static, initialized to 0, incremented in constructor.</div>
  </div>
  <div class=""apcs-ex"" data-type=""mcq"" data-answer=""B"">
    <span class=""apcs-ex-label"">MCQ 2</span>
    <div class=""apcs-ex-stem"">Will this compile?<br><pre style=""margin:8px 0 0!important;background:#1e293b!important;color:#e2e8f0!important;padding:14px!important;border-radius:6px!important;font-size:13px!important;overflow-x:auto!important;"">public class Calc {
    private int result;
    public static void reset() { setResult(0); }
    public void setResult(int r) { result = r; }
}</pre>
</div>
    <div class=""apcs-ex-options"">
  <div class=""apcs-opt"" data-letter=""A"">
<span class=""apcs-opt-letter"">A</span> Valid: static can call any method in same class
</div>
  <div class=""apcs-opt"" data-letter=""B"">
<span class=""apcs-opt-letter"">B</span> Compile error: static cannot call instance method without object reference
</div>
  <div class=""apcs-opt"" data-letter=""C"">
<span class=""apcs-opt-letter"">C</span> Valid: setResult is private so static can access it
</div>
  <div class=""apcs-opt"" data-letter=""D"">
<span class=""apcs-opt-letter"">D</span> Valid: void methods are always accessible
</div>
    </div>
    <button class=""apcs-btn apcs-ex-check"" style=""background:#6b21a8!important;color:#fff!important;-webkit-text-fill-color:#fff!important;border:none!important;padding:10px 20px!important;border-radius:8px!important;font-weight:600!important;font-size:14px!important;cursor:pointer!important;display:inline-block!important;margin:4px 4px 4px 0!important;"">Check Answer</button>
    <div class=""apcs-ex-feedback"">
<strong>B is correct.</strong> Static methods cannot call instance methods without an instance.</div>
  </div>
  <div class=""apcs-ex"" data-type=""mcq"" data-answer=""C"">
    <span class=""apcs-ex-label"">MCQ 3</span>
    <div class=""apcs-ex-stem"">After <code>new Robot(""A""); new Robot(""B""); r1 = null;</code>, what does Robot.getCount() return?</div>
    <div class=""apcs-ex-options"">
  <div class=""apcs-opt"" data-letter=""A"">
<span class=""apcs-opt-letter"">A</span> 1
</div>
  <div class=""apcs-opt"" data-letter=""B"">
<span class=""apcs-opt-letter"">B</span> 0
</div>
  <div class=""apcs-opt"" data-letter=""C"">
<span class=""apcs-opt-letter"">C</span> 2
</div>
  <div class=""apcs-opt"" data-letter=""D"">
<span class=""apcs-opt-letter"">D</span> Compile error
</div>
    </div>
    <button class=""apcs-btn apcs-ex-check"" style=""background:#6b21a8!important;color:#fff!important;-webkit-text-fill-color:#fff!important;border:none!important;padding:10px 20px!important;border-radius:8px!important;font-weight:600!important;font-size:14px!important;cursor:pointer!important;display:inline-block!important;margin:4px 4px 4px 0!important;"">Check Answer</button>
    <div class=""apcs-ex-feedback"">
<strong>C is correct.</strong> Both constructors incremented count. Nulling a reference doesn't decrement.</div>
  </div>
  <div class=""apcs-ex"" data-type=""mcq"" data-answer=""A"">
    <span class=""apcs-ex-label"">MCQ 4</span>
    <div class=""apcs-ex-stem"">Programmer wants a static method to print the object count. Which is CORRECT?</div>
    <div class=""apcs-ex-options"">
  <div class=""apcs-opt"" data-letter=""A"">
<span class=""apcs-opt-letter"">A</span> <code>public static void printCount() { System.out.println(count); }</code> where count is static
</div>
  <div class=""apcs-opt"" data-letter=""B"">
<span class=""apcs-opt-letter"">B</span> <code>public static void printCount() { System.out.println(this.count); }</code>
</div>
  <div class=""apcs-opt"" data-letter=""C"">
<span class=""apcs-opt-letter"">C</span> Must be an instance method
</div>
  <div class=""apcs-opt"" data-letter=""D"">
<span class=""apcs-opt-letter"">D</span> <code>public static void printCount(int count) { System.out.println(count); }</code>
</div>
    </div>
    <button class=""apcs-btn apcs-ex-check"" style=""background:#6b21a8!important;color:#fff!important;-webkit-text-fill-color:#fff!important;border:none!important;padding:10px 20px!important;border-radius:8px!important;font-weight:600!important;font-size:14px!important;cursor:pointer!important;display:inline-block!important;margin:4px 4px 4px 0!important;"">Check Answer</button>
    <div class=""apcs-ex-feedback"">
<strong>A is correct.</strong> Static method can access static variable directly. B is wrong (no this in static). C is wrong (instance not required). D loses the actual class variable.</div>
  </div>
</section>
<nav class=""apcsa-lesson-nav"">
  <a class=""nav-prev"" href=""/pages/ap-csa-lesson-3-6-methods-passing-returning-object-references"">← 3.6: Methods: Passing and Returning Object References</a>
  <a class=""nav-next"" href=""/pages/ap-csa-lesson-3-8-scope-and-access"">3.8: Scope and Access →</a>
</nav>
<script>
(function() {
  document.querySelectorAll('#apcsa-lesson .apcs-ex').forEach(function(ex) {
    if (ex.dataset.mcqInit) return;
    ex.dataset.mcqInit = '1';
    var correct = ex.getAttribute('data-answer');
    var opts = ex.querySelectorAll('.apcs-opt');
    var btn = ex.querySelector('.apcs-ex-check');
    var feedback = ex.querySelector('.apcs-ex-feedback');
    var chosen = null;

    opts.forEach(function(opt) {
      opt.style.cursor = 'pointer';
      opt.addEventListener('click', function() {
        if (ex.dataset.answered) return;
        opts.forEach(function(o) { o.classList.remove('selected'); });
        opt.classList.add('selected');
        chosen = opt.getAttribute('data-letter');
      });
    });

    if (btn) btn.addEventListener('click', function() {
      if (!chosen || ex.dataset.answered) return;
      ex.dataset.answered = '1';
      opts.forEach(function(opt) {
        var letter = opt.getAttribute('data-letter');
        if (letter === correct) opt.classList.add('correct');
        else if (letter === chosen) opt.classList.add('incorrect');
        opt.classList.remove('selected');
      });
      if (feedback) {
        feedback.classList.add('show');
        feedback.classList.add(chosen === correct ? 'fb-correct' : 'fb-incorrect');
      }
      btn.disabled = true;
    });
  });
})();
</script>
<script type=""application/ld+json"">{""@context"": ""https://schema.org"", ""@type"": ""Article"", ""headline"": ""Lesson 3.7: Class Variables and Methods"", ""description"": ""AP CSA Lesson 3.7: Class Variables and Methods - aligned to 2025-2026 CED."", ""url"": ""https://apcsexamprep.com/pages/ap-csa-lesson-3-7-class-variables-and-methods"", ""datePublished"": ""2026-05-23"", ""dateModified"": ""2026-05-23"", ""author"": {""@type"": ""Person"", ""name"": ""Tanner Crow""}, ""publisher"": {""@type"": ""Organization"", ""name"": ""APCSExamPrep.com""}}</script>
<script type=""application/ld+json"">{""@context"": ""https://schema.org"", ""@type"": ""BreadcrumbList"", ""itemListElement"": [{""@type"": ""ListItem"", ""position"": 1, ""name"": ""AP CSA"", ""item"": ""https://apcsexamprep.com/pages/ap-csa-exam-prep-hub""}, {""@type"": ""ListItem"", ""position"": 2, ""name"": ""Unit 3"", ""item"": ""https://apcsexamprep.com/pages/ap-csa-unit-3-course""}, {""@type"": ""ListItem"", ""position"": 3, ""name"": ""Lesson 3.7: Class Variables and Methods"", ""item"": ""https://apcsexamprep.com/pages/ap-csa-lesson-3-7-class-variables-and-methods""}]}</script>
</div>"
