"Handle","Command","Body HTML","Published At"
"ap-csp-game-binary-conversion-race","MERGE","<style>
@import url('https://fonts.googleapis.com/css2?family=DM+Serif+Display&family=DM+Sans:wght@400;500;600;700&display=swap');

#bcr-game {
  --navy: #0f1f3d;
  --blue: #1a56db;
  --lblue: #93c5fd;
  --pale: #eff6ff;
  --green: #16a34a;
  --amber: #d97706;
  --red: #dc2626;
  --slate: #64748b;
  --purple: #7c3aed;
  --accent: #06b6d4;
  --border: #e2e8f0;
  font-family: 'DM Sans', -apple-system, BlinkMacSystemFont, sans-serif !important;
  color: var(--navy) !important;
  -webkit-text-fill-color: var(--navy) !important;
  max-width: 640px !important;
  margin: 0 auto !important;
  padding: 12px !important;
  box-sizing: border-box !important;
  line-height: 1.45 !important;
}
#bcr-game *, #bcr-game *::before, #bcr-game *::after { box-sizing: border-box !important; }

#bcr-game .bcr-hero {
  background: linear-gradient(135deg, #0f1f3d 0%, #1a56db 100%) !important;
  border-radius: 14px !important;
  padding: 20px 22px !important;
  color: #ffffff !important;
  -webkit-text-fill-color: #ffffff !important;
}
#bcr-game .bcr-title {
  font-family: 'DM Serif Display', Georgia, serif !important;
  font-size: 28px !important;
  line-height: 1.1 !important;
  margin: 0 0 6px 0 !important;
  color: #ffffff !important;
  -webkit-text-fill-color: #ffffff !important;
}
#bcr-game .bcr-desc {
  font-size: 14px !important;
  margin: 0 0 4px 0 !important;
  color: #dbeafe !important;
  -webkit-text-fill-color: #dbeafe !important;
}
#bcr-game .bcr-how {
  font-size: 12.5px !important;
  margin: 6px 0 0 0 !important;
  color: #93c5fd !important;
  -webkit-text-fill-color: #93c5fd !important;
}

#bcr-game .bcr-scorebar {
  display: flex !important;
  gap: 8px !important;
  margin: 12px 0 !important;
  flex-wrap: wrap !important;
}
#bcr-game .bcr-stat {
  flex: 1 1 0 !important;
  min-width: 74px !important;
  background: #ffffff !important;
  border: 1px solid var(--border) !important;
  border-radius: 12px !important;
  padding: 8px 10px !important;
  text-align: center !important;
}
#bcr-game .bcr-stat .bcr-lbl {
  font-size: 10.5px !important;
  text-transform: uppercase !important;
  letter-spacing: 0.06em !important;
  font-weight: 700 !important;
  color: var(--slate) !important;
  -webkit-text-fill-color: var(--slate) !important;
}
#bcr-game .bcr-stat .bcr-val {
  font-size: 22px !important;
  font-weight: 700 !important;
  color: var(--navy) !important;
  -webkit-text-fill-color: var(--navy) !important;
}
#bcr-game #bcr-time.bcr-low { color: var(--red) !important; -webkit-text-fill-color: var(--red) !important; }
#bcr-game #bcr-streak-val.bcr-hot { color: var(--amber) !important; -webkit-text-fill-color: var(--amber) !important; }

#bcr-game .bcr-timerbar {
  height: 8px !important;
  background: #e2e8f0 !important;
  border-radius: 8px !important;
  overflow: hidden !important;
  margin-bottom: 12px !important;
}
#bcr-game #bcr-timerfill {
  height: 100% !important;
  width: 100% !important;
  background: linear-gradient(90deg, var(--green), var(--accent)) !important;
  transition: width 0.25s linear !important;
}

#bcr-game .bcr-card {
  background: #ffffff !important;
  border: 1px solid var(--border) !important;
  border-radius: 14px !important;
  padding: 16px !important;
  position: relative !important;
  overflow: hidden !important;
}
#bcr-game .bcr-flash {
  position: absolute !important;
  inset: 0 !important;
  opacity: 0 !important;
  pointer-events: none !important;
  border-radius: 14px !important;
}
#bcr-game .bcr-flash.bcr-good { background: rgba(22,163,74,0.28) !important; animation: bcr-fl 0.5s ease !important; }
#bcr-game .bcr-flash.bcr-bad { background: rgba(220,38,38,0.28) !important; animation: bcr-fl 0.5s ease !important; }
@keyframes bcr-fl { 0%{opacity:1;} 100%{opacity:0;} }

#bcr-game .bcr-roundtype {
  display: inline-block !important;
  font-size: 11px !important;
  font-weight: 700 !important;
  text-transform: uppercase !important;
  letter-spacing: 0.05em !important;
  padding: 3px 9px !important;
  border-radius: 999px !important;
  background: var(--pale) !important;
  color: var(--blue) !important;
  -webkit-text-fill-color: var(--blue) !important;
  margin-bottom: 8px !important;
}
#bcr-game .bcr-prompt {
  font-size: 15px !important;
  font-weight: 600 !important;
  margin: 0 0 4px 0 !important;
  color: var(--navy) !important;
  -webkit-text-fill-color: var(--navy) !important;
}
#bcr-game .bcr-target {
  font-family: 'DM Serif Display', Georgia, serif !important;
  font-size: 40px !important;
  line-height: 1.05 !important;
  color: var(--blue) !important;
  -webkit-text-fill-color: var(--blue) !important;
  margin: 2px 0 10px 0 !important;
}

/* place-value header + bit row */
#bcr-game .bcr-bits {
  display: grid !important;
  grid-template-columns: repeat(8, 1fr) !important;
  gap: 5px !important;
  margin: 6px 0 !important;
}
#bcr-game .bcr-place {
  text-align: center !important;
  font-size: 12px !important;
  font-weight: 700 !important;
  color: var(--slate) !important;
  -webkit-text-fill-color: var(--slate) !important;
  padding-bottom: 2px !important;
}
#bcr-game .bcr-bit {
  aspect-ratio: 1 / 1 !important;
  border: 2px solid var(--border) !important;
  border-radius: 10px !important;
  background: #f8fafc !important;
  color: var(--slate) !important;
  -webkit-text-fill-color: var(--slate) !important;
  font-family: 'DM Sans', sans-serif !important;
  font-size: 20px !important;
  font-weight: 700 !important;
  cursor: pointer !important;
  display: flex !important;
  align-items: center !important;
  justify-content: center !important;
  padding: 0 !important;
  transition: transform 0.08s ease, background 0.12s ease, border-color 0.12s ease !important;
  -webkit-tap-highlight-color: transparent !important;
}
#bcr-game .bcr-bit:active { transform: scale(0.92) !important; }
#bcr-game .bcr-bit.bcr-on {
  background: var(--blue) !important;
  border-color: var(--blue) !important;
  color: #ffffff !important;
  -webkit-text-fill-color: #ffffff !important;
  box-shadow: 0 2px 8px rgba(26,86,219,0.35) !important;
}
/* read-only bits (Round B) */
#bcr-game .bcr-bit.bcr-ro { cursor: default !important; }
#bcr-game .bcr-bit.bcr-ro:active { transform: none !important; }

#bcr-game .bcr-sumline {
  font-size: 13.5px !important;
  color: var(--slate) !important;
  -webkit-text-fill-color: var(--slate) !important;
  margin: 8px 0 4px 0 !important;
  min-height: 20px !important;
}
#bcr-game .bcr-sumline b {
  color: var(--navy) !important;
  -webkit-text-fill-color: var(--navy) !important;
}

#bcr-game .bcr-answerrow {
  display: flex !important;
  gap: 8px !important;
  margin-top: 10px !important;
  align-items: center !important;
}
#bcr-game #bcr-input {
  flex: 1 1 auto !important;
  font-family: 'DM Sans', sans-serif !important;
  font-size: 20px !important;
  font-weight: 700 !important;
  padding: 10px 12px !important;
  border: 2px solid var(--border) !important;
  border-radius: 10px !important;
  background: #ffffff !important;
  color: var(--navy) !important;
  -webkit-text-fill-color: var(--navy) !important;
  width: 100% !important;
  min-width: 0 !important;
}
#bcr-game #bcr-input:focus { outline: none !important; border-color: var(--blue) !important; }

#bcr-game .bcr-btn {
  font-family: 'DM Sans', sans-serif !important;
  font-size: 16px !important;
  font-weight: 700 !important;
  padding: 12px 20px !important;
  border-radius: 10px !important;
  border: none !important;
  cursor: pointer !important;
  background: var(--blue) !important;
  color: #ffffff !important;
  -webkit-text-fill-color: #ffffff !important;
  -webkit-tap-highlight-color: transparent !important;
}
#bcr-game .bcr-btn:active { transform: scale(0.97) !important; }
#bcr-game .bcr-btn.bcr-check { width: 100% !important; margin-top: 10px !important; }

#bcr-game .bcr-feedback {
  font-size: 13.5px !important;
  font-weight: 600 !important;
  margin: 10px 0 0 0 !important;
  min-height: 20px !important;
}
#bcr-game .bcr-feedback.bcr-ok { color: var(--green) !important; -webkit-text-fill-color: var(--green) !important; }
#bcr-game .bcr-feedback.bcr-no { color: var(--red) !important; -webkit-text-fill-color: var(--red) !important; }

/* start + end overlay */
#bcr-game .bcr-screen {
  text-align: center !important;
  padding: 20px 16px !important;
}
#bcr-game .bcr-screen h2 {
  font-family: 'DM Serif Display', Georgia, serif !important;
  font-size: 26px !important;
  margin: 0 0 8px 0 !important;
  color: var(--navy) !important;
  -webkit-text-fill-color: var(--navy) !important;
}
#bcr-game .bcr-screen p {
  font-size: 14px !important;
  color: var(--slate) !important;
  -webkit-text-fill-color: var(--slate) !important;
  margin: 4px 0 !important;
}
#bcr-game .bcr-bigscore {
  font-family: 'DM Serif Display', Georgia, serif !important;
  font-size: 52px !important;
  color: var(--blue) !important;
  -webkit-text-fill-color: var(--blue) !important;
  margin: 6px 0 !important;
}
#bcr-game .bcr-endstats {
  display: flex !important;
  justify-content: center !important;
  gap: 22px !important;
  margin: 10px 0 16px 0 !important;
}
#bcr-game .bcr-endstats div span {
  display: block !important;
}
#bcr-game .bcr-endstats .bcr-en {
  font-size: 24px !important;
  font-weight: 700 !important;
  color: var(--navy) !important;
  -webkit-text-fill-color: var(--navy) !important;
}
#bcr-game .bcr-endstats .bcr-el {
  font-size: 11px !important;
  text-transform: uppercase !important;
  letter-spacing: 0.05em !important;
  color: var(--slate) !important;
  -webkit-text-fill-color: var(--slate) !important;
}
#bcr-game .bcr-hidden { display: none !important; }
#bcr-game .bcr-combo {
  color: var(--amber) !important;
  -webkit-text-fill-color: var(--amber) !important;
  font-weight: 700 !important;
}
</style>

<div class=""bcr-game"" id=""bcr-game"">
  <div class=""bcr-hero"">
    <h1 class=""bcr-title"">Binary Conversion Race</h1>
    <p class=""bcr-desc"">AP CSP • Big Idea 2, Topic 2.1  -  binary place value &amp; decimal↔binary conversion.</p>
    <p class=""bcr-how"">How to play: beat the clock. Build numbers by toggling bits, or read a bit pattern and type its value. Correct answers grow your streak for bonus points.</p>
  </div>

  <div class=""bcr-scorebar"">
    <div class=""bcr-stat"">
<div class=""bcr-lbl"">Time</div>
<div class=""bcr-val"" id=""bcr-time"">60</div>
</div>
    <div class=""bcr-stat"">
<div class=""bcr-lbl"">Score</div>
<div class=""bcr-val"" id=""bcr-score"">0</div>
</div>
    <div class=""bcr-stat"">
<div class=""bcr-lbl"">Streak</div>
<div class=""bcr-val"" id=""bcr-streak-val"">0</div>
</div>
    <div class=""bcr-stat"">
<div class=""bcr-lbl"">Best</div>
<div class=""bcr-val"" id=""bcr-best"">0</div>
</div>
  </div>
  <div class=""bcr-timerbar""><div id=""bcr-timerfill""></div></div>

  <!-- START SCREEN -->
  <div class=""bcr-card"" id=""bcr-start"">
    <div class=""bcr-screen"">
      <h2>Ready to race?</h2>
      <p>60 seconds. Two round types alternate: <b>Build the number</b> and <b>Read the bits</b>.</p>
      <p>The place-value header (128 64 32 16 8 4 2 1) stays on screen the whole time to guide you.</p>
      <button class=""bcr-btn"" id=""bcr-startbtn"" style=""margin-top:14px !important;"">▶ Start race</button>
    </div>
  </div>

  <!-- PLAY CARD -->
  <div class=""bcr-card bcr-hidden"" id=""bcr-play"">
    <div class=""bcr-flash"" id=""bcr-flash""></div>
    <span class=""bcr-roundtype"" id=""bcr-rtype"">Build the number</span>
    <p class=""bcr-prompt"" id=""bcr-prompt"">Make this decimal in binary:</p>
    <div class=""bcr-target"" id=""bcr-target"">42</div>

    <div class=""bcr-bits"" id=""bcr-places""></div>
    <div class=""bcr-bits"" id=""bcr-bitrow""></div>

    <div class=""bcr-sumline"" id=""bcr-sumline""></div>

    <div class=""bcr-answerrow bcr-hidden"" id=""bcr-answerrow"">
      <input id=""bcr-input"" type=""text"" inputmode=""numeric"" autocomplete=""off"" placeholder=""decimal value"">
    </div>

    <button class=""bcr-btn bcr-check"" id=""bcr-checkbtn"">Check</button>
    <p class=""bcr-feedback"" id=""bcr-feedback""></p>
  </div>

  <!-- END SCREEN -->
  <div class=""bcr-card bcr-hidden"" id=""bcr-end"">
    <div class=""bcr-screen"">
      <h2 id=""bcr-endtitle"">Time!</h2>
      <div class=""bcr-bigscore"" id=""bcr-endscore"">0</div>
      <div class=""bcr-endstats"">
        <div>
<span class=""bcr-en"" id=""bcr-endbest"">0</span><span class=""bcr-el"">Best streak</span>
</div>
        <div>
<span class=""bcr-en"" id=""bcr-endright"">0</span><span class=""bcr-el"">Correct</span>
</div>
      </div>
      <p id=""bcr-endmsg"">Nice work!</p>
      <button class=""bcr-btn"" id=""bcr-againbtn"" style=""margin-top:14px !important;"">↻ Play again</button>
    </div>
  </div>
</div>

<script>
(function () {
  var PLACES = [128, 64, 32, 16, 8, 4, 2, 1];
  var GAME_SECONDS = 60;

  var state = {
    time: GAME_SECONDS,
    score: 0,
    streak: 0,
    bestStreak: 0,
    correct: 0,
    rounds: 0,
    mode: 'build',      // 'build' or 'read'
    target: 0,          // build: decimal to make ; read: decimal answer
    bits: [0,0,0,0,0,0,0,0], // build mode player toggles ; read mode fixed pattern
    locked: false,
    timerId: null
  };

  var el = {};
  ['time','score','streak-val','best','timerfill','start','play','end','flash',
   'rtype','prompt','target','places','bitrow','sumline','answerrow','input',
   'checkbtn','feedback','startbtn','againbtn','endscore','endbest','endright',
   'endmsg','endtitle'].forEach(function (id) {
    el[id] = document.getElementById('bcr-' + id);
  });

  // Build the static place-value header once.
  PLACES.forEach(function (p) {
    var d = document.createElement('div');
    d.className = 'bcr-place';
    d.textContent = String(p);
    el.places.appendChild(d);
  });

  // Build the 8 bit cells once; behavior depends on mode.
  var bitCells = [];
  for (var i = 0; i < 8; i++) {
    (function (idx) {
      var b = document.createElement('button');
      b.className = 'bcr-bit';
      b.type = 'button';
      b.textContent = '0';
      b.addEventListener('click', function () {
        if (state.mode !== 'build' || state.locked) return;
        state.bits[idx] = state.bits[idx] ? 0 : 1;
        renderBits();
        renderSum();
      });
      bitCells.push(b);
      el.bitrow.appendChild(b);
    })(i);
  }

  function bitsValue(bits) {
    var s = 0;
    for (var i = 0; i < 8; i++) if (bits[i]) s += PLACES[i];
    return s;
  }

  function bitsString(bits) {
    return bits.join('');
  }

  function renderBits() {
    for (var i = 0; i < 8; i++) {
      var on = !!state.bits[i];
      bitCells[i].textContent = on ? '1' : '0';
      bitCells[i].className = 'bcr-bit' + (on ? ' bcr-on' : '') +
        (state.mode === 'read' ? ' bcr-ro' : '');
    }
  }

  function renderSum() {
    if (state.mode === 'build') {
      var parts = [];
      for (var i = 0; i < 8; i++) if (state.bits[i]) parts.push(PLACES[i]);
      var sum = bitsValue(state.bits);
      if (parts.length === 0) {
        el.sumline.innerHTML = 'Current value: <b>0</b>';
      } else {
        el.sumline.innerHTML = 'Current value: ' + parts.join(' + ') + ' = <b>' + sum + '</b>';
      }
    } else {
      el.sumline.innerHTML = 'Pattern: <b>' + bitsString(state.bits) + '</b>  -  add the lit place values.';
    }
  }

  function randInt(max) { return Math.floor(Math.random() * (max + 1)); } // 0..max

  // Difficulty ramps by rounds played.
  function targetForRound(r) {
    if (r < 3) return randInt(15) + 1;          // 1..16 -> small, 4 low bits area
    if (r < 6) return randInt(31);              // 0..31
    if (r < 10) return randInt(63);             // 0..63
    return randInt(255);                        // full range 0..255
  }

  function nextRound() {
    state.locked = false;
    el.feedback.textContent = '';
    el.feedback.className = 'bcr-feedback';
    el.input.value = '';

    // Alternate modes each round.
    state.mode = (state.rounds % 2 === 0) ? 'build' : 'read';
    var val = targetForRound(state.rounds);
    state.target = val;

    if (state.mode === 'build') {
      state.bits = [0,0,0,0,0,0,0,0];
      el.rtype.textContent = 'Build the number';
      el.prompt.textContent = 'Toggle bits so the binary equals this decimal:';
      el.target.textContent = String(val);
      el.target.classList.remove('bcr-hidden');
      el.answerrow.classList.add('bcr-hidden');
      el.checkbtn.textContent = 'Check';
    } else {
      // Read the bits: display fixed pattern of the target value.
      var bits = [];
      for (var i = 0; i < 8; i++) bits.push((val & PLACES[i]) ? 1 : 0);
      state.bits = bits;
      el.rtype.textContent = 'Read the bits';
      el.prompt.textContent = 'What decimal value does this 8-bit pattern equal?';
      el.target.classList.add('bcr-hidden');
      el.answerrow.classList.remove('bcr-hidden');
      el.checkbtn.textContent = 'Check';
      setTimeout(function () { try { el.input.focus(); } catch (e) {} }, 30);
    }

    renderBits();
    renderSum();
    updateStats();
  }

  function flash(good) {
    el.flash.className = 'bcr-flash ' + (good ? 'bcr-good' : 'bcr-bad');
    // force reflow to restart animation
    void el.flash.offsetWidth;
  }

  function explainWrong() {
    if (state.mode === 'build') {
      var got = bitsValue(state.bits);
      var want = state.target;
      var parts = [];
      for (var i = 0; i < 8; i++) if (state.bits[i]) parts.push(PLACES[i]);
      var gotExpr = parts.length ? parts.join(' + ') + ' = ' + got : '0';
      return bitsString(state.bits) + ' is ' + gotExpr + ', not ' + want + '. Check the place values.';
    } else {
      var parts2 = [];
      for (var j = 0; j < 8; j++) if (state.bits[j]) parts2.push(PLACES[j]);
      var expr = parts2.length ? parts2.join(' + ') + ' = ' + state.target : '0';
      return bitsString(state.bits) + ' is ' + expr + '. Add every lit place value.';
    }
  }

  function check() {
    if (state.locked || el.play.classList.contains('bcr-hidden')) return;

    var isCorrect;
    if (state.mode === 'build') {
      isCorrect = (bitsValue(state.bits) === state.target);
    } else {
      var raw = (el.input.value || '').trim();
      if (raw === '' || !/^\d+$/.test(raw)) {
        el.feedback.className = 'bcr-feedback bcr-no';
        el.feedback.textContent = 'Enter a whole number 0-255.';
        return;
      }
      isCorrect = (parseInt(raw, 10) === state.target);
    }

    state.rounds++;

    if (isCorrect) {
      state.streak++;
      if (state.streak > state.bestStreak) state.bestStreak = state.streak;
      state.correct++;
      var base = 10;
      var bonus = Math.min(state.streak - 1, 5) * 5; // up to +25 streak bonus
      var gained = base + bonus;
      state.score += gained;
      flash(true);
      el.feedback.className = 'bcr-feedback bcr-ok';
      var comboTxt = state.streak >= 2
        ? ' <span class=""bcr-combo"">' + state.streak + 'x combo! +' + gained + '</span>'
        : ' +' + gained;
      el.feedback.innerHTML = 'Correct!' + comboTxt;
      updateStats();
      state.locked = true;
      setTimeout(function () { if (state.time > 0) nextRound(); }, 520);
    } else {
      state.streak = 0;
      flash(false);
      el.feedback.className = 'bcr-feedback bcr-no';
      el.feedback.textContent = explainWrong();
      updateStats();
      // allow retry on same round (no auto-advance)
    }
  }

  function updateStats() {
    el.time.textContent = String(state.time);
    el.score.textContent = String(state.score);
    el['streak-val'].textContent = String(state.streak);
    el.best.textContent = String(state.bestStreak);
    if (state.time <= 10) el.time.classList.add('bcr-low'); else el.time.classList.remove('bcr-low');
    if (state.streak >= 3) el['streak-val'].classList.add('bcr-hot'); else el['streak-val'].classList.remove('bcr-hot');
    var pct = Math.max(0, (state.time / GAME_SECONDS) * 100);
    el.timerfill.style.width = pct + '%';
  }

  function tick() {
    state.time--;
    if (state.time <= 0) {
      state.time = 0;
      updateStats();
      endGame();
      return;
    }
    updateStats();
  }

  function startGame() {
    state.time = GAME_SECONDS;
    state.score = 0;
    state.streak = 0;
    state.bestStreak = 0;
    state.correct = 0;
    state.rounds = 0;
    state.locked = false;

    el.start.classList.add('bcr-hidden');
    el.end.classList.add('bcr-hidden');
    el.play.classList.remove('bcr-hidden');

    updateStats();
    nextRound();

    if (state.timerId) clearInterval(state.timerId);
    state.timerId = setInterval(tick, 1000);
  }

  function endGame() {
    if (state.timerId) { clearInterval(state.timerId); state.timerId = null; }
    state.locked = true;
    el.play.classList.add('bcr-hidden');
    el.end.classList.remove('bcr-hidden');

    el.endscore.textContent = String(state.score);
    el.endbest.textContent = String(state.bestStreak);
    el.endright.textContent = String(state.correct);

    var msg;
    if (state.score >= 200) msg = 'Binary master! You can read place values in your sleep.';
    else if (state.score >= 120) msg = 'Great pace! Place value 128-64-32-16-8-4-2-1 is clicking.';
    else if (state.score >= 60) msg = 'Solid run. Keep chaining streaks for the bonus points.';
    else msg = 'Good start! Remember: each bit is worth double the one to its right.';
    el.endmsg.textContent = msg;

    document.dispatchEvent(new CustomEvent('apcsGameScore', { detail: { value: state.score } }));
  }

  el.startbtn.addEventListener('click', startGame);
  el.againbtn.addEventListener('click', startGame);
  el.checkbtn.addEventListener('click', check);
  el.input.addEventListener('keydown', function (e) {
    if (e.key === 'Enter') { e.preventDefault(); check(); }
  });
})();
</script>

<!--
  APCS Leaderboard Widget (reusable, drop-in). Namespaced under #apcs-lb.
  Usage in a game:
    1. Include this whole fragment once (style + mount + script).
    2. Call APCSLeaderboard.init({ game:'binary-conversion-race', metric:'score',
         label:'points', higherIsBetter:true, shareName:'Binary Conversion Race' });
    3. On a run ending, call APCSLeaderboard.submit(finalValue)
       (or dispatch: document.dispatchEvent(new CustomEvent('apcsGameScore',{detail:{value:finalValue}})) ).
  Works before the backend exists: on any API failure it shows the player's local
  personal best and a ""global boards warming up"" note, and never throws.
-->
<style>
  #apcs-lb{font-family:""DM Sans"",sans-serif;max-width:520px;margin:18px auto 0;border:1px solid #e2e8f0!important;border-radius:14px!important;overflow:hidden;background:#fff!important;}
  #apcs-lb .lb-head{background:#0f1f3d!important;padding:14px 18px;display:flex;align-items:center;justify-content:space-between;gap:10px;flex-wrap:wrap;}
  #apcs-lb .lb-title{font-family:""DM Serif Display"",serif!important;font-size:18px!important;color:#fff!important;-webkit-text-fill-color:#fff!important;}
  #apcs-lb .lb-you{font-size:12px!important;color:#93c5fd!important;-webkit-text-fill-color:#93c5fd!important;font-weight:600;}
  #apcs-lb .lb-tabs{display:flex;gap:4px;padding:10px 12px;background:#f8fafc!important;border-bottom:1px solid #e2e8f0;overflow-x:auto;}
  #apcs-lb .lb-tab{flex:1;min-width:64px;padding:7px 8px;border:none;background:transparent;border-radius:8px;font-family:inherit;font-size:12px!important;font-weight:700;color:#64748b!important;-webkit-text-fill-color:#64748b!important;cursor:pointer;white-space:nowrap;}
  #apcs-lb .lb-tab.on{background:#1a56db!important;color:#fff!important;-webkit-text-fill-color:#fff!important;}
  #apcs-lb .lb-rows{padding:8px 12px 4px;min-height:120px;}
  #apcs-lb .lb-row{display:flex;align-items:center;gap:12px;padding:8px 10px;border-radius:8px;font-size:14px!important;}
  #apcs-lb .lb-row:nth-child(even){background:#f8fafc!important;}
  #apcs-lb .lb-row .rk{width:26px;font-weight:800;color:#94a3b8!important;-webkit-text-fill-color:#94a3b8!important;text-align:center;}
  #apcs-lb .lb-row.top1 .rk{color:#d97706!important;-webkit-text-fill-color:#d97706!important;}
  #apcs-lb .lb-row.me{background:#eff6ff!important;border:1px solid #bfdbfe;}
  #apcs-lb .lb-row .nm{flex:1;font-weight:600;color:#0f1f3d!important;-webkit-text-fill-color:#0f1f3d!important;}
  #apcs-lb .lb-row .vl{font-weight:800;color:#1e40af!important;-webkit-text-fill-color:#1e40af!important;font-variant-numeric:tabular-nums;}
  #apcs-lb .lb-empty{padding:26px 12px;text-align:center;font-size:13px!important;color:#94a3b8!important;-webkit-text-fill-color:#94a3b8!important;line-height:1.6;}
  #apcs-lb .lb-foot{display:flex;align-items:center;justify-content:space-between;gap:10px;padding:12px 16px;border-top:1px solid #e2e8f0;background:#f8fafc!important;flex-wrap:wrap;}
  #apcs-lb .lb-best{font-size:13px!important;color:#334155!important;-webkit-text-fill-color:#334155!important;font-weight:600;}
  #apcs-lb .lb-best b{color:#0f1f3d!important;-webkit-text-fill-color:#0f1f3d!important;}
  #apcs-lb .lb-btn{background:#1a56db!important;color:#fff!important;-webkit-text-fill-color:#fff!important;border:none;border-radius:8px;font-family:inherit;font-size:13px!important;font-weight:700;padding:9px 16px;cursor:pointer;}
  #apcs-lb .lb-btn.ghost{background:#fff!important;color:#1a56db!important;-webkit-text-fill-color:#1a56db!important;border:1px solid #bfdbfe;}
  #apcs-lb .lb-name{font-size:12px!important;color:#64748b!important;-webkit-text-fill-color:#64748b!important;padding:8px 16px;background:#fff!important;border-top:1px solid #f1f5f9;}
  #apcs-lb .lb-name a{color:#1a56db!important;-webkit-text-fill-color:#1a56db!important;font-weight:700;cursor:pointer;text-decoration:underline;}
  #apcs-lb .lb-toast{position:fixed;left:50%;bottom:24px;transform:translateX(-50%);background:#0f1f3d!important;color:#fff!important;-webkit-text-fill-color:#fff!important;font-size:13px!important;font-weight:600;padding:10px 18px;border-radius:100px;opacity:0;transition:opacity .2s;pointer-events:none;z-index:9999;}
  #apcs-lb .lb-toast.show{opacity:1;}
</style>
<div id=""apcs-lb""></div>
<script>
window.APCSLeaderboard = (function(){
  var API = 'https://progress.apcsexamprep.com';
  var cfg = null, curWin = 'today', root = null, apiUp = true;
  var WINDOWS = [['today','Today'],['week','Week'],['month','Month'],['year','Year'],['all','All-time']];

  function ls(get, key, val){
    try{ if(get){ return window.localStorage.getItem(key); } window.localStorage.setItem(key, val); }catch(e){ return null; }
  }
  function token(){ return ls(true,'apcse_token') || null; }
  function playerName(){
    var t = ls(true,'apcse_name');
    return t || '';
  }
  function setPlayerName(n){ ls(false,'apcse_name', n); }
  function bestKey(){ return 'apcse_lb_best_' + cfg.game; }
  function localBest(){ var v = ls(true, bestKey()); return v===null ? null : Number(v); }
  function setLocalBest(v){
    var b = localBest();
    if(b===null || (cfg.higherIsBetter ? v>b : v<b)) ls(false, bestKey(), String(v));
  }
  function fmt(v){ return (typeof v==='number' && isFinite(v)) ? v : v; }

  function esc(s){ return String(s).replace(/[&<>""]/g, function(c){ return {'&':'\u0026amp;','<':'\u0026lt;','>':'\u0026gt;','""':'\u0026quot;'}[c]; }); }

  function toast(msg){
    var t = document.createElement('div'); t.className='lb-toast'; t.textContent=msg; root.appendChild(t);
    setTimeout(function(){ t.classList.add('show'); }, 20);
    setTimeout(function(){ t.classList.remove('show'); setTimeout(function(){ t.remove(); },300); }, 2200);
  }

  function shell(){
    root.innerHTML =
      '<div class=""lb-head""><div class=""lb-title"">🏆 Leaderboard</div><div class=""lb-you"" id=""lb-you""></div></div>'+
      '<div class=""lb-tabs"" id=""lb-tabs""></div>'+
      '<div class=""lb-rows"" id=""lb-rows""></div>'+
      '<div class=""lb-foot""><div class=""lb-best"" id=""lb-best""></div><button class=""lb-btn"" id=""lb-share"">🔗 Challenge a friend</button></div>'+
      '<div class=""lb-name"" id=""lb-name""></div>';
    var tabs = root.querySelector('#lb-tabs');
    WINDOWS.forEach(function(w){
      var b=document.createElement('button'); b.className='lb-tab'+(w[0]===curWin?' on':''); b.textContent=w[1];
      b.onclick=function(){ curWin=w[0]; Array.prototype.forEach.call(tabs.children,function(c){c.classList.remove('on');}); b.classList.add('on'); loadBoard(); };
      tabs.appendChild(b);
    });
    root.querySelector('#lb-share').onclick = share;
    renderName(); renderBest();
  }

  function renderName(){
    var el = root.querySelector('#lb-name');
    if(token()){ el.innerHTML = 'Signed in - your scores post under your class name.'; return; }
    var n = playerName();
    el.innerHTML = n ? ('Playing as <b>'+esc(n)+'</b> • <a id=""lb-chn"">change</a>')
                     : 'Add initials to appear on the board • <a id=""lb-chn"">set name</a>';
    var a = el.querySelector('#lb-chn'); if(a) a.onclick = askName;
  }
  function askName(cb){
    var n = window.prompt('Enter a name or initials for the leaderboard (3-16 characters):', playerName()||'');
    if(n){ n = n.trim().slice(0,16); if(n.length>=1){ setPlayerName(n); renderName(); if(typeof cb==='function') cb(n); return n; } }
    return null;
  }
  function renderBest(){
    var b = localBest();
    root.querySelector('#lb-best').innerHTML = b===null ? 'No personal best yet - play a round!' :
      ('Your best: <b>'+fmt(b)+'</b> '+esc(cfg.label||''));
  }

  function loadBoard(){
    var rows = root.querySelector('#lb-rows');
    rows.innerHTML = '<div class=""lb-empty"">Loading...</div>';
    var url = API+'/api/game/leaderboard?game='+encodeURIComponent(cfg.game)+'&window='+curWin+'&limit=10';
    var opts = {}; var tk = token(); if(tk) opts.headers = {'Authorization':'Bearer '+tk};
    fetch(url, opts).then(function(r){ if(!r.ok) throw 0; return r.json(); }).then(function(d){
      apiUp = true; renderRows(d.entries||[], d.you||null);
    }).catch(function(){
      apiUp = false; renderRows(null, null);
    });
  }
  function renderRows(entries, you){
    var rows = root.querySelector('#lb-rows');
    var youEl = root.querySelector('#lb-you');
    if(entries===null){
      rows.innerHTML = '<div class=""lb-empty"">Global leaderboards are warming up.<br>Your personal best is saved below and will post automatically once boards are live.</div>';
      youEl.textContent=''; return;
    }
    if(!entries.length){ rows.innerHTML = '<div class=""lb-empty"">No scores yet for this window. Be the first!</div>'; }
    else {
      rows.innerHTML = '';
      entries.forEach(function(e,i){
        var rk = e.rank||i+1; var me = you && you.rank===rk && e.name===you.name;
        var row = document.createElement('div');
        row.className = 'lb-row'+(rk===1?' top1':'')+(me?' me':'');
        var rkEl = document.createElement('div'); rkEl.className = 'rk';
        rkEl.textContent = rk===1 ? '\uD83E\uDD47' : String(rk);
        var nmEl = document.createElement('div'); nmEl.className = 'nm';
        nmEl.textContent = e.name || 'anon';
        var vlEl = document.createElement('div'); vlEl.className = 'vl';
        vlEl.textContent = String(fmt(e.value));
        row.appendChild(rkEl); row.appendChild(nmEl); row.appendChild(vlEl);
        rows.appendChild(row);
      });
    }
    if(you && you.rank){ youEl.textContent = 'You are #'+you.rank+(you.percentile!=null?(' \u00b7 top '+you.percentile+'%'):''); }
    else youEl.textContent='';
  }

  function submit(value){
    if(cfg==null) return;
    value = Number(value); if(!isFinite(value)) return;
    setLocalBest(value); renderBest();
    var name = playerName();
    if(!token() && !name){ name = askName() || ''; }
    var body = { game: cfg.game, metric: cfg.metric, value: value, name: name };
    var opts = { method:'POST', headers:{'Content-Type':'application/json'}, body: JSON.stringify(body) };
    var tk = token(); if(tk) opts.headers['Authorization'] = 'Bearer '+tk;
    fetch(API+'/api/game/score', opts).then(function(r){ if(!r.ok) throw 0; return r.json(); }).then(function(d){
      apiUp = true;
      if(d.you && d.you.rank) toast('New score! You are #'+d.you.rank+' '+ (curWin==='today'?'today':'') );
      loadBoard();
    }).catch(function(){ apiUp=false; renderRows(null,null); });
  }

  function share(){
    var b = localBest();
    var msg = b===null ? ('Try '+ (cfg.shareName||'this AP CSP game') +' on APCSExamPrep:')
                       : ('I scored '+fmt(b)+' '+(cfg.label||'')+' on '+(cfg.shareName||'this AP CSP game')+'. Beat me:');
    var url = location.href;
    if(navigator.share){ navigator.share({title:cfg.shareName||'AP CSP Game', text:msg, url:url}).catch(function(){}); return; }
    var full = msg+' '+url;
    if(navigator.clipboard && navigator.clipboard.writeText){ navigator.clipboard.writeText(full).then(function(){ toast('Challenge link copied!'); }).catch(function(){ window.prompt('Copy your challenge link:', full); }); }
    else window.prompt('Copy your challenge link:', full);
  }

  function init(options){
    cfg = Object.assign({ game:'game', metric:'score', label:'', higherIsBetter:true, shareName:'', mount:'#apcs-lb' }, options||{});
    root = (options && options.mount && document.querySelector(options.mount)) || document.getElementById('apcs-lb');
    if(!root) return;
    root.id = 'apcs-lb';
    shell(); loadBoard();
    document.addEventListener('apcsGameScore', function(e){ if(e && e.detail && e.detail.value!=null) submit(e.detail.value); });
  }

  return { init: init, submit: submit, refresh: loadBoard };
})();
</script>
<script>APCSLeaderboard.init({ game:'binary-conversion-race', metric:'score', label:'points', higherIsBetter:true, shareName:'Binary Conversion Race' });</script>","2026-03-01T07:00:00-06:00"
"ap-csp-game-robot-director","MERGE","<style>
@import url('https://fonts.googleapis.com/css2?family=DM+Serif+Display&family=DM+Sans:wght@400;500;600;700&display=swap');

#rd-game *{box-sizing:border-box !important;}
#rd-game{
  font-family:'DM Sans',system-ui,sans-serif !important;
  max-width:860px !important; margin:0 auto !important; padding:14px !important;
  color:#0f1f3d !important; -webkit-text-fill-color:#0f1f3d !important;
  background:#ffffff !important; line-height:1.4 !important;
}
#rd-game .rd-hero{
  background:#0f1f3d !important; border-radius:14px !important;
  padding:18px 20px !important; margin-bottom:14px !important;
}
#rd-game .rd-title{
  font-family:'DM Serif Display',Georgia,serif !important;
  font-size:30px !important; margin:0 0 4px !important; line-height:1.1 !important;
  color:#ffffff !important; -webkit-text-fill-color:#ffffff !important;
}
#rd-game .rd-sub{
  font-size:14px !important; margin:0 !important;
  color:#93c5fd !important; -webkit-text-fill-color:#93c5fd !important;
}
#rd-game .rd-how{
  font-size:13px !important; margin:0 0 12px !important; padding:9px 12px !important;
  background:#eff6ff !important; border:1px solid #e2e8f0 !important; border-radius:10px !important;
  color:#334155 !important; -webkit-text-fill-color:#334155 !important;
}
#rd-game .rd-how b{color:#1a56db !important;-webkit-text-fill-color:#1a56db !important;}

#rd-game .rd-scorebar{
  display:flex !important; gap:8px !important; flex-wrap:wrap !important; margin-bottom:14px !important;
}
#rd-game .rd-stat{
  flex:1 1 120px !important; background:#ffffff !important; border:1px solid #e2e8f0 !important;
  border-radius:12px !important; padding:8px 12px !important;
}
#rd-game .rd-stat .k{
  font-size:11px !important; text-transform:uppercase !important; letter-spacing:.06em !important;
  color:#64748b !important; -webkit-text-fill-color:#64748b !important; font-weight:600 !important;
}
#rd-game .rd-stat .v{
  font-size:18px !important; font-weight:700 !important;
  color:#0f1f3d !important; -webkit-text-fill-color:#0f1f3d !important;
}
#rd-game .rd-stat .v.stars{color:#d97706 !important;-webkit-text-fill-color:#d97706 !important;}

#rd-game .rd-main{display:flex !important; gap:16px !important; flex-wrap:wrap !important;}
#rd-game .rd-left{flex:1 1 300px !important; min-width:280px !important;}
#rd-game .rd-right{flex:1 1 280px !important; min-width:260px !important;}

#rd-game .rd-boardwrap{
  position:relative !important; width:100% !important; max-width:420px !important;
  margin:0 auto !important; aspect-ratio:1/1 !important;
  background:#eff6ff !important; border:2px solid #cbd5e1 !important; border-radius:12px !important;
  overflow:hidden !important;
}
#rd-game .rd-grid{
  position:absolute !important; inset:0 !important; display:grid !important; z-index:1 !important;
}
#rd-game .rd-cell{
  border:1px solid #dbeafe !important; position:relative !important;
  display:flex !important; align-items:center !important; justify-content:center !important;
}
#rd-game .rd-cell.wall{
  background:#334155 !important; border-color:#1e293b !important;
  background-image:repeating-linear-gradient(45deg,#334155,#334155 6px,#475569 6px,#475569 12px) !important;
}
#rd-game .rd-flag{
  font-size:26px !important; line-height:1 !important;
  color:#16a34a !important; -webkit-text-fill-color:#16a34a !important;
}
#rd-game .rd-goalcell{background:#dcfce7 !important;}

#rd-game .rd-robot{
  position:absolute !important; z-index:5 !important; display:flex !important;
  align-items:center !important; justify-content:center !important;
  transition:left .38s ease, top .38s ease, transform .38s ease !important;
  pointer-events:none !important;
}
#rd-game .rd-robot.nomove{transition:none !important;}
#rd-game .rd-robot.bad{animation:rd-shake .4s !important;}
@keyframes rd-shake{0%,100%{margin-left:0}20%{margin-left:-4px}40%{margin-left:4px}60%{margin-left:-3px}80%{margin-left:3px}}
#rd-game .rd-bot{
  width:66% !important; height:66% !important; position:relative !important;
  background:#1a56db !important; border:2px solid #0f1f3d !important; border-radius:26% !important;
  display:flex !important; align-items:center !important; justify-content:center !important; gap:14% !important;
  box-shadow:0 3px 8px rgba(15,31,61,.35) !important;
}
#rd-game .rd-eye{
  width:16% !important; height:16% !important; border-radius:50% !important;
  background:#ffffff !important; margin-top:-18% !important;
}
#rd-game .rd-nose{
  position:absolute !important; top:-1px !important; left:50% !important;
  width:0 !important; height:0 !important; transform:translate(-50%,-72%) !important;
  border-left:9px solid transparent !important; border-right:9px solid transparent !important;
  border-bottom:12px solid #d97706 !important;
}

#rd-game .rd-cmdbtns{display:flex !important; flex-direction:column !important; gap:8px !important; margin-bottom:12px !important;}
#rd-game .rd-cmd{
  display:flex !important; align-items:center !important; gap:10px !important;
  padding:11px 14px !important; border-radius:11px !important; border:2px solid transparent !important;
  font-size:14px !important; font-weight:700 !important; cursor:pointer !important; text-align:left !important;
  background:#1a56db !important; color:#ffffff !important; -webkit-text-fill-color:#ffffff !important;
  width:100% !important;
}
#rd-game .rd-cmd.rot{background:#7c3aed !important;}
#rd-game .rd-cmd .ic{font-size:19px !important; width:22px !important; text-align:center !important;
  color:#ffffff !important; -webkit-text-fill-color:#ffffff !important;}
#rd-game .rd-cmd:disabled{opacity:.45 !important; cursor:not-allowed !important;}

#rd-game .rd-proglabel{
  font-size:12px !important; font-weight:700 !important; text-transform:uppercase !important;
  letter-spacing:.05em !important; margin:0 0 6px !important;
  color:#64748b !important; -webkit-text-fill-color:#64748b !important;
}
#rd-game .rd-prog{
  min-height:56px !important; background:#f8fafc !important; border:1px dashed #cbd5e1 !important;
  border-radius:11px !important; padding:8px !important; display:flex !important; flex-wrap:wrap !important;
  gap:6px !important; align-content:flex-start !important; margin-bottom:10px !important;
}
#rd-game .rd-empty{
  font-size:13px !important; color:#94a3b8 !important; -webkit-text-fill-color:#94a3b8 !important;
  padding:8px !important;
}
#rd-game .rd-chip{
  display:inline-flex !important; align-items:center !important; gap:5px !important;
  padding:4px 8px !important; border-radius:8px !important; font-size:12px !important; font-weight:700 !important;
  cursor:pointer !important; border:1px solid rgba(255,255,255,.25) !important;
  color:#ffffff !important; -webkit-text-fill-color:#ffffff !important;
}
#rd-game .rd-chip.mv{background:#1a56db !important;}
#rd-game .rd-chip.rot{background:#7c3aed !important;}
#rd-game .rd-chip.active{outline:3px solid #d97706 !important; outline-offset:1px !important;}
#rd-game .rd-chip .x{opacity:.75 !important;}
#rd-game .rd-num{
  background:#e2e8f0 !important; color:#475569 !important; -webkit-text-fill-color:#475569 !important;
  border-radius:5px !important; padding:0 4px !important; font-size:11px !important;
}

#rd-game .rd-actions{display:flex !important; gap:8px !important; flex-wrap:wrap !important;}
#rd-game .rd-btn{
  flex:1 1 auto !important; padding:11px 14px !important; border-radius:11px !important; border:none !important;
  font-size:14px !important; font-weight:700 !important; cursor:pointer !important; font-family:inherit !important;
}
#rd-game .rd-btn.run{background:#16a34a !important; color:#ffffff !important; -webkit-text-fill-color:#ffffff !important;}
#rd-game .rd-btn.sec{background:#eff6ff !important; color:#1a56db !important; -webkit-text-fill-color:#1a56db !important; border:1px solid #bfdbfe !important;}
#rd-game .rd-btn.next{background:#d97706 !important; color:#ffffff !important; -webkit-text-fill-color:#ffffff !important;}
#rd-game .rd-btn:disabled{opacity:.45 !important; cursor:not-allowed !important;}

#rd-game .rd-feedback{
  margin-top:12px !important; padding:11px 14px !important; border-radius:11px !important;
  font-size:13.5px !important; font-weight:600 !important; border:1px solid #e2e8f0 !important;
  background:#f8fafc !important; color:#475569 !important; -webkit-text-fill-color:#475569 !important;
  min-height:44px !important;
}
#rd-game .rd-feedback.good{background:#dcfce7 !important; border-color:#86efac !important;
  color:#15803d !important; -webkit-text-fill-color:#15803d !important;}
#rd-game .rd-feedback.bad{background:#fef2f2 !important; border-color:#fecaca !important;
  color:#b91c1c !important; -webkit-text-fill-color:#b91c1c !important;}
#rd-game .rd-feedback b{color:inherit !important; -webkit-text-fill-color:inherit !important;}

#rd-game .rd-win{
  text-align:center !important; background:#0f1f3d !important; border-radius:14px !important;
  padding:34px 22px !important;
}
#rd-game .rd-win h2{
  font-family:'DM Serif Display',Georgia,serif !important; font-size:30px !important; margin:0 0 8px !important;
  color:#ffffff !important; -webkit-text-fill-color:#ffffff !important;
}
#rd-game .rd-win p{
  font-size:15px !important; margin:0 auto 8px !important; max-width:520px !important;
  color:#93c5fd !important; -webkit-text-fill-color:#93c5fd !important;
}
#rd-game .rd-win .big{
  font-size:22px !important; font-weight:700 !important; margin:14px 0 !important;
  color:#d97706 !important; -webkit-text-fill-color:#d97706 !important;
}
#rd-game .rd-hidden{display:none !important;}
</style>

<div class=""rd-game"" id=""rd-game"">
  <div class=""rd-hero"">
    <h1 class=""rd-title"">Robot Director</h1>
    <p class=""rd-sub"">Program the AP CSP robot with MOVE_FORWARD, ROTATE_LEFT, and ROTATE_RIGHT to reach the flag.</p>
  </div>

  <div class=""rd-how"">
    <b>How to play:</b> Build a command sequence, then press Run. The robot moves one cell per MOVE_FORWARD and turns in place. It may NOT move off the grid or into a wall  -  solve each level in as few commands as possible.
  </div>

  <div class=""rd-scorebar"">
    <div class=""rd-stat"">
<div class=""k"">Level</div>
<div class=""v"" id=""rd-lvl"">1 / 4</div>
</div>
    <div class=""rd-stat"">
<div class=""k"">Stars earned</div>
<div class=""v stars"" id=""rd-stars"">0</div>
</div>
    <div class=""rd-stat"">
<div class=""k"">Program length</div>
<div class=""v"" id=""rd-len"">0 commands</div>
</div>
  </div>

  <div id=""rd-play"">
    <div class=""rd-main"">
      <div class=""rd-left"">
        <div class=""rd-boardwrap"" id=""rd-board"">
          <div class=""rd-grid"" id=""rd-grid""></div>
          <div class=""rd-robot"" id=""rd-robot"">
            <div class=""rd-bot"">
<span class=""rd-nose""></span><span class=""rd-eye""></span><span class=""rd-eye""></span>
</div>
          </div>
        </div>
      </div>
      <div class=""rd-right"">
        <div class=""rd-cmdbtns"">
          <button class=""rd-cmd"" id=""rd-add-F""><span class=""ic"">↑</span> MOVE_FORWARD</button>
          <button class=""rd-cmd rot"" id=""rd-add-L""><span class=""ic"">↺</span> ROTATE_LEFT</button>
          <button class=""rd-cmd rot"" id=""rd-add-R""><span class=""ic"">↻</span> ROTATE_RIGHT</button>
        </div>
        <div class=""rd-proglabel"">Program queue (click a command to remove it)</div>
        <div class=""rd-prog"" id=""rd-prog""></div>
        <div class=""rd-actions"">
          <button class=""rd-btn run"" id=""rd-run"">▶ Run</button>
          <button class=""rd-btn sec"" id=""rd-undo"">Undo</button>
          <button class=""rd-btn sec"" id=""rd-clear"">Clear</button>
          <button class=""rd-btn next rd-hidden"" id=""rd-next"">Next Level →</button>
        </div>
      </div>
    </div>
    <div class=""rd-feedback"" id=""rd-feedback"">Plan your route, then run the program. Trace each command before you press Run.</div>
  </div>

  <div id=""rd-winscreen"" class=""rd-hidden""></div>
</div>

<script>
(function(){
  var g = document.getElementById('rd-game');
  var LEVELS = [
    { size:5, start:{r:4,c:0,dir:0}, goal:{r:0,c:0}, walls:[],
      tip:'The robot already faces up. A straight climb needs only MOVE_FORWARD.' },
    { size:5, start:{r:4,c:0,dir:0}, goal:{r:0,c:4}, walls:[],
      tip:'Reaching a corner needs a turn. Move to one edge, ROTATE, then finish.' },
    { size:6, start:{r:5,c:0,dir:0}, goal:{r:0,c:5},
      walls:['3,0','3,1','3,2','3,3','3,4','1,1','1,2','1,3','1,4','1,5'],
      tip:'Walls block the direct path. Find the gaps and zig-zag through them.' },
    { size:7, start:{r:6,c:0,dir:0}, goal:{r:0,c:6},
      walls:['4,0','4,1','4,2','4,3','4,4','2,2','2,3','2,4','2,5','2,6'],
      tip:'Two wall rows, gaps on opposite sides. Plan the whole route before running.' }
  ];
  var DR=[-1,0,1,0], DC=[0,1,0,-1];               // dir: 0=N,1=E,2=S,3=W
  var ARROWS=['\u25B2','\u25B6','\u25BC','\u25C0'];

  var levelIdx=0, program=[], robot={}, angle=0, running=false, solved=false, totalStars=0;
  var cellPct=20, optimalM=0;

  var el={
    grid:document.getElementById('rd-grid'), robot:document.getElementById('rd-robot'),
    prog:document.getElementById('rd-prog'), fb:document.getElementById('rd-feedback'),
    lvl:document.getElementById('rd-lvl'), stars:document.getElementById('rd-stars'),
    len:document.getElementById('rd-len'), run:document.getElementById('rd-run'),
    undo:document.getElementById('rd-undo'), clear:document.getElementById('rd-clear'),
    next:document.getElementById('rd-next'), play:document.getElementById('rd-play'),
    win:document.getElementById('rd-winscreen')
  };

  function sleep(ms){ return new Promise(function(res){ setTimeout(res,ms); }); }

  // BFS over (r,c,dir) states -> minimum number of commands to reach goal cell
  function optimal(L){
    var N=L.size, walls={}; L.walls.forEach(function(w){ walls[w]=1; });
    var start=L.start.r+','+L.start.c+','+L.start.dir;
    var q=[[L.start.r,L.start.c,L.start.dir,0]], seen={}; seen[start]=1;
    while(q.length){
      var s=q.shift(), r=s[0], c=s[1], d=s[2], n=s[3];
      if(r===L.goal.r && c===L.goal.c) return n;
      var turns=[(d+3)%4,(d+1)%4], i, k;
      for(i=0;i<2;i++){ k=r+','+c+','+turns[i]; if(!seen[k]){ seen[k]=1; q.push([r,c,turns[i],n+1]); } }
      var nr=r+DR[d], nc=c+DC[d];
      if(nr>=0&&nr<N&&nc>=0&&nc<N&&!walls[nr+','+nc]){
        k=nr+','+nc+','+d; if(!seen[k]){ seen[k]=1; q.push([nr,nc,d,n+1]); }
      }
    }
    return -1;
  }

  function loadLevel(){
    var L=LEVELS[levelIdx];
    solved=false; program=[]; running=false;
    optimalM=optimal(L);
    cellPct=100/L.size;
    // build grid
    el.grid.style.gridTemplateColumns='repeat('+L.size+',1fr)';
    el.grid.style.gridTemplateRows='repeat('+L.size+',1fr)';
    el.grid.innerHTML='';
    var walls={}; L.walls.forEach(function(w){ walls[w]=1; });
    for(var r=0;r<L.size;r++){ for(var c=0;c<L.size;c++){
      var cell=document.createElement('div');
      cell.className='rd-cell';
      if(walls[r+','+c]) cell.className+=' wall';
      if(r===L.goal.r && c===L.goal.c){ cell.className+=' rd-goalcell';
        var f=document.createElement('span'); f.className='rd-flag'; f.innerHTML='🏁'; cell.appendChild(f); }
      el.grid.appendChild(cell);
    }}
    // robot
    robot={ r:L.start.r, c:L.start.c, dir:L.start.dir };
    angle=L.start.dir*90;
    setRobot(false);
    el.next.classList.add('rd-hidden');
    el.lvl.textContent=(levelIdx+1)+' / '+LEVELS.length;
    el.stars.textContent=totalStars;
    setFeedback('info','<b>Level '+(levelIdx+1)+'.</b> '+L.tip+' Best possible: ~'+optimalM+' commands.');
    renderProg();
    setCmdEnabled(true);
  }

  function setRobot(animate){
    if(!animate) el.robot.classList.add('nomove');
    el.robot.style.width=cellPct+'%';
    el.robot.style.height=cellPct+'%';
    el.robot.style.left=(robot.c*cellPct)+'%';
    el.robot.style.top=(robot.r*cellPct)+'%';
    el.robot.style.transform='rotate('+angle+'deg)';
    if(!animate){ el.robot.offsetHeight; el.robot.classList.remove('nomove'); }
  }

  function setFeedback(kind,html){
    el.fb.className='rd-feedback'+(kind==='good'?' good':kind==='bad'?' bad':'');
    el.fb.innerHTML=html;
  }

  var CMD={ F:{cls:'mv',ic:'\u2191',name:'MOVE'}, L:{cls:'rot',ic:'\u21BA',name:'LEFT'}, R:{cls:'rot',ic:'\u21BB',name:'RIGHT'} };
  function renderProg(active){
    el.len.textContent=program.length+(program.length===1?' command':' commands');
    if(!program.length){ el.prog.innerHTML='<span class=""rd-empty"">No commands yet. Click MOVE / ROTATE above to build a program.</span>'; return; }
    el.prog.innerHTML='';
    program.forEach(function(cmd,i){
      var c=CMD[cmd];
      var chip=document.createElement('span');
      chip.className='rd-chip '+c.cls+(active===i?' active':'');
      chip.innerHTML='<span class=""rd-num"">'+(i+1)+'</span>'+c.ic+' '+c.name+' <span class=""x"">×</span>';
      chip.addEventListener('click',function(){ if(running) return; program.splice(i,1); resetRun(); renderProg(); });
      el.prog.appendChild(chip);
    });
  }

  function resetRun(){
    // return robot to start position without penalty (lets player edit + rerun)
    var L=LEVELS[levelIdx];
    robot={ r:L.start.r, c:L.start.c, dir:L.start.dir };
    angle=L.start.dir*90;
    solved=false;
    el.next.classList.add('rd-hidden');
    setRobot(false);
  }

  function setCmdEnabled(on){
    document.getElementById('rd-add-F').disabled=!on;
    document.getElementById('rd-add-L').disabled=!on;
    document.getElementById('rd-add-R').disabled=!on;
    el.run.disabled=!on;
    el.undo.disabled=!on; el.clear.disabled=!on;
  }

  function addCmd(c){ if(running) return; resetRun(); program.push(c); renderProg(); }

  async function run(){
    if(running || !program.length) return;
    running=true; solved=false; setCmdEnabled(false);
    resetRun();
    await sleep(220);
    var L=LEVELS[levelIdx], walls={}; L.walls.forEach(function(w){ walls[w]=1; });
    for(var i=0;i<program.length;i++){
      renderProg(i);
      var cmd=program[i];
      if(cmd==='L'){ robot.dir=(robot.dir+3)%4; angle-=90; setRobot(true); }
      else if(cmd==='R'){ robot.dir=(robot.dir+1)%4; angle+=90; setRobot(true); }
      else {
        var nr=robot.r+DR[robot.dir], nc=robot.c+DC[robot.dir];
        if(nr<0||nr>=L.size||nc<0||nc>=L.size){
          fail(i,'The robot tried to move <b>off the grid</b> while facing '+ARROWS[robot.dir]+'. In AP CSP, MOVE_FORWARD off the edge is a failed run  -  ROTATE before you reach the wall.');
          return;
        }
        if(walls[nr+','+nc]){
          fail(i,'The robot hit a <b>blocked cell</b> (wall). MOVE_FORWARD can never enter a wall  -  plan a route around it.');
          return;
        }
        robot.r=nr; robot.c=nc; setRobot(true);
      }
      await sleep(430);
    }
    renderProg(-1);
    if(robot.r===L.goal.r && robot.c===L.goal.c){ succeed(); }
    else {
      running=false; setCmdEnabled(true);
      setFeedback('bad','The program finished but the robot stopped at row '+robot.r+', col '+robot.c+'  -  <b>not on the flag</b>. Re-trace each command and count the cells and turns.');
    }
  }

  function fail(i,msg){
    el.robot.classList.add('bad');
    setTimeout(function(){ el.robot.classList.remove('bad'); },420);
    renderProg(i);
    running=false; setCmdEnabled(true);
    setFeedback('bad','<b>Command '+(i+1)+' failed.</b> '+msg);
  }

  function succeed(){
    running=false; solved=true;
    document.getElementById('rd-add-F').disabled=true;
    document.getElementById('rd-add-L').disabled=true;
    document.getElementById('rd-add-R').disabled=true;
    el.run.disabled=true; el.undo.disabled=true; el.clear.disabled=true;
    var n=program.length, stars = n<=optimalM?3 : n<=optimalM+2?2 : 1;
    totalStars+=stars;
    el.stars.textContent=totalStars;
    var st=''; for(var s=0;s<3;s++) st += s<stars? '\u2605':'\u2606';
    var eff = n<=optimalM ? 'Perfectly efficient!' : 'You can trim this  -  the optimal uses fewer commands.';
    setFeedback('good','<b>'+st+' Solved in '+n+' commands</b> (best possible ~'+optimalM+'). '+eff);
    el.next.classList.remove('rd-hidden');
    el.next.textContent = (levelIdx+1<LEVELS.length) ? 'Next Level \u2192' : 'See Results \u2192';
  }

  function nextLevel(){
    if(levelIdx+1<LEVELS.length){ levelIdx++; loadLevel(); }
    else showWin();
  }

  function showWin(){
    el.play.classList.add('rd-hidden');
    el.win.classList.remove('rd-hidden');
    var maxStars=LEVELS.length*3;
    el.win.innerHTML=
      '<div class=""rd-win"">'+
      '<h2>You directed the robot home! 🎉</h2>'+
      '<p>You planned command sequences with MOVE_FORWARD, ROTATE_LEFT, and ROTATE_RIGHT, traced them cell by cell, and kept the robot on the grid  -  exactly the algorithmic thinking the AP CSP robot questions test.</p>'+
      '<div class=""big"">'+totalStars+' / '+maxStars+' stars \u2605</div>'+
      '<p>Fewer commands = a more efficient algorithm. Rerun to earn every star.</p>'+
      '<button class=""rd-btn next"" id=""rd-again"" style=""max-width:220px;margin:8px auto 0;"">Play Again</button>'+
      '</div>';
    document.getElementById('rd-again').addEventListener('click',function(){
      levelIdx=0; totalStars=0; el.win.classList.add('rd-hidden'); el.play.classList.remove('rd-hidden'); loadLevel();
    });
    document.dispatchEvent(new CustomEvent('apcsGameScore',{detail:{value:totalStars}}));
  }

  document.getElementById('rd-add-F').addEventListener('click',function(){ addCmd('F'); });
  document.getElementById('rd-add-L').addEventListener('click',function(){ addCmd('L'); });
  document.getElementById('rd-add-R').addEventListener('click',function(){ addCmd('R'); });
  el.run.addEventListener('click',run);
  el.undo.addEventListener('click',function(){ if(running||!program.length) return; program.pop(); resetRun(); renderProg(); });
  el.clear.addEventListener('click',function(){ if(running) return; program=[]; resetRun(); renderProg();
    setFeedback('info','Program cleared. Plan a new route to the flag.'); });
  el.next.addEventListener('click',nextLevel);

  loadLevel();
})();
</script>
<!--
  APCS Leaderboard Widget (reusable, drop-in). Namespaced under #apcs-lb.
  Usage in a game:
    1. Include this whole fragment once (style + mount + script).
    2. Call APCSLeaderboard.init({ game:'binary-conversion-race', metric:'score',
         label:'points', higherIsBetter:true, shareName:'Binary Conversion Race' });
    3. On a run ending, call APCSLeaderboard.submit(finalValue)
       (or dispatch: document.dispatchEvent(new CustomEvent('apcsGameScore',{detail:{value:finalValue}})) ).
  Works before the backend exists: on any API failure it shows the player's local
  personal best and a ""global boards warming up"" note, and never throws.
-->
<style>
  #apcs-lb{font-family:""DM Sans"",sans-serif;max-width:520px;margin:18px auto 0;border:1px solid #e2e8f0!important;border-radius:14px!important;overflow:hidden;background:#fff!important;}
  #apcs-lb .lb-head{background:#0f1f3d!important;padding:14px 18px;display:flex;align-items:center;justify-content:space-between;gap:10px;flex-wrap:wrap;}
  #apcs-lb .lb-title{font-family:""DM Serif Display"",serif!important;font-size:18px!important;color:#fff!important;-webkit-text-fill-color:#fff!important;}
  #apcs-lb .lb-you{font-size:12px!important;color:#93c5fd!important;-webkit-text-fill-color:#93c5fd!important;font-weight:600;}
  #apcs-lb .lb-tabs{display:flex;gap:4px;padding:10px 12px;background:#f8fafc!important;border-bottom:1px solid #e2e8f0;overflow-x:auto;}
  #apcs-lb .lb-tab{flex:1;min-width:64px;padding:7px 8px;border:none;background:transparent;border-radius:8px;font-family:inherit;font-size:12px!important;font-weight:700;color:#64748b!important;-webkit-text-fill-color:#64748b!important;cursor:pointer;white-space:nowrap;}
  #apcs-lb .lb-tab.on{background:#1a56db!important;color:#fff!important;-webkit-text-fill-color:#fff!important;}
  #apcs-lb .lb-rows{padding:8px 12px 4px;min-height:120px;}
  #apcs-lb .lb-row{display:flex;align-items:center;gap:12px;padding:8px 10px;border-radius:8px;font-size:14px!important;}
  #apcs-lb .lb-row:nth-child(even){background:#f8fafc!important;}
  #apcs-lb .lb-row .rk{width:26px;font-weight:800;color:#94a3b8!important;-webkit-text-fill-color:#94a3b8!important;text-align:center;}
  #apcs-lb .lb-row.top1 .rk{color:#d97706!important;-webkit-text-fill-color:#d97706!important;}
  #apcs-lb .lb-row.me{background:#eff6ff!important;border:1px solid #bfdbfe;}
  #apcs-lb .lb-row .nm{flex:1;font-weight:600;color:#0f1f3d!important;-webkit-text-fill-color:#0f1f3d!important;}
  #apcs-lb .lb-row .vl{font-weight:800;color:#1e40af!important;-webkit-text-fill-color:#1e40af!important;font-variant-numeric:tabular-nums;}
  #apcs-lb .lb-empty{padding:26px 12px;text-align:center;font-size:13px!important;color:#94a3b8!important;-webkit-text-fill-color:#94a3b8!important;line-height:1.6;}
  #apcs-lb .lb-foot{display:flex;align-items:center;justify-content:space-between;gap:10px;padding:12px 16px;border-top:1px solid #e2e8f0;background:#f8fafc!important;flex-wrap:wrap;}
  #apcs-lb .lb-best{font-size:13px!important;color:#334155!important;-webkit-text-fill-color:#334155!important;font-weight:600;}
  #apcs-lb .lb-best b{color:#0f1f3d!important;-webkit-text-fill-color:#0f1f3d!important;}
  #apcs-lb .lb-btn{background:#1a56db!important;color:#fff!important;-webkit-text-fill-color:#fff!important;border:none;border-radius:8px;font-family:inherit;font-size:13px!important;font-weight:700;padding:9px 16px;cursor:pointer;}
  #apcs-lb .lb-btn.ghost{background:#fff!important;color:#1a56db!important;-webkit-text-fill-color:#1a56db!important;border:1px solid #bfdbfe;}
  #apcs-lb .lb-name{font-size:12px!important;color:#64748b!important;-webkit-text-fill-color:#64748b!important;padding:8px 16px;background:#fff!important;border-top:1px solid #f1f5f9;}
  #apcs-lb .lb-name a{color:#1a56db!important;-webkit-text-fill-color:#1a56db!important;font-weight:700;cursor:pointer;text-decoration:underline;}
  #apcs-lb .lb-toast{position:fixed;left:50%;bottom:24px;transform:translateX(-50%);background:#0f1f3d!important;color:#fff!important;-webkit-text-fill-color:#fff!important;font-size:13px!important;font-weight:600;padding:10px 18px;border-radius:100px;opacity:0;transition:opacity .2s;pointer-events:none;z-index:9999;}
  #apcs-lb .lb-toast.show{opacity:1;}
</style>
<div id=""apcs-lb""></div>
<script>
window.APCSLeaderboard = (function(){
  var API = 'https://progress.apcsexamprep.com';
  var cfg = null, curWin = 'today', root = null, apiUp = true;
  var WINDOWS = [['today','Today'],['week','Week'],['month','Month'],['year','Year'],['all','All-time']];

  function ls(get, key, val){
    try{ if(get){ return window.localStorage.getItem(key); } window.localStorage.setItem(key, val); }catch(e){ return null; }
  }
  function token(){ return ls(true,'apcse_token') || null; }
  function playerName(){
    var t = ls(true,'apcse_name');
    return t || '';
  }
  function setPlayerName(n){ ls(false,'apcse_name', n); }
  function bestKey(){ return 'apcse_lb_best_' + cfg.game; }
  function localBest(){ var v = ls(true, bestKey()); return v===null ? null : Number(v); }
  function setLocalBest(v){
    var b = localBest();
    if(b===null || (cfg.higherIsBetter ? v>b : v<b)) ls(false, bestKey(), String(v));
  }
  function fmt(v){ return (typeof v==='number' && isFinite(v)) ? v : v; }

  function esc(s){ return String(s).replace(/[&<>""]/g, function(c){ return {'&':'\u0026amp;','<':'\u0026lt;','>':'\u0026gt;','""':'\u0026quot;'}[c]; }); }

  function toast(msg){
    var t = document.createElement('div'); t.className='lb-toast'; t.textContent=msg; root.appendChild(t);
    setTimeout(function(){ t.classList.add('show'); }, 20);
    setTimeout(function(){ t.classList.remove('show'); setTimeout(function(){ t.remove(); },300); }, 2200);
  }

  function shell(){
    root.innerHTML =
      '<div class=""lb-head""><div class=""lb-title"">🏆 Leaderboard</div><div class=""lb-you"" id=""lb-you""></div></div>'+
      '<div class=""lb-tabs"" id=""lb-tabs""></div>'+
      '<div class=""lb-rows"" id=""lb-rows""></div>'+
      '<div class=""lb-foot""><div class=""lb-best"" id=""lb-best""></div><button class=""lb-btn"" id=""lb-share"">🔗 Challenge a friend</button></div>'+
      '<div class=""lb-name"" id=""lb-name""></div>';
    var tabs = root.querySelector('#lb-tabs');
    WINDOWS.forEach(function(w){
      var b=document.createElement('button'); b.className='lb-tab'+(w[0]===curWin?' on':''); b.textContent=w[1];
      b.onclick=function(){ curWin=w[0]; Array.prototype.forEach.call(tabs.children,function(c){c.classList.remove('on');}); b.classList.add('on'); loadBoard(); };
      tabs.appendChild(b);
    });
    root.querySelector('#lb-share').onclick = share;
    renderName(); renderBest();
  }

  function renderName(){
    var el = root.querySelector('#lb-name');
    if(token()){ el.innerHTML = 'Signed in - your scores post under your class name.'; return; }
    var n = playerName();
    el.innerHTML = n ? ('Playing as <b>'+esc(n)+'</b> • <a id=""lb-chn"">change</a>')
                     : 'Add initials to appear on the board • <a id=""lb-chn"">set name</a>';
    var a = el.querySelector('#lb-chn'); if(a) a.onclick = askName;
  }
  function askName(cb){
    var n = window.prompt('Enter a name or initials for the leaderboard (3-16 characters):', playerName()||'');
    if(n){ n = n.trim().slice(0,16); if(n.length>=1){ setPlayerName(n); renderName(); if(typeof cb==='function') cb(n); return n; } }
    return null;
  }
  function renderBest(){
    var b = localBest();
    root.querySelector('#lb-best').innerHTML = b===null ? 'No personal best yet - play a round!' :
      ('Your best: <b>'+fmt(b)+'</b> '+esc(cfg.label||''));
  }

  function loadBoard(){
    var rows = root.querySelector('#lb-rows');
    rows.innerHTML = '<div class=""lb-empty"">Loading...</div>';
    var url = API+'/api/game/leaderboard?game='+encodeURIComponent(cfg.game)+'&window='+curWin+'&limit=10';
    var opts = {}; var tk = token(); if(tk) opts.headers = {'Authorization':'Bearer '+tk};
    fetch(url, opts).then(function(r){ if(!r.ok) throw 0; return r.json(); }).then(function(d){
      apiUp = true; renderRows(d.entries||[], d.you||null);
    }).catch(function(){
      apiUp = false; renderRows(null, null);
    });
  }
  function renderRows(entries, you){
    var rows = root.querySelector('#lb-rows');
    var youEl = root.querySelector('#lb-you');
    if(entries===null){
      rows.innerHTML = '<div class=""lb-empty"">Global leaderboards are warming up.<br>Your personal best is saved below and will post automatically once boards are live.</div>';
      youEl.textContent=''; return;
    }
    if(!entries.length){ rows.innerHTML = '<div class=""lb-empty"">No scores yet for this window. Be the first!</div>'; }
    else {
      rows.innerHTML = '';
      entries.forEach(function(e,i){
        var rk = e.rank||i+1; var me = you && you.rank===rk && e.name===you.name;
        var row = document.createElement('div');
        row.className = 'lb-row'+(rk===1?' top1':'')+(me?' me':'');
        var rkEl = document.createElement('div'); rkEl.className = 'rk';
        rkEl.textContent = rk===1 ? '\uD83E\uDD47' : String(rk);
        var nmEl = document.createElement('div'); nmEl.className = 'nm';
        nmEl.textContent = e.name || 'anon';
        var vlEl = document.createElement('div'); vlEl.className = 'vl';
        vlEl.textContent = String(fmt(e.value));
        row.appendChild(rkEl); row.appendChild(nmEl); row.appendChild(vlEl);
        rows.appendChild(row);
      });
    }
    if(you && you.rank){ youEl.textContent = 'You are #'+you.rank+(you.percentile!=null?(' \u00b7 top '+you.percentile+'%'):''); }
    else youEl.textContent='';
  }

  function submit(value){
    if(cfg==null) return;
    value = Number(value); if(!isFinite(value)) return;
    setLocalBest(value); renderBest();
    var name = playerName();
    if(!token() && !name){ name = askName() || ''; }
    var body = { game: cfg.game, metric: cfg.metric, value: value, name: name };
    var opts = { method:'POST', headers:{'Content-Type':'application/json'}, body: JSON.stringify(body) };
    var tk = token(); if(tk) opts.headers['Authorization'] = 'Bearer '+tk;
    fetch(API+'/api/game/score', opts).then(function(r){ if(!r.ok) throw 0; return r.json(); }).then(function(d){
      apiUp = true;
      if(d.you && d.you.rank) toast('New score! You are #'+d.you.rank+' '+ (curWin==='today'?'today':'') );
      loadBoard();
    }).catch(function(){ apiUp=false; renderRows(null,null); });
  }

  function share(){
    var b = localBest();
    var msg = b===null ? ('Try '+ (cfg.shareName||'this AP CSP game') +' on APCSExamPrep:')
                       : ('I scored '+fmt(b)+' '+(cfg.label||'')+' on '+(cfg.shareName||'this AP CSP game')+'. Beat me:');
    var url = location.href;
    if(navigator.share){ navigator.share({title:cfg.shareName||'AP CSP Game', text:msg, url:url}).catch(function(){}); return; }
    var full = msg+' '+url;
    if(navigator.clipboard && navigator.clipboard.writeText){ navigator.clipboard.writeText(full).then(function(){ toast('Challenge link copied!'); }).catch(function(){ window.prompt('Copy your challenge link:', full); }); }
    else window.prompt('Copy your challenge link:', full);
  }

  function init(options){
    cfg = Object.assign({ game:'game', metric:'score', label:'', higherIsBetter:true, shareName:'', mount:'#apcs-lb' }, options||{});
    root = (options && options.mount && document.querySelector(options.mount)) || document.getElementById('apcs-lb');
    if(!root) return;
    root.id = 'apcs-lb';
    shell(); loadBoard();
    document.addEventListener('apcsGameScore', function(e){ if(e && e.detail && e.detail.value!=null) submit(e.detail.value); });
  }

  return { init: init, submit: submit, refresh: loadBoard };
})();
</script>
<script>APCSLeaderboard.init({ game:'robot-director', metric:'stars', label:'stars', higherIsBetter:true, shareName:'Robot Director' });</script>","2026-03-01T07:00:00-06:00"
"ap-csp-game-redundant-routing","MERGE","<style>
@import url('https://fonts.googleapis.com/css2?family=DM+Serif+Display&family=DM+Sans:wght@400;500;600;700&display=swap');

#rr-game *{box-sizing:border-box;}
#rr-game{
  font-family:'DM Sans',system-ui,Arial,sans-serif;
  max-width:720px;margin:0 auto;padding:14px;
  color:#0f1f3d !important;-webkit-text-fill-color:#0f1f3d !important;
}
#rr-game .rr-card{
  background:#ffffff !important;
  border:1px solid #e2e8f0 !important;border-radius:14px;overflow:hidden;
  box-shadow:0 10px 30px rgba(15,31,61,0.10);
}
#rr-game .rr-hero{
  background:#0f1f3d !important;padding:18px 20px;
}
#rr-game .rr-title{
  font-family:'DM Serif Display',Georgia,serif;
  font-size:28px;line-height:1.1;margin:0 0 4px;
  color:#ffffff !important;-webkit-text-fill-color:#ffffff !important;
}
#rr-game .rr-sub{
  margin:0;font-size:13.5px;
  color:#93c5fd !important;-webkit-text-fill-color:#93c5fd !important;
}
#rr-game .rr-bar{
  display:flex;flex-wrap:wrap;gap:8px;align-items:center;
  padding:12px 16px;background:#eff6ff !important;border-bottom:1px solid #e2e8f0 !important;
}
#rr-game .rr-chip{
  font-size:12.5px;font-weight:600;padding:5px 11px;border-radius:999px;
  background:#ffffff !important;border:1px solid #dbe4f0 !important;
  color:#1a56db !important;-webkit-text-fill-color:#1a56db !important;
}
#rr-game .rr-chip.rr-score{
  background:#1a56db !important;border-color:#1a56db !important;
  color:#ffffff !important;-webkit-text-fill-color:#ffffff !important;margin-left:auto;
}
#rr-game .rr-chip.rr-mode{
  background:#7c3aed !important;border-color:#7c3aed !important;
  color:#ffffff !important;-webkit-text-fill-color:#ffffff !important;
}
#rr-game .rr-body{padding:14px 16px 18px;}
#rr-game .rr-how{
  margin:0 0 8px;font-size:12.5px;
  color:#64748b !important;-webkit-text-fill-color:#64748b !important;
}
#rr-game .rr-prompt{
  margin:0 0 12px;font-size:14px;font-weight:600;line-height:1.4;
  color:#0f1f3d !important;-webkit-text-fill-color:#0f1f3d !important;
}
#rr-game .rr-prompt b{
  color:#7c3aed !important;-webkit-text-fill-color:#7c3aed !important;
}
#rr-game .rr-stage{
  background:#f8fafc !important;border:1px solid #e2e8f0 !important;border-radius:12px;
  padding:6px;
}
#rr-game .rr-stage svg{display:block;width:100%;height:auto;touch-action:manipulation;}
#rr-game .rr-status{
  margin-top:12px;padding:11px 13px;border-radius:12px;font-size:13.5px;line-height:1.4;
  min-height:44px;font-weight:600;
  background:#f1f5f9 !important;border:1px solid #e2e8f0 !important;
  color:#334155 !important;-webkit-text-fill-color:#334155 !important;
}
#rr-game .rr-status.ok{
  background:#ecfdf3 !important;border-color:#16a34a !important;
  color:#15803d !important;-webkit-text-fill-color:#15803d !important;
}
#rr-game .rr-status.bad{
  background:#fef2f2 !important;border-color:#dc2626 !important;
  color:#b91c1c !important;-webkit-text-fill-color:#b91c1c !important;
}
#rr-game .rr-status.win{
  background:#f5f3ff !important;border-color:#7c3aed !important;
  color:#6d28d9 !important;-webkit-text-fill-color:#6d28d9 !important;
}
#rr-game .rr-controls{display:flex;flex-wrap:wrap;gap:10px;margin-top:12px;}
#rr-game .rr-btn{
  font-family:'DM Sans',sans-serif;font-size:14px;font-weight:700;cursor:pointer;
  padding:11px 18px;border-radius:10px;border:1px solid transparent;
  background:#eef2f7 !important;
  color:#0f1f3d !important;-webkit-text-fill-color:#0f1f3d !important;
  transition:transform .05s ease,filter .15s ease;
}
#rr-game .rr-btn:hover{filter:brightness(0.97);}
#rr-game .rr-btn:active{transform:translateY(1px);}
#rr-game .rr-btn.rr-reset{
  background:#ffffff !important;border-color:#cbd5e1 !important;
  color:#64748b !important;-webkit-text-fill-color:#64748b !important;
}
#rr-game .rr-btn.rr-next{
  background:#1a56db !important;
  color:#ffffff !important;-webkit-text-fill-color:#ffffff !important;margin-left:auto;
}
#rr-game .rr-btn:disabled{opacity:0.45;cursor:not-allowed;}
#rr-game .rr-legend{
  display:flex;flex-wrap:wrap;gap:14px;margin-top:10px;font-size:11.5px;font-weight:600;
  color:#64748b !important;-webkit-text-fill-color:#64748b !important;
}
#rr-game .rr-legend span{display:inline-flex;align-items:center;gap:6px;}
#rr-game .rr-swatch{width:16px;height:5px;border-radius:3px;display:inline-block;}
</style>

<div class=""rr-game"" id=""rr-game"">
  <div class=""rr-card"">
    <div class=""rr-hero"">
      <h1 class=""rr-title"">Redundant Routing</h1>
      <p class=""rr-sub"">Cut the Connection  -  why the Internet keeps working when links fail</p>
    </div>
    <div class=""rr-bar"">
      <span class=""rr-chip"" id=""rr-level"">Level 1 / 4</span>
      <span class=""rr-chip rr-mode"" id=""rr-mode"">Survivor</span>
      <span class=""rr-chip"" id=""rr-cuts"">Cuts: 0</span>
      <span class=""rr-chip rr-score"" id=""rr-score"">Score: 0</span>
    </div>
    <div class=""rr-body"">
      <p class=""rr-how"">How to play: tap a link to <b>cut</b> it (tap again to restore). The map instantly reroutes and shows if A can still reach B.</p>
      <p class=""rr-prompt"" id=""rr-prompt""></p>
      <div class=""rr-stage"">
        <svg id=""rr-svg"" viewbox=""0 0 640 380"" role=""img"" aria-label=""network map""></svg>
      </div>
      <div class=""rr-status"" id=""rr-status""></div>
      <div class=""rr-legend"">
        <span><i class=""rr-swatch"" style=""background:#1a56db;""></i>Live link</span>
        <span><i class=""rr-swatch"" style=""background:#16a34a;""></i>Active path</span>
        <span><i class=""rr-swatch"" style=""background:#dc2626;""></i>Cut link</span>
      </div>
      <div class=""rr-controls"">
        <button class=""rr-btn rr-reset"" id=""rr-reset"" type=""button"">Reset cuts</button>
        <button class=""rr-btn rr-next"" id=""rr-next"" type=""button"" disabled>Next →</button>
      </div>
    </div>
  </div>
</div>

<script>
(function(){
  ""use strict"";
  var SVGNS=""http://www.w3.org/2000/svg"";
  var root=document.getElementById(""rr-game"");
  var svg=document.getElementById(""rr-svg"");
  var elLevel=document.getElementById(""rr-level"");
  var elMode=document.getElementById(""rr-mode"");
  var elCuts=document.getElementById(""rr-cuts"");
  var elScore=document.getElementById(""rr-score"");
  var elPrompt=document.getElementById(""rr-prompt"");
  var elStatus=document.getElementById(""rr-status"");
  var elReset=document.getElementById(""rr-reset"");
  var elNext=document.getElementById(""rr-next"");

  // ----- Level definitions (positions on a 640x380 canvas) -----
  var LEVELS=[
    {
      mode:""survivor"",
      nodes:{A:[60,190],C:[230,80],D:[230,300],E:[410,80],F:[410,300],B:[580,190]},
      edges:[[""A"",""C""],[""A"",""D""],[""C"",""E""],[""D"",""F""],[""E"",""B""],[""F"",""B""],[""C"",""D""],[""E"",""F""]]
    },
    {
      mode:""attacker"",
      nodes:{A:[60,190],C:[210,80],D:[210,300],E:[350,190],F:[490,80],G:[490,300],B:[600,190]},
      edges:[[""A"",""C""],[""A"",""D""],[""C"",""E""],[""D"",""E""],[""E"",""F""],[""E"",""G""],[""F"",""B""],[""G"",""B""]]
    },
    {
      mode:""survivor"",
      nodes:{A:[60,190],C:[210,70],D:[210,190],E:[210,310],F:[440,70],G:[440,190],H:[440,310],B:[600,190]},
      edges:[[""A"",""C""],[""A"",""D""],[""A"",""E""],[""C"",""F""],[""D"",""G""],[""E"",""H""],[""F"",""B""],[""G"",""B""],[""H"",""B""],[""C"",""D""],[""G"",""H""]]
    },
    {
      mode:""attacker"",
      nodes:{A:[60,190],C:[200,70],D:[200,190],E:[200,310],F:[430,70],G:[430,190],H:[430,310],B:[600,190]},
      edges:[[""A"",""C""],[""A"",""D""],[""A"",""E""],[""C"",""F""],[""D"",""G""],[""E"",""H""],[""F"",""B""],[""G"",""B""],[""H"",""B""],[""C"",""D""],[""D"",""E""],[""F"",""G""],[""G"",""H""]]
    }
  ];

  var levelIdx=0, score=0;
  var L=null;          // current level compiled data
  var cut=[];          // boolean per edge index
  var completed=false; // scored this level already
  var edgeEls=[];      // {line, hit}
  var nodeIds=[];      // ordered id list
  var idToIdx={};
  var minCutVal=0;

  // ----- graph algorithms -----
  function computeMinCut(n, edges, s, t){
    var cap=[],i;
    for(i=0;i<n;i++){cap.push(new Array(n).fill(0));}
    edges.forEach(function(e){cap[e.u][e.v]++;cap[e.v][e.u]++;});
    var flow=0;
    while(true){
      var par=new Array(n).fill(-1); par[s]=s; var q=[s], v;
      while(q.length){var u=q.shift(); for(v=0;v<n;v++){ if(par[v]===-1 && cap[u][v]>0){par[v]=u;q.push(v);} }}
      if(par[t]===-1) break;
      var b=Infinity;
      for(v=t; v!==s; v=par[v]){ b=Math.min(b,cap[par[v]][v]); }
      for(v=t; v!==s; v=par[v]){ cap[par[v]][v]-=b; cap[v][par[v]]+=b; }
      flow+=b;
    }
    return flow;
  }

  function findPath(){
    var N=nodeIds.length;
    var par=new Array(N).fill(-1), pe=new Array(N).fill(-1);
    var s=idToIdx.A, t=idToIdx.B;
    par[s]=s; var q=[s];
    while(q.length){
      var u=q.shift();
      if(u===t) break;
      L.adj[u].forEach(function(a){
        if(par[a.to]===-1 && !cut[a.ei]){ par[a.to]=u; pe[a.to]=a.ei; q.push(a.to); }
      });
    }
    if(par[t]===-1) return null;
    var nodes=[], eds=[], v=t;
    while(v!==s){ nodes.push(v); eds.push(pe[v]); v=par[v]; }
    nodes.push(s); nodes.reverse(); eds.reverse();
    return {nodes:nodes, edges:eds};
  }

  // ----- rendering -----
  function nodeColor(id){
    if(id===""A"") return ""#16a34a"";
    if(id===""B"") return ""#7c3aed"";
    return ""#1a56db"";
  }

  function renderLevel(){
    while(svg.firstChild) svg.removeChild(svg.firstChild);
    edgeEls=[];

    // edges first (under nodes)
    L.edges.forEach(function(e, ei){
      var p1=L.nodes[nodeIds[e.u]], p2=L.nodes[nodeIds[e.v]];
      var line=document.createElementNS(SVGNS,""line"");
      line.setAttribute(""x1"",p1[0]); line.setAttribute(""y1"",p1[1]);
      line.setAttribute(""x2"",p2[0]); line.setAttribute(""y2"",p2[1]);
      line.setAttribute(""stroke"",""#1a56db"");
      line.setAttribute(""stroke-width"",""5"");
      line.setAttribute(""stroke-linecap"",""round"");
      svg.appendChild(line);

      var hit=document.createElementNS(SVGNS,""line"");
      hit.setAttribute(""x1"",p1[0]); hit.setAttribute(""y1"",p1[1]);
      hit.setAttribute(""x2"",p2[0]); hit.setAttribute(""y2"",p2[1]);
      hit.setAttribute(""stroke"",""transparent"");
      hit.setAttribute(""stroke-width"",""22"");
      hit.setAttribute(""stroke-linecap"",""round"");
      hit.style.cursor=""pointer"";
      hit.addEventListener(""click"",(function(k){return function(){toggleEdge(k);};})(ei));
      svg.appendChild(hit);

      edgeEls.push({line:line, hit:hit});
    });

    // nodes on top
    nodeIds.forEach(function(id){
      var p=L.nodes[id];
      var c=document.createElementNS(SVGNS,""circle"");
      c.setAttribute(""cx"",p[0]); c.setAttribute(""cy"",p[1]); c.setAttribute(""r"",""22"");
      c.setAttribute(""fill"",nodeColor(id));
      c.setAttribute(""stroke"",""#ffffff""); c.setAttribute(""stroke-width"",""3"");
      svg.appendChild(c);
      var t=document.createElementNS(SVGNS,""text"");
      t.setAttribute(""x"",p[0]); t.setAttribute(""y"",p[1]);
      t.setAttribute(""text-anchor"",""middle"");
      t.setAttribute(""dominant-baseline"",""central"");
      t.setAttribute(""font-family"",""'DM Sans',sans-serif"");
      t.setAttribute(""font-size"",""16""); t.setAttribute(""font-weight"",""700"");
      t.setAttribute(""fill"",""#ffffff"");
      t.textContent=id;
      svg.appendChild(t);
    });
  }

  function paintEdges(pathEdges){
    var hi={};
    if(pathEdges){ pathEdges.forEach(function(ei){hi[ei]=true;}); }
    edgeEls.forEach(function(o, ei){
      var ln=o.line;
      if(cut[ei]){
        ln.setAttribute(""stroke"",""#dc2626"");
        ln.setAttribute(""stroke-width"",""3"");
        ln.setAttribute(""stroke-dasharray"",""4 7"");
      }else if(hi[ei]){
        ln.setAttribute(""stroke"",""#16a34a"");
        ln.setAttribute(""stroke-width"",""7"");
        ln.removeAttribute(""stroke-dasharray"");
      }else{
        ln.setAttribute(""stroke"",""#1a56db"");
        ln.setAttribute(""stroke-width"",""5"");
        ln.removeAttribute(""stroke-dasharray"");
      }
    });
  }

  // ----- game flow -----
  function pathString(nodes){
    return nodes.map(function(i){return nodeIds[i];}).join("" → "");
  }
  function cutCount(){
    var n=0; cut.forEach(function(b){if(b)n++;}); return n;
  }
  function setStatus(cls, html){
    elStatus.className=""rr-status""+(cls?("" ""+cls):"""");
    elStatus.innerHTML=html;
  }

  function update(){
    var path=findPath();
    var connected=!!path;
    paintEdges(connected?path.edges:null);
    var cc=cutCount();
    elCuts.textContent=""Cuts: ""+cc;

    if(L.mode===""survivor""){
      if(cc===0){
        setStatus("""", ""Tap any link to cut it. A fault-tolerant network should still route A to B."");
      }else if(connected){
        setStatus(""ok"", ""Still connected  -  the network rerouted.<br>Surviving path: <b>""+pathString(path.nodes)+""</b>. That is redundancy in action."");
        if(!completed){
          completed=true; score+=100; elScore.textContent=""Score: ""+score;
          setStatus(""ok"", ""Redundancy proven! Cut ""+cc+"" link""+(cc>1?""s"":"""")+"" and A still reaches B via <b>""+pathString(path.nodes)+""</b>.<br>Redundant paths make this network fault tolerant. +100"");
          enableNext();
        }
      }else{
        setStatus(""bad"", ""DISCONNECTED  -  you severed every path from A to B. With no redundant route left, this part of the network goes dark. Restore a link to reconnect."");
      }
    }else{ // attacker / min-cut
      if(!connected){
        if(!completed){
          completed=true;
          var pts, msg;
          if(cc===minCutVal){
            pts=200;
            msg=""Perfect min-cut! You severed A from B using the true minimum of <b>""+minCutVal+""</b> link""+(minCutVal>1?""s"":"""")+"". Every redundant path is gone. +200"";
          }else{
            var extra=cc-minCutVal;
            pts=Math.max(60, 200-40*extra);
            msg=""DISCONNECTED with ""+cc+"" cuts, but the minimum was only <b>""+minCutVal+""</b> (""+extra+"" wasted). Fewer, smarter cuts sever the network faster. +""+pts;
          }
          score+=pts; elScore.textContent=""Score: ""+score;
          setStatus(""bad"", msg);
          enableNext();
        }else{
          setStatus(""bad"", ""DISCONNECTED  -  no path from A to B."");
        }
      }else{
        setStatus("""", ""Still connected via <b>""+pathString(path.nodes)+""</b>. Keep cutting  -  target minimum is <b>""+minCutVal+""</b> link""+(minCutVal>1?""s"":"""")+""."");
      }
    }
  }

  function enableNext(){
    elNext.disabled=false;
    elNext.textContent=(levelIdx>=LEVELS.length-1)?""Finish \u2691"":""Next \u2192"";
  }

  function toggleEdge(ei){
    cut[ei]=!cut[ei];
    update();
  }

  function loadLevel(idx){
    levelIdx=idx;
    var def=LEVELS[idx];
    nodeIds=Object.keys(def.nodes);
    idToIdx={}; nodeIds.forEach(function(id,i){idToIdx[id]=i;});
    var edges=def.edges.map(function(p){return {u:idToIdx[p[0]], v:idToIdx[p[1]]};});
    var adj=nodeIds.map(function(){return [];});
    edges.forEach(function(e,ei){ adj[e.u].push({to:e.v,ei:ei}); adj[e.v].push({to:e.u,ei:ei}); });
    L={nodes:def.nodes, edges:edges, adj:adj, mode:def.mode};
    cut=new Array(edges.length).fill(false);
    completed=false;
    minCutVal=computeMinCut(nodeIds.length, edges, idToIdx.A, idToIdx.B);

    elLevel.textContent=""Level ""+(idx+1)+"" / ""+LEVELS.length;
    elMode.textContent=(def.mode===""survivor"")?""Survivor"":""Attacker"";
    elNext.disabled=true;
    elNext.textContent=(idx>=LEVELS.length-1)?""Finish \u2691"":""Next \u2192"";

    if(def.mode===""survivor""){
      elPrompt.innerHTML=""<b>Survivor:</b> a network is fault tolerant if it survives any single failure. Cut a link and prove A can still reach B through a redundant path."";
    }else{
      elPrompt.innerHTML=""<b>Attacker  -  min-cut:</b> sever A from B using the <b>fewest</b> cuts. Find the bottleneck! (true minimum: ""+minCutVal+"" link""+(minCutVal>1?""s"":"""")+"")"";
    }

    renderLevel();
    update();
  }

  function nextLevel(){
    if(levelIdx>=LEVELS.length-1){ winScreen(); return; }
    loadLevel(levelIdx+1);
  }

  function winScreen(){
    while(svg.firstChild) svg.removeChild(svg.firstChild);
    var t1=document.createElementNS(SVGNS,""text"");
    t1.setAttribute(""x"",""320""); t1.setAttribute(""y"",""150"");
    t1.setAttribute(""text-anchor"",""middle"");
    t1.setAttribute(""font-family"",""'DM Serif Display',serif"");
    t1.setAttribute(""font-size"",""34""); t1.setAttribute(""fill"",""#1a56db"");
    t1.textContent=""Network Mastered!"";
    svg.appendChild(t1);
    var t2=document.createElementNS(SVGNS,""text"");
    t2.setAttribute(""x"",""320""); t2.setAttribute(""y"",""210"");
    t2.setAttribute(""text-anchor"",""middle"");
    t2.setAttribute(""font-family"",""'DM Sans',sans-serif"");
    t2.setAttribute(""font-size"",""22""); t2.setAttribute(""font-weight"",""700"");
    t2.setAttribute(""fill"",""#7c3aed"");
    t2.textContent=""Final score: ""+score;
    svg.appendChild(t2);

    elPrompt.innerHTML=""<b>You've got it.</b> The Internet is fault tolerant because redundant paths connect its nodes."";
    setStatus(""win"", ""A network keeps routing as long as ANY path survives  -  it only fails when EVERY path between two points is severed. That is why engineers build redundancy into the Internet. Press Play again to run it back."");
    elCuts.textContent=""Cuts: 0"";
    elReset.disabled=true;
    elNext.disabled=false;
    elNext.textContent=""Play again \u21bb"";
    completed=true;
    levelIdx=LEVELS.length; // sentinel for restart
    document.dispatchEvent(new CustomEvent('apcsGameScore',{detail:{value:score}}));
  }

  elReset.addEventListener(""click"", function(){
    if(!L) return;
    cut=new Array(L.edges.length).fill(false);
    update();
  });
  elNext.addEventListener(""click"", function(){
    if(levelIdx>=LEVELS.length){ // restart from win
      score=0; elScore.textContent=""Score: 0""; elReset.disabled=false;
      loadLevel(0); return;
    }
    if(elNext.disabled) return;
    nextLevel();
  });

  loadLevel(0);
})();
</script>
<!--
  APCS Leaderboard Widget (reusable, drop-in). Namespaced under #apcs-lb.
  Usage in a game:
    1. Include this whole fragment once (style + mount + script).
    2. Call APCSLeaderboard.init({ game:'binary-conversion-race', metric:'score',
         label:'points', higherIsBetter:true, shareName:'Binary Conversion Race' });
    3. On a run ending, call APCSLeaderboard.submit(finalValue)
       (or dispatch: document.dispatchEvent(new CustomEvent('apcsGameScore',{detail:{value:finalValue}})) ).
  Works before the backend exists: on any API failure it shows the player's local
  personal best and a ""global boards warming up"" note, and never throws.
-->
<style>
  #apcs-lb{font-family:""DM Sans"",sans-serif;max-width:520px;margin:18px auto 0;border:1px solid #e2e8f0!important;border-radius:14px!important;overflow:hidden;background:#fff!important;}
  #apcs-lb .lb-head{background:#0f1f3d!important;padding:14px 18px;display:flex;align-items:center;justify-content:space-between;gap:10px;flex-wrap:wrap;}
  #apcs-lb .lb-title{font-family:""DM Serif Display"",serif!important;font-size:18px!important;color:#fff!important;-webkit-text-fill-color:#fff!important;}
  #apcs-lb .lb-you{font-size:12px!important;color:#93c5fd!important;-webkit-text-fill-color:#93c5fd!important;font-weight:600;}
  #apcs-lb .lb-tabs{display:flex;gap:4px;padding:10px 12px;background:#f8fafc!important;border-bottom:1px solid #e2e8f0;overflow-x:auto;}
  #apcs-lb .lb-tab{flex:1;min-width:64px;padding:7px 8px;border:none;background:transparent;border-radius:8px;font-family:inherit;font-size:12px!important;font-weight:700;color:#64748b!important;-webkit-text-fill-color:#64748b!important;cursor:pointer;white-space:nowrap;}
  #apcs-lb .lb-tab.on{background:#1a56db!important;color:#fff!important;-webkit-text-fill-color:#fff!important;}
  #apcs-lb .lb-rows{padding:8px 12px 4px;min-height:120px;}
  #apcs-lb .lb-row{display:flex;align-items:center;gap:12px;padding:8px 10px;border-radius:8px;font-size:14px!important;}
  #apcs-lb .lb-row:nth-child(even){background:#f8fafc!important;}
  #apcs-lb .lb-row .rk{width:26px;font-weight:800;color:#94a3b8!important;-webkit-text-fill-color:#94a3b8!important;text-align:center;}
  #apcs-lb .lb-row.top1 .rk{color:#d97706!important;-webkit-text-fill-color:#d97706!important;}
  #apcs-lb .lb-row.me{background:#eff6ff!important;border:1px solid #bfdbfe;}
  #apcs-lb .lb-row .nm{flex:1;font-weight:600;color:#0f1f3d!important;-webkit-text-fill-color:#0f1f3d!important;}
  #apcs-lb .lb-row .vl{font-weight:800;color:#1e40af!important;-webkit-text-fill-color:#1e40af!important;font-variant-numeric:tabular-nums;}
  #apcs-lb .lb-empty{padding:26px 12px;text-align:center;font-size:13px!important;color:#94a3b8!important;-webkit-text-fill-color:#94a3b8!important;line-height:1.6;}
  #apcs-lb .lb-foot{display:flex;align-items:center;justify-content:space-between;gap:10px;padding:12px 16px;border-top:1px solid #e2e8f0;background:#f8fafc!important;flex-wrap:wrap;}
  #apcs-lb .lb-best{font-size:13px!important;color:#334155!important;-webkit-text-fill-color:#334155!important;font-weight:600;}
  #apcs-lb .lb-best b{color:#0f1f3d!important;-webkit-text-fill-color:#0f1f3d!important;}
  #apcs-lb .lb-btn{background:#1a56db!important;color:#fff!important;-webkit-text-fill-color:#fff!important;border:none;border-radius:8px;font-family:inherit;font-size:13px!important;font-weight:700;padding:9px 16px;cursor:pointer;}
  #apcs-lb .lb-btn.ghost{background:#fff!important;color:#1a56db!important;-webkit-text-fill-color:#1a56db!important;border:1px solid #bfdbfe;}
  #apcs-lb .lb-name{font-size:12px!important;color:#64748b!important;-webkit-text-fill-color:#64748b!important;padding:8px 16px;background:#fff!important;border-top:1px solid #f1f5f9;}
  #apcs-lb .lb-name a{color:#1a56db!important;-webkit-text-fill-color:#1a56db!important;font-weight:700;cursor:pointer;text-decoration:underline;}
  #apcs-lb .lb-toast{position:fixed;left:50%;bottom:24px;transform:translateX(-50%);background:#0f1f3d!important;color:#fff!important;-webkit-text-fill-color:#fff!important;font-size:13px!important;font-weight:600;padding:10px 18px;border-radius:100px;opacity:0;transition:opacity .2s;pointer-events:none;z-index:9999;}
  #apcs-lb .lb-toast.show{opacity:1;}
</style>
<div id=""apcs-lb""></div>
<script>
window.APCSLeaderboard = (function(){
  var API = 'https://progress.apcsexamprep.com';
  var cfg = null, curWin = 'today', root = null, apiUp = true;
  var WINDOWS = [['today','Today'],['week','Week'],['month','Month'],['year','Year'],['all','All-time']];

  function ls(get, key, val){
    try{ if(get){ return window.localStorage.getItem(key); } window.localStorage.setItem(key, val); }catch(e){ return null; }
  }
  function token(){ return ls(true,'apcse_token') || null; }
  function playerName(){
    var t = ls(true,'apcse_name');
    return t || '';
  }
  function setPlayerName(n){ ls(false,'apcse_name', n); }
  function bestKey(){ return 'apcse_lb_best_' + cfg.game; }
  function localBest(){ var v = ls(true, bestKey()); return v===null ? null : Number(v); }
  function setLocalBest(v){
    var b = localBest();
    if(b===null || (cfg.higherIsBetter ? v>b : v<b)) ls(false, bestKey(), String(v));
  }
  function fmt(v){ return (typeof v==='number' && isFinite(v)) ? v : v; }

  function esc(s){ return String(s).replace(/[&<>""]/g, function(c){ return {'&':'\u0026amp;','<':'\u0026lt;','>':'\u0026gt;','""':'\u0026quot;'}[c]; }); }

  function toast(msg){
    var t = document.createElement('div'); t.className='lb-toast'; t.textContent=msg; root.appendChild(t);
    setTimeout(function(){ t.classList.add('show'); }, 20);
    setTimeout(function(){ t.classList.remove('show'); setTimeout(function(){ t.remove(); },300); }, 2200);
  }

  function shell(){
    root.innerHTML =
      '<div class=""lb-head""><div class=""lb-title"">🏆 Leaderboard</div><div class=""lb-you"" id=""lb-you""></div></div>'+
      '<div class=""lb-tabs"" id=""lb-tabs""></div>'+
      '<div class=""lb-rows"" id=""lb-rows""></div>'+
      '<div class=""lb-foot""><div class=""lb-best"" id=""lb-best""></div><button class=""lb-btn"" id=""lb-share"">🔗 Challenge a friend</button></div>'+
      '<div class=""lb-name"" id=""lb-name""></div>';
    var tabs = root.querySelector('#lb-tabs');
    WINDOWS.forEach(function(w){
      var b=document.createElement('button'); b.className='lb-tab'+(w[0]===curWin?' on':''); b.textContent=w[1];
      b.onclick=function(){ curWin=w[0]; Array.prototype.forEach.call(tabs.children,function(c){c.classList.remove('on');}); b.classList.add('on'); loadBoard(); };
      tabs.appendChild(b);
    });
    root.querySelector('#lb-share').onclick = share;
    renderName(); renderBest();
  }

  function renderName(){
    var el = root.querySelector('#lb-name');
    if(token()){ el.innerHTML = 'Signed in - your scores post under your class name.'; return; }
    var n = playerName();
    el.innerHTML = n ? ('Playing as <b>'+esc(n)+'</b> • <a id=""lb-chn"">change</a>')
                     : 'Add initials to appear on the board • <a id=""lb-chn"">set name</a>';
    var a = el.querySelector('#lb-chn'); if(a) a.onclick = askName;
  }
  function askName(cb){
    var n = window.prompt('Enter a name or initials for the leaderboard (3-16 characters):', playerName()||'');
    if(n){ n = n.trim().slice(0,16); if(n.length>=1){ setPlayerName(n); renderName(); if(typeof cb==='function') cb(n); return n; } }
    return null;
  }
  function renderBest(){
    var b = localBest();
    root.querySelector('#lb-best').innerHTML = b===null ? 'No personal best yet - play a round!' :
      ('Your best: <b>'+fmt(b)+'</b> '+esc(cfg.label||''));
  }

  function loadBoard(){
    var rows = root.querySelector('#lb-rows');
    rows.innerHTML = '<div class=""lb-empty"">Loading...</div>';
    var url = API+'/api/game/leaderboard?game='+encodeURIComponent(cfg.game)+'&window='+curWin+'&limit=10';
    var opts = {}; var tk = token(); if(tk) opts.headers = {'Authorization':'Bearer '+tk};
    fetch(url, opts).then(function(r){ if(!r.ok) throw 0; return r.json(); }).then(function(d){
      apiUp = true; renderRows(d.entries||[], d.you||null);
    }).catch(function(){
      apiUp = false; renderRows(null, null);
    });
  }
  function renderRows(entries, you){
    var rows = root.querySelector('#lb-rows');
    var youEl = root.querySelector('#lb-you');
    if(entries===null){
      rows.innerHTML = '<div class=""lb-empty"">Global leaderboards are warming up.<br>Your personal best is saved below and will post automatically once boards are live.</div>';
      youEl.textContent=''; return;
    }
    if(!entries.length){ rows.innerHTML = '<div class=""lb-empty"">No scores yet for this window. Be the first!</div>'; }
    else {
      rows.innerHTML = '';
      entries.forEach(function(e,i){
        var rk = e.rank||i+1; var me = you && you.rank===rk && e.name===you.name;
        var row = document.createElement('div');
        row.className = 'lb-row'+(rk===1?' top1':'')+(me?' me':'');
        var rkEl = document.createElement('div'); rkEl.className = 'rk';
        rkEl.textContent = rk===1 ? '\uD83E\uDD47' : String(rk);
        var nmEl = document.createElement('div'); nmEl.className = 'nm';
        nmEl.textContent = e.name || 'anon';
        var vlEl = document.createElement('div'); vlEl.className = 'vl';
        vlEl.textContent = String(fmt(e.value));
        row.appendChild(rkEl); row.appendChild(nmEl); row.appendChild(vlEl);
        rows.appendChild(row);
      });
    }
    if(you && you.rank){ youEl.textContent = 'You are #'+you.rank+(you.percentile!=null?(' \u00b7 top '+you.percentile+'%'):''); }
    else youEl.textContent='';
  }

  function submit(value){
    if(cfg==null) return;
    value = Number(value); if(!isFinite(value)) return;
    setLocalBest(value); renderBest();
    var name = playerName();
    if(!token() && !name){ name = askName() || ''; }
    var body = { game: cfg.game, metric: cfg.metric, value: value, name: name };
    var opts = { method:'POST', headers:{'Content-Type':'application/json'}, body: JSON.stringify(body) };
    var tk = token(); if(tk) opts.headers['Authorization'] = 'Bearer '+tk;
    fetch(API+'/api/game/score', opts).then(function(r){ if(!r.ok) throw 0; return r.json(); }).then(function(d){
      apiUp = true;
      if(d.you && d.you.rank) toast('New score! You are #'+d.you.rank+' '+ (curWin==='today'?'today':'') );
      loadBoard();
    }).catch(function(){ apiUp=false; renderRows(null,null); });
  }

  function share(){
    var b = localBest();
    var msg = b===null ? ('Try '+ (cfg.shareName||'this AP CSP game') +' on APCSExamPrep:')
                       : ('I scored '+fmt(b)+' '+(cfg.label||'')+' on '+(cfg.shareName||'this AP CSP game')+'. Beat me:');
    var url = location.href;
    if(navigator.share){ navigator.share({title:cfg.shareName||'AP CSP Game', text:msg, url:url}).catch(function(){}); return; }
    var full = msg+' '+url;
    if(navigator.clipboard && navigator.clipboard.writeText){ navigator.clipboard.writeText(full).then(function(){ toast('Challenge link copied!'); }).catch(function(){ window.prompt('Copy your challenge link:', full); }); }
    else window.prompt('Copy your challenge link:', full);
  }

  function init(options){
    cfg = Object.assign({ game:'game', metric:'score', label:'', higherIsBetter:true, shareName:'', mount:'#apcs-lb' }, options||{});
    root = (options && options.mount && document.querySelector(options.mount)) || document.getElementById('apcs-lb');
    if(!root) return;
    root.id = 'apcs-lb';
    shell(); loadBoard();
    document.addEventListener('apcsGameScore', function(e){ if(e && e.detail && e.detail.value!=null) submit(e.detail.value); });
  }

  return { init: init, submit: submit, refresh: loadBoard };
})();
</script>
<script>APCSLeaderboard.init({ game:'redundant-routing', metric:'score', label:'points', higherIsBetter:true, shareName:'Redundant Routing' });</script>","2026-03-01T07:00:00-06:00"
"ap-csp-game-internet-routing-simulator","MERGE","<style>
@import url('https://fonts.googleapis.com/css2?family=DM+Serif+Display&family=DM+Sans:wght@400;500;600;700&display=swap');

#irs-game{
  font-family:'DM Sans',system-ui,-apple-system,sans-serif !important;
  color:#0f1f3d !important;
  -webkit-text-fill-color:#0f1f3d !important;
  max-width:760px;margin:0 auto;padding:0;box-sizing:border-box;
  background:#ffffff !important;
}
#irs-game *{box-sizing:border-box;}

#irs-game .irs-header{
  background:#0f1f3d !important;
  border-radius:14px 14px 0 0;
  padding:18px 20px 16px;
}
#irs-game .irs-title{
  font-family:'DM Serif Display',Georgia,serif !important;
  font-size:26px;line-height:1.1;margin:0 0 4px;
  color:#ffffff !important;-webkit-text-fill-color:#ffffff !important;
}
#irs-game .irs-sub{
  font-size:13.5px;margin:0;
  color:#93c5fd !important;-webkit-text-fill-color:#93c5fd !important;
}
#irs-game .irs-how{
  background:#eff6ff !important;
  border:1px solid #e2e8f0;border-top:none;
  padding:9px 20px;font-size:12.5px;
  color:#1a56db !important;-webkit-text-fill-color:#1a56db !important;
  font-weight:600;
}
#irs-game .irs-bar{
  display:flex;gap:8px;flex-wrap:wrap;
  padding:12px 20px;background:#ffffff !important;
  border:1px solid #e2e8f0;border-top:none;
}
#irs-game .irs-stat{
  flex:1 1 0;min-width:70px;text-align:center;
  background:#f8fafc !important;border:1px solid #e2e8f0;border-radius:12px;
  padding:8px 4px;
}
#irs-game .irs-stat .k{
  font-size:10.5px;text-transform:uppercase;letter-spacing:.6px;font-weight:700;
  color:#64748b !important;-webkit-text-fill-color:#64748b !important;
}
#irs-game .irs-stat .v{
  font-size:20px;font-weight:700;margin-top:2px;
  color:#0f1f3d !important;-webkit-text-fill-color:#0f1f3d !important;
}
#irs-game .irs-note{
  padding:10px 20px;font-size:13px;line-height:1.4;
  background:#ffffff !important;border:1px solid #e2e8f0;border-top:none;
  color:#334155 !important;-webkit-text-fill-color:#334155 !important;
}
#irs-game .irs-note b{color:#7c3aed !important;-webkit-text-fill-color:#7c3aed !important;}

#irs-game .irs-stage{
  position:relative;background:#f1f5f9 !important;
  border:1px solid #e2e8f0;border-top:none;
}
#irs-game #irs-svg{display:block;width:100%;height:auto;touch-action:manipulation;}

#irs-game .irs-overlay{
  position:absolute;inset:0;display:none;
  align-items:center;justify-content:center;padding:16px;
  background:rgba(15,31,61,0.86) !important;
  border-radius:0;
}
#irs-game .irs-overlay.show{display:flex;}
#irs-game .irs-card{
  background:#ffffff !important;border-radius:14px;padding:20px;max-width:420px;text-align:center;
  border:1px solid #e2e8f0;
}
#irs-game .irs-card h3{
  font-family:'DM Serif Display',Georgia,serif !important;
  margin:0 0 8px;font-size:22px;
  color:#0f1f3d !important;-webkit-text-fill-color:#0f1f3d !important;
}
#irs-game .irs-card p{
  margin:0 0 14px;font-size:13.5px;line-height:1.5;
  color:#334155 !important;-webkit-text-fill-color:#334155 !important;
}
#irs-game .irs-card .win{color:#16a34a !important;-webkit-text-fill-color:#16a34a !important;font-weight:700;}
#irs-game .irs-card .bad{color:#dc2626 !important;-webkit-text-fill-color:#dc2626 !important;font-weight:700;}

#irs-game .irs-controls{
  display:flex;gap:8px;flex-wrap:wrap;padding:12px 20px;
  background:#ffffff !important;border:1px solid #e2e8f0;border-top:none;
}
#irs-game .btn{
  flex:1 1 auto;min-width:120px;
  font-family:'DM Sans',sans-serif !important;font-size:13px;font-weight:700;
  padding:11px 12px;border-radius:12px;cursor:pointer;border:1px solid transparent;
  transition:transform .05s ease,filter .15s ease;
}
#irs-game .btn:active{transform:translateY(1px);}
#irs-game .btn-primary{
  background:#1a56db !important;color:#ffffff !important;-webkit-text-fill-color:#ffffff !important;
}
#irs-game .btn-accent{
  background:#7c3aed !important;color:#ffffff !important;-webkit-text-fill-color:#ffffff !important;
}
#irs-game .btn-ghost{
  background:#eff6ff !important;color:#1a56db !important;-webkit-text-fill-color:#1a56db !important;
  border:1px solid #bfdbfe;
}
#irs-game .btn-break{
  background:#fef2f2 !important;color:#dc2626 !important;-webkit-text-fill-color:#dc2626 !important;
  border:1px solid #fecaca;
}
#irs-game .btn-break.on{
  background:#dc2626 !important;color:#ffffff !important;-webkit-text-fill-color:#ffffff !important;
  border-color:#dc2626;
}

#irs-game .irs-feedback{
  padding:12px 20px;font-size:13px;line-height:1.45;min-height:20px;font-weight:600;
  background:#ffffff !important;border:1px solid #e2e8f0;border-top:none;
  color:#334155 !important;-webkit-text-fill-color:#334155 !important;
}
#irs-game .irs-feedback.ok{color:#16a34a !important;-webkit-text-fill-color:#16a34a !important;}
#irs-game .irs-feedback.err{color:#dc2626 !important;-webkit-text-fill-color:#dc2626 !important;}
#irs-game .irs-feedback.info{color:#1a56db !important;-webkit-text-fill-color:#1a56db !important;}

#irs-game .irs-legend{
  display:flex;gap:14px;flex-wrap:wrap;justify-content:center;
  padding:11px 20px;background:#f8fafc !important;
  border:1px solid #e2e8f0;border-top:none;border-radius:0 0 14px 14px;
  font-size:11.5px;
  color:#64748b !important;-webkit-text-fill-color:#64748b !important;
}
#irs-game .irs-legend span{display:inline-flex;align-items:center;gap:5px;font-weight:600;}
#irs-game .irs-legend i{width:12px;height:12px;border-radius:50%;display:inline-block;}

#irs-game text{font-family:'DM Sans',sans-serif !important;}
</style>

<div class=""irs-game"" id=""irs-game"">
  <div class=""irs-header"">
    <p class=""irs-title"">Internet Routing Simulator</p>
    <p class=""irs-sub"">The Internet delivers data by hopping packets router-to-router along links  -  and reroutes around failures.</p>
  </div>
  <div class=""irs-how"">
    How to play: tap the next router along a link to move your packet toward the server. Fewer hops = higher score. Break routers/links and route around them.
  </div>
  <div class=""irs-bar"">
    <div class=""irs-stat"">
<div class=""k"">Level</div>
<div class=""v"" id=""irs-level"">1 / 5</div>
</div>
    <div class=""irs-stat"">
<div class=""k"">Hops</div>
<div class=""v"" id=""irs-hops"">0</div>
</div>
    <div class=""irs-stat"">
<div class=""k"">Delivered</div>
<div class=""v"" id=""irs-delivered"">0</div>
</div>
    <div class=""irs-stat"">
<div class=""k"">Score</div>
<div class=""v"" id=""irs-score"">0</div>
</div>
  </div>
  <div class=""irs-note"" id=""irs-note""></div>
  <div class=""irs-stage"">
    <svg id=""irs-svg"" viewbox=""0 0 620 400"" preserveaspectratio=""xMidYMid meet"" role=""img"" aria-label=""Network map""></svg>
    <div class=""irs-overlay"" id=""irs-overlay""></div>
  </div>
  <div class=""irs-controls"">
    <button class=""btn btn-primary"" id=""irs-send"">New Packet</button>
    <button class=""btn btn-accent"" id=""irs-auto"">Auto-Route ▶</button>
    <button class=""btn btn-break"" id=""irs-break"">Break Mode: OFF</button>
    <button class=""btn btn-ghost"" id=""irs-restart"">Restart Level</button>
  </div>
  <div class=""irs-feedback info"" id=""irs-feedback"">Tap a router next to your computer to send the first hop.</div>
  <div class=""irs-legend"">
    <span><i style=""background:#1a56db""></i>You (source)</span>
    <span><i style=""background:#16a34a""></i>Server (destination)</span>
    <span><i style=""background:#0f1f3d""></i>Router</span>
    <span><i style=""background:#dc2626""></i>Broken</span>
    <span><i style=""background:#d97706""></i>Packet</span>
  </div>
</div>

<script>
(function(){
  var SVGNS = ""http://www.w3.org/2000/svg"";
  var root = document.getElementById(""irs-game"");
  var svg = document.getElementById(""irs-svg"");
  var overlay = document.getElementById(""irs-overlay"");
  var noteEl = document.getElementById(""irs-note"");
  var fbEl = document.getElementById(""irs-feedback"");
  var elLevel = document.getElementById(""irs-level"");
  var elHops = document.getElementById(""irs-hops"");
  var elDelivered = document.getElementById(""irs-delivered"");
  var elScore = document.getElementById(""irs-score"");

  // ---- Level definitions ----
  var LEVELS = [
    {
      name:""First Hop"",
      note:""Your <b>packet</b> travels one hop at a time. Tap a router that shares a link with your current position, all the way to the Server."",
      nodes:[
        {id:""S"",x:70,y:200,label:""You"",type:""source""},
        {id:""A"",x:235,y:110,label:""R1""},
        {id:""B"",x:235,y:290,label:""R2""},
        {id:""M"",x:410,y:200,label:""R3""},
        {id:""D"",x:560,y:200,label:""Server"",type:""dest""}
      ],
      edges:[[""S"",""A""],[""S"",""B""],[""A"",""M""],[""B"",""M""],[""A"",""B""],[""M"",""D""]],
      brokenNodes:[],brokenEdges:[]
    },
    {
      name:""Route Around a Dead Link"",
      note:""A <b>link is down</b> (red dashes). The Internet does not rely on one path  -  find a redundant route to the Server."",
      nodes:[
        {id:""S"",x:70,y:200,label:""You"",type:""source""},
        {id:""A"",x:235,y:110,label:""R1""},
        {id:""B"",x:235,y:290,label:""R2""},
        {id:""M"",x:410,y:200,label:""R3""},
        {id:""D"",x:560,y:200,label:""Server"",type:""dest""}
      ],
      edges:[[""S"",""A""],[""S"",""B""],[""A"",""M""],[""B"",""M""],[""A"",""B""],[""M"",""D""]],
      brokenNodes:[],brokenEdges:[[""A"",""M""]]
    },
    {
      name:""The Longer Way Round"",
      note:""A whole <b>router has failed</b>. The short path is gone  -  the only working route is longer, but the packet still gets there."",
      nodes:[
        {id:""S"",x:70,y:200,label:""You"",type:""source""},
        {id:""A"",x:300,y:95,label:""R1""},
        {id:""B"",x:225,y:300,label:""R2""},
        {id:""C"",x:415,y:300,label:""R3""},
        {id:""D"",x:560,y:200,label:""Server"",type:""dest""}
      ],
      edges:[[""S"",""A""],[""A"",""D""],[""S"",""B""],[""B"",""C""],[""C"",""D""],[""A"",""B""]],
      brokenNodes:[""A""],brokenEdges:[]
    },
    {
      name:""Network Storm"",
      note:""<b>Two failures at once.</b> Trace a surviving path through the mesh  -  redundancy means many routers can carry the packet."",
      nodes:[
        {id:""S"",x:60,y:200,label:""You"",type:""source""},
        {id:""A"",x:195,y:95,label:""R1""},
        {id:""B"",x:195,y:305,label:""R2""},
        {id:""C"",x:345,y:95,label:""R3""},
        {id:""E"",x:345,y:305,label:""R4""},
        {id:""F"",x:470,y:200,label:""R5""},
        {id:""D"",x:575,y:200,label:""Server"",type:""dest""}
      ],
      edges:[[""S"",""A""],[""S"",""B""],[""A"",""B""],[""A"",""C""],[""A"",""E""],[""B"",""E""],[""C"",""E""],[""C"",""F""],[""E"",""F""],[""F"",""D""]],
      brokenNodes:[""C"",""B""],brokenEdges:[]
    },
    {
      name:""Single Point of Failure"",
      note:""This network has <b>no redundancy</b>: the Server sits behind one gateway. That gateway is down. Try to route  -  then see what a real outage looks like."",
      nodes:[
        {id:""S"",x:70,y:200,label:""You"",type:""source""},
        {id:""A"",x:235,y:110,label:""R1""},
        {id:""B"",x:235,y:290,label:""R2""},
        {id:""G"",x:410,y:200,label:""GW""},
        {id:""D"",x:560,y:200,label:""Server"",type:""dest""}
      ],
      edges:[[""S"",""A""],[""S"",""B""],[""A"",""B""],[""A"",""G""],[""B"",""G""],[""G"",""D""]],
      brokenNodes:[""G""],brokenEdges:[],
      unreachable:true
    }
  ];

  // ---- State ----
  var levelIdx = 0;
  var nodes = [], edges = [];
  var brokenNodes = {}, brokenEdges = {};
  var source = null, dest = null, current = null;
  var hops = 0, delivered = 0, score = 0;
  var optimal = null;
  var animating = false;
  var breakMode = false;
  var levelDone = false;
  var packet = null;

  function keyOf(a,b){ return a<b ? a+""|""+b : b+""|""+a; }
  function nodeById(id){ for(var i=0;i<nodes.length;i++){ if(nodes[i].id===id) return nodes[i]; } return null; }

  function neighbors(id){
    if(brokenNodes[id]) return [];
    var res=[];
    for(var i=0;i<edges.length;i++){
      var a=edges[i][0], b=edges[i][1];
      if(brokenEdges[keyOf(a,b)]) continue;
      if(a===id && !brokenNodes[b]) res.push(b);
      else if(b===id && !brokenNodes[a]) res.push(a);
    }
    return res;
  }

  function shortestPath(src,dst){
    if(brokenNodes[src] || brokenNodes[dst]) return null;
    var q=[src], seen={}, prev={};
    seen[src]=true;
    while(q.length){
      var cur=q.shift();
      if(cur===dst){
        var path=[dst];
        while(path[0]!==src) path.unshift(prev[path[0]]);
        return path;
      }
      var ns=neighbors(cur);
      for(var i=0;i<ns.length;i++){
        var n=ns[i];
        if(!seen[n]){ seen[n]=true; prev[n]=cur; q.push(n); }
      }
    }
    return null;
  }

  // ---- Rendering ----
  function clearSvg(){ while(svg.firstChild) svg.removeChild(svg.firstChild); }

  function mk(tag,attrs){
    var e=document.createElementNS(SVGNS,tag);
    for(var k in attrs){ if(attrs.hasOwnProperty(k)) e.setAttribute(k,attrs[k]); }
    return e;
  }

  function render(){
    clearSvg();
    // edges
    for(var i=0;i<edges.length;i++){
      var a=nodeById(edges[i][0]), b=nodeById(edges[i][1]);
      var broken = !!brokenEdges[keyOf(a.id,b.id)];
      var line = mk(""line"",{
        x1:a.x,y1:a.y,x2:b.x,y2:b.y,
        stroke: broken ? ""#dc2626"" : ""#94a3b8"",
        ""stroke-width"": broken ? 4 : 5,
        ""stroke-linecap"":""round"",
        ""stroke-dasharray"": broken ? ""9 8"" : ""0""
      });
      svg.appendChild(line);
      // wide transparent hit line for breaking
      var hit = mk(""line"",{x1:a.x,y1:a.y,x2:b.x,y2:b.y,stroke:""transparent"",""stroke-width"":18});
      hit.style.cursor = breakMode ? ""crosshair"" : ""default"";
      (function(ea,eb){ hit.addEventListener(""click"",function(){ onEdgeClick(ea,eb); }); })(a.id,b.id);
      svg.appendChild(hit);
    }
    // nodes
    for(var j=0;j<nodes.length;j++){
      drawNode(nodes[j]);
    }
    // packet on top
    var cn = nodeById(current);
    packet = mk(""circle"",{cx:cn.x,cy:cn.y,r:9,fill:""#d97706"",stroke:""#ffffff"",""stroke-width"":3});
    packet.setAttribute(""filter"","""");
    svg.appendChild(packet);
  }

  function drawNode(n){
    var g = mk(""g"",{});
    var broken = !!brokenNodes[n.id];
    var fill, stroke;
    if(broken){ fill=""#dc2626""; stroke=""#991b1b""; }
    else if(n.type===""source""){ fill=""#1a56db""; stroke=""#0f1f3d""; }
    else if(n.type===""dest""){ fill=""#16a34a""; stroke=""#14532d""; }
    else { fill=""#0f1f3d""; stroke=""#334155""; }

    var isCurrent = (n.id===current) && !broken;
    if(isCurrent){
      var ring = mk(""circle"",{cx:n.x,cy:n.y,r:31,fill:""none"",stroke:""#d97706"",""stroke-width"":3});
      g.appendChild(ring);
    }
    // highlight valid next hops
    var validNext = (!animating && !breakMode && !levelDone && neighbors(current).indexOf(n.id)>=0);
    var circle = mk(""circle"",{cx:n.x,cy:n.y,r:24,fill:fill,stroke: validNext ? ""#d97706"" : stroke,""stroke-width"": validNext ? 4 : 2});
    circle.style.cursor=""pointer"";
    g.appendChild(circle);

    var lbl = mk(""text"",{x:n.x,y:n.y+4,""text-anchor"":""middle"",""font-size"":""12"",""font-weight"":""700"",fill:""#ffffff""});
    lbl.style.webkitTextFillColor=""#ffffff"";
    lbl.style.pointerEvents=""none"";
    lbl.textContent = broken ? ""\u2715"" : n.label;
    g.appendChild(lbl);

    if(n.type===""source"" || n.type===""dest""){
      var cap = mk(""text"",{x:n.x,y:n.y+42,""text-anchor"":""middle"",""font-size"":""11"",""font-weight"":""700"",fill:""#334155""});
      cap.style.webkitTextFillColor=""#334155"";
      cap.style.pointerEvents=""none"";
      cap.textContent = n.type===""source"" ? ""SOURCE"" : ""DEST"";
      g.appendChild(cap);
    }

    (function(id){ g.addEventListener(""click"",function(){ onNodeClick(id); }); })(n.id);
    svg.appendChild(g);
  }

  // ---- Feedback ----
  function say(msg,cls){
    fbEl.textContent = msg;
    fbEl.className = ""irs-feedback "" + (cls||""info"");
  }

  function updateBar(){
    elLevel.textContent = (levelIdx+1) + "" / "" + LEVELS.length;
    elHops.textContent = hops;
    elDelivered.textContent = delivered;
    elScore.textContent = score;
  }

  // ---- Interactions ----
  function onNodeClick(id){
    var lvl = LEVELS[levelIdx];
    if(breakMode){
      var n = nodeById(id);
      if(n.type===""source"" || n.type===""dest""){ say(""You can't break the source or the destination themselves."",""err""); return; }
      if(id===current && !brokenNodes[id]){ say(""The packet is sitting on that router  -  move it first, or break a different node."",""err""); return; }
      brokenNodes[id] = !brokenNodes[id];
      render();
      recomputeOptimal();
      say(brokenNodes[id] ? (""Router "" + n.label + "" disabled. If it was on your path, route around it."") : (""Router "" + n.label + "" restored.""), ""info"");
      return;
    }
    if(animating || levelDone) return;
    if(id===current) return;
    var nbrs = neighbors(current);
    if(nbrs.indexOf(id)<0){
      say(""No link there. Packets can only travel along an existing link between two routers."",""err"");
      flash(id);
      return;
    }
    movePacket(current,id,function(){
      current=id; hops++; updateBar(); render();
      if(id===dest){ onDelivered(); }
      else { say(""Hop taken. Next router?"",""ok""); }
    });
  }

  function onEdgeClick(a,b){
    if(!breakMode) return;
    var k = keyOf(a,b);
    brokenEdges[k] = !brokenEdges[k];
    render();
    recomputeOptimal();
    say(brokenEdges[k] ? ""Link disabled. Packets can no longer cross it  -  use a redundant link."" : ""Link restored."",""info"");
  }

  function flash(id){
    var g = svg.lastChild; // packet is last; find node circle instead
    // brief red pulse on the target node
    var n = nodeById(id);
    var pulse = mk(""circle"",{cx:n.x,cy:n.y,r:24,fill:""none"",stroke:""#dc2626"",""stroke-width"":4});
    svg.appendChild(pulse);
    var t=0;
    var iv=setInterval(function(){
      t++;
      pulse.setAttribute(""r"",24+t*3);
      pulse.setAttribute(""stroke"",""rgba(220,38,38,""+(1-t/8)+"")"");
      if(t>=8){ clearInterval(iv); if(pulse.parentNode) pulse.parentNode.removeChild(pulse); }
    },30);
  }

  function movePacket(fromId,toId,cb){
    animating=true;
    render(); // clears next-hop highlights during motion
    var f=nodeById(fromId), t=nodeById(toId);
    var start=null, dur=430;
    function frame(now){
      if(start===null) start=now;
      var p=Math.min(1,(now-start)/dur);
      var e = p<0.5 ? 2*p*p : 1-Math.pow(-2*p+2,2)/2;
      packet.setAttribute(""cx"", f.x+(t.x-f.x)*e);
      packet.setAttribute(""cy"", f.y+(t.y-f.y)*e);
      if(p<1) requestAnimationFrame(frame);
      else { animating=false; if(cb) cb(); }
    }
    requestAnimationFrame(frame);
  }

  function autoRoute(){
    if(animating || levelDone) return;
    var path = shortestPath(current,dest);
    if(!path){
      if(LEVELS[levelIdx].unreachable){
        showOutage();
      } else {
        say(""No path from here. A router or link on every route is broken  -  try restoring or restarting the level."",""err"");
      }
      return;
    }
    if(path.length===1){ onDelivered(); return; }
    say(""Auto-routing along the shortest surviving path..."",""info"");
    stepPath(path,0);
  }

  function stepPath(path,i){
    if(i>=path.length-1){
      current=path[path.length-1];
      onDelivered();
      return;
    }
    movePacket(path[i],path[i+1],function(){
      current=path[i+1]; hops++; updateBar(); render();
      stepPath(path,i+1);
    });
  }

  function onDelivered(){
    if(levelDone) return;
    levelDone=true;
    delivered++;
    var opt = optimal===null ? hops : optimal;
    var extra = hops - opt;
    var pts = Math.max(20, 100 - (extra<0?0:extra)*20);
    score += pts;
    updateBar();
    render();

    var hadFailure = countBroken() > 0;
    var effLine = (extra<=0) ? ""Perfect  -  you used the fewest possible hops!"" : (""You used "" + hops + "" hops; the shortest surviving route was "" + opt + ""."");
    var teach = hadFailure
      ? ""You routed <b>around a failure</b>. Redundant paths are exactly why the Internet keeps working when a router or link goes down.""
      : ""Each hop moved the packet across one link. There is no single fixed wire  -  routers pass packets along until they reach the destination."";

    var isLastDeliverable = true;
    for(var i=levelIdx+1;i<LEVELS.length;i++){ if(!LEVELS[i].unreachable){ isLastDeliverable=false; break; } }
    var moreLevels = (levelIdx < LEVELS.length-1);

    var btn = moreLevels ? '<button class=""btn btn-primary"" id=""irs-next"" style=""min-width:160px"">Next Level →</button>'
                         : '<button class=""btn btn-primary"" id=""irs-next"" style=""min-width:160px"">See Results →</button>';

    showOverlay(
      '<h3 class=""win"">Packet Delivered!</h3>'+
      '<p><b>'+hops+' hops</b> • +'+pts+' points<br>'+effLine+'</p>'+
      '<p>'+teach+'</p>'+
      btn
    );
    document.getElementById(""irs-next"").addEventListener(""click"", function(){
      if(moreLevels) startLevel(levelIdx+1);
      else showResults();
    });
    say(""Delivered in "" + hops + "" hops. +"" + pts + "" points."",""ok"");
  }

  function showOutage(){
    levelDone=true;
    render();
    showOverlay(
      '<h3 class=""bad"">Server Unreachable  -  Outage</h3>'+
      '<p>Every route to the Server passes through one gateway, and it is down. With <b>no redundant path</b>, the packet cannot be delivered at all.</p>'+
      '<p>This is what a real outage looks like: a single point of failure with no backup. The Internet avoids this by building <b>many</b> paths between points.</p>'+
      '<button class=""btn btn-primary"" id=""irs-finish"" style=""min-width:160px"">Finish →</button>'
    );
    document.getElementById(""irs-finish"").addEventListener(""click"", showResults);
    say(""No path exists. One gateway, no redundancy = total outage."",""err"");
  }

  function showResults(){
    document.dispatchEvent(new CustomEvent('apcsGameScore',{detail:{value:score}}));
    showOverlay(
      '<h3 class=""win"">Network Mastered!</h3>'+
      '<p>Packets delivered: <b>'+delivered+'</b><br>Final score: <b>'+score+'</b></p>'+
      '<p>You routed packets hop-by-hop, rerouted around broken routers and links, and saw why a single point of failure breaks everything. <b>The Internet is fault-tolerant because it offers many redundant paths, not one fixed route.</b></p>'+
      '<button class=""btn btn-primary"" id=""irs-again"" style=""min-width:160px"">Play Again</button>'
    );
    document.getElementById(""irs-again"").addEventListener(""click"", function(){
      score=0; delivered=0; updateBar(); startLevel(0);
    });
  }

  function showOverlay(html){
    overlay.innerHTML = '<div class=""irs-card"">'+html+'</div>';
    overlay.className = ""irs-overlay show"";
  }
  function hideOverlay(){ overlay.className=""irs-overlay""; overlay.innerHTML=""""; }

  function countBroken(){
    var c=0,k;
    for(k in brokenNodes){ if(brokenNodes[k]) c++; }
    for(k in brokenEdges){ if(brokenEdges[k]) c++; }
    return c;
  }

  function recomputeOptimal(){
    optimal = null;
    var p = shortestPath(source,dest);
    if(p) optimal = p.length-1;
  }

  // ---- Level setup ----
  function startLevel(i){
    levelIdx=i;
    var lvl=LEVELS[i];
    // deep-copy nodes so we can reuse defs
    nodes = lvl.nodes.map(function(n){ return {id:n.id,x:n.x,y:n.y,label:n.label,type:n.type}; });
    edges = lvl.edges.map(function(e){ return [e[0],e[1]]; });
    brokenNodes={}; brokenEdges={};
    lvl.brokenNodes.forEach(function(id){ brokenNodes[id]=true; });
    lvl.brokenEdges.forEach(function(e){ brokenEdges[keyOf(e[0],e[1])]=true; });
    source=null; dest=null;
    nodes.forEach(function(n){ if(n.type===""source"") source=n.id; if(n.type===""dest"") dest=n.id; });
    current=source;
    hops=0; levelDone=false; breakMode=false;
    setBreakBtn();
    recomputeOptimal();
    hideOverlay();
    noteEl.innerHTML = ""<b>Level ""+(i+1)+"" • ""+lvl.name+"".</b> ""+lvl.note;
    updateBar();
    render();
    if(lvl.unreachable){
      say(""Try to reach the Server. Use Auto-Route to test if any path survives."",""info"");
    } else if(countBroken()>0){
      say(""Something is broken. Find a working route to the Server, or tap Auto-Route."",""info"");
    } else {
      say(""Tap a router linked to your computer to send the first hop."",""info"");
    }
  }

  function newPacket(){
    if(animating) return;
    current=source; hops=0; levelDone=false;
    hideOverlay();
    updateBar();
    render();
    say(""Fresh packet at the source. Route it to the Server."",""info"");
  }

  function setBreakBtn(){
    var b=document.getElementById(""irs-break"");
    if(breakMode){ b.textContent=""Break Mode: ON""; b.className=""btn btn-break on""; }
    else { b.textContent=""Break Mode: OFF""; b.className=""btn btn-break""; }
  }

  // ---- Buttons ----
  document.getElementById(""irs-send"").addEventListener(""click"", newPacket);
  document.getElementById(""irs-auto"").addEventListener(""click"", autoRoute);
  document.getElementById(""irs-restart"").addEventListener(""click"", function(){ startLevel(levelIdx); });
  document.getElementById(""irs-break"").addEventListener(""click"", function(){
    if(animating) return;
    breakMode=!breakMode;
    setBreakBtn();
    render();
    if(breakMode) say(""Break Mode ON: tap a router or a link to disable it (tap again to restore). Then route around it."",""info"");
    else say(""Break Mode OFF: tap routers to move your packet again."",""info"");
  });

  // ---- Go ----
  startLevel(0);
})();
</script>

<!--
  APCS Leaderboard Widget (reusable, drop-in). Namespaced under #apcs-lb.
  Usage in a game:
    1. Include this whole fragment once (style + mount + script).
    2. Call APCSLeaderboard.init({ game:'binary-conversion-race', metric:'score',
         label:'points', higherIsBetter:true, shareName:'Binary Conversion Race' });
    3. On a run ending, call APCSLeaderboard.submit(finalValue)
       (or dispatch: document.dispatchEvent(new CustomEvent('apcsGameScore',{detail:{value:finalValue}})) ).
  Works before the backend exists: on any API failure it shows the player's local
  personal best and a ""global boards warming up"" note, and never throws.
-->
<style>
  #apcs-lb{font-family:""DM Sans"",sans-serif;max-width:520px;margin:18px auto 0;border:1px solid #e2e8f0!important;border-radius:14px!important;overflow:hidden;background:#fff!important;}
  #apcs-lb .lb-head{background:#0f1f3d!important;padding:14px 18px;display:flex;align-items:center;justify-content:space-between;gap:10px;flex-wrap:wrap;}
  #apcs-lb .lb-title{font-family:""DM Serif Display"",serif!important;font-size:18px!important;color:#fff!important;-webkit-text-fill-color:#fff!important;}
  #apcs-lb .lb-you{font-size:12px!important;color:#93c5fd!important;-webkit-text-fill-color:#93c5fd!important;font-weight:600;}
  #apcs-lb .lb-tabs{display:flex;gap:4px;padding:10px 12px;background:#f8fafc!important;border-bottom:1px solid #e2e8f0;overflow-x:auto;}
  #apcs-lb .lb-tab{flex:1;min-width:64px;padding:7px 8px;border:none;background:transparent;border-radius:8px;font-family:inherit;font-size:12px!important;font-weight:700;color:#64748b!important;-webkit-text-fill-color:#64748b!important;cursor:pointer;white-space:nowrap;}
  #apcs-lb .lb-tab.on{background:#1a56db!important;color:#fff!important;-webkit-text-fill-color:#fff!important;}
  #apcs-lb .lb-rows{padding:8px 12px 4px;min-height:120px;}
  #apcs-lb .lb-row{display:flex;align-items:center;gap:12px;padding:8px 10px;border-radius:8px;font-size:14px!important;}
  #apcs-lb .lb-row:nth-child(even){background:#f8fafc!important;}
  #apcs-lb .lb-row .rk{width:26px;font-weight:800;color:#94a3b8!important;-webkit-text-fill-color:#94a3b8!important;text-align:center;}
  #apcs-lb .lb-row.top1 .rk{color:#d97706!important;-webkit-text-fill-color:#d97706!important;}
  #apcs-lb .lb-row.me{background:#eff6ff!important;border:1px solid #bfdbfe;}
  #apcs-lb .lb-row .nm{flex:1;font-weight:600;color:#0f1f3d!important;-webkit-text-fill-color:#0f1f3d!important;}
  #apcs-lb .lb-row .vl{font-weight:800;color:#1e40af!important;-webkit-text-fill-color:#1e40af!important;font-variant-numeric:tabular-nums;}
  #apcs-lb .lb-empty{padding:26px 12px;text-align:center;font-size:13px!important;color:#94a3b8!important;-webkit-text-fill-color:#94a3b8!important;line-height:1.6;}
  #apcs-lb .lb-foot{display:flex;align-items:center;justify-content:space-between;gap:10px;padding:12px 16px;border-top:1px solid #e2e8f0;background:#f8fafc!important;flex-wrap:wrap;}
  #apcs-lb .lb-best{font-size:13px!important;color:#334155!important;-webkit-text-fill-color:#334155!important;font-weight:600;}
  #apcs-lb .lb-best b{color:#0f1f3d!important;-webkit-text-fill-color:#0f1f3d!important;}
  #apcs-lb .lb-btn{background:#1a56db!important;color:#fff!important;-webkit-text-fill-color:#fff!important;border:none;border-radius:8px;font-family:inherit;font-size:13px!important;font-weight:700;padding:9px 16px;cursor:pointer;}
  #apcs-lb .lb-btn.ghost{background:#fff!important;color:#1a56db!important;-webkit-text-fill-color:#1a56db!important;border:1px solid #bfdbfe;}
  #apcs-lb .lb-name{font-size:12px!important;color:#64748b!important;-webkit-text-fill-color:#64748b!important;padding:8px 16px;background:#fff!important;border-top:1px solid #f1f5f9;}
  #apcs-lb .lb-name a{color:#1a56db!important;-webkit-text-fill-color:#1a56db!important;font-weight:700;cursor:pointer;text-decoration:underline;}
  #apcs-lb .lb-toast{position:fixed;left:50%;bottom:24px;transform:translateX(-50%);background:#0f1f3d!important;color:#fff!important;-webkit-text-fill-color:#fff!important;font-size:13px!important;font-weight:600;padding:10px 18px;border-radius:100px;opacity:0;transition:opacity .2s;pointer-events:none;z-index:9999;}
  #apcs-lb .lb-toast.show{opacity:1;}
</style>
<div id=""apcs-lb""></div>
<script>
window.APCSLeaderboard = (function(){
  var API = 'https://progress.apcsexamprep.com';
  var cfg = null, curWin = 'today', root = null, apiUp = true;
  var WINDOWS = [['today','Today'],['week','Week'],['month','Month'],['year','Year'],['all','All-time']];

  function ls(get, key, val){
    try{ if(get){ return window.localStorage.getItem(key); } window.localStorage.setItem(key, val); }catch(e){ return null; }
  }
  function token(){ return ls(true,'apcse_token') || null; }
  function playerName(){
    var t = ls(true,'apcse_name');
    return t || '';
  }
  function setPlayerName(n){ ls(false,'apcse_name', n); }
  function bestKey(){ return 'apcse_lb_best_' + cfg.game; }
  function localBest(){ var v = ls(true, bestKey()); return v===null ? null : Number(v); }
  function setLocalBest(v){
    var b = localBest();
    if(b===null || (cfg.higherIsBetter ? v>b : v<b)) ls(false, bestKey(), String(v));
  }
  function fmt(v){ return (typeof v==='number' && isFinite(v)) ? v : v; }

  function esc(s){ return String(s).replace(/[&<>""]/g, function(c){ return {'&':'\u0026amp;','<':'\u0026lt;','>':'\u0026gt;','""':'\u0026quot;'}[c]; }); }

  function toast(msg){
    var t = document.createElement('div'); t.className='lb-toast'; t.textContent=msg; root.appendChild(t);
    setTimeout(function(){ t.classList.add('show'); }, 20);
    setTimeout(function(){ t.classList.remove('show'); setTimeout(function(){ t.remove(); },300); }, 2200);
  }

  function shell(){
    root.innerHTML =
      '<div class=""lb-head""><div class=""lb-title"">🏆 Leaderboard</div><div class=""lb-you"" id=""lb-you""></div></div>'+
      '<div class=""lb-tabs"" id=""lb-tabs""></div>'+
      '<div class=""lb-rows"" id=""lb-rows""></div>'+
      '<div class=""lb-foot""><div class=""lb-best"" id=""lb-best""></div><button class=""lb-btn"" id=""lb-share"">🔗 Challenge a friend</button></div>'+
      '<div class=""lb-name"" id=""lb-name""></div>';
    var tabs = root.querySelector('#lb-tabs');
    WINDOWS.forEach(function(w){
      var b=document.createElement('button'); b.className='lb-tab'+(w[0]===curWin?' on':''); b.textContent=w[1];
      b.onclick=function(){ curWin=w[0]; Array.prototype.forEach.call(tabs.children,function(c){c.classList.remove('on');}); b.classList.add('on'); loadBoard(); };
      tabs.appendChild(b);
    });
    root.querySelector('#lb-share').onclick = share;
    renderName(); renderBest();
  }

  function renderName(){
    var el = root.querySelector('#lb-name');
    if(token()){ el.innerHTML = 'Signed in - your scores post under your class name.'; return; }
    var n = playerName();
    el.innerHTML = n ? ('Playing as <b>'+esc(n)+'</b> • <a id=""lb-chn"">change</a>')
                     : 'Add initials to appear on the board • <a id=""lb-chn"">set name</a>';
    var a = el.querySelector('#lb-chn'); if(a) a.onclick = askName;
  }
  function askName(cb){
    var n = window.prompt('Enter a name or initials for the leaderboard (3-16 characters):', playerName()||'');
    if(n){ n = n.trim().slice(0,16); if(n.length>=1){ setPlayerName(n); renderName(); if(typeof cb==='function') cb(n); return n; } }
    return null;
  }
  function renderBest(){
    var b = localBest();
    root.querySelector('#lb-best').innerHTML = b===null ? 'No personal best yet - play a round!' :
      ('Your best: <b>'+fmt(b)+'</b> '+esc(cfg.label||''));
  }

  function loadBoard(){
    var rows = root.querySelector('#lb-rows');
    rows.innerHTML = '<div class=""lb-empty"">Loading...</div>';
    var url = API+'/api/game/leaderboard?game='+encodeURIComponent(cfg.game)+'&window='+curWin+'&limit=10';
    var opts = {}; var tk = token(); if(tk) opts.headers = {'Authorization':'Bearer '+tk};
    fetch(url, opts).then(function(r){ if(!r.ok) throw 0; return r.json(); }).then(function(d){
      apiUp = true; renderRows(d.entries||[], d.you||null);
    }).catch(function(){
      apiUp = false; renderRows(null, null);
    });
  }
  function renderRows(entries, you){
    var rows = root.querySelector('#lb-rows');
    var youEl = root.querySelector('#lb-you');
    if(entries===null){
      rows.innerHTML = '<div class=""lb-empty"">Global leaderboards are warming up.<br>Your personal best is saved below and will post automatically once boards are live.</div>';
      youEl.textContent=''; return;
    }
    if(!entries.length){ rows.innerHTML = '<div class=""lb-empty"">No scores yet for this window. Be the first!</div>'; }
    else {
      rows.innerHTML = '';
      entries.forEach(function(e,i){
        var rk = e.rank||i+1; var me = you && you.rank===rk && e.name===you.name;
        var row = document.createElement('div');
        row.className = 'lb-row'+(rk===1?' top1':'')+(me?' me':'');
        var rkEl = document.createElement('div'); rkEl.className = 'rk';
        rkEl.textContent = rk===1 ? '\uD83E\uDD47' : String(rk);
        var nmEl = document.createElement('div'); nmEl.className = 'nm';
        nmEl.textContent = e.name || 'anon';
        var vlEl = document.createElement('div'); vlEl.className = 'vl';
        vlEl.textContent = String(fmt(e.value));
        row.appendChild(rkEl); row.appendChild(nmEl); row.appendChild(vlEl);
        rows.appendChild(row);
      });
    }
    if(you && you.rank){ youEl.textContent = 'You are #'+you.rank+(you.percentile!=null?(' \u00b7 top '+you.percentile+'%'):''); }
    else youEl.textContent='';
  }

  function submit(value){
    if(cfg==null) return;
    value = Number(value); if(!isFinite(value)) return;
    setLocalBest(value); renderBest();
    var name = playerName();
    if(!token() && !name){ name = askName() || ''; }
    var body = { game: cfg.game, metric: cfg.metric, value: value, name: name };
    var opts = { method:'POST', headers:{'Content-Type':'application/json'}, body: JSON.stringify(body) };
    var tk = token(); if(tk) opts.headers['Authorization'] = 'Bearer '+tk;
    fetch(API+'/api/game/score', opts).then(function(r){ if(!r.ok) throw 0; return r.json(); }).then(function(d){
      apiUp = true;
      if(d.you && d.you.rank) toast('New score! You are #'+d.you.rank+' '+ (curWin==='today'?'today':'') );
      loadBoard();
    }).catch(function(){ apiUp=false; renderRows(null,null); });
  }

  function share(){
    var b = localBest();
    var msg = b===null ? ('Try '+ (cfg.shareName||'this AP CSP game') +' on APCSExamPrep:')
                       : ('I scored '+fmt(b)+' '+(cfg.label||'')+' on '+(cfg.shareName||'this AP CSP game')+'. Beat me:');
    var url = location.href;
    if(navigator.share){ navigator.share({title:cfg.shareName||'AP CSP Game', text:msg, url:url}).catch(function(){}); return; }
    var full = msg+' '+url;
    if(navigator.clipboard && navigator.clipboard.writeText){ navigator.clipboard.writeText(full).then(function(){ toast('Challenge link copied!'); }).catch(function(){ window.prompt('Copy your challenge link:', full); }); }
    else window.prompt('Copy your challenge link:', full);
  }

  function init(options){
    cfg = Object.assign({ game:'game', metric:'score', label:'', higherIsBetter:true, shareName:'', mount:'#apcs-lb' }, options||{});
    root = (options && options.mount && document.querySelector(options.mount)) || document.getElementById('apcs-lb');
    if(!root) return;
    root.id = 'apcs-lb';
    shell(); loadBoard();
    document.addEventListener('apcsGameScore', function(e){ if(e && e.detail && e.detail.value!=null) submit(e.detail.value); });
  }

  return { init: init, submit: submit, refresh: loadBoard };
})();
</script>

<script>APCSLeaderboard.init({ game:'internet-routing-simulator', metric:'score', label:'points', higherIsBetter:true, shareName:'Internet Routing Simulator' });</script>","2026-03-01T07:00:00-06:00"
"ap-csp-game-two-sides","MERGE","<style>
  @import url('https://fonts.googleapis.com/css2?family=DM+Serif+Display&family=DM+Sans:wght@400;500;600;700;800&display=swap');

  #ts-game{font-family:""DM Sans"",sans-serif!important;max-width:560px;margin:0 auto;padding:0 12px;color:#0f1f3d!important;-webkit-text-fill-color:#0f1f3d!important;box-sizing:border-box;}
  #ts-game *{box-sizing:border-box;}
  #ts-game .ts-card{background:#fff!important;border:1px solid #e2e8f0!important;border-radius:14px!important;overflow:hidden;box-shadow:0 6px 20px rgba(15,31,61,.06);}
  #ts-game .ts-hero{background:#0f1f3d!important;padding:20px 20px 18px;}
  #ts-game .ts-title{font-family:""DM Serif Display"",serif!important;font-size:28px!important;line-height:1.1;color:#fff!important;-webkit-text-fill-color:#fff!important;margin:0 0 6px;}
  #ts-game .ts-sub{font-size:13px!important;color:#93c5fd!important;-webkit-text-fill-color:#93c5fd!important;margin:0;line-height:1.4;}
  #ts-game .ts-how{font-size:12px!important;color:#cbd5e1!important;-webkit-text-fill-color:#cbd5e1!important;margin:10px 0 0;line-height:1.4;}

  #ts-game .ts-bar{display:flex;gap:8px;padding:12px 16px;background:#eff6ff!important;border-bottom:1px solid #e2e8f0!important;align-items:center;flex-wrap:wrap;}
  #ts-game .ts-stat{flex:1;min-width:72px;text-align:center;}
  #ts-game .ts-stat .lab{font-size:10px!important;font-weight:700;letter-spacing:.04em;text-transform:uppercase;color:#64748b!important;-webkit-text-fill-color:#64748b!important;}
  #ts-game .ts-stat .val{font-size:19px!important;font-weight:800;color:#1a56db!important;-webkit-text-fill-color:#1a56db!important;font-variant-numeric:tabular-nums;}
  #ts-game .ts-stat .val.streak{color:#d97706!important;-webkit-text-fill-color:#d97706!important;}

  #ts-game .ts-body{padding:18px 16px 20px;}
  #ts-game .ts-innov{display:flex;align-items:center;gap:8px;justify-content:center;margin:0 0 4px;}
  #ts-game .ts-innov .chip{background:#7c3aed!important;color:#fff!important;-webkit-text-fill-color:#fff!important;font-size:11px!important;font-weight:700;letter-spacing:.03em;text-transform:uppercase;padding:4px 12px;border-radius:100px;}
  #ts-game .ts-prompt{text-align:center;font-size:12px!important;color:#64748b!important;-webkit-text-fill-color:#64748b!important;margin:6px 0 12px;}

  #ts-game .ts-effect{background:#f8fafc!important;border:1px solid #e2e8f0!important;border-radius:12px!important;padding:20px 18px;min-height:96px;display:flex;align-items:center;justify-content:center;text-align:center;font-size:17px!important;font-weight:600;line-height:1.4;color:#0f1f3d!important;-webkit-text-fill-color:#0f1f3d!important;}

  #ts-game .ts-choices{display:flex;gap:8px;margin-top:14px;}
  #ts-game .ts-btn{flex:1;border:none;border-radius:12px!important;padding:14px 8px;font-family:inherit;font-size:14px!important;font-weight:800;cursor:pointer;color:#fff!important;-webkit-text-fill-color:#fff!important;transition:transform .08s,filter .12s;line-height:1.15;}
  #ts-game .ts-btn:active{transform:translateY(1px);}
  #ts-game .ts-btn.good{background:#16a34a!important;}
  #ts-game .ts-btn.dep{background:#d97706!important;}
  #ts-game .ts-btn.bad{background:#dc2626!important;}
  #ts-game .ts-btn:disabled{filter:grayscale(.55) opacity(.6);cursor:default;}
  #ts-game .ts-btn .sm{display:block;font-size:10px!important;font-weight:600;opacity:.9;margin-top:2px;}

  #ts-game .ts-fb{margin-top:14px;border-radius:12px!important;padding:14px 14px;font-size:13px!important;line-height:1.5;border:1px solid transparent;display:none;}
  #ts-game .ts-fb.show{display:block;}
  #ts-game .ts-fb .verdict{font-weight:800;display:block;margin-bottom:3px;font-size:14px!important;}
  #ts-game .ts-fb.right{background:#f0fdf4!important;border-color:#bbf7d0!important;color:#166534!important;-webkit-text-fill-color:#166534!important;}
  #ts-game .ts-fb.right .verdict{color:#16a34a!important;-webkit-text-fill-color:#16a34a!important;}
  #ts-game .ts-fb.wrong{background:#fef2f2!important;border-color:#fecaca!important;color:#7f1d1d!important;-webkit-text-fill-color:#7f1d1d!important;}
  #ts-game .ts-fb.wrong .verdict{color:#dc2626!important;-webkit-text-fill-color:#dc2626!important;}
  #ts-game .ts-fb .teach{color:#334155!important;-webkit-text-fill-color:#334155!important;margin-top:5px;display:block;}

  #ts-game .ts-next{margin-top:12px;width:100%;background:#1a56db!important;color:#fff!important;-webkit-text-fill-color:#fff!important;border:none;border-radius:12px!important;padding:13px;font-family:inherit;font-size:15px!important;font-weight:800;cursor:pointer;display:none;}
  #ts-game .ts-next.show{display:block;}

  #ts-game .ts-progress{height:6px;background:#e2e8f0!important;border-radius:100px!important;overflow:hidden;margin-top:16px;}
  #ts-game .ts-progress .fill{height:100%;background:#1a56db!important;width:0;transition:width .3s;}

  #ts-game .ts-end{text-align:center;padding:26px 18px;}
  #ts-game .ts-end .emoji{font-size:44px!important;line-height:1;}
  #ts-game .ts-end h2{font-family:""DM Serif Display"",serif!important;font-size:26px!important;color:#0f1f3d!important;-webkit-text-fill-color:#0f1f3d!important;margin:12px 0 4px;}
  #ts-game .ts-end .fscore{font-size:16px!important;color:#1a56db!important;-webkit-text-fill-color:#1a56db!important;font-weight:800;margin:0 0 10px;}
  #ts-game .ts-end .msg{font-size:14px!important;color:#334155!important;-webkit-text-fill-color:#334155!important;line-height:1.55;max-width:420px;margin:0 auto 18px;}
  #ts-game .ts-again{background:#16a34a!important;color:#fff!important;-webkit-text-fill-color:#fff!important;border:none;border-radius:12px!important;padding:13px 28px;font-family:inherit;font-size:15px!important;font-weight:800;cursor:pointer;}
  #ts-game .hidden{display:none!important;}
</style>

<div class=""ts-game"" id=""ts-game"">
  <div class=""ts-card"">
    <div class=""ts-hero"">
      <h1 class=""ts-title"">Two Sides</h1>
      <p class=""ts-sub"">Every computing innovation usually has BOTH beneficial and harmful effects  -  and some effects were never intended.</p>
      <p class=""ts-how"">How to play: read each real-world effect and sort it as Beneficial, Harmful, or It Depends. Some cards are deliberately context-dependent. Answer fast for a streak bonus.</p>
    </div>

    <div class=""ts-bar"">
      <div class=""ts-stat"">
<div class=""lab"">Score</div>
<div class=""val"" id=""ts-score"">0</div>
</div>
      <div class=""ts-stat"">
<div class=""lab"">Streak</div>
<div class=""val streak"" id=""ts-streak"">0</div>
</div>
      <div class=""ts-stat"">
<div class=""lab"">Card</div>
<div class=""val"" id=""ts-count"">1/14</div>
</div>
    </div>

    <div class=""ts-body"" id=""ts-play"">
      <div class=""ts-innov""><span class=""chip"" id=""ts-innov"">Social media</span></div>
      <p class=""ts-prompt"">Effect of this innovation:</p>
      <div class=""ts-effect"" id=""ts-effect"">Loading...</div>

      <div class=""ts-choices"" id=""ts-choices"">
        <button class=""ts-btn good"" data-c=""beneficial"" id=""ts-b-good"">Beneficial<span class=""sm"">helps people</span></button>
        <button class=""ts-btn dep"" data-c=""depends"" id=""ts-b-dep"">It Depends<span class=""sm"">both / context</span></button>
        <button class=""ts-btn bad"" data-c=""harmful"" id=""ts-b-bad"">Harmful<span class=""sm"">hurts people</span></button>
      </div>

      <div class=""ts-fb"" id=""ts-fb""></div>
      <button class=""ts-next"" id=""ts-next"">Next card ▶</button>

      <div class=""ts-progress""><div class=""fill"" id=""ts-fill""></div></div>
    </div>

    <div class=""ts-body ts-end hidden"" id=""ts-endscreen"">
      <div class=""emoji"" id=""ts-emoji"">🏆</div>
      <h2 id=""ts-endtitle"">Round complete!</h2>
      <p class=""fscore"" id=""ts-fscore"">You scored 0 points</p>
      <p class=""msg"" id=""ts-endmsg""></p>
      <button class=""ts-again"" id=""ts-again"">Play again</button>
    </div>
  </div>
</div>

<script>
(function(){
  var CARDS = [
    { innov:'Social media', text:'People separated by long distances can stay in daily contact with family and friends.', ans:'beneficial',
      fb:'A clear benefit: computing innovations can connect people across geographic barriers.' },
    { innov:'Social media', text:'Recommendation algorithms can trap users in an ""echo chamber"" that only shows views they already agree with.', ans:'harmful',
      fb:'This is an unintended harmful effect: the design goal was engagement, not narrowing what people see.' },
    { innov:'Social media', text:'A platform lets grassroots activists organize protests and raise money quickly.', ans:'depends',
      fb:'It depends on the cause and the viewer. The same organizing power can spread help OR spread harm.' },

    { innov:'GPS navigation', text:'Emergency responders reach accident scenes faster using real-time routing.', ans:'beneficial',
      fb:'Faster response times save lives  -  a strong beneficial effect.' },
    { innov:'GPS navigation', text:'Apps route heavy traffic through quiet residential streets that were never built for it.', ans:'harmful',
      fb:'An unintended harmful effect on neighborhoods the designers never considered.' },
    { innov:'GPS navigation', text:'Constant location tracking makes navigation work but also records everywhere you go.', ans:'depends',
      fb:'It depends: the same location data enables directions AND enables surveillance of your movements.' },

    { innov:'Facial recognition', text:'It can help reunite a lost child or a missing person with their family.', ans:'beneficial',
      fb:'A genuine benefit when used to identify and locate people who need help.' },
    { innov:'Facial recognition', text:'Studies show it misidentifies some groups far more often, leading to wrongful accusations.', ans:'harmful',
      fb:'Bias in the data produces a harmful effect  -  the error is not spread equally across people.' },
    { innov:'Facial recognition', text:'A store uses it to speed up checkout and also to secretly track how long you browse.', ans:'depends',
      fb:'It depends on how it is used and whether you consent: convenience and hidden tracking come together.' },

    { innov:'AI chatbots', text:'A student gets instant, patient explanations of a hard topic at 2 a.m.', ans:'beneficial',
      fb:'On-demand tutoring is a real benefit of the innovation.' },
    { innov:'AI chatbots', text:'A confident-sounding answer is simply made up, and the user acts on the false information.', ans:'harmful',
      fb:'""Hallucinated"" output is an unintended harmful effect of how these systems generate text.' },

    { innov:'Drones', text:'They deliver medicine to remote villages with no roads.', ans:'beneficial',
      fb:'Reaching places roads cannot is a clear beneficial effect.' },
    { innov:'Ride-sharing apps', text:'A rider with no car gets an affordable late-night ride home.', ans:'beneficial',
      fb:'Expanded access to transportation is a beneficial effect.' },
    { innov:'Ride-sharing apps', text:'More cars circling for passengers adds to traffic and city pollution.', ans:'harmful',
      fb:'Increased congestion is an unintended harmful effect of the innovation.' },

    { innov:'Smart speakers', text:'They let a person with limited mobility control lights and calls by voice.', ans:'beneficial',
      fb:'Improved accessibility is a strong beneficial effect.' },
    { innov:'Smart speakers', text:'An always-on microphone is convenient but is also listening in your home.', ans:'depends',
      fb:'It depends: the same listening enables hands-free help AND raises real privacy concerns.' },

    { innov:'Online reviews', text:'Honest reviews help shoppers avoid scams and low-quality products.', ans:'beneficial',
      fb:'Better-informed decisions are a beneficial effect.' },
    { innov:'Online reviews', text:'Fake reviews can be planted to boost a bad product or sink a rival.', ans:'harmful',
      fb:'Manipulated reviews are a harmful effect that undermines the whole system.' }
  ];

  var ROUND = 14;
  var deck = [], idx = 0, score = 0, streak = 0, cardStart = 0, answered = false;

  var $ = function(id){ return document.getElementById(id); };
  var els = {
    score:$('ts-score'), streak:$('ts-streak'), count:$('ts-count'),
    innov:$('ts-innov'), effect:$('ts-effect'), choices:$('ts-choices'),
    fb:$('ts-fb'), next:$('ts-next'), fill:$('ts-fill'),
    play:$('ts-play'), end:$('ts-endscreen'),
    emoji:$('ts-emoji'), endtitle:$('ts-endtitle'), fscore:$('ts-fscore'), endmsg:$('ts-endmsg')
  };
  var btns = els.choices.querySelectorAll('.ts-btn');

  function shuffle(a){
    var arr = a.slice();
    for(var i=arr.length-1;i>0;i--){ var j=Math.floor(Math.random()*(i+1)); var t=arr[i];arr[i]=arr[j];arr[j]=t; }
    return arr;
  }

  function buildDeck(){
    var s = shuffle(CARDS);
    deck = s.slice(0, Math.min(ROUND, s.length));
  }

  function label(c){
    return c==='beneficial' ? 'Beneficial' : c==='harmful' ? 'Harmful' : 'It Depends';
  }

  function start(){
    buildDeck(); idx=0; score=0; streak=0;
    els.score.textContent='0'; els.streak.textContent='0';
    els.end.classList.add('hidden'); els.play.classList.remove('hidden');
    showCard();
  }

  function showCard(){
    answered=false;
    var c = deck[idx];
    els.innov.textContent = c.innov;
    els.effect.textContent = c.text;
    els.count.textContent = (idx+1)+'/'+deck.length;
    els.fb.className='ts-fb'; els.fb.innerHTML='';
    els.next.className='ts-next';
    Array.prototype.forEach.call(btns, function(b){ b.disabled=false; });
    els.fill.style.width = (idx/deck.length*100)+'%';
    cardStart = Date.now();
  }

  function answer(choice){
    if(answered) return;
    answered=true;
    var c = deck[idx];
    var correct = (choice===c.ans);
    Array.prototype.forEach.call(btns, function(b){ b.disabled=true; });

    var gained = 0;
    if(correct){
      var fast = (Date.now()-cardStart) < 6000;
      streak += 1;
      var base = 100;
      var streakBonus = (streak-1)*20;
      var speedBonus = fast ? 30 : 0;
      gained = base + streakBonus + speedBonus;
      score += gained;
    } else {
      streak = 0;
    }
    els.score.textContent = score;
    els.streak.textContent = streak;

    els.fb.classList.add('show', correct ? 'right' : 'wrong');
    var head = correct
      ? ('Correct • ' + label(c.ans) + (gained?('  +'+gained+' pts'):''))
      : ('Not quite • the best answer is ' + label(c.ans));
    els.fb.innerHTML = '<span class=""verdict"">'+head+'</span>'+
      '<span class=""teach"">'+c.fb+'</span>';

    els.fill.style.width = ((idx+1)/deck.length*100)+'%';
    els.next.textContent = (idx+1>=deck.length) ? 'See results ▶' : 'Next card ▶';
    els.next.classList.add('show');
  }

  function next(){
    if(!answered) return;
    idx += 1;
    if(idx >= deck.length){ endGame(); return; }
    showCard();
  }

  function endGame(){
    els.play.classList.add('hidden');
    els.end.classList.remove('hidden');
    var max = 0;
    // rough perfect estimate for message tiering
    var pct = score;
    var emoji, title, msg;
    if(score >= 1600){ emoji='🏆'; title='Balanced thinker!'; }
    else if(score >= 1000){ emoji='🎉'; title='Nicely done!'; }
    else { emoji='💡'; title='Good start!'; }
    msg = 'Key idea: almost every computing innovation carries BOTH beneficial and harmful effects, '+
          'and many of the harms are unintended  -  side effects the designers never planned for. '+
          'On the exam, look for the second side, and remember that context often decides whether an effect helps or hurts.';
    els.emoji.innerHTML = emoji;
    els.endtitle.innerHTML = title;
    els.fscore.textContent = 'You scored ' + score + ' points';
    els.endmsg.innerHTML = msg;

    document.dispatchEvent(new CustomEvent('apcsGameScore',{detail:{value:score}}));
  }

  Array.prototype.forEach.call(btns, function(b){
    b.addEventListener('click', function(){ answer(b.getAttribute('data-c')); });
  });
  els.next.addEventListener('click', next);
  $('ts-again').addEventListener('click', start);

  start();
})();
</script>

<!-- ===== APCS Leaderboard Widget (drop-in) ===== -->
<style>
  #apcs-lb{font-family:""DM Sans"",sans-serif;max-width:520px;margin:18px auto 0;border:1px solid #e2e8f0!important;border-radius:14px!important;overflow:hidden;background:#fff!important;}
  #apcs-lb .lb-head{background:#0f1f3d!important;padding:14px 18px;display:flex;align-items:center;justify-content:space-between;gap:10px;flex-wrap:wrap;}
  #apcs-lb .lb-title{font-family:""DM Serif Display"",serif!important;font-size:18px!important;color:#fff!important;-webkit-text-fill-color:#fff!important;}
  #apcs-lb .lb-you{font-size:12px!important;color:#93c5fd!important;-webkit-text-fill-color:#93c5fd!important;font-weight:600;}
  #apcs-lb .lb-tabs{display:flex;gap:4px;padding:10px 12px;background:#f8fafc!important;border-bottom:1px solid #e2e8f0;overflow-x:auto;}
  #apcs-lb .lb-tab{flex:1;min-width:64px;padding:7px 8px;border:none;background:transparent;border-radius:8px;font-family:inherit;font-size:12px!important;font-weight:700;color:#64748b!important;-webkit-text-fill-color:#64748b!important;cursor:pointer;white-space:nowrap;}
  #apcs-lb .lb-tab.on{background:#1a56db!important;color:#fff!important;-webkit-text-fill-color:#fff!important;}
  #apcs-lb .lb-rows{padding:8px 12px 4px;min-height:120px;}
  #apcs-lb .lb-row{display:flex;align-items:center;gap:12px;padding:8px 10px;border-radius:8px;font-size:14px!important;}
  #apcs-lb .lb-row:nth-child(even){background:#f8fafc!important;}
  #apcs-lb .lb-row .rk{width:26px;font-weight:800;color:#94a3b8!important;-webkit-text-fill-color:#94a3b8!important;text-align:center;}
  #apcs-lb .lb-row.top1 .rk{color:#d97706!important;-webkit-text-fill-color:#d97706!important;}
  #apcs-lb .lb-row.me{background:#eff6ff!important;border:1px solid #bfdbfe;}
  #apcs-lb .lb-row .nm{flex:1;font-weight:600;color:#0f1f3d!important;-webkit-text-fill-color:#0f1f3d!important;}
  #apcs-lb .lb-row .vl{font-weight:800;color:#1e40af!important;-webkit-text-fill-color:#1e40af!important;font-variant-numeric:tabular-nums;}
  #apcs-lb .lb-empty{padding:26px 12px;text-align:center;font-size:13px!important;color:#94a3b8!important;-webkit-text-fill-color:#94a3b8!important;line-height:1.6;}
  #apcs-lb .lb-foot{display:flex;align-items:center;justify-content:space-between;gap:10px;padding:12px 16px;border-top:1px solid #e2e8f0;background:#f8fafc!important;flex-wrap:wrap;}
  #apcs-lb .lb-best{font-size:13px!important;color:#334155!important;-webkit-text-fill-color:#334155!important;font-weight:600;}
  #apcs-lb .lb-best b{color:#0f1f3d!important;-webkit-text-fill-color:#0f1f3d!important;}
  #apcs-lb .lb-btn{background:#1a56db!important;color:#fff!important;-webkit-text-fill-color:#fff!important;border:none;border-radius:8px;font-family:inherit;font-size:13px!important;font-weight:700;padding:9px 16px;cursor:pointer;}
  #apcs-lb .lb-btn.ghost{background:#fff!important;color:#1a56db!important;-webkit-text-fill-color:#1a56db!important;border:1px solid #bfdbfe;}
  #apcs-lb .lb-name{font-size:12px!important;color:#64748b!important;-webkit-text-fill-color:#64748b!important;padding:8px 16px;background:#fff!important;border-top:1px solid #f1f5f9;}
  #apcs-lb .lb-name a{color:#1a56db!important;-webkit-text-fill-color:#1a56db!important;font-weight:700;cursor:pointer;text-decoration:underline;}
  #apcs-lb .lb-toast{position:fixed;left:50%;bottom:24px;transform:translateX(-50%);background:#0f1f3d!important;color:#fff!important;-webkit-text-fill-color:#fff!important;font-size:13px!important;font-weight:600;padding:10px 18px;border-radius:100px;opacity:0;transition:opacity .2s;pointer-events:none;z-index:9999;}
  #apcs-lb .lb-toast.show{opacity:1;}
</style>
<div id=""apcs-lb""></div>
<script>
window.APCSLeaderboard = (function(){
  var API = 'https://progress.apcsexamprep.com';
  var cfg = null, curWin = 'today', root = null, apiUp = true;
  var WINDOWS = [['today','Today'],['week','Week'],['month','Month'],['year','Year'],['all','All-time']];

  function ls(get, key, val){
    try{ if(get){ return window.localStorage.getItem(key); } window.localStorage.setItem(key, val); }catch(e){ return null; }
  }
  function token(){ return ls(true,'apcse_token') || null; }
  function playerName(){
    var t = ls(true,'apcse_name');
    return t || '';
  }
  function setPlayerName(n){ ls(false,'apcse_name', n); }
  function bestKey(){ return 'apcse_lb_best_' + cfg.game; }
  function localBest(){ var v = ls(true, bestKey()); return v===null ? null : Number(v); }
  function setLocalBest(v){
    var b = localBest();
    if(b===null || (cfg.higherIsBetter ? v>b : v<b)) ls(false, bestKey(), String(v));
  }
  function fmt(v){ return (typeof v==='number' && isFinite(v)) ? v : v; }

  function esc(s){ return String(s).replace(/[&<>""]/g, function(c){ return {'&':'\u0026amp;','<':'\u0026lt;','>':'\u0026gt;','""':'\u0026quot;'}[c]; }); }

  function toast(msg){
    var t = document.createElement('div'); t.className='lb-toast'; t.textContent=msg; root.appendChild(t);
    setTimeout(function(){ t.classList.add('show'); }, 20);
    setTimeout(function(){ t.classList.remove('show'); setTimeout(function(){ t.remove(); },300); }, 2200);
  }

  function shell(){
    root.innerHTML =
      '<div class=""lb-head""><div class=""lb-title"">🏆 Leaderboard</div><div class=""lb-you"" id=""lb-you""></div></div>'+
      '<div class=""lb-tabs"" id=""lb-tabs""></div>'+
      '<div class=""lb-rows"" id=""lb-rows""></div>'+
      '<div class=""lb-foot""><div class=""lb-best"" id=""lb-best""></div><button class=""lb-btn"" id=""lb-share"">🔗 Challenge a friend</button></div>'+
      '<div class=""lb-name"" id=""lb-name""></div>';
    var tabs = root.querySelector('#lb-tabs');
    WINDOWS.forEach(function(w){
      var b=document.createElement('button'); b.className='lb-tab'+(w[0]===curWin?' on':''); b.textContent=w[1];
      b.onclick=function(){ curWin=w[0]; Array.prototype.forEach.call(tabs.children,function(c){c.classList.remove('on');}); b.classList.add('on'); loadBoard(); };
      tabs.appendChild(b);
    });
    root.querySelector('#lb-share').onclick = share;
    renderName(); renderBest();
  }

  function renderName(){
    var el = root.querySelector('#lb-name');
    if(token()){ el.innerHTML = 'Signed in - your scores post under your class name.'; return; }
    var n = playerName();
    el.innerHTML = n ? ('Playing as <b>'+esc(n)+'</b> • <a id=""lb-chn"">change</a>')
                     : 'Add initials to appear on the board • <a id=""lb-chn"">set name</a>';
    var a = el.querySelector('#lb-chn'); if(a) a.onclick = askName;
  }
  function askName(cb){
    var n = window.prompt('Enter a name or initials for the leaderboard (3-16 characters):', playerName()||'');
    if(n){ n = n.trim().slice(0,16); if(n.length>=1){ setPlayerName(n); renderName(); if(typeof cb==='function') cb(n); return n; } }
    return null;
  }
  function renderBest(){
    var b = localBest();
    root.querySelector('#lb-best').innerHTML = b===null ? 'No personal best yet - play a round!' :
      ('Your best: <b>'+fmt(b)+'</b> '+esc(cfg.label||''));
  }

  function loadBoard(){
    var rows = root.querySelector('#lb-rows');
    rows.innerHTML = '<div class=""lb-empty"">Loading...</div>';
    var url = API+'/api/game/leaderboard?game='+encodeURIComponent(cfg.game)+'&window='+curWin+'&limit=10';
    var opts = {}; var tk = token(); if(tk) opts.headers = {'Authorization':'Bearer '+tk};
    fetch(url, opts).then(function(r){ if(!r.ok) throw 0; return r.json(); }).then(function(d){
      apiUp = true; renderRows(d.entries||[], d.you||null);
    }).catch(function(){
      apiUp = false; renderRows(null, null);
    });
  }
  function renderRows(entries, you){
    var rows = root.querySelector('#lb-rows');
    var youEl = root.querySelector('#lb-you');
    if(entries===null){
      rows.innerHTML = '<div class=""lb-empty"">Global leaderboards are warming up.<br>Your personal best is saved below and will post automatically once boards are live.</div>';
      youEl.textContent=''; return;
    }
    if(!entries.length){ rows.innerHTML = '<div class=""lb-empty"">No scores yet for this window. Be the first!</div>'; }
    else {
      rows.innerHTML = '';
      entries.forEach(function(e,i){
        var rk = e.rank||i+1; var me = you && you.rank===rk && e.name===you.name;
        var row = document.createElement('div');
        row.className = 'lb-row'+(rk===1?' top1':'')+(me?' me':'');
        var rkEl = document.createElement('div'); rkEl.className = 'rk';
        rkEl.textContent = rk===1 ? '\uD83E\uDD47' : String(rk);
        var nmEl = document.createElement('div'); nmEl.className = 'nm';
        nmEl.textContent = e.name || 'anon';
        var vlEl = document.createElement('div'); vlEl.className = 'vl';
        vlEl.textContent = String(fmt(e.value));
        row.appendChild(rkEl); row.appendChild(nmEl); row.appendChild(vlEl);
        rows.appendChild(row);
      });
    }
    if(you && you.rank){ youEl.textContent = 'You are #'+you.rank+(you.percentile!=null?(' \u00b7 top '+you.percentile+'%'):''); }
    else youEl.textContent='';
  }

  function submit(value){
    if(cfg==null) return;
    value = Number(value); if(!isFinite(value)) return;
    setLocalBest(value); renderBest();
    var name = playerName();
    if(!token() && !name){ name = askName() || ''; }
    var body = { game: cfg.game, metric: cfg.metric, value: value, name: name };
    var opts = { method:'POST', headers:{'Content-Type':'application/json'}, body: JSON.stringify(body) };
    var tk = token(); if(tk) opts.headers['Authorization'] = 'Bearer '+tk;
    fetch(API+'/api/game/score', opts).then(function(r){ if(!r.ok) throw 0; return r.json(); }).then(function(d){
      apiUp = true;
      if(d.you && d.you.rank) toast('New score! You are #'+d.you.rank+' '+ (curWin==='today'?'today':'') );
      loadBoard();
    }).catch(function(){ apiUp=false; renderRows(null,null); });
  }

  function share(){
    var b = localBest();
    var msg = b===null ? ('Try '+ (cfg.shareName||'this AP CSP game') +' on APCSExamPrep:')
                       : ('I scored '+fmt(b)+' '+(cfg.label||'')+' on '+(cfg.shareName||'this AP CSP game')+'. Beat me:');
    var url = location.href;
    if(navigator.share){ navigator.share({title:cfg.shareName||'AP CSP Game', text:msg, url:url}).catch(function(){}); return; }
    var full = msg+' '+url;
    if(navigator.clipboard && navigator.clipboard.writeText){ navigator.clipboard.writeText(full).then(function(){ toast('Challenge link copied!'); }).catch(function(){ window.prompt('Copy your challenge link:', full); }); }
    else window.prompt('Copy your challenge link:', full);
  }

  function init(options){
    cfg = Object.assign({ game:'game', metric:'score', label:'', higherIsBetter:true, shareName:'', mount:'#apcs-lb' }, options||{});
    root = (options && options.mount && document.querySelector(options.mount)) || document.getElementById('apcs-lb');
    if(!root) return;
    root.id = 'apcs-lb';
    shell(); loadBoard();
    document.addEventListener('apcsGameScore', function(e){ if(e && e.detail && e.detail.value!=null) submit(e.detail.value); });
  }

  return { init: init, submit: submit, refresh: loadBoard };
})();
APCSLeaderboard.init({ game:'two-sides', metric:'score', label:'points', higherIsBetter:true, shareName:'Two Sides' });
</script>","2026-03-01T07:00:00-06:00"
"ap-csp-game-bridge-the-divide","MERGE","<style>
  @import url('https://fonts.googleapis.com/css2?family=DM+Serif+Display&family=DM+Sans:wght@400;500;600;700;800&display=swap');
  #btd-game{font-family:""DM Sans"",sans-serif!important;max-width:720px;margin:0 auto;color:#0f1f3d!important;-webkit-text-fill-color:#0f1f3d!important;box-sizing:border-box;padding:0 8px;}
  #btd-game *{box-sizing:border-box;}
  #btd-game .btd-card{background:#fff!important;border:1px solid #e2e8f0!important;border-radius:14px!important;overflow:hidden;}
  #btd-game .btd-hero{background:#0f1f3d!important;padding:22px 22px 20px;}
  #btd-game .btd-title{font-family:""DM Serif Display"",serif!important;font-size:30px!important;line-height:1.1;color:#fff!important;-webkit-text-fill-color:#fff!important;margin:0 0 6px;}
  #btd-game .btd-sub{font-size:14px!important;color:#93c5fd!important;-webkit-text-fill-color:#93c5fd!important;margin:0 0 4px;font-weight:600;}
  #btd-game .btd-how{font-size:13px!important;color:#cbd5e1!important;-webkit-text-fill-color:#cbd5e1!important;margin:8px 0 0;line-height:1.5;}
  #btd-game .btd-bar{display:flex;gap:10px;flex-wrap:wrap;align-items:center;justify-content:space-between;padding:12px 16px;background:#eff6ff!important;border-bottom:1px solid #e2e8f0;}
  #btd-game .btd-stat{font-size:13px!important;font-weight:700;color:#334155!important;-webkit-text-fill-color:#334155!important;}
  #btd-game .btd-stat b{color:#0f1f3d!important;-webkit-text-fill-color:#0f1f3d!important;}
  #btd-game .btd-budget{font-size:15px!important;font-weight:800;color:#1a56db!important;-webkit-text-fill-color:#1a56db!important;}
  #btd-game .btd-budget.low{color:#dc2626!important;-webkit-text-fill-color:#dc2626!important;}
  #btd-game .btd-body{padding:16px;}
  #btd-game .btd-round-h{font-size:14px!important;font-weight:800;color:#7c3aed!important;-webkit-text-fill-color:#7c3aed!important;margin:0 0 4px;text-transform:uppercase;letter-spacing:.04em;}
  #btd-game .btd-round-t{font-size:14px!important;color:#475569!important;-webkit-text-fill-color:#475569!important;margin:0 0 14px;line-height:1.5;}
  #btd-game .btd-comm{border:1px solid #e2e8f0!important;border-radius:12px!important;padding:12px 14px;margin:0 0 12px;background:#fff!important;}
  #btd-game .btd-comm-top{display:flex;justify-content:space-between;align-items:baseline;gap:8px;flex-wrap:wrap;}
  #btd-game .btd-comm-name{font-size:15px!important;font-weight:800;color:#0f1f3d!important;-webkit-text-fill-color:#0f1f3d!important;}
  #btd-game .btd-comm-pop{font-size:12px!important;font-weight:700;color:#64748b!important;-webkit-text-fill-color:#64748b!important;}
  #btd-game .btd-need{font-size:12px!important;color:#64748b!important;-webkit-text-fill-color:#64748b!important;margin:3px 0 10px;line-height:1.45;}
  #btd-game .btd-opts{display:flex;gap:8px;flex-wrap:wrap;}
  #btd-game .btd-opt{flex:1;min-width:140px;text-align:left;border:1px solid #e2e8f0!important;background:#f8fafc!important;border-radius:10px!important;padding:9px 11px;cursor:pointer;font-family:inherit;transition:transform .06s,border-color .12s;}
  #btd-game .btd-opt:hover{border-color:#93c5fd!important;}
  #btd-game .btd-opt:active{transform:scale(.98);}
  #btd-game .btd-opt.sel{border-color:#1a56db!important;background:#eff6ff!important;box-shadow:0 0 0 2px #bfdbfe inset;}
  #btd-game .btd-opt.dis{opacity:.45;cursor:not-allowed;}
  #btd-game .btd-opt-n{display:block;font-size:13px!important;font-weight:800;color:#0f1f3d!important;-webkit-text-fill-color:#0f1f3d!important;}
  #btd-game .btd-opt-c{display:block;font-size:12px!important;font-weight:700;color:#1a56db!important;-webkit-text-fill-color:#1a56db!important;margin-top:2px;}
  #btd-game .btd-opt-d{display:block;font-size:11px!important;color:#64748b!important;-webkit-text-fill-color:#64748b!important;margin-top:3px;line-height:1.35;}
  #btd-game .btd-opt.sel .btd-opt-c{color:#16a34a!important;-webkit-text-fill-color:#16a34a!important;}
  #btd-game .btd-actions{display:flex;gap:10px;flex-wrap:wrap;margin-top:6px;}
  #btd-game .btd-btn{background:#1a56db!important;color:#fff!important;-webkit-text-fill-color:#fff!important;border:none;border-radius:10px!important;font-family:inherit;font-size:15px!important;font-weight:800;padding:12px 22px;cursor:pointer;}
  #btd-game .btd-btn:disabled{background:#94a3b8!important;cursor:not-allowed;}
  #btd-game .btd-btn.ghost{background:#fff!important;color:#1a56db!important;-webkit-text-fill-color:#1a56db!important;border:1px solid #bfdbfe!important;}
  #btd-game .btd-res-comm{border:1px solid #e2e8f0!important;border-radius:12px!important;padding:11px 14px;margin:0 0 10px;background:#f8fafc!important;}
  #btd-game .btd-res-name{font-size:14px!important;font-weight:800;color:#0f1f3d!important;-webkit-text-fill-color:#0f1f3d!important;}
  #btd-game .btd-res-conn{font-size:13px!important;font-weight:800;margin-top:2px;}
  #btd-game .btd-res-conn.good{color:#16a34a!important;-webkit-text-fill-color:#16a34a!important;}
  #btd-game .btd-res-conn.mid{color:#d97706!important;-webkit-text-fill-color:#d97706!important;}
  #btd-game .btd-res-conn.bad{color:#dc2626!important;-webkit-text-fill-color:#dc2626!important;}
  #btd-game .btd-res-why{font-size:12px!important;color:#475569!important;-webkit-text-fill-color:#475569!important;margin-top:3px;line-height:1.45;}
  #btd-game .btd-meter{height:8px;background:#e2e8f0!important;border-radius:99px;overflow:hidden;margin-top:7px;}
  #btd-game .btd-meter i{display:block;height:100%;background:#16a34a!important;border-radius:99px;}
  #btd-game .btd-note{font-size:13px!important;color:#475569!important;-webkit-text-fill-color:#475569!important;background:#eff6ff!important;border:1px solid #bfdbfe!important;border-radius:10px!important;padding:11px 13px;margin:2px 0 14px;line-height:1.5;}
  #btd-game .btd-end-h{font-family:""DM Serif Display"",serif!important;font-size:26px!important;color:#0f1f3d!important;-webkit-text-fill-color:#0f1f3d!important;margin:2px 0 6px;}
  #btd-game .btd-end-big{font-size:40px!important;font-weight:800;color:#16a34a!important;-webkit-text-fill-color:#16a34a!important;line-height:1;margin:8px 0;}
  #btd-game .btd-end-lbl{font-size:13px!important;font-weight:700;color:#64748b!important;-webkit-text-fill-color:#64748b!important;}
  #btd-game .btd-end-msg{font-size:14px!important;color:#334155!important;-webkit-text-fill-color:#334155!important;line-height:1.55;margin:12px 0 16px;}
  #btd-game .btd-warn{font-size:12px!important;color:#dc2626!important;-webkit-text-fill-color:#dc2626!important;font-weight:700;min-height:16px;margin-top:6px;}
</style>
<div class=""btd-game"" id=""btd-game"">
  <div class=""btd-card"">
    <div class=""btd-hero"">
      <p class=""btd-sub"">AP CSP • Big Idea 5, Topic 5.2 • The Digital Divide</p>
      <h2 class=""btd-title"">Bridge the Divide</h2>
      <p class=""btd-how"">Access to computing is not equal. Spend a limited connectivity budget across communities to connect the most people  -  and learn what drives each access gap: cost, geography, income, and skills. <b>How to play:</b> pick the best investment for each community, then resolve the round. Budgets tighten each round.</p>
    </div>
    <div class=""btd-bar"">
      <span class=""btd-stat"">Round <b id=""btd-round"">1</b> / 4</span>
      <span class=""btd-stat"">Connected: <b id=""btd-total"">0</b> people</span>
      <span class=""btd-budget"" id=""btd-budget"">Budget: 0</span>
    </div>
    <div class=""btd-body"" id=""btd-body""></div>
  </div>
</div>
<script>
(function(){
  var root = document.getElementById('btd-game');
  var body = root.querySelector('#btd-body');
  var elRound = root.querySelector('#btd-round');
  var elTotal = root.querySelector('#btd-total');
  var elBudget = root.querySelector('#btd-budget');

  // Investment option catalog. Each option targets the cause of a community's gap.
  // effect = fraction of that community's disconnected population reached if the option matches the gap driver.
  var OPTS = {
    broadband: { name:'Broadband infrastructure', cost:5, driver:'geography', d:'Lay cables / towers to reach areas with no service.' },
    devices:   { name:'Computers & devices',    cost:3, driver:'income',    d:'Provide laptops/tablets to those who cannot afford them.' },
    training:  { name:'Digital-literacy training', cost:2, driver:'skills',    d:'Teach people the skills to actually use technology.' },
    library:   { name:'Public / library access',  cost:4, driver:'cost',      d:'Shared free access points for whole-community use.' }
  };

  // Rounds: budgets shrink to force trade-offs (escalating difficulty).
  var ROUNDS = [
    { budget:12, note:'Warm-up. You can nearly fund everyone  -  notice how each fix matches a different cause.',
      comms:[
        { name:'Rural Farm County', pop:400, gap:'No broadband lines reach these homes; too far from providers.', driver:'geography', why:'Geography: providers skip low-density areas because the cost per home is too high.' },
        { name:'Riverside Low-Income Blocks', pop:350, gap:'Service exists but families cannot afford a plan or a computer.', driver:'income', why:'Income: the service is available, but the monthly cost and devices are out of reach.' },
        { name:'Lincoln Middle School', pop:300, gap:'Classrooms have Wi-Fi but almost no student devices.', driver:'income', why:'Income: connectivity is present, but hardware access is the barrier.' }
      ]},
    { budget:9, note:'Tighter budget. You cannot fully fund all three  -  invest where the money reaches the most people.',
      comms:[
        { name:'Mountain Ridge Villages', pop:500, gap:'Remote terrain; no cables and no cell towers.', driver:'geography', why:'Geography: rugged, remote terrain makes physical infrastructure the only fix.' },
        { name:'Downtown Senior Center', pop:250, gap:'Seniors have devices but do not know how to use them.', driver:'skills', why:'Skills: hardware is not enough without digital-literacy training.' },
        { name:'Eastside Apartments', pop:450, gap:'A shared free access point would serve the whole building cheaply.', driver:'cost', why:'Cost: one shared/public access point spreads a low cost across many users.' }
      ]},
    { budget:7, note:'Scarce budget. Match each investment to the exact cause of the gap or you waste money.',
      comms:[
        { name:'Delta Fishing Town', pop:550, gap:'Isolated coastline; no provider will build out here.', driver:'geography', why:'Geography: isolation raises build-out cost, so infrastructure must come first.' },
        { name:'Newcomer Family Center', pop:300, gap:'Free devices given out, but users need training to get online.', driver:'skills', why:'Skills: the digital divide includes the ability to use tech, not just own it.' },
        { name:'Public Housing Estate', pop:500, gap:'Households cannot afford personal plans or laptops.', driver:'income', why:'Income: affordability of service and devices is the core barrier.' }
      ]},
    { budget:6, note:'Final crisis round. Every point counts  -  connect the largest, cheapest wins first.',
      comms:[
        { name:'High Plains Reservation', pop:700, gap:'Vast rural land with no broadband backbone.', driver:'geography', why:'Geography: sparse rural land needs infrastructure; nothing else works without it.' },
        { name:'Community Library Branch', pop:600, gap:'A single public access hub would reach the entire district.', driver:'cost', why:'Cost: shared public access is the cheapest way to reach the most people at once.' },
        { name:'Elder Housing Complex', pop:280, gap:'Residents are online-ready but need literacy coaching.', driver:'skills', why:'Skills: closing this gap is cheap and fast when the only barrier is know-how.' }
      ]}
  ];

  var state = { round:0, total:0, choices:[] };

  function optKeyForDriver(driver){
    for(var k in OPTS){ if(OPTS[k].driver===driver) return k; }
    return null;
  }

  function renderPlay(){
    var R = ROUNDS[state.round];
    state.choices = R.comms.map(function(){ return null; });
    elRound.textContent = state.round+1;
    elTotal.textContent = state.total;
    updateBudget();

    var html = '';
    html += '<p class=""btd-round-h"">Round '+(state.round+1)+' of 4</p>';
    html += '<p class=""btd-round-t"">'+R.note+'</p>';

    R.comms.forEach(function(c, ci){
      html += '<div class=""btd-comm"">';
      html += '<div class=""btd-comm-top""><span class=""btd-comm-name"">'+c.name+'</span>'+
              '<span class=""btd-comm-pop"">'+c.pop+' unconnected</span></div>';
      html += '<p class=""btd-need"">Gap: '+c.gap+'</p>';
      html += '<div class=""btd-opts"">';
      for(var k in OPTS){
        var o = OPTS[k];
        html += '<button class=""btd-opt"" data-ci=""'+ci+'"" data-k=""'+k+'"">'+
                '<span class=""btd-opt-n"">'+o.name+'</span>'+
                '<span class=""btd-opt-c"">Cost '+o.cost+'</span>'+
                '<span class=""btd-opt-d"">'+o.d+'</span></button>';
      }
      html += '</div></div>';
    });
    html += '<p class=""btd-warn"" id=""btd-warn""></p>';
    html += '<div class=""btd-actions"">'+
            '<button class=""btd-btn"" id=""btd-resolve"">Resolve round ▶</button>'+
            '<button class=""btd-btn ghost"" id=""btd-clear"">Clear picks</button>'+
            '</div>';
    body.innerHTML = html;

    Array.prototype.forEach.call(body.querySelectorAll('.btd-opt'), function(btn){
      btn.addEventListener('click', function(){ togglePick(parseInt(btn.getAttribute('data-ci'),10), btn.getAttribute('data-k')); });
    });
    body.querySelector('#btd-resolve').addEventListener('click', resolveRound);
    body.querySelector('#btd-clear').addEventListener('click', function(){ renderPlay(); });
  }

  function spent(){
    var s = 0;
    state.choices.forEach(function(k){ if(k) s += OPTS[k].cost; });
    return s;
  }
  function updateBudget(){
    var R = ROUNDS[state.round];
    var left = R.budget - spent();
    elBudget.textContent = 'Budget: '+left+' / '+R.budget;
    elBudget.classList.toggle('low', left<=2);
    return left;
  }

  function togglePick(ci, k){
    var R = ROUNDS[state.round];
    var warn = body.querySelector('#btd-warn');
    warn.textContent = '';
    var prev = state.choices[ci];
    // toggle off if same
    if(prev===k){ state.choices[ci]=null; }
    else {
      var wouldSpend = spent() - (prev?OPTS[prev].cost:0) + OPTS[k].cost;
      if(wouldSpend > R.budget){ warn.textContent = 'Not enough budget for that pick. Free up points or choose a cheaper fix.'; refreshSel(); return; }
      state.choices[ci]=k;
    }
    refreshSel();
  }

  function refreshSel(){
    var R = ROUNDS[state.round];
    var left = updateBudget();
    Array.prototype.forEach.call(body.querySelectorAll('.btd-opt'), function(btn){
      var ci = parseInt(btn.getAttribute('data-ci'),10);
      var k = btn.getAttribute('data-k');
      var sel = state.choices[ci]===k;
      btn.classList.toggle('sel', sel);
      // disable options that cost more than remaining (unless already selected in this community)
      var curCost = state.choices[ci]?OPTS[state.choices[ci]].cost:0;
      var affordable = (OPTS[k].cost - curCost) <= left || sel;
      btn.classList.toggle('dis', !affordable);
    });
  }

  function resolveRound(){
    var R = ROUNDS[state.round];
    var roundConnected = 0;
    var results = R.comms.map(function(c, ci){
      var k = state.choices[ci];
      var connected = 0, cls='bad', explain='';
      if(!k){
        connected = 0; cls='bad';
        explain = 'No investment  -  0 connected. ' + c.why;
      } else if(OPTS[k].driver === c.driver){
        connected = c.pop; cls='good';
        explain = 'Right fix for the cause  -  all '+c.pop+' connected. ' + c.why;
      } else {
        connected = Math.round(c.pop*0.25); cls='mid';
        explain = 'Partial: this helps a little but does not address the real cause. ' + c.why;
      }
      roundConnected += connected;
      return { c:c, connected:connected, cls:cls, explain:explain };
    });
    state.total += roundConnected;

    var html = '';
    html += '<p class=""btd-round-h"">Round '+(state.round+1)+' results</p>';
    html += '<p class=""btd-note"">You connected <b>'+roundConnected+'</b> people this round. The digital divide is about <b>unequal access and its causes</b>  -  matching each fix to what actually drives the gap connects the most people.</p>';
    results.forEach(function(r){
      var pct = Math.round(r.connected / r.c.pop * 100);
      html += '<div class=""btd-res-comm"">';
      html += '<div class=""btd-res-name"">'+r.c.name+'</div>';
      html += '<div class=""btd-res-conn '+r.cls+'"">'+r.connected+' / '+r.c.pop+' connected ('+pct+'%)</div>';
      html += '<div class=""btd-meter""><i style=""width:'+pct+'%""></i></div>';
      html += '<div class=""btd-res-why"">'+r.explain+'</div>';
      html += '</div>';
    });
    var last = state.round >= ROUNDS.length-1;
    html += '<div class=""btd-actions"">'+
            '<button class=""btd-btn"" id=""btd-next"">'+(last?'See final results ▶':'Next round ▶')+'</button>'+
            '</div>';
    body.innerHTML = html;
    elTotal.textContent = state.total;

    body.querySelector('#btd-next').addEventListener('click', function(){
      if(last){ renderEnd(); }
      else { state.round++; renderPlay(); }
    });
  }

  function renderEnd(){
    elRound.textContent = 4;
    var maxPeople = 0;
    ROUNDS.forEach(function(R){ R.comms.forEach(function(c){ maxPeople += c.pop; }); });
    var pct = Math.round(state.total / maxPeople * 100);
    var msg;
    if(pct>=90) msg = 'Outstanding. You matched investments to the true drivers  -  geography, income, skills, and cost  -  and closed nearly every gap.';
    else if(pct>=65) msg = 'Solid work. You connected most people. The biggest wins came from matching each fix to what actually caused the gap.';
    else msg = 'The gaps stayed wide. Remember: the divide is not just ""no internet""  -  infrastructure fixes geography, devices fix income, training fixes skills, and shared access fixes cost.';

    var html = '';
    html += '<h3 class=""btd-end-h"">🌐 Every fix has a cause</h3>';
    html += '<div class=""btd-end-lbl"">Total people connected</div>';
    html += '<div class=""btd-end-big"">'+state.total+'</div>';
    html += '<div class=""btd-end-lbl"">out of '+maxPeople+' possible ('+pct+'%)</div>';
    html += '<p class=""btd-end-msg"">'+msg+' The <b>digital divide</b> describes unequal access to computing driven by socioeconomic status, geography, and other factors  -  and closing it means addressing the specific cause each community faces.</p>';
    html += '<div class=""btd-actions"">'+
            '<button class=""btd-btn"" id=""btd-again"">↻ Play again</button>'+
            '</div>';
    body.innerHTML = html;

    body.querySelector('#btd-again').addEventListener('click', function(){
      state = { round:0, total:0, choices:[] };
      renderPlay();
    });

    document.dispatchEvent(new CustomEvent('apcsGameScore', { detail:{ value: state.total } }));
  }

  renderPlay();
})();
</script>
<!-- ===== Leaderboard widget (drop-in) ===== -->
<style>
  #apcs-lb{font-family:""DM Sans"",sans-serif;max-width:520px;margin:18px auto 0;border:1px solid #e2e8f0!important;border-radius:14px!important;overflow:hidden;background:#fff!important;}
  #apcs-lb .lb-head{background:#0f1f3d!important;padding:14px 18px;display:flex;align-items:center;justify-content:space-between;gap:10px;flex-wrap:wrap;}
  #apcs-lb .lb-title{font-family:""DM Serif Display"",serif!important;font-size:18px!important;color:#fff!important;-webkit-text-fill-color:#fff!important;}
  #apcs-lb .lb-you{font-size:12px!important;color:#93c5fd!important;-webkit-text-fill-color:#93c5fd!important;font-weight:600;}
  #apcs-lb .lb-tabs{display:flex;gap:4px;padding:10px 12px;background:#f8fafc!important;border-bottom:1px solid #e2e8f0;overflow-x:auto;}
  #apcs-lb .lb-tab{flex:1;min-width:64px;padding:7px 8px;border:none;background:transparent;border-radius:8px;font-family:inherit;font-size:12px!important;font-weight:700;color:#64748b!important;-webkit-text-fill-color:#64748b!important;cursor:pointer;white-space:nowrap;}
  #apcs-lb .lb-tab.on{background:#1a56db!important;color:#fff!important;-webkit-text-fill-color:#fff!important;}
  #apcs-lb .lb-rows{padding:8px 12px 4px;min-height:120px;}
  #apcs-lb .lb-row{display:flex;align-items:center;gap:12px;padding:8px 10px;border-radius:8px;font-size:14px!important;}
  #apcs-lb .lb-row:nth-child(even){background:#f8fafc!important;}
  #apcs-lb .lb-row .rk{width:26px;font-weight:800;color:#94a3b8!important;-webkit-text-fill-color:#94a3b8!important;text-align:center;}
  #apcs-lb .lb-row.top1 .rk{color:#d97706!important;-webkit-text-fill-color:#d97706!important;}
  #apcs-lb .lb-row.me{background:#eff6ff!important;border:1px solid #bfdbfe;}
  #apcs-lb .lb-row .nm{flex:1;font-weight:600;color:#0f1f3d!important;-webkit-text-fill-color:#0f1f3d!important;}
  #apcs-lb .lb-row .vl{font-weight:800;color:#1e40af!important;-webkit-text-fill-color:#1e40af!important;font-variant-numeric:tabular-nums;}
  #apcs-lb .lb-empty{padding:26px 12px;text-align:center;font-size:13px!important;color:#94a3b8!important;-webkit-text-fill-color:#94a3b8!important;line-height:1.6;}
  #apcs-lb .lb-foot{display:flex;align-items:center;justify-content:space-between;gap:10px;padding:12px 16px;border-top:1px solid #e2e8f0;background:#f8fafc!important;flex-wrap:wrap;}
  #apcs-lb .lb-best{font-size:13px!important;color:#334155!important;-webkit-text-fill-color:#334155!important;font-weight:600;}
  #apcs-lb .lb-best b{color:#0f1f3d!important;-webkit-text-fill-color:#0f1f3d!important;}
  #apcs-lb .lb-btn{background:#1a56db!important;color:#fff!important;-webkit-text-fill-color:#fff!important;border:none;border-radius:8px;font-family:inherit;font-size:13px!important;font-weight:700;padding:9px 16px;cursor:pointer;}
  #apcs-lb .lb-btn.ghost{background:#fff!important;color:#1a56db!important;-webkit-text-fill-color:#1a56db!important;border:1px solid #bfdbfe;}
  #apcs-lb .lb-name{font-size:12px!important;color:#64748b!important;-webkit-text-fill-color:#64748b!important;padding:8px 16px;background:#fff!important;border-top:1px solid #f1f5f9;}
  #apcs-lb .lb-name a{color:#1a56db!important;-webkit-text-fill-color:#1a56db!important;font-weight:700;cursor:pointer;text-decoration:underline;}
  #apcs-lb .lb-toast{position:fixed;left:50%;bottom:24px;transform:translateX(-50%);background:#0f1f3d!important;color:#fff!important;-webkit-text-fill-color:#fff!important;font-size:13px!important;font-weight:600;padding:10px 18px;border-radius:100px;opacity:0;transition:opacity .2s;pointer-events:none;z-index:9999;}
  #apcs-lb .lb-toast.show{opacity:1;}
</style>
<div id=""apcs-lb""></div>
<script>
window.APCSLeaderboard = (function(){
  var API = 'https://progress.apcsexamprep.com';
  var cfg = null, curWin = 'today', root = null, apiUp = true;
  var WINDOWS = [['today','Today'],['week','Week'],['month','Month'],['year','Year'],['all','All-time']];

  function ls(get, key, val){
    try{ if(get){ return window.localStorage.getItem(key); } window.localStorage.setItem(key, val); }catch(e){ return null; }
  }
  function token(){ return ls(true,'apcse_token') || null; }
  function playerName(){
    var t = ls(true,'apcse_name');
    return t || '';
  }
  function setPlayerName(n){ ls(false,'apcse_name', n); }
  function bestKey(){ return 'apcse_lb_best_' + cfg.game; }
  function localBest(){ var v = ls(true, bestKey()); return v===null ? null : Number(v); }
  function setLocalBest(v){
    var b = localBest();
    if(b===null || (cfg.higherIsBetter ? v>b : v<b)) ls(false, bestKey(), String(v));
  }
  function fmt(v){ return (typeof v==='number' && isFinite(v)) ? v : v; }

  function esc(s){ return String(s).replace(/[&<>""]/g, function(c){ return {'&':'\u0026amp;','<':'\u0026lt;','>':'\u0026gt;','""':'\u0026quot;'}[c]; }); }

  function toast(msg){
    var t = document.createElement('div'); t.className='lb-toast'; t.textContent=msg; root.appendChild(t);
    setTimeout(function(){ t.classList.add('show'); }, 20);
    setTimeout(function(){ t.classList.remove('show'); setTimeout(function(){ t.remove(); },300); }, 2200);
  }

  function shell(){
    root.innerHTML =
      '<div class=""lb-head""><div class=""lb-title"">🏆 Leaderboard</div><div class=""lb-you"" id=""lb-you""></div></div>'+
      '<div class=""lb-tabs"" id=""lb-tabs""></div>'+
      '<div class=""lb-rows"" id=""lb-rows""></div>'+
      '<div class=""lb-foot""><div class=""lb-best"" id=""lb-best""></div><button class=""lb-btn"" id=""lb-share"">🔗 Challenge a friend</button></div>'+
      '<div class=""lb-name"" id=""lb-name""></div>';
    var tabs = root.querySelector('#lb-tabs');
    WINDOWS.forEach(function(w){
      var b=document.createElement('button'); b.className='lb-tab'+(w[0]===curWin?' on':''); b.textContent=w[1];
      b.onclick=function(){ curWin=w[0]; Array.prototype.forEach.call(tabs.children,function(c){c.classList.remove('on');}); b.classList.add('on'); loadBoard(); };
      tabs.appendChild(b);
    });
    root.querySelector('#lb-share').onclick = share;
    renderName(); renderBest();
  }

  function renderName(){
    var el = root.querySelector('#lb-name');
    if(token()){ el.innerHTML = 'Signed in - your scores post under your class name.'; return; }
    var n = playerName();
    el.innerHTML = n ? ('Playing as <b>'+esc(n)+'</b> • <a id=""lb-chn"">change</a>')
                     : 'Add initials to appear on the board • <a id=""lb-chn"">set name</a>';
    var a = el.querySelector('#lb-chn'); if(a) a.onclick = askName;
  }
  function askName(cb){
    var n = window.prompt('Enter a name or initials for the leaderboard (3-16 characters):', playerName()||'');
    if(n){ n = n.trim().slice(0,16); if(n.length>=1){ setPlayerName(n); renderName(); if(typeof cb==='function') cb(n); return n; } }
    return null;
  }
  function renderBest(){
    var b = localBest();
    root.querySelector('#lb-best').innerHTML = b===null ? 'No personal best yet - play a round!' :
      ('Your best: <b>'+fmt(b)+'</b> '+esc(cfg.label||''));
  }

  function loadBoard(){
    var rows = root.querySelector('#lb-rows');
    rows.innerHTML = '<div class=""lb-empty"">Loading...</div>';
    var url = API+'/api/game/leaderboard?game='+encodeURIComponent(cfg.game)+'&window='+curWin+'&limit=10';
    var opts = {}; var tk = token(); if(tk) opts.headers = {'Authorization':'Bearer '+tk};
    fetch(url, opts).then(function(r){ if(!r.ok) throw 0; return r.json(); }).then(function(d){
      apiUp = true; renderRows(d.entries||[], d.you||null);
    }).catch(function(){
      apiUp = false; renderRows(null, null);
    });
  }
  function renderRows(entries, you){
    var rows = root.querySelector('#lb-rows');
    var youEl = root.querySelector('#lb-you');
    if(entries===null){
      rows.innerHTML = '<div class=""lb-empty"">Global leaderboards are warming up.<br>Your personal best is saved below and will post automatically once boards are live.</div>';
      youEl.textContent=''; return;
    }
    if(!entries.length){ rows.innerHTML = '<div class=""lb-empty"">No scores yet for this window. Be the first!</div>'; }
    else {
      rows.innerHTML = '';
      entries.forEach(function(e,i){
        var rk = e.rank||i+1; var me = you && you.rank===rk && e.name===you.name;
        var row = document.createElement('div');
        row.className = 'lb-row'+(rk===1?' top1':'')+(me?' me':'');
        var rkEl = document.createElement('div'); rkEl.className = 'rk';
        rkEl.textContent = rk===1 ? '\uD83E\uDD47' : String(rk);
        var nmEl = document.createElement('div'); nmEl.className = 'nm';
        nmEl.textContent = e.name || 'anon';
        var vlEl = document.createElement('div'); vlEl.className = 'vl';
        vlEl.textContent = String(fmt(e.value));
        row.appendChild(rkEl); row.appendChild(nmEl); row.appendChild(vlEl);
        rows.appendChild(row);
      });
    }
    if(you && you.rank){ youEl.textContent = 'You are #'+you.rank+(you.percentile!=null?(' \u00b7 top '+you.percentile+'%'):''); }
    else youEl.textContent='';
  }

  function submit(value){
    if(cfg==null) return;
    value = Number(value); if(!isFinite(value)) return;
    setLocalBest(value); renderBest();
    var name = playerName();
    if(!token() && !name){ name = askName() || ''; }
    var body = { game: cfg.game, metric: cfg.metric, value: value, name: name };
    var opts = { method:'POST', headers:{'Content-Type':'application/json'}, body: JSON.stringify(body) };
    var tk = token(); if(tk) opts.headers['Authorization'] = 'Bearer '+tk;
    fetch(API+'/api/game/score', opts).then(function(r){ if(!r.ok) throw 0; return r.json(); }).then(function(d){
      apiUp = true;
      if(d.you && d.you.rank) toast('New score! You are #'+d.you.rank+' '+ (curWin==='today'?'today':'') );
      loadBoard();
    }).catch(function(){ apiUp=false; renderRows(null,null); });
  }

  function share(){
    var b = localBest();
    var msg = b===null ? ('Try '+ (cfg.shareName||'this AP CSP game') +' on APCSExamPrep:')
                       : ('I scored '+fmt(b)+' '+(cfg.label||'')+' on '+(cfg.shareName||'this AP CSP game')+'. Beat me:');
    var url = location.href;
    if(navigator.share){ navigator.share({title:cfg.shareName||'AP CSP Game', text:msg, url:url}).catch(function(){}); return; }
    var full = msg+' '+url;
    if(navigator.clipboard && navigator.clipboard.writeText){ navigator.clipboard.writeText(full).then(function(){ toast('Challenge link copied!'); }).catch(function(){ window.prompt('Copy your challenge link:', full); }); }
    else window.prompt('Copy your challenge link:', full);
  }

  function init(options){
    cfg = Object.assign({ game:'game', metric:'score', label:'', higherIsBetter:true, shareName:'', mount:'#apcs-lb' }, options||{});
    root = (options && options.mount && document.querySelector(options.mount)) || document.getElementById('apcs-lb');
    if(!root) return;
    root.id = 'apcs-lb';
    shell(); loadBoard();
    document.addEventListener('apcsGameScore', function(e){ if(e && e.detail && e.detail.value!=null) submit(e.detail.value); });
  }

  return { init: init, submit: submit, refresh: loadBoard };
})();
APCSLeaderboard.init({ game:'bridge-the-divide', metric:'score', label:'points', higherIsBetter:true, shareName:'Bridge the Divide' });
</script>","2026-03-01T07:00:00-06:00"
"ap-csp-game-spot-the-bias","MERGE","<style>
  @import url('https://fonts.googleapis.com/css2?family=DM+Serif+Display&family=DM+Sans:wght@400;500;600;700;800&display=swap');
  #stb-game{font-family:""DM Sans"",sans-serif!important;max-width:560px;margin:0 auto;padding:0 12px;box-sizing:border-box;color:#0f1f3d!important;-webkit-text-fill-color:#0f1f3d!important;}
  #stb-game *{box-sizing:border-box;}
  #stb-game .stb-card{background:#fff!important;border:1px solid #e2e8f0!important;border-radius:14px!important;overflow:hidden;box-shadow:0 4px 14px rgba(15,31,61,.06);}
  #stb-game .stb-hero{background:#0f1f3d!important;padding:18px 20px;}
  #stb-game .stb-title{font-family:""DM Serif Display"",serif!important;font-size:26px!important;color:#fff!important;-webkit-text-fill-color:#fff!important;line-height:1.1;margin:0;}
  #stb-game .stb-sub{font-size:13px!important;color:#93c5fd!important;-webkit-text-fill-color:#93c5fd!important;margin:6px 0 0;line-height:1.4;}
  #stb-game .stb-how{font-size:12px!important;color:#cbd5e1!important;-webkit-text-fill-color:#cbd5e1!important;margin:8px 0 0;}
  #stb-game .stb-bar{display:flex;align-items:center;justify-content:space-between;gap:10px;padding:12px 18px;background:#eff6ff!important;border-bottom:1px solid #e2e8f0;flex-wrap:wrap;}
  #stb-game .stb-stat{font-size:13px!important;font-weight:700;color:#334155!important;-webkit-text-fill-color:#334155!important;}
  #stb-game .stb-stat b{color:#1a56db!important;-webkit-text-fill-color:#1a56db!important;}
  #stb-game .stb-streak{color:#d97706!important;-webkit-text-fill-color:#d97706!important;}
  #stb-game .stb-prog{height:7px;background:#dbeafe!important;border-radius:100px;overflow:hidden;margin:0 18px;}
  #stb-game .stb-prog i{display:block;height:100%;background:#1a56db!important;width:0;transition:width .3s;}
  #stb-game .stb-body{padding:18px;}
  #stb-game .stb-tag{display:inline-block;font-size:11px!important;font-weight:800;letter-spacing:.04em;text-transform:uppercase;color:#7c3aed!important;-webkit-text-fill-color:#7c3aed!important;background:#f3e8ff!important;padding:4px 10px;border-radius:100px;margin-bottom:10px;}
  #stb-game .stb-scn{font-size:15px!important;line-height:1.5;color:#0f1f3d!important;-webkit-text-fill-color:#0f1f3d!important;background:#f8fafc!important;border:1px solid #e2e8f0;border-left:4px solid #1a56db!important;border-radius:10px;padding:14px 16px;margin:0 0 14px;}
  #stb-game .stb-q{font-size:14px!important;font-weight:700;color:#0f1f3d!important;-webkit-text-fill-color:#0f1f3d!important;margin:0 0 12px;}
  #stb-game .stb-opts{display:flex;flex-direction:column;gap:9px;}
  #stb-game .stb-opt{text-align:left;width:100%;font-family:inherit;font-size:14px!important;font-weight:600;line-height:1.4;color:#0f1f3d!important;-webkit-text-fill-color:#0f1f3d!important;background:#fff!important;border:2px solid #e2e8f0!important;border-radius:10px;padding:12px 14px;cursor:pointer;transition:border-color .15s,background .15s;}
  #stb-game .stb-opt:hover:not(:disabled){border-color:#93c5fd!important;background:#f8fafc!important;}
  #stb-game .stb-opt:disabled{cursor:default;}
  #stb-game .stb-opt.right{border-color:#16a34a!important;background:#f0fdf4!important;color:#166534!important;-webkit-text-fill-color:#166534!important;}
  #stb-game .stb-opt.wrong{border-color:#dc2626!important;background:#fef2f2!important;color:#991b1b!important;-webkit-text-fill-color:#991b1b!important;}
  #stb-game .stb-fb{margin-top:14px;padding:12px 14px;border-radius:10px;font-size:13px!important;line-height:1.5;display:none;}
  #stb-game .stb-fb.show{display:block;}
  #stb-game .stb-fb.ok{background:#f0fdf4!important;border:1px solid #bbf7d0;color:#166534!important;-webkit-text-fill-color:#166534!important;}
  #stb-game .stb-fb.no{background:#fef2f2!important;border:1px solid #fecaca;color:#991b1b!important;-webkit-text-fill-color:#991b1b!important;}
  #stb-game .stb-fb b{font-weight:800;}
  #stb-game .stb-next{display:none;margin-top:14px;width:100%;font-family:inherit;font-size:15px!important;font-weight:800;color:#fff!important;-webkit-text-fill-color:#fff!important;background:#1a56db!important;border:none;border-radius:10px;padding:13px;cursor:pointer;}
  #stb-game .stb-next.show{display:block;}
  #stb-game .stb-next:hover{background:#1e40af!important;}
  #stb-game .stb-end{text-align:center;padding:26px 18px;}
  #stb-game .stb-end h3{font-family:""DM Serif Display"",serif!important;font-size:24px!important;color:#0f1f3d!important;-webkit-text-fill-color:#0f1f3d!important;margin:0 0 6px;}
  #stb-game .stb-score-big{font-size:44px!important;font-weight:800;color:#1a56db!important;-webkit-text-fill-color:#1a56db!important;line-height:1;margin:10px 0;}
  #stb-game .stb-end p{font-size:14px!important;line-height:1.6;color:#334155!important;-webkit-text-fill-color:#334155!important;margin:6px auto 0;max-width:400px;}
  #stb-game .stb-again{margin-top:18px;font-family:inherit;font-size:15px!important;font-weight:800;color:#fff!important;-webkit-text-fill-color:#fff!important;background:#16a34a!important;border:none;border-radius:10px;padding:13px 26px;cursor:pointer;}
  #stb-game .stb-again:hover{background:#15803d!important;}
</style>

<div class=""stb-game"" id=""stb-game"">
  <div class=""stb-card"">
    <div class=""stb-hero"">
      <h2 class=""stb-title"">Spot the Bias</h2>
      <p class=""stb-sub"">Bias can slip into a computing system through its data or its design  -  often unintentionally  -  and computing can amplify it. (AP CSP 5.3)</p>
      <p class=""stb-how""><b>How to play:</b> Read each system, predict the flaw, then pick where the bias entered. Answer fast, keep your streak.</p>
    </div>
    <div class=""stb-bar"">
      <span class=""stb-stat"">Round <b id=""stb-round"">1</b>/<span id=""stb-total"">8</span></span>
      <span class=""stb-stat"">Score <b id=""stb-score"">0</b></span>
      <span class=""stb-stat stb-streak"">🔥 Streak <b id=""stb-streak"">0</b></span>
    </div>
    <div class=""stb-prog""><i id=""stb-prog""></i></div>
    <div class=""stb-body"" id=""stb-body""></div>
  </div>
</div>

<script>
(function(){
  var SCN = [
    {
      tag:""Resume screening"",
      text:""A company builds an AI to rank job applicants. It is trained on the resumes of people the company hired over the past 10 years. That team was almost entirely one gender. The model now scores similar applicants highest."",
      q:""Where did the bias primarily enter this system?"",
      opts:[
        ""Unrepresentative training data -- the past hires reflect a skewed history"",
        ""A random software bug in the ranking code"",
        ""The applicants deliberately gamed the model"",
        ""Nothing -- hiring the same profile is always correct""
      ],
      correct:0,
      fb:""The model learned from a skewed record of past hires, so it inherits that historical imbalance as if it were merit.""
    },
    {
      tag:""Facial recognition"",
      text:""A facial-recognition system is tested and works great. Later, users report it fails far more often on darker-skinned faces. The dataset used to build it was about 80% light-skinned faces."",
      q:""What is the most accurate description of the problem?"",
      opts:[
        ""The dataset under-represented some groups, so accuracy is uneven across them"",
        ""Cameras simply cannot capture darker faces"",
        ""The algorithm is racist on purpose by design intent"",
        ""The users were holding their phones incorrectly""
      ],
      correct:0,
      fb:""Under-representation in the data means the model had far fewer examples to learn some faces, producing unequal accuracy.""
    },
    {
      tag:""Predictive policing"",
      text:""A model predicts where crime will happen using historical arrest records. Police are sent to the flagged areas, make more arrests there, and those new arrests are fed back into the model for next month."",
      q:""Beyond biased input data, what makes this worse over time?"",
      opts:[
        ""A feedback loop -- the model's outputs shape the next inputs, amplifying the bias"",
        ""The model slowly deletes its own data"",
        ""Nothing amplifies it; bias stays exactly constant"",
        ""The hardware overheats and skews results""
      ],
      correct:0,
      fb:""Sending police where the model points generates more arrests there, which re-trains the model to point there again -- a self-reinforcing loop.""
    },
    {
      tag:""Photo tagging"",
      text:""A photo app auto-labels images. The human labelers who tagged the training photos consistently labeled photos of people cooking as 'woman,' even when the person was a man."",
      q:""Which statement is correct?"",
      opts:[
        ""The labeling choices introduced bias, and the model reproduces those human assumptions"",
        ""The model invented the bias entirely on its own with no human cause"",
        ""Auto-labeling is neutral, so no bias is possible here"",
        ""The bias only exists if a user complains""
      ],
      correct:0,
      fb:""Bias in the humans' labeling decisions becomes bias in the trained model -- a biased design/labeling choice, not a neutral process.""
    },
    {
      tag:""Search autocomplete"",
      text:""A search bar suggests completions ranked by what past users clicked most. For one profession, the top suggestions are demeaning stereotypes because many past users clicked those."",
      q:""How is bias operating in this system?"",
      opts:[
        ""Aggregated past user behavior is amplified and surfaced as a 'neutral' suggestion"",
        ""The search engine has personal opinions it is expressing"",
        ""Autocomplete picks words completely at random"",
        ""There is no bias because a computer chose it""
      ],
      correct:0,
      fb:""The system amplifies existing human bias in click data and presents it as an objective recommendation.""
    },
    {
      tag:""Loan approval"",
      text:""A bank's loan model does NOT use race as an input. But it heavily weights zip code and shopping history, which closely track race in that city. Approval rates end up split sharply along racial lines."",
      q:""Consider these claims. I: The model can still be biased. II: Removing the race field alone guarantees fairness. III: A stand-in variable (proxy) can carry the bias. Which are correct?"",
      opts:[
        ""I and III only"",
        ""II only"",
        ""I and II only"",
        ""I, II, and III""
      ],
      correct:0,
      fb:""Proxy variables like zip code can smuggle bias back in, so dropping the race field alone does NOT guarantee fairness. I and III hold; II is false.""
    },
    {
      tag:""Health risk score"",
      text:""A hospital ranks who needs extra care using past healthcare spending as a stand-in for how sick a patient is. Because one group historically had less access and spent less, the model rates them as healthier than they are."",
      q:""What is the flaw here?"",
      opts:[
        ""A biased design choice -- the chosen proxy (spending) does not fairly measure the real target (illness)"",
        ""The patients lied about their symptoms"",
        ""The model has too few decimal places"",
        ""Spending is always a perfect measure of health""
      ],
      correct:0,
      fb:""Choosing spending as a proxy for need bakes past unequal access into the score -- a design decision, not a data-entry error.""
    },
    {
      tag:""Voice assistant"",
      text:""A voice assistant is trained mostly on speakers with one regional accent. It transcribes them well but frequently misunderstands users with other accents, who then stop using it."",
      q:""Pick the single most accurate statement."",
      opts:[
        ""Biased data collection produced uneven performance, which can worsen as fewer diverse users contribute data"",
        ""Accents are objectively harder and no dataset could help"",
        ""The assistant is choosing to ignore certain people"",
        ""This is a hardware microphone defect, not bias""
      ],
      correct:0,
      fb:""Narrow data collection creates unequal accuracy; if excluded users leave, future data stays narrow -- bias can be amplified over time.""
    }
  ];

  var TOTAL = SCN.length;
  var idx=0, score=0, streak=0, answered=false;

  var $=function(id){ return document.getElementById(id); };
  var body=$('stb-body');
  $('stb-total').textContent=TOTAL;

  function updateBar(){
    $('stb-round').textContent=Math.min(idx+1,TOTAL);
    $('stb-score').textContent=score;
    $('stb-streak').textContent=streak;
    $('stb-prog').style.width=(idx/TOTAL*100)+'%';
  }

  function renderRound(){
    answered=false;
    updateBar();
    var s=SCN[idx];
    var html='';
    html+='<span class=""stb-tag"">'+s.tag+'</span>';
    html+='<div class=""stb-scn"">'+s.text+'</div>';
    html+='<p class=""stb-q"">'+s.q+'</p>';
    html+='<div class=""stb-opts"" id=""stb-opts""></div>';
    html+='<div class=""stb-fb"" id=""stb-fb""></div>';
    html+='<button class=""stb-next"" id=""stb-next"">Next round →</button>';
    body.innerHTML=html;
    var opts=$('stb-opts');
    s.opts.forEach(function(txt,i){
      var b=document.createElement('button');
      b.className='stb-opt';
      b.type='button';
      b.innerHTML=txt;
      b.onclick=function(){ choose(i,b); };
      opts.appendChild(b);
    });
    $('stb-next').onclick=next;
  }

  function choose(i,btn){
    if(answered) return;
    answered=true;
    var s=SCN[idx];
    var buttons=body.querySelectorAll('.stb-opt');
    Array.prototype.forEach.call(buttons,function(b){ b.disabled=true; });
    var fb=$('stb-fb');
    if(i===s.correct){
      btn.classList.add('right');
      streak++;
      var gain=10+Math.min(streak,5)*2;
      score+=gain;
      fb.className='stb-fb show ok';
      fb.innerHTML='<b>Correct (+'+gain+').</b> '+s.fb;
    } else {
      btn.classList.add('wrong');
      buttons[s.correct].classList.add('right');
      streak=0;
      fb.className='stb-fb show no';
      fb.innerHTML='<b>Not quite.</b> '+s.fb;
    }
    updateBar();
    var nb=$('stb-next');
    nb.innerHTML=(idx>=TOTAL-1)?'See results →':'Next round →';
    nb.className='stb-next show';
  }

  function next(){
    idx++;
    if(idx>=TOTAL){ endGame(); return; }
    renderRound();
  }

  function endGame(){
    $('stb-prog').style.width='100%';
    $('stb-round').textContent=TOTAL;
    $('stb-score').textContent=score;
    var max=SCN.reduce(function(a){ return a+20; },0);
    var pct=score/max;
    var msg;
    if(pct>=0.85) msg=""Outstanding. You can trace bias to its source -- data, labeling, design, or a feedback loop -- and explain how systems amplify it."";
    else if(pct>=0.5) msg=""Solid work. Remember: bias often enters unintentionally through unrepresentative data or design choices, then gets amplified at scale."";
    else msg=""Keep going. The key idea: computing bias usually comes from the data or the design, not a computer 'deciding' to be unfair -- and it can grow through feedback loops."";
    body.innerHTML=
      '<div class=""stb-end"">'+
        '<h3>🎯 Run complete!</h3>'+
        '<div class=""stb-score-big"">'+score+'</div>'+
        '<p>'+msg+'</p>'+
        '<button class=""stb-again"" id=""stb-again"" type=""button"">↻ Play again</button>'+
      '</div>';
    $('stb-again').onclick=reset;
    document.dispatchEvent(new CustomEvent('apcsGameScore',{detail:{value:score}}));
  }

  function reset(){
    idx=0; score=0; streak=0;
    renderRound();
  }

  renderRound();
})();
</script>

<!-- ==== APCS Leaderboard widget (appended per spec) ==== -->
<style>
  #apcs-lb{font-family:""DM Sans"",sans-serif;max-width:520px;margin:18px auto 0;border:1px solid #e2e8f0!important;border-radius:14px!important;overflow:hidden;background:#fff!important;}
  #apcs-lb .lb-head{background:#0f1f3d!important;padding:14px 18px;display:flex;align-items:center;justify-content:space-between;gap:10px;flex-wrap:wrap;}
  #apcs-lb .lb-title{font-family:""DM Serif Display"",serif!important;font-size:18px!important;color:#fff!important;-webkit-text-fill-color:#fff!important;}
  #apcs-lb .lb-you{font-size:12px!important;color:#93c5fd!important;-webkit-text-fill-color:#93c5fd!important;font-weight:600;}
  #apcs-lb .lb-tabs{display:flex;gap:4px;padding:10px 12px;background:#f8fafc!important;border-bottom:1px solid #e2e8f0;overflow-x:auto;}
  #apcs-lb .lb-tab{flex:1;min-width:64px;padding:7px 8px;border:none;background:transparent;border-radius:8px;font-family:inherit;font-size:12px!important;font-weight:700;color:#64748b!important;-webkit-text-fill-color:#64748b!important;cursor:pointer;white-space:nowrap;}
  #apcs-lb .lb-tab.on{background:#1a56db!important;color:#fff!important;-webkit-text-fill-color:#fff!important;}
  #apcs-lb .lb-rows{padding:8px 12px 4px;min-height:120px;}
  #apcs-lb .lb-row{display:flex;align-items:center;gap:12px;padding:8px 10px;border-radius:8px;font-size:14px!important;}
  #apcs-lb .lb-row:nth-child(even){background:#f8fafc!important;}
  #apcs-lb .lb-row .rk{width:26px;font-weight:800;color:#94a3b8!important;-webkit-text-fill-color:#94a3b8!important;text-align:center;}
  #apcs-lb .lb-row.top1 .rk{color:#d97706!important;-webkit-text-fill-color:#d97706!important;}
  #apcs-lb .lb-row.me{background:#eff6ff!important;border:1px solid #bfdbfe;}
  #apcs-lb .lb-row .nm{flex:1;font-weight:600;color:#0f1f3d!important;-webkit-text-fill-color:#0f1f3d!important;}
  #apcs-lb .lb-row .vl{font-weight:800;color:#1e40af!important;-webkit-text-fill-color:#1e40af!important;font-variant-numeric:tabular-nums;}
  #apcs-lb .lb-empty{padding:26px 12px;text-align:center;font-size:13px!important;color:#94a3b8!important;-webkit-text-fill-color:#94a3b8!important;line-height:1.6;}
  #apcs-lb .lb-foot{display:flex;align-items:center;justify-content:space-between;gap:10px;padding:12px 16px;border-top:1px solid #e2e8f0;background:#f8fafc!important;flex-wrap:wrap;}
  #apcs-lb .lb-best{font-size:13px!important;color:#334155!important;-webkit-text-fill-color:#334155!important;font-weight:600;}
  #apcs-lb .lb-best b{color:#0f1f3d!important;-webkit-text-fill-color:#0f1f3d!important;}
  #apcs-lb .lb-btn{background:#1a56db!important;color:#fff!important;-webkit-text-fill-color:#fff!important;border:none;border-radius:8px;font-family:inherit;font-size:13px!important;font-weight:700;padding:9px 16px;cursor:pointer;}
  #apcs-lb .lb-btn.ghost{background:#fff!important;color:#1a56db!important;-webkit-text-fill-color:#1a56db!important;border:1px solid #bfdbfe;}
  #apcs-lb .lb-name{font-size:12px!important;color:#64748b!important;-webkit-text-fill-color:#64748b!important;padding:8px 16px;background:#fff!important;border-top:1px solid #f1f5f9;}
  #apcs-lb .lb-name a{color:#1a56db!important;-webkit-text-fill-color:#1a56db!important;font-weight:700;cursor:pointer;text-decoration:underline;}
  #apcs-lb .lb-toast{position:fixed;left:50%;bottom:24px;transform:translateX(-50%);background:#0f1f3d!important;color:#fff!important;-webkit-text-fill-color:#fff!important;font-size:13px!important;font-weight:600;padding:10px 18px;border-radius:100px;opacity:0;transition:opacity .2s;pointer-events:none;z-index:9999;}
  #apcs-lb .lb-toast.show{opacity:1;}
</style>
<div id=""apcs-lb""></div>
<script>
window.APCSLeaderboard = (function(){
  var API = 'https://progress.apcsexamprep.com';
  var cfg = null, curWin = 'today', root = null, apiUp = true;
  var WINDOWS = [['today','Today'],['week','Week'],['month','Month'],['year','Year'],['all','All-time']];

  function ls(get, key, val){
    try{ if(get){ return window.localStorage.getItem(key); } window.localStorage.setItem(key, val); }catch(e){ return null; }
  }
  function token(){ return ls(true,'apcse_token') || null; }
  function playerName(){
    var t = ls(true,'apcse_name');
    return t || '';
  }
  function setPlayerName(n){ ls(false,'apcse_name', n); }
  function bestKey(){ return 'apcse_lb_best_' + cfg.game; }
  function localBest(){ var v = ls(true, bestKey()); return v===null ? null : Number(v); }
  function setLocalBest(v){
    var b = localBest();
    if(b===null || (cfg.higherIsBetter ? v>b : v<b)) ls(false, bestKey(), String(v));
  }
  function fmt(v){ return (typeof v==='number' && isFinite(v)) ? v : v; }

  function esc(s){ return String(s).replace(/[&<>""]/g, function(c){ return {'&':'\u0026amp;','<':'\u0026lt;','>':'\u0026gt;','""':'\u0026quot;'}[c]; }); }

  function toast(msg){
    var t = document.createElement('div'); t.className='lb-toast'; t.textContent=msg; root.appendChild(t);
    setTimeout(function(){ t.classList.add('show'); }, 20);
    setTimeout(function(){ t.classList.remove('show'); setTimeout(function(){ t.remove(); },300); }, 2200);
  }

  function shell(){
    root.innerHTML =
      '<div class=""lb-head""><div class=""lb-title"">🏆 Leaderboard</div><div class=""lb-you"" id=""lb-you""></div></div>'+
      '<div class=""lb-tabs"" id=""lb-tabs""></div>'+
      '<div class=""lb-rows"" id=""lb-rows""></div>'+
      '<div class=""lb-foot""><div class=""lb-best"" id=""lb-best""></div><button class=""lb-btn"" id=""lb-share"">🔗 Challenge a friend</button></div>'+
      '<div class=""lb-name"" id=""lb-name""></div>';
    var tabs = root.querySelector('#lb-tabs');
    WINDOWS.forEach(function(w){
      var b=document.createElement('button'); b.className='lb-tab'+(w[0]===curWin?' on':''); b.textContent=w[1];
      b.onclick=function(){ curWin=w[0]; Array.prototype.forEach.call(tabs.children,function(c){c.classList.remove('on');}); b.classList.add('on'); loadBoard(); };
      tabs.appendChild(b);
    });
    root.querySelector('#lb-share').onclick = share;
    renderName(); renderBest();
  }

  function renderName(){
    var el = root.querySelector('#lb-name');
    if(token()){ el.innerHTML = 'Signed in - your scores post under your class name.'; return; }
    var n = playerName();
    el.innerHTML = n ? ('Playing as <b>'+esc(n)+'</b> • <a id=""lb-chn"">change</a>')
                     : 'Add initials to appear on the board • <a id=""lb-chn"">set name</a>';
    var a = el.querySelector('#lb-chn'); if(a) a.onclick = askName;
  }
  function askName(cb){
    var n = window.prompt('Enter a name or initials for the leaderboard (3-16 characters):', playerName()||'');
    if(n){ n = n.trim().slice(0,16); if(n.length>=1){ setPlayerName(n); renderName(); if(typeof cb==='function') cb(n); return n; } }
    return null;
  }
  function renderBest(){
    var b = localBest();
    root.querySelector('#lb-best').innerHTML = b===null ? 'No personal best yet - play a round!' :
      ('Your best: <b>'+fmt(b)+'</b> '+esc(cfg.label||''));
  }

  function loadBoard(){
    var rows = root.querySelector('#lb-rows');
    rows.innerHTML = '<div class=""lb-empty"">Loading...</div>';
    var url = API+'/api/game/leaderboard?game='+encodeURIComponent(cfg.game)+'&window='+curWin+'&limit=10';
    var opts = {}; var tk = token(); if(tk) opts.headers = {'Authorization':'Bearer '+tk};
    fetch(url, opts).then(function(r){ if(!r.ok) throw 0; return r.json(); }).then(function(d){
      apiUp = true; renderRows(d.entries||[], d.you||null);
    }).catch(function(){
      apiUp = false; renderRows(null, null);
    });
  }
  function renderRows(entries, you){
    var rows = root.querySelector('#lb-rows');
    var youEl = root.querySelector('#lb-you');
    if(entries===null){
      rows.innerHTML = '<div class=""lb-empty"">Global leaderboards are warming up.<br>Your personal best is saved below and will post automatically once boards are live.</div>';
      youEl.textContent=''; return;
    }
    if(!entries.length){ rows.innerHTML = '<div class=""lb-empty"">No scores yet for this window. Be the first!</div>'; }
    else {
      rows.innerHTML = '';
      entries.forEach(function(e,i){
        var rk = e.rank||i+1; var me = you && you.rank===rk && e.name===you.name;
        var row = document.createElement('div');
        row.className = 'lb-row'+(rk===1?' top1':'')+(me?' me':'');
        var rkEl = document.createElement('div'); rkEl.className = 'rk';
        rkEl.textContent = rk===1 ? '\uD83E\uDD47' : String(rk);
        var nmEl = document.createElement('div'); nmEl.className = 'nm';
        nmEl.textContent = e.name || 'anon';
        var vlEl = document.createElement('div'); vlEl.className = 'vl';
        vlEl.textContent = String(fmt(e.value));
        row.appendChild(rkEl); row.appendChild(nmEl); row.appendChild(vlEl);
        rows.appendChild(row);
      });
    }
    if(you && you.rank){ youEl.textContent = 'You are #'+you.rank+(you.percentile!=null?(' \u00b7 top '+you.percentile+'%'):''); }
    else youEl.textContent='';
  }

  function submit(value){
    if(cfg==null) return;
    value = Number(value); if(!isFinite(value)) return;
    setLocalBest(value); renderBest();
    var name = playerName();
    if(!token() && !name){ name = askName() || ''; }
    var body = { game: cfg.game, metric: cfg.metric, value: value, name: name };
    var opts = { method:'POST', headers:{'Content-Type':'application/json'}, body: JSON.stringify(body) };
    var tk = token(); if(tk) opts.headers['Authorization'] = 'Bearer '+tk;
    fetch(API+'/api/game/score', opts).then(function(r){ if(!r.ok) throw 0; return r.json(); }).then(function(d){
      apiUp = true;
      if(d.you && d.you.rank) toast('New score! You are #'+d.you.rank+' '+ (curWin==='today'?'today':'') );
      loadBoard();
    }).catch(function(){ apiUp=false; renderRows(null,null); });
  }

  function share(){
    var b = localBest();
    var msg = b===null ? ('Try '+ (cfg.shareName||'this AP CSP game') +' on APCSExamPrep:')
                       : ('I scored '+fmt(b)+' '+(cfg.label||'')+' on '+(cfg.shareName||'this AP CSP game')+'. Beat me:');
    var url = location.href;
    if(navigator.share){ navigator.share({title:cfg.shareName||'AP CSP Game', text:msg, url:url}).catch(function(){}); return; }
    var full = msg+' '+url;
    if(navigator.clipboard && navigator.clipboard.writeText){ navigator.clipboard.writeText(full).then(function(){ toast('Challenge link copied!'); }).catch(function(){ window.prompt('Copy your challenge link:', full); }); }
    else window.prompt('Copy your challenge link:', full);
  }

  function init(options){
    cfg = Object.assign({ game:'game', metric:'score', label:'', higherIsBetter:true, shareName:'', mount:'#apcs-lb' }, options||{});
    root = (options && options.mount && document.querySelector(options.mount)) || document.getElementById('apcs-lb');
    if(!root) return;
    root.id = 'apcs-lb';
    shell(); loadBoard();
    document.addEventListener('apcsGameScore', function(e){ if(e && e.detail && e.detail.value!=null) submit(e.detail.value); });
  }

  return { init: init, submit: submit, refresh: loadBoard };
})();
</script>
<script>
  APCSLeaderboard.init({ game:'spot-the-bias', metric:'score', label:'points', higherIsBetter:true, shareName:'Spot the Bias' });
</script>","2026-03-01T07:00:00-06:00"
"ap-csp-game-crowd-power","MERGE","<style>
@import url('https://fonts.googleapis.com/css2?family=DM+Serif+Display&family=DM+Sans:wght@400;500;600;700;800&display=swap');

#cp-game{font-family:""DM Sans"",sans-serif!important;max-width:560px;margin:0 auto;color:#0f1f3d!important;-webkit-text-fill-color:#0f1f3d!important;-webkit-box-sizing:border-box;box-sizing:border-box;padding:0;}
#cp-game *{box-sizing:border-box;}
#cp-game .cp-card{background:#fff!important;border:1px solid #e2e8f0!important;border-radius:14px!important;overflow:hidden;}
#cp-game .cp-hero{background:#0f1f3d!important;padding:20px 22px;}
#cp-game .cp-title{font-family:""DM Serif Display"",serif!important;font-size:28px!important;line-height:1.1;color:#fff!important;-webkit-text-fill-color:#fff!important;margin:0 0 6px;}
#cp-game .cp-sub{font-size:13px!important;color:#93c5fd!important;-webkit-text-fill-color:#93c5fd!important;margin:0;line-height:1.5;}
#cp-game .cp-how{font-size:12px!important;color:#cbd5e1!important;-webkit-text-fill-color:#cbd5e1!important;margin:10px 0 0;line-height:1.5;}

#cp-game .cp-bar{display:flex;gap:8px;padding:12px 16px;background:#eff6ff!important;border-bottom:1px solid #e2e8f0!important;}
#cp-game .cp-stat{flex:1;text-align:center;}
#cp-game .cp-stat .k{font-size:10px!important;text-transform:uppercase;letter-spacing:.06em;font-weight:700;color:#64748b!important;-webkit-text-fill-color:#64748b!important;}
#cp-game .cp-stat .v{font-size:20px!important;font-weight:800;color:#1a56db!important;-webkit-text-fill-color:#1a56db!important;font-variant-numeric:tabular-nums;}
#cp-game .cp-stat.cp-streak .v{color:#d97706!important;-webkit-text-fill-color:#d97706!important;}
#cp-game .cp-stat.cp-part .v{color:#7c3aed!important;-webkit-text-fill-color:#7c3aed!important;font-size:14px!important;}

#cp-game .cp-body{padding:20px 18px 24px;min-height:300px;display:flex;flex-direction:column;}
#cp-game .cp-phase{font-size:12px!important;font-weight:700;text-transform:uppercase;letter-spacing:.05em;color:#7c3aed!important;-webkit-text-fill-color:#7c3aed!important;text-align:center;margin-bottom:4px;}
#cp-game .cp-prompt{font-size:15px!important;color:#334155!important;-webkit-text-fill-color:#334155!important;text-align:center;margin:0 auto 16px;max-width:420px;line-height:1.5;}

#cp-game .cp-task{background:#f8fafc!important;border:2px solid #e2e8f0!important;border-radius:12px!important;padding:22px 18px;text-align:center;margin-bottom:16px;}
#cp-game .cp-task .ico{font-size:34px!important;line-height:1;margin-bottom:10px;}
#cp-game .cp-task .txt{font-size:18px!important;font-weight:700;color:#0f1f3d!important;-webkit-text-fill-color:#0f1f3d!important;line-height:1.35;}

#cp-game .cp-choices{display:flex;gap:10px;}
#cp-game .cp-btn{flex:1;border:none;border-radius:12px!important;padding:16px 12px;font-family:""DM Sans"",sans-serif!important;font-size:15px!important;font-weight:800;cursor:pointer;line-height:1.25;transition:transform .08s;-webkit-appearance:none;appearance:none;}
#cp-game .cp-btn:active{transform:scale(.97);}
#cp-game .cp-btn.good{background:#16a34a!important;color:#fff!important;-webkit-text-fill-color:#fff!important;}
#cp-game .cp-btn.bad{background:#dc2626!important;color:#fff!important;-webkit-text-fill-color:#fff!important;}
#cp-game .cp-btn .sm{display:block;font-size:11px!important;font-weight:600;opacity:.9;margin-top:3px;}

#cp-game .cp-fb{margin-top:16px;border-radius:10px!important;padding:12px 14px;font-size:13px!important;line-height:1.45;font-weight:600;min-height:20px;text-align:center;}
#cp-game .cp-fb.ok{background:#dcfce7!important;color:#166534!important;-webkit-text-fill-color:#166534!important;border:1px solid #86efac!important;}
#cp-game .cp-fb.no{background:#fee2e2!important;color:#991b1b!important;-webkit-text-fill-color:#991b1b!important;border:1px solid #fca5a5!important;}
#cp-game .cp-fb.hidden{display:none;}

#cp-game .cp-meterwrap{margin:6px 0 18px;}
#cp-game .cp-meter{height:26px;background:#e2e8f0!important;border-radius:100px!important;overflow:hidden;position:relative;}
#cp-game .cp-fill{height:100%;width:0;background:#1a56db!important;border-radius:100px!important;transition:width .18s ease;}
#cp-game .cp-metertxt{text-align:center;font-size:13px!important;font-weight:700;color:#334155!important;-webkit-text-fill-color:#334155!important;margin-top:8px;font-variant-numeric:tabular-nums;}
#cp-game .cp-recruit{width:100%;border:none;border-radius:14px!important;padding:26px 12px;font-family:""DM Sans"",sans-serif!important;font-size:20px!important;font-weight:800;cursor:pointer;background:#1a56db!important;color:#fff!important;-webkit-text-fill-color:#fff!important;line-height:1.2;transition:transform .06s;-webkit-appearance:none;appearance:none;}
#cp-game .cp-recruit:active{transform:scale(.98);}
#cp-game .cp-recruit .sm{display:block;font-size:12px!important;font-weight:600;opacity:.85;margin-top:4px;}
#cp-game .cp-crowd{font-size:22px!important;text-align:center;letter-spacing:2px;line-height:1.5;margin:14px 4px 0;min-height:34px;word-break:break-word;}
#cp-game .cp-timer{text-align:center;font-size:12px!important;font-weight:700;color:#64748b!important;-webkit-text-fill-color:#64748b!important;margin-top:12px;text-transform:uppercase;letter-spacing:.05em;}

#cp-game .cp-end{text-align:center;padding:8px 6px;}
#cp-game .cp-end .big{font-family:""DM Serif Display"",serif!important;font-size:26px!important;color:#0f1f3d!important;-webkit-text-fill-color:#0f1f3d!important;margin:6px 0 4px;}
#cp-game .cp-end .fscore{font-size:46px!important;font-weight:800;color:#1a56db!important;-webkit-text-fill-color:#1a56db!important;line-height:1;margin:10px 0;}
#cp-game .cp-end .flabel{font-size:12px!important;text-transform:uppercase;letter-spacing:.06em;color:#64748b!important;-webkit-text-fill-color:#64748b!important;font-weight:700;}
#cp-game .cp-end .tie{font-size:14px!important;color:#334155!important;-webkit-text-fill-color:#334155!important;line-height:1.55;max-width:430px;margin:16px auto 20px;}
#cp-game .cp-again{border:none;border-radius:12px!important;padding:14px 28px;font-family:""DM Sans"",sans-serif!important;font-size:16px!important;font-weight:800;cursor:pointer;background:#1a56db!important;color:#fff!important;-webkit-text-fill-color:#fff!important;-webkit-appearance:none;appearance:none;}
#cp-game .cp-again:active{transform:scale(.97);}
#cp-game .cp-start{border:none;border-radius:12px!important;padding:15px 30px;font-family:""DM Sans"",sans-serif!important;font-size:17px!important;font-weight:800;cursor:pointer;background:#16a34a!important;color:#fff!important;-webkit-text-fill-color:#fff!important;margin:10px auto 0;display:block;-webkit-appearance:none;appearance:none;}
#cp-game .cp-start:active{transform:scale(.97);}
#cp-game .cp-center{text-align:center;margin-top:auto;margin-bottom:auto;}
</style>

<div class=""cp-game"" id=""cp-game"">
  <div class=""cp-card"">
    <div class=""cp-hero"">
      <div class=""cp-title"">Crowd Power</div>
      <p class=""cp-sub"">Crowdsourcing gathers input, ideas, or funding from many people online  -  powerful for scale and diversity, but not right for every task.</p>
      <p class=""cp-how""><b>How to play:</b> Round 1  -  sort each task into Crowdsource or Not a good fit. Round 2  -  tap fast to recruit the crowd and hit the goal.</p>
    </div>
    <div class=""cp-bar"">
      <div class=""cp-stat"">
<div class=""k"">Score</div>
<div class=""v"" id=""cp-score"">0</div>
</div>
      <div class=""cp-stat cp-streak"">
<div class=""k"">Streak</div>
<div class=""v"" id=""cp-strk"">0</div>
</div>
      <div class=""cp-stat cp-part"">
<div class=""k"">Round</div>
<div class=""v"" id=""cp-part"">Intro</div>
</div>
    </div>
    <div class=""cp-body"" id=""cp-body""></div>
  </div>
</div>

<script>
(function(){
  var G = {
    score:0, streak:0, best:0, sortIdx:0, phase:'intro',
    recruited:0, goal:1000, timeLeft:0, timer:null
  };

  var TASKS = [
    {t:'Map disaster damage after a hurricane using photos from thousands of residents', ico:'🌎', good:true, why:'Many people covering a wide area map far more damage than one team could.'},
    {t:'Fund a new indie video game with many small pledges from fans', ico:'💰', good:true, why:'Crowdfunding pools tiny contributions from a huge crowd into real money.'},
    {t:'Label 50,000 training images so an AI can learn to spot birds', ico:'🏷', good:true, why:'Splitting huge labeling work across many people gets it done fast.'},
    {t:'Build a free online encyclopedia anyone can add to and edit', ico:'📚', good:true, why:'Diverse contributors cover more topics than any single author could.'},
    {t:'Collect local temperature and wildlife readings for a climate study', ico:'🌿', good:true, why:'Citizen-science volunteers gather data at a scale researchers cannot alone.'},
    {t:'Translate a short article into 20 languages using volunteer speakers', ico:'🗣', good:true, why:'Reaching many bilingual volunteers scales work that needs diverse skills.'},
    {t:'Perform heart surgery on a patient in the operating room', ico:'🩺', good:false, why:'Life-critical work needs one trained expert, not a crowd of strangers.'},
    {t:'Write the classified security code for a private bank vault system', ico:'🔒', good:false, why:'Tasks that must stay secret cannot be opened up to the public crowd.'},
    {t:'Decide the exact medication dose for a specific hospital patient', ico:'💉', good:false, why:'This needs one qualified expert who knows the patient, not the crowd.'},
    {t:'Sign a legally binding contract on behalf of your company', ico:'📝', good:false, why:'Authority and accountability rest with one person, so a crowd cannot do it.'},
    {t:'Fly a passenger jet safely across the country', ico:'✈', good:false, why:'Safety-critical control belongs to one certified expert, not a crowd.'}
  ];

  var body = document.getElementById('cp-body');
  var elScore = document.getElementById('cp-score');
  var elStrk = document.getElementById('cp-strk');
  var elPart = document.getElementById('cp-part');

  function shuffle(a){ a=a.slice(); for(var i=a.length-1;i>0;i--){ var j=Math.floor(Math.random()*(i+1)); var t=a[i];a[i]=a[j];a[j]=t;} return a; }
  function sync(){ elScore.textContent=G.score; elStrk.textContent=G.streak; }

  var sortSet=[];
  var SORT_N=6;

  function intro(){
    G.phase='intro'; elPart.textContent='Intro';
    body.innerHTML =
      '<div class=""cp-center"">'+
      '<div class=""cp-task""><div class=""ico"">👥</div><div class=""txt"">Ready to see when the crowd wins?</div></div>'+
      '<p class=""cp-prompt"">Round 1: sort real tasks. Round 2: recruit the crowd to reach a goal. One quick game, two ways crowdsourcing shows its power.</p>'+
      '<button class=""cp-start"" id=""cp-startbtn"">▶ Start</button>'+
      '</div>';
    document.getElementById('cp-startbtn').onclick=startGame;
  }

  function startGame(){
    G.score=0; G.streak=0; G.sortIdx=0; sync();
    sortSet = shuffle(TASKS).slice(0,SORT_N);
    G.phase='sort'; renderSort();
  }

  function renderSort(){
    elPart.textContent='1 / 2';
    var task = sortSet[G.sortIdx];
    body.innerHTML =
      '<div class=""cp-phase"">Round 1 • Sort the task ('+(G.sortIdx+1)+' of '+SORT_N+')</div>'+
      '<p class=""cp-prompt"">Predict first: would a big online crowd handle this well?</p>'+
      '<div class=""cp-task""><div class=""ico"">'+task.ico+'</div><div class=""txt"">'+task.t+'</div></div>'+
      '<div class=""cp-choices"">'+
        '<button class=""cp-btn good"" id=""cp-good"">Crowdsource<span class=""sm"">Great for a crowd</span></button>'+
        '<button class=""cp-btn bad"" id=""cp-bad"">Not a good fit<span class=""sm"">Wrong for a crowd</span></button>'+
      '</div>'+
      '<div class=""cp-fb hidden"" id=""cp-fb""></div>';
    document.getElementById('cp-good').onclick=function(){ answerSort(true); };
    document.getElementById('cp-bad').onclick=function(){ answerSort(false); };
  }

  function answerSort(chose){
    var task = sortSet[G.sortIdx];
    var correct = (chose===task.good);
    var good=document.getElementById('cp-good'), bad=document.getElementById('cp-bad');
    good.disabled=true; bad.disabled=true;
    good.style.opacity=chose||correct?'1':'.55'; bad.style.opacity=(!chose)||(!correct)?'1':'.55';
    var fb=document.getElementById('cp-fb');
    fb.classList.remove('hidden');
    if(correct){
      G.streak++;
      var pts=10 + Math.min(G.streak,5)*2;
      G.score+=pts;
      fb.className='cp-fb ok';
      fb.innerHTML='✅ Correct (+'+pts+'). '+task.why;
    } else {
      G.streak=0;
      fb.className='cp-fb no';
      fb.innerHTML='❌ Not quite. '+task.why;
    }
    sync();
    setTimeout(function(){
      G.sortIdx++;
      if(G.sortIdx<SORT_N) renderSort();
      else recruitIntro();
    }, 1350);
  }

  function recruitIntro(){
    G.phase='recruit'; elPart.textContent='2 / 2';
    G.recruited=0; G.goal=1000; G.timeLeft=10;
    body.innerHTML =
      '<div class=""cp-phase"">Round 2 • Recruit the crowd</div>'+
      '<p class=""cp-prompt"">Each tap invites more people. No single tap does much  -  but many small contributions add up fast. Reach <b>'+G.goal+'</b> contributors before time runs out!</p>'+
      '<div class=""cp-meterwrap"">'+
        '<div class=""cp-meter""><div class=""cp-fill"" id=""cp-fill""></div></div>'+
        '<div class=""cp-metertxt"" id=""cp-metertxt"">0 / '+G.goal+' contributors</div>'+
      '</div>'+
      '<button class=""cp-recruit"" id=""cp-recruitbtn"">📱 Recruit the crowd!<span class=""sm"">Tap as fast as you can</span></button>'+
      '<div class=""cp-crowd"" id=""cp-crowd""></div>'+
      '<div class=""cp-timer"" id=""cp-timer"">Time: 10.0s</div>';
    document.getElementById('cp-recruitbtn').onclick=recruitTap;
    var start=Date.now();
    G.timer=setInterval(function(){
      var elapsed=(Date.now()-start)/1000;
      G.timeLeft=Math.max(0,10-elapsed);
      var te=document.getElementById('cp-timer');
      if(te) te.textContent='Time: '+G.timeLeft.toFixed(1)+'s';
      if(G.timeLeft<=0 || G.recruited>=G.goal) endRecruit();
    },100);
  }

  var faces=['👤','👩','👨','🤵','👧','👦'];
  function recruitTap(){
    if(G.phase!=='recruit') return;
    var add=8+Math.floor(Math.random()*10);
    G.recruited+=add;
    if(G.recruited>G.goal) G.recruited=G.goal;
    var pct=Math.min(100,(G.recruited/G.goal)*100);
    var fill=document.getElementById('cp-fill');
    var txt=document.getElementById('cp-metertxt');
    var crowd=document.getElementById('cp-crowd');
    if(fill) fill.style.width=pct+'%';
    if(txt) txt.textContent=G.recruited+' / '+G.goal+' contributors (+'+add+')';
    if(crowd){
      var n=Math.min(60,Math.round(G.recruited/16));
      var s=''; for(var i=0;i<n;i++) s+=faces[i%faces.length];
      crowd.innerHTML=s;
    }
    if(G.recruited>=G.goal) endRecruit();
  }

  function endRecruit(){
    if(G.timer){ clearInterval(G.timer); G.timer=null; }
    if(G.phase!=='recruit') return;
    G.phase='done';
    var reached=G.recruited>=G.goal;
    var bonus=Math.round(G.recruited/10) + (reached?40:0);
    G.score+=bonus;
    sync();
    endScreen(reached,bonus);
  }

  function endScreen(reached,bonus){
    elPart.textContent='Done';
    var tie = reached
      ? 'You hit the goal! One tap was tiny, but a big crowd made it easy  -  that scale is exactly why crowdsourcing works for mapping, funding, and labeling.'
      : 'Time! Even without the goal, notice how fast small contributions piled up. That is the power of the crowd  -  scale and diversity many hands provide.';
    body.innerHTML =
      '<div class=""cp-end"">'+
      '<div class=""ico"" style=""font-size:40px"">🎉</div>'+
      '<div class=""big"">Great work!</div>'+
      '<div class=""flabel"">Final score</div>'+
      '<div class=""fscore"" id=""cp-fscore"">'+G.score+'</div>'+
      '<div class=""flabel"">Recruited '+G.recruited+' contributors • +'+bonus+' bonus</div>'+
      '<p class=""tie"">'+tie+' But remember: it is <b>not</b> right for tasks needing one expert or that must stay secret, like surgery or private security code.</p>'+
      '<button class=""cp-again"" id=""cp-againbtn"">↻ Play again</button>'+
      '</div>';
    document.getElementById('cp-againbtn').onclick=startGame;
    try{ document.dispatchEvent(new CustomEvent('apcsGameScore',{detail:{value:G.score}})); }catch(e){}
  }

  intro();
})();
</script>

<!--
  APCS Leaderboard Widget (reusable, drop-in). Namespaced under #apcs-lb.
  Usage in a game:
    1. Include this whole fragment once (style + mount + script).
    2. Call APCSLeaderboard.init({ game:'binary-conversion-race', metric:'score',
         label:'points', higherIsBetter:true, shareName:'Binary Conversion Race' });
    3. On a run ending, call APCSLeaderboard.submit(finalValue)
       (or dispatch: document.dispatchEvent(new CustomEvent('apcsGameScore',{detail:{value:finalValue}})) ).
  Works before the backend exists: on any API failure it shows the player's local
  personal best and a ""global boards warming up"" note, and never throws.
-->
<style>
  #apcs-lb{font-family:""DM Sans"",sans-serif;max-width:520px;margin:18px auto 0;border:1px solid #e2e8f0!important;border-radius:14px!important;overflow:hidden;background:#fff!important;}
  #apcs-lb .lb-head{background:#0f1f3d!important;padding:14px 18px;display:flex;align-items:center;justify-content:space-between;gap:10px;flex-wrap:wrap;}
  #apcs-lb .lb-title{font-family:""DM Serif Display"",serif!important;font-size:18px!important;color:#fff!important;-webkit-text-fill-color:#fff!important;}
  #apcs-lb .lb-you{font-size:12px!important;color:#93c5fd!important;-webkit-text-fill-color:#93c5fd!important;font-weight:600;}
  #apcs-lb .lb-tabs{display:flex;gap:4px;padding:10px 12px;background:#f8fafc!important;border-bottom:1px solid #e2e8f0;overflow-x:auto;}
  #apcs-lb .lb-tab{flex:1;min-width:64px;padding:7px 8px;border:none;background:transparent;border-radius:8px;font-family:inherit;font-size:12px!important;font-weight:700;color:#64748b!important;-webkit-text-fill-color:#64748b!important;cursor:pointer;white-space:nowrap;}
  #apcs-lb .lb-tab.on{background:#1a56db!important;color:#fff!important;-webkit-text-fill-color:#fff!important;}
  #apcs-lb .lb-rows{padding:8px 12px 4px;min-height:120px;}
  #apcs-lb .lb-row{display:flex;align-items:center;gap:12px;padding:8px 10px;border-radius:8px;font-size:14px!important;}
  #apcs-lb .lb-row:nth-child(even){background:#f8fafc!important;}
  #apcs-lb .lb-row .rk{width:26px;font-weight:800;color:#94a3b8!important;-webkit-text-fill-color:#94a3b8!important;text-align:center;}
  #apcs-lb .lb-row.top1 .rk{color:#d97706!important;-webkit-text-fill-color:#d97706!important;}
  #apcs-lb .lb-row.me{background:#eff6ff!important;border:1px solid #bfdbfe;}
  #apcs-lb .lb-row .nm{flex:1;font-weight:600;color:#0f1f3d!important;-webkit-text-fill-color:#0f1f3d!important;}
  #apcs-lb .lb-row .vl{font-weight:800;color:#1e40af!important;-webkit-text-fill-color:#1e40af!important;font-variant-numeric:tabular-nums;}
  #apcs-lb .lb-empty{padding:26px 12px;text-align:center;font-size:13px!important;color:#94a3b8!important;-webkit-text-fill-color:#94a3b8!important;line-height:1.6;}
  #apcs-lb .lb-foot{display:flex;align-items:center;justify-content:space-between;gap:10px;padding:12px 16px;border-top:1px solid #e2e8f0;background:#f8fafc!important;flex-wrap:wrap;}
  #apcs-lb .lb-best{font-size:13px!important;color:#334155!important;-webkit-text-fill-color:#334155!important;font-weight:600;}
  #apcs-lb .lb-best b{color:#0f1f3d!important;-webkit-text-fill-color:#0f1f3d!important;}
  #apcs-lb .lb-btn{background:#1a56db!important;color:#fff!important;-webkit-text-fill-color:#fff!important;border:none;border-radius:8px;font-family:inherit;font-size:13px!important;font-weight:700;padding:9px 16px;cursor:pointer;}
  #apcs-lb .lb-btn.ghost{background:#fff!important;color:#1a56db!important;-webkit-text-fill-color:#1a56db!important;border:1px solid #bfdbfe;}
  #apcs-lb .lb-name{font-size:12px!important;color:#64748b!important;-webkit-text-fill-color:#64748b!important;padding:8px 16px;background:#fff!important;border-top:1px solid #f1f5f9;}
  #apcs-lb .lb-name a{color:#1a56db!important;-webkit-text-fill-color:#1a56db!important;font-weight:700;cursor:pointer;text-decoration:underline;}
  #apcs-lb .lb-toast{position:fixed;left:50%;bottom:24px;transform:translateX(-50%);background:#0f1f3d!important;color:#fff!important;-webkit-text-fill-color:#fff!important;font-size:13px!important;font-weight:600;padding:10px 18px;border-radius:100px;opacity:0;transition:opacity .2s;pointer-events:none;z-index:9999;}
  #apcs-lb .lb-toast.show{opacity:1;}
</style>
<div id=""apcs-lb""></div>
<script>
window.APCSLeaderboard = (function(){
  var API = 'https://progress.apcsexamprep.com';
  var cfg = null, curWin = 'today', root = null, apiUp = true;
  var WINDOWS = [['today','Today'],['week','Week'],['month','Month'],['year','Year'],['all','All-time']];

  function ls(get, key, val){
    try{ if(get){ return window.localStorage.getItem(key); } window.localStorage.setItem(key, val); }catch(e){ return null; }
  }
  function token(){ return ls(true,'apcse_token') || null; }
  function playerName(){
    var t = ls(true,'apcse_name');
    return t || '';
  }
  function setPlayerName(n){ ls(false,'apcse_name', n); }
  function bestKey(){ return 'apcse_lb_best_' + cfg.game; }
  function localBest(){ var v = ls(true, bestKey()); return v===null ? null : Number(v); }
  function setLocalBest(v){
    var b = localBest();
    if(b===null || (cfg.higherIsBetter ? v>b : v<b)) ls(false, bestKey(), String(v));
  }
  function fmt(v){ return (typeof v==='number' && isFinite(v)) ? v : v; }

  function esc(s){ return String(s).replace(/[&<>""]/g, function(c){ return {'&':'\u0026amp;','<':'\u0026lt;','>':'\u0026gt;','""':'\u0026quot;'}[c]; }); }

  function toast(msg){
    var t = document.createElement('div'); t.className='lb-toast'; t.textContent=msg; root.appendChild(t);
    setTimeout(function(){ t.classList.add('show'); }, 20);
    setTimeout(function(){ t.classList.remove('show'); setTimeout(function(){ t.remove(); },300); }, 2200);
  }

  function shell(){
    root.innerHTML =
      '<div class=""lb-head""><div class=""lb-title"">🏆 Leaderboard</div><div class=""lb-you"" id=""lb-you""></div></div>'+
      '<div class=""lb-tabs"" id=""lb-tabs""></div>'+
      '<div class=""lb-rows"" id=""lb-rows""></div>'+
      '<div class=""lb-foot""><div class=""lb-best"" id=""lb-best""></div><button class=""lb-btn"" id=""lb-share"">🔗 Challenge a friend</button></div>'+
      '<div class=""lb-name"" id=""lb-name""></div>';
    var tabs = root.querySelector('#lb-tabs');
    WINDOWS.forEach(function(w){
      var b=document.createElement('button'); b.className='lb-tab'+(w[0]===curWin?' on':''); b.textContent=w[1];
      b.onclick=function(){ curWin=w[0]; Array.prototype.forEach.call(tabs.children,function(c){c.classList.remove('on');}); b.classList.add('on'); loadBoard(); };
      tabs.appendChild(b);
    });
    root.querySelector('#lb-share').onclick = share;
    renderName(); renderBest();
  }

  function renderName(){
    var el = root.querySelector('#lb-name');
    if(token()){ el.innerHTML = 'Signed in - your scores post under your class name.'; return; }
    var n = playerName();
    el.innerHTML = n ? ('Playing as <b>'+esc(n)+'</b> • <a id=""lb-chn"">change</a>')
                     : 'Add initials to appear on the board • <a id=""lb-chn"">set name</a>';
    var a = el.querySelector('#lb-chn'); if(a) a.onclick = askName;
  }
  function askName(cb){
    var n = window.prompt('Enter a name or initials for the leaderboard (3-16 characters):', playerName()||'');
    if(n){ n = n.trim().slice(0,16); if(n.length>=1){ setPlayerName(n); renderName(); if(typeof cb==='function') cb(n); return n; } }
    return null;
  }
  function renderBest(){
    var b = localBest();
    root.querySelector('#lb-best').innerHTML = b===null ? 'No personal best yet - play a round!' :
      ('Your best: <b>'+fmt(b)+'</b> '+esc(cfg.label||''));
  }

  function loadBoard(){
    var rows = root.querySelector('#lb-rows');
    rows.innerHTML = '<div class=""lb-empty"">Loading...</div>';
    var url = API+'/api/game/leaderboard?game='+encodeURIComponent(cfg.game)+'&window='+curWin+'&limit=10';
    var opts = {}; var tk = token(); if(tk) opts.headers = {'Authorization':'Bearer '+tk};
    fetch(url, opts).then(function(r){ if(!r.ok) throw 0; return r.json(); }).then(function(d){
      apiUp = true; renderRows(d.entries||[], d.you||null);
    }).catch(function(){
      apiUp = false; renderRows(null, null);
    });
  }
  function renderRows(entries, you){
    var rows = root.querySelector('#lb-rows');
    var youEl = root.querySelector('#lb-you');
    if(entries===null){
      rows.innerHTML = '<div class=""lb-empty"">Global leaderboards are warming up.<br>Your personal best is saved below and will post automatically once boards are live.</div>';
      youEl.textContent=''; return;
    }
    if(!entries.length){ rows.innerHTML = '<div class=""lb-empty"">No scores yet for this window. Be the first!</div>'; }
    else {
      rows.innerHTML = '';
      entries.forEach(function(e,i){
        var rk = e.rank||i+1; var me = you && you.rank===rk && e.name===you.name;
        var row = document.createElement('div');
        row.className = 'lb-row'+(rk===1?' top1':'')+(me?' me':'');
        var rkEl = document.createElement('div'); rkEl.className = 'rk';
        rkEl.textContent = rk===1 ? '\uD83E\uDD47' : String(rk);
        var nmEl = document.createElement('div'); nmEl.className = 'nm';
        nmEl.textContent = e.name || 'anon';
        var vlEl = document.createElement('div'); vlEl.className = 'vl';
        vlEl.textContent = String(fmt(e.value));
        row.appendChild(rkEl); row.appendChild(nmEl); row.appendChild(vlEl);
        rows.appendChild(row);
      });
    }
    if(you && you.rank){ youEl.textContent = 'You are #'+you.rank+(you.percentile!=null?(' \u00b7 top '+you.percentile+'%'):''); }
    else youEl.textContent='';
  }

  function submit(value){
    if(cfg==null) return;
    value = Number(value); if(!isFinite(value)) return;
    setLocalBest(value); renderBest();
    var name = playerName();
    if(!token() && !name){ name = askName() || ''; }
    var body = { game: cfg.game, metric: cfg.metric, value: value, name: name };
    var opts = { method:'POST', headers:{'Content-Type':'application/json'}, body: JSON.stringify(body) };
    var tk = token(); if(tk) opts.headers['Authorization'] = 'Bearer '+tk;
    fetch(API+'/api/game/score', opts).then(function(r){ if(!r.ok) throw 0; return r.json(); }).then(function(d){
      apiUp = true;
      if(d.you && d.you.rank) toast('New score! You are #'+d.you.rank+' '+ (curWin==='today'?'today':'') );
      loadBoard();
    }).catch(function(){ apiUp=false; renderRows(null,null); });
  }

  function share(){
    var b = localBest();
    var msg = b===null ? ('Try '+ (cfg.shareName||'this AP CSP game') +' on APCSExamPrep:')
                       : ('I scored '+fmt(b)+' '+(cfg.label||'')+' on '+(cfg.shareName||'this AP CSP game')+'. Beat me:');
    var url = location.href;
    if(navigator.share){ navigator.share({title:cfg.shareName||'AP CSP Game', text:msg, url:url}).catch(function(){}); return; }
    var full = msg+' '+url;
    if(navigator.clipboard && navigator.clipboard.writeText){ navigator.clipboard.writeText(full).then(function(){ toast('Challenge link copied!'); }).catch(function(){ window.prompt('Copy your challenge link:', full); }); }
    else window.prompt('Copy your challenge link:', full);
  }

  function init(options){
    cfg = Object.assign({ game:'game', metric:'score', label:'', higherIsBetter:true, shareName:'', mount:'#apcs-lb' }, options||{});
    root = (options && options.mount && document.querySelector(options.mount)) || document.getElementById('apcs-lb');
    if(!root) return;
    root.id = 'apcs-lb';
    shell(); loadBoard();
    document.addEventListener('apcsGameScore', function(e){ if(e && e.detail && e.detail.value!=null) submit(e.detail.value); });
  }

  return { init: init, submit: submit, refresh: loadBoard };
})();
</script>
<script>
  APCSLeaderboard.init({ game:'crowd-power', metric:'score', label:'points', higherIsBetter:true, shareName:'Crowd Power' });
</script>","2026-03-01T07:00:00-06:00"
"ap-csp-game-license-match","MERGE","<style>
  @import url('https://fonts.googleapis.com/css2?family=DM+Serif+Display&family=DM+Sans:wght@400;500;600;700;800&display=swap');
  #lm-game{font-family:""DM Sans"",sans-serif!important;max-width:560px;margin:0 auto;padding:0 12px;color:#0f1f3d!important;-webkit-text-fill-color:#0f1f3d!important;box-sizing:border-box;}
  #lm-game *{box-sizing:border-box;}
  #lm-game .lm-hero{background:#0f1f3d!important;border-radius:14px!important;padding:20px 22px;margin-top:6px;}
  #lm-game .lm-title{font-family:""DM Serif Display"",serif!important;font-size:27px!important;color:#fff!important;-webkit-text-fill-color:#fff!important;line-height:1.1;margin:0;}
  #lm-game .lm-sub{font-size:13px!important;color:#93c5fd!important;-webkit-text-fill-color:#93c5fd!important;margin-top:6px;font-weight:500;}
  #lm-game .lm-how{font-size:12px!important;color:#cbd5e1!important;-webkit-text-fill-color:#cbd5e1!important;margin-top:10px;font-weight:500;}
  #lm-game .lm-bar{display:flex;gap:8px;margin-top:12px;}
  #lm-game .lm-stat{flex:1;background:#eff6ff!important;border:1px solid #e2e8f0!important;border-radius:12px!important;padding:10px 8px;text-align:center;}
  #lm-game .lm-stat .k{font-size:10px!important;letter-spacing:.06em;text-transform:uppercase;color:#64748b!important;-webkit-text-fill-color:#64748b!important;font-weight:700;}
  #lm-game .lm-stat .v{font-size:20px!important;font-weight:800;color:#1a56db!important;-webkit-text-fill-color:#1a56db!important;font-variant-numeric:tabular-nums;margin-top:2px;}
  #lm-game .lm-stat.strk .v{color:#d97706!important;-webkit-text-fill-color:#d97706!important;}
  #lm-game .lm-card{background:#fff!important;border:1px solid #e2e8f0!important;border-radius:14px!important;padding:20px;margin-top:12px;box-shadow:0 1px 3px rgba(15,31,61,.06);}
  #lm-game .lm-tag{display:inline-block;font-size:11px!important;font-weight:800;letter-spacing:.05em;text-transform:uppercase;padding:4px 10px;border-radius:100px;margin-bottom:12px;}
  #lm-game .lm-tag.lic{background:#f3e8ff!important;color:#7c3aed!important;-webkit-text-fill-color:#7c3aed!important;}
  #lm-game .lm-tag.pii{background:#dbeafe!important;color:#1a56db!important;-webkit-text-fill-color:#1a56db!important;}
  #lm-game .lm-scen{font-size:18px!important;font-weight:600;line-height:1.4;color:#0f1f3d!important;-webkit-text-fill-color:#0f1f3d!important;min-height:50px;}
  #lm-game .lm-opts{display:grid;grid-template-columns:1fr 1fr;gap:10px;margin-top:16px;}
  #lm-game .lm-opts.two{grid-template-columns:1fr 1fr;}
  #lm-game .lm-opt{border:2px solid #e2e8f0!important;background:#fff!important;border-radius:12px!important;padding:14px 12px;text-align:left;cursor:pointer;font-family:inherit;font-size:14px!important;font-weight:700;color:#0f1f3d!important;-webkit-text-fill-color:#0f1f3d!important;transition:border-color .12s,background .12s,transform .08s;}
  #lm-game .lm-opt .od{display:block;font-size:11px!important;font-weight:500;color:#64748b!important;-webkit-text-fill-color:#64748b!important;margin-top:4px;line-height:1.35;}
  #lm-game .lm-opt:hover{border-color:#93c5fd!important;background:#f8fafc!important;}
  #lm-game .lm-opt:active{transform:scale(.98);}
  #lm-game .lm-opt.ok{border-color:#16a34a!important;background:#f0fdf4!important;}
  #lm-game .lm-opt.bad{border-color:#dc2626!important;background:#fef2f2!important;}
  #lm-game .lm-opt.dim{opacity:.55;}
  #lm-game .lm-opt[disabled]{cursor:default;}
  #lm-game .lm-fb{margin-top:14px;border-radius:12px!important;padding:12px 14px;font-size:13px!important;font-weight:600;line-height:1.45;display:none;}
  #lm-game .lm-fb.show{display:block;}
  #lm-game .lm-fb.good{background:#f0fdf4!important;border:1px solid #bbf7d0!important;color:#15803d!important;-webkit-text-fill-color:#15803d!important;}
  #lm-game .lm-fb.wrong{background:#fef2f2!important;border:1px solid #fecaca!important;color:#b91c1c!important;-webkit-text-fill-color:#b91c1c!important;}
  #lm-game .lm-next{margin-top:14px;width:100%;background:#1a56db!important;color:#fff!important;-webkit-text-fill-color:#fff!important;border:none;border-radius:12px!important;padding:13px;font-family:inherit;font-size:15px!important;font-weight:800;cursor:pointer;display:none;}
  #lm-game .lm-next.show{display:block;}
  #lm-game .lm-next:active{transform:scale(.99);}
  #lm-game .lm-end{text-align:center;padding:10px 6px;}
  #lm-game .lm-end h2{font-family:""DM Serif Display"",serif!important;font-size:26px!important;color:#0f1f3d!important;-webkit-text-fill-color:#0f1f3d!important;margin:6px 0;}
  #lm-game .lm-end .big{font-size:44px!important;font-weight:800;color:#1a56db!important;-webkit-text-fill-color:#1a56db!important;margin:8px 0;}
  #lm-game .lm-end p{font-size:14px!important;color:#334155!important;-webkit-text-fill-color:#334155!important;line-height:1.5;margin:8px auto;max-width:400px;}
  #lm-game .lm-again{margin-top:14px;background:#16a34a!important;color:#fff!important;-webkit-text-fill-color:#fff!important;border:none;border-radius:12px!important;padding:13px 26px;font-family:inherit;font-size:15px!important;font-weight:800;cursor:pointer;}
  #lm-game .lm-again:active{transform:scale(.99);}
  @media(max-width:400px){#lm-game .lm-opts{grid-template-columns:1fr;}}
</style>
<div class=""lm-game"" id=""lm-game"">
  <div class=""lm-hero"">
    <h1 class=""lm-title"">License Match</h1>
    <div class=""lm-sub"">AP CSP 5.5 • Intellectual property, licensing &amp; personal privacy (PII)</div>
    <div class=""lm-how"">How to play: read each scenario and tap the right license, or decide if a data item is sensitive PII. Fast + correct builds your streak.</div>
    <div class=""lm-bar"">
      <div class=""lm-stat"">
<div class=""k"">Round</div>
<div class=""v"" id=""lm-round"">1/9</div>
</div>
      <div class=""lm-stat"">
<div class=""k"">Score</div>
<div class=""v"" id=""lm-score"">0</div>
</div>
      <div class=""lm-stat strk"">
<div class=""k"">Streak</div>
<div class=""v"" id=""lm-streak"">0</div>
</div>
    </div>
  </div>
  <div class=""lm-card"" id=""lm-play"">
    <span class=""lm-tag lic"" id=""lm-tag"">Licensing</span>
    <div class=""lm-scen"" id=""lm-scen"">Loading...</div>
    <div class=""lm-opts"" id=""lm-opts""></div>
    <div class=""lm-fb"" id=""lm-fb""></div>
    <button class=""lm-next"" id=""lm-next"">Next round ▶</button>
  </div>
</div>
<script>
(function(){
  var LIC = {
    copyright:{label:'Copyright',desc:'all rights reserved'},
    cc:{label:'Creative Commons',desc:'reuse allowed with conditions'},
    oss:{label:'Open Source',desc:'freely use and modify code'},
    pd:{label:'Public Domain',desc:'free for any use'}
  };
  var LIC_ORDER = ['copyright','cc','oss','pd'];

  var LIC_ROUNDS = [
    {scen:'You want to reuse a nature photo, but the creator only allows it if you give them credit.',ans:'cc',
     fb:'Creative Commons lets others reuse work under set conditions, like attribution (giving credit).'},
    {scen:'A developer posts a project so anyone can fork, use, and modify the code freely.',ans:'oss',
     fb:'Open Source software is released so anyone can freely use, study, and modify the code.'},
    {scen:'A brand-new song is still fully owned and controlled by the artist who wrote it.',ans:'copyright',
     fb:'Copyright means all rights reserved - the creator controls copying, sharing, and reuse.'},
    {scen:'You find a novel written in the year 1810; its protections have long expired.',ans:'pd',
     fb:'Once protections expire, work enters the Public Domain and is free for anyone to use.'},
    {scen:'A blog image is marked ""reuse OK for non-commercial projects with a link back.""',ans:'cc',
     fb:'Conditional reuse (non-commercial, share-alike, attribution) is the signature of Creative Commons.'},
    {scen:'A movie released this year - copying or redistributing it needs the studio permission.',ans:'copyright',
     fb:'New creative works are automatically Copyright: all rights reserved to the owner.'}
  ];

  var PII_ROUNDS = [
    {item:'Social Security number',sensitive:true,
     fb:'A Social Security number is highly sensitive PII - it can be used for identity theft. Protect it.'},
    {item:'Your home street address',sensitive:true,
     fb:'A home address is sensitive PII tied to your physical safety - keep it private.'},
    {item:'A public username / gamertag',sensitive:false,
     fb:'A username you chose for public play is meant to be seen - safe to share.'},
    {item:'Your favorite color',sensitive:false,
     fb:'A favorite color cannot identify or harm you - it is safe, non-sensitive info.'},
    {item:'Your date of birth plus full name together',sensitive:true,
     fb:'Full name plus birth date can be combined to impersonate you - sensitive PII to protect.'},
    {item:'The name of a movie you liked',sensitive:false,
     fb:'A movie preference reveals nothing that could identify or endanger you - safe to share.'}
  ];

  function shuffle(a){ a=a.slice(); for(var i=a.length-1;i>0;i--){ var j=Math.floor(Math.random()*(i+1)); var t=a[i];a[i]=a[j];a[j]=t; } return a; }

  var rounds=[], idx=0, score=0, streak=0, best=0, answered=false;

  var el={
    round:document.getElementById('lm-round'),
    score:document.getElementById('lm-score'),
    streak:document.getElementById('lm-streak'),
    tag:document.getElementById('lm-tag'),
    scen:document.getElementById('lm-scen'),
    opts:document.getElementById('lm-opts'),
    fb:document.getElementById('lm-fb'),
    next:document.getElementById('lm-next'),
    play:document.getElementById('lm-play')
  };

  function buildRounds(){
    var lic = shuffle(LIC_ROUNDS).slice(0,5).map(function(r){ return {type:'lic',data:r}; });
    var pii = shuffle(PII_ROUNDS).slice(0,4).map(function(r){ return {type:'pii',data:r}; });
    rounds = lic.concat(pii);
  }

  function start(){
    buildRounds(); idx=0; score=0; streak=0; best=0; answered=false;
    el.play.innerHTML =
      '<span class=""lm-tag lic"" id=""lm-tag"">Licensing</span>'+
      '<div class=""lm-scen"" id=""lm-scen""></div>'+
      '<div class=""lm-opts"" id=""lm-opts""></div>'+
      '<div class=""lm-fb"" id=""lm-fb""></div>'+
      '<button class=""lm-next"" id=""lm-next"">Next round ▶</button>';
    el.tag=document.getElementById('lm-tag');
    el.scen=document.getElementById('lm-scen');
    el.opts=document.getElementById('lm-opts');
    el.fb=document.getElementById('lm-fb');
    el.next=document.getElementById('lm-next');
    el.next.onclick=nextRound;
    render();
  }

  function render(){
    answered=false;
    var r=rounds[idx];
    el.round.textContent=(idx+1)+'/'+rounds.length;
    el.score.textContent=score;
    el.streak.textContent=streak;
    el.fb.className='lm-fb'; el.fb.textContent='';
    el.next.className='lm-next';
    el.opts.innerHTML='';

    if(r.type==='lic'){
      el.tag.className='lm-tag lic'; el.tag.textContent='Licensing';
      el.scen.textContent=r.data.scen;
      el.opts.className='lm-opts';
      shuffle(LIC_ORDER).forEach(function(key){
        var b=document.createElement('button');
        b.className='lm-opt'; b.type='button';
        b.innerHTML=LIC[key].label+'<span class=""od"">'+LIC[key].desc+'</span>';
        b.onclick=function(){ answerLic(key,b); };
        el.opts.appendChild(b);
      });
    } else {
      el.tag.className='lm-tag pii'; el.tag.textContent='Personal Data (PII)';
      el.scen.textContent='Data item: ""'+r.data.item+'"" - is this sensitive PII to protect, or safe to share?';
      el.opts.className='lm-opts two';
      var defs=[['sensitive','Sensitive PII','protect it - do not share'],['safe','Safe to share','not identifying / not sensitive']];
      shuffle(defs).forEach(function(d){
        var b=document.createElement('button');
        b.className='lm-opt'; b.type='button';
        b.innerHTML=d[1]+'<span class=""od"">'+d[2]+'</span>';
        b.onclick=function(){ answerPii(d[0],b); };
        el.opts.appendChild(b);
      });
    }
  }

  function lockOpts(){
    Array.prototype.forEach.call(el.opts.children,function(c){ c.disabled=true; });
  }

  function correct(fb){
    score += 10 + streak*2;
    streak += 1; if(streak>best) best=streak;
    el.score.textContent=score; el.streak.textContent=streak;
    el.fb.className='lm-fb show good';
    el.fb.innerHTML='✅ Correct! '+fb;
  }
  function wrong(fb){
    streak=0; el.streak.textContent=streak;
    el.fb.className='lm-fb show wrong';
    el.fb.innerHTML='❌ Not quite. '+fb;
  }

  function afterAnswer(){
    el.next.className='lm-next show';
    el.next.innerHTML = (idx+1>=rounds.length) ? 'See results →' : 'Next round ▶';
  }

  function answerLic(key,btn){
    if(answered) return; answered=true; lockOpts();
    var r=rounds[idx];
    if(key===r.data.ans){ btn.className='lm-opt ok'; correct(r.data.fb); }
    else {
      btn.className='lm-opt bad'; wrong(r.data.fb);
      Array.prototype.forEach.call(el.opts.children,function(c){
        if(c.innerHTML.indexOf(LIC[r.data.ans].label)===0) c.className='lm-opt ok';
      });
    }
    afterAnswer();
  }

  function answerPii(choice,btn){
    if(answered) return; answered=true; lockOpts();
    var r=rounds[idx];
    var isCorrect=(choice==='sensitive')===r.data.sensitive;
    if(isCorrect){ btn.className='lm-opt ok'; correct(r.data.fb); }
    else {
      btn.className='lm-opt bad'; wrong(r.data.fb);
      var want=r.data.sensitive?'Sensitive PII':'Safe to share';
      Array.prototype.forEach.call(el.opts.children,function(c){
        if(c.innerHTML.indexOf(want)===0) c.className='lm-opt ok';
      });
    }
    afterAnswer();
  }

  function nextRound(){
    idx++;
    if(idx>=rounds.length){ endGame(); return; }
    render();
  }

  function endGame(){
    el.round.textContent=rounds.length+'/'+rounds.length;
    var max=0; for(var i=0;i<rounds.length;i++){ max+=10+i*2; }
    var pct=Math.round(score/max*100);
    var msg;
    if(pct>=85) msg='Outstanding - you can tell Copyright from Creative Commons and guard PII like a pro.';
    else if(pct>=60) msg='Solid work. Remember: licenses set the terms for reusing other people work, and sensitive PII should stay private.';
    else msg='Keep practicing. Match each scenario to its license, and protect data that can identify or harm you.';
    el.play.innerHTML=
      '<div class=""lm-end"">'+
        '<h2>Run complete!</h2>'+
        '<div class=""big"">'+score+' pts</div>'+
        '<p>You answered '+rounds.length+' scenarios • best streak '+best+' • '+pct+'% of max points.</p>'+
        '<p>'+msg+'</p>'+
        '<button class=""lm-again"" id=""lm-again"">↻ Play again</button>'+
      '</div>';
    document.getElementById('lm-again').onclick=start;
    document.dispatchEvent(new CustomEvent('apcsGameScore',{detail:{value:score}}));
  }

  start();
})();
</script>
<style>
  #apcs-lb{font-family:""DM Sans"",sans-serif;max-width:520px;margin:18px auto 0;border:1px solid #e2e8f0!important;border-radius:14px!important;overflow:hidden;background:#fff!important;}
  #apcs-lb .lb-head{background:#0f1f3d!important;padding:14px 18px;display:flex;align-items:center;justify-content:space-between;gap:10px;flex-wrap:wrap;}
  #apcs-lb .lb-title{font-family:""DM Serif Display"",serif!important;font-size:18px!important;color:#fff!important;-webkit-text-fill-color:#fff!important;}
  #apcs-lb .lb-you{font-size:12px!important;color:#93c5fd!important;-webkit-text-fill-color:#93c5fd!important;font-weight:600;}
  #apcs-lb .lb-tabs{display:flex;gap:4px;padding:10px 12px;background:#f8fafc!important;border-bottom:1px solid #e2e8f0;overflow-x:auto;}
  #apcs-lb .lb-tab{flex:1;min-width:64px;padding:7px 8px;border:none;background:transparent;border-radius:8px;font-family:inherit;font-size:12px!important;font-weight:700;color:#64748b!important;-webkit-text-fill-color:#64748b!important;cursor:pointer;white-space:nowrap;}
  #apcs-lb .lb-tab.on{background:#1a56db!important;color:#fff!important;-webkit-text-fill-color:#fff!important;}
  #apcs-lb .lb-rows{padding:8px 12px 4px;min-height:120px;}
  #apcs-lb .lb-row{display:flex;align-items:center;gap:12px;padding:8px 10px;border-radius:8px;font-size:14px!important;}
  #apcs-lb .lb-row:nth-child(even){background:#f8fafc!important;}
  #apcs-lb .lb-row .rk{width:26px;font-weight:800;color:#94a3b8!important;-webkit-text-fill-color:#94a3b8!important;text-align:center;}
  #apcs-lb .lb-row.top1 .rk{color:#d97706!important;-webkit-text-fill-color:#d97706!important;}
  #apcs-lb .lb-row.me{background:#eff6ff!important;border:1px solid #bfdbfe;}
  #apcs-lb .lb-row .nm{flex:1;font-weight:600;color:#0f1f3d!important;-webkit-text-fill-color:#0f1f3d!important;}
  #apcs-lb .lb-row .vl{font-weight:800;color:#1e40af!important;-webkit-text-fill-color:#1e40af!important;font-variant-numeric:tabular-nums;}
  #apcs-lb .lb-empty{padding:26px 12px;text-align:center;font-size:13px!important;color:#94a3b8!important;-webkit-text-fill-color:#94a3b8!important;line-height:1.6;}
  #apcs-lb .lb-foot{display:flex;align-items:center;justify-content:space-between;gap:10px;padding:12px 16px;border-top:1px solid #e2e8f0;background:#f8fafc!important;flex-wrap:wrap;}
  #apcs-lb .lb-best{font-size:13px!important;color:#334155!important;-webkit-text-fill-color:#334155!important;font-weight:600;}
  #apcs-lb .lb-best b{color:#0f1f3d!important;-webkit-text-fill-color:#0f1f3d!important;}
  #apcs-lb .lb-btn{background:#1a56db!important;color:#fff!important;-webkit-text-fill-color:#fff!important;border:none;border-radius:8px;font-family:inherit;font-size:13px!important;font-weight:700;padding:9px 16px;cursor:pointer;}
  #apcs-lb .lb-btn.ghost{background:#fff!important;color:#1a56db!important;-webkit-text-fill-color:#1a56db!important;border:1px solid #bfdbfe;}
  #apcs-lb .lb-name{font-size:12px!important;color:#64748b!important;-webkit-text-fill-color:#64748b!important;padding:8px 16px;background:#fff!important;border-top:1px solid #f1f5f9;}
  #apcs-lb .lb-name a{color:#1a56db!important;-webkit-text-fill-color:#1a56db!important;font-weight:700;cursor:pointer;text-decoration:underline;}
  #apcs-lb .lb-toast{position:fixed;left:50%;bottom:24px;transform:translateX(-50%);background:#0f1f3d!important;color:#fff!important;-webkit-text-fill-color:#fff!important;font-size:13px!important;font-weight:600;padding:10px 18px;border-radius:100px;opacity:0;transition:opacity .2s;pointer-events:none;z-index:9999;}
  #apcs-lb .lb-toast.show{opacity:1;}
</style>
<div id=""apcs-lb""></div>
<script>
window.APCSLeaderboard = (function(){
  var API = 'https://progress.apcsexamprep.com';
  var cfg = null, curWin = 'today', root = null, apiUp = true;
  var WINDOWS = [['today','Today'],['week','Week'],['month','Month'],['year','Year'],['all','All-time']];

  function ls(get, key, val){
    try{ if(get){ return window.localStorage.getItem(key); } window.localStorage.setItem(key, val); }catch(e){ return null; }
  }
  function token(){ return ls(true,'apcse_token') || null; }
  function playerName(){
    var t = ls(true,'apcse_name');
    return t || '';
  }
  function setPlayerName(n){ ls(false,'apcse_name', n); }
  function bestKey(){ return 'apcse_lb_best_' + cfg.game; }
  function localBest(){ var v = ls(true, bestKey()); return v===null ? null : Number(v); }
  function setLocalBest(v){
    var b = localBest();
    if(b===null || (cfg.higherIsBetter ? v>b : v<b)) ls(false, bestKey(), String(v));
  }
  function fmt(v){ return (typeof v==='number' && isFinite(v)) ? v : v; }

  function esc(s){ return String(s).replace(/[&<>""]/g, function(c){ return {'&':'\u0026amp;','<':'\u0026lt;','>':'\u0026gt;','""':'\u0026quot;'}[c]; }); }

  function toast(msg){
    var t = document.createElement('div'); t.className='lb-toast'; t.textContent=msg; root.appendChild(t);
    setTimeout(function(){ t.classList.add('show'); }, 20);
    setTimeout(function(){ t.classList.remove('show'); setTimeout(function(){ t.remove(); },300); }, 2200);
  }

  function shell(){
    root.innerHTML =
      '<div class=""lb-head""><div class=""lb-title"">🏆 Leaderboard</div><div class=""lb-you"" id=""lb-you""></div></div>'+
      '<div class=""lb-tabs"" id=""lb-tabs""></div>'+
      '<div class=""lb-rows"" id=""lb-rows""></div>'+
      '<div class=""lb-foot""><div class=""lb-best"" id=""lb-best""></div><button class=""lb-btn"" id=""lb-share"">🔗 Challenge a friend</button></div>'+
      '<div class=""lb-name"" id=""lb-name""></div>';
    var tabs = root.querySelector('#lb-tabs');
    WINDOWS.forEach(function(w){
      var b=document.createElement('button'); b.className='lb-tab'+(w[0]===curWin?' on':''); b.textContent=w[1];
      b.onclick=function(){ curWin=w[0]; Array.prototype.forEach.call(tabs.children,function(c){c.classList.remove('on');}); b.classList.add('on'); loadBoard(); };
      tabs.appendChild(b);
    });
    root.querySelector('#lb-share').onclick = share;
    renderName(); renderBest();
  }

  function renderName(){
    var el = root.querySelector('#lb-name');
    if(token()){ el.innerHTML = 'Signed in - your scores post under your class name.'; return; }
    var n = playerName();
    el.innerHTML = n ? ('Playing as <b>'+esc(n)+'</b> • <a id=""lb-chn"">change</a>')
                     : 'Add initials to appear on the board • <a id=""lb-chn"">set name</a>';
    var a = el.querySelector('#lb-chn'); if(a) a.onclick = askName;
  }
  function askName(cb){
    var n = window.prompt('Enter a name or initials for the leaderboard (3-16 characters):', playerName()||'');
    if(n){ n = n.trim().slice(0,16); if(n.length>=1){ setPlayerName(n); renderName(); if(typeof cb==='function') cb(n); return n; } }
    return null;
  }
  function renderBest(){
    var b = localBest();
    root.querySelector('#lb-best').innerHTML = b===null ? 'No personal best yet - play a round!' :
      ('Your best: <b>'+fmt(b)+'</b> '+esc(cfg.label||''));
  }

  function loadBoard(){
    var rows = root.querySelector('#lb-rows');
    rows.innerHTML = '<div class=""lb-empty"">Loading...</div>';
    var url = API+'/api/game/leaderboard?game='+encodeURIComponent(cfg.game)+'&window='+curWin+'&limit=10';
    var opts = {}; var tk = token(); if(tk) opts.headers = {'Authorization':'Bearer '+tk};
    fetch(url, opts).then(function(r){ if(!r.ok) throw 0; return r.json(); }).then(function(d){
      apiUp = true; renderRows(d.entries||[], d.you||null);
    }).catch(function(){
      apiUp = false; renderRows(null, null);
    });
  }
  function renderRows(entries, you){
    var rows = root.querySelector('#lb-rows');
    var youEl = root.querySelector('#lb-you');
    if(entries===null){
      rows.innerHTML = '<div class=""lb-empty"">Global leaderboards are warming up.<br>Your personal best is saved below and will post automatically once boards are live.</div>';
      youEl.textContent=''; return;
    }
    if(!entries.length){ rows.innerHTML = '<div class=""lb-empty"">No scores yet for this window. Be the first!</div>'; }
    else {
      rows.innerHTML = '';
      entries.forEach(function(e,i){
        var rk = e.rank||i+1; var me = you && you.rank===rk && e.name===you.name;
        var row = document.createElement('div');
        row.className = 'lb-row'+(rk===1?' top1':'')+(me?' me':'');
        var rkEl = document.createElement('div'); rkEl.className = 'rk';
        rkEl.textContent = rk===1 ? '\uD83E\uDD47' : String(rk);
        var nmEl = document.createElement('div'); nmEl.className = 'nm';
        nmEl.textContent = e.name || 'anon';
        var vlEl = document.createElement('div'); vlEl.className = 'vl';
        vlEl.textContent = String(fmt(e.value));
        row.appendChild(rkEl); row.appendChild(nmEl); row.appendChild(vlEl);
        rows.appendChild(row);
      });
    }
    if(you && you.rank){ youEl.textContent = 'You are #'+you.rank+(you.percentile!=null?(' \u00b7 top '+you.percentile+'%'):''); }
    else youEl.textContent='';
  }

  function submit(value){
    if(cfg==null) return;
    value = Number(value); if(!isFinite(value)) return;
    setLocalBest(value); renderBest();
    var name = playerName();
    if(!token() && !name){ name = askName() || ''; }
    var body = { game: cfg.game, metric: cfg.metric, value: value, name: name };
    var opts = { method:'POST', headers:{'Content-Type':'application/json'}, body: JSON.stringify(body) };
    var tk = token(); if(tk) opts.headers['Authorization'] = 'Bearer '+tk;
    fetch(API+'/api/game/score', opts).then(function(r){ if(!r.ok) throw 0; return r.json(); }).then(function(d){
      apiUp = true;
      if(d.you && d.you.rank) toast('New score! You are #'+d.you.rank+' '+ (curWin==='today'?'today':'') );
      loadBoard();
    }).catch(function(){ apiUp=false; renderRows(null,null); });
  }

  function share(){
    var b = localBest();
    var msg = b===null ? ('Try '+ (cfg.shareName||'this AP CSP game') +' on APCSExamPrep:')
                       : ('I scored '+fmt(b)+' '+(cfg.label||'')+' on '+(cfg.shareName||'this AP CSP game')+'. Beat me:');
    var url = location.href;
    if(navigator.share){ navigator.share({title:cfg.shareName||'AP CSP Game', text:msg, url:url}).catch(function(){}); return; }
    var full = msg+' '+url;
    if(navigator.clipboard && navigator.clipboard.writeText){ navigator.clipboard.writeText(full).then(function(){ toast('Challenge link copied!'); }).catch(function(){ window.prompt('Copy your challenge link:', full); }); }
    else window.prompt('Copy your challenge link:', full);
  }

  function init(options){
    cfg = Object.assign({ game:'game', metric:'score', label:'', higherIsBetter:true, shareName:'', mount:'#apcs-lb' }, options||{});
    root = (options && options.mount && document.querySelector(options.mount)) || document.getElementById('apcs-lb');
    if(!root) return;
    root.id = 'apcs-lb';
    shell(); loadBoard();
    document.addEventListener('apcsGameScore', function(e){ if(e && e.detail && e.detail.value!=null) submit(e.detail.value); });
  }

  return { init: init, submit: submit, refresh: loadBoard };
})();
</script>
<script>
APCSLeaderboard.init({ game:'license-match', metric:'score', label:'points', higherIsBetter:true, shareName:'License Match' });
</script>","2026-03-01T07:00:00-06:00"
"ap-csp-game-phishing-net","MERGE","<style>
  @import url('https://fonts.googleapis.com/css2?family=DM+Serif+Display&family=DM+Sans:wght@400;500;600;700;800&display=swap');

  #pn-game{font-family:""DM Sans"",sans-serif!important;max-width:560px;margin:0 auto;color:#0f1f3d!important;-webkit-text-fill-color:#0f1f3d!important;box-sizing:border-box;padding:0 4px;}
  #pn-game *{box-sizing:border-box;}
  #pn-game .pn-card-wrap{background:#fff!important;border:1px solid #e2e8f0!important;border-radius:14px!important;overflow:hidden;box-shadow:0 6px 22px rgba(15,31,61,.08);}

  #pn-game .pn-hero{background:#0f1f3d!important;padding:20px 22px 18px;}
  #pn-game .pn-title{font-family:""DM Serif Display"",serif!important;font-size:28px!important;line-height:1.1;color:#fff!important;-webkit-text-fill-color:#fff!important;margin:0 0 6px;}
  #pn-game .pn-sub{font-size:13px!important;color:#93c5fd!important;-webkit-text-fill-color:#93c5fd!important;margin:0 0 10px;line-height:1.5;}
  #pn-game .pn-how{font-size:12px!important;color:#cbd5e1!important;-webkit-text-fill-color:#cbd5e1!important;margin:0;line-height:1.5;}

  #pn-game .pn-scorebar{display:flex;gap:8px;padding:12px 14px;background:#eff6ff!important;border-bottom:1px solid #e2e8f0;}
  #pn-game .pn-stat{flex:1;text-align:center;background:#fff!important;border:1px solid #e2e8f0!important;border-radius:10px!important;padding:7px 4px;}
  #pn-game .pn-stat .k{display:block;font-size:10px!important;font-weight:700;letter-spacing:.05em;text-transform:uppercase;color:#64748b!important;-webkit-text-fill-color:#64748b!important;}
  #pn-game .pn-stat .v{display:block;font-size:20px!important;font-weight:800;color:#1a56db!important;-webkit-text-fill-color:#1a56db!important;font-variant-numeric:tabular-nums;}
  #pn-game .pn-stat.streak .v{color:#d97706!important;-webkit-text-fill-color:#d97706!important;}
  #pn-game .pn-stat.prog .v{color:#7c3aed!important;-webkit-text-fill-color:#7c3aed!important;}

  #pn-game .pn-stage{padding:18px 16px 20px;min-height:340px;display:flex;flex-direction:column;}

  #pn-game .pn-phase-label{font-size:11px!important;font-weight:800;letter-spacing:.08em;text-transform:uppercase;color:#7c3aed!important;-webkit-text-fill-color:#7c3aed!important;text-align:center;margin:0 0 12px;}

  #pn-game .pn-msg{background:#f8fafc!important;border:1px solid #e2e8f0!important;border-radius:12px!important;overflow:hidden;animation:pn-in .28s ease;}
  @keyframes pn-in{from{opacity:0;transform:translateY(10px);}to{opacity:1;transform:none;}}
  #pn-game .pn-msg-top{display:flex;align-items:center;gap:8px;padding:10px 13px;background:#0f1f3d!important;}
  #pn-game .pn-chan{font-size:10px!important;font-weight:800;letter-spacing:.06em;text-transform:uppercase;padding:2px 8px;border-radius:100px;background:#1a56db!important;color:#fff!important;-webkit-text-fill-color:#fff!important;}
  #pn-game .pn-chan.txt{background:#16a34a!important;}
  #pn-game .pn-chan.web{background:#7c3aed!important;}
  #pn-game .pn-from{font-size:12px!important;font-weight:600;color:#e2e8f0!important;-webkit-text-fill-color:#e2e8f0!important;overflow:hidden;text-overflow:ellipsis;white-space:nowrap;flex:1;}
  #pn-game .pn-msg-body{padding:14px 15px;}
  #pn-game .pn-subj{font-size:15px!important;font-weight:700;color:#0f1f3d!important;-webkit-text-fill-color:#0f1f3d!important;margin:0 0 8px;line-height:1.35;}
  #pn-game .pn-text{font-size:13px!important;color:#334155!important;-webkit-text-fill-color:#334155!important;line-height:1.55;margin:0;}
  #pn-game .pn-url{display:inline-block;margin-top:10px;font-size:12px!important;font-weight:700;font-family:monospace;color:#1e40af!important;-webkit-text-fill-color:#1e40af!important;background:#eff6ff!important;border:1px solid #bfdbfe!important;border-radius:7px!important;padding:5px 9px;word-break:break-all;}

  #pn-game .pn-answers{display:flex;gap:10px;margin-top:14px;}
  #pn-game .pn-btn{flex:1;border:none;border-radius:12px!important;padding:15px 8px;font-family:inherit;font-size:16px!important;font-weight:800;cursor:pointer;color:#fff!important;-webkit-text-fill-color:#fff!important;transition:transform .08s,filter .1s;}
  #pn-game .pn-btn:active{transform:scale(.96);}
  #pn-game .pn-btn.phish{background:#dc2626!important;}
  #pn-game .pn-btn.safe{background:#16a34a!important;}
  #pn-game .pn-btn:disabled{filter:grayscale(.5) opacity(.6);cursor:default;}

  #pn-game .pn-fb{margin-top:14px;border-radius:12px!important;padding:13px 14px;font-size:13px!important;line-height:1.5;animation:pn-in .25s ease;}
  #pn-game .pn-fb.good{background:#f0fdf4!important;border:1px solid #86efac!important;}
  #pn-game .pn-fb.bad{background:#fef2f2!important;border:1px solid #fca5a5!important;}
  #pn-game .pn-fb .verdict{font-weight:800;display:block;margin-bottom:3px;}
  #pn-game .pn-fb.good .verdict{color:#15803d!important;-webkit-text-fill-color:#15803d!important;}
  #pn-game .pn-fb.bad .verdict{color:#b91c1c!important;-webkit-text-fill-color:#b91c1c!important;}
  #pn-game .pn-fb .note{color:#334155!important;-webkit-text-fill-color:#334155!important;}
  #pn-game .pn-next{margin-top:12px;width:100%;background:#1a56db!important;color:#fff!important;-webkit-text-fill-color:#fff!important;border:none;border-radius:12px!important;padding:13px;font-family:inherit;font-size:15px!important;font-weight:800;cursor:pointer;}
  #pn-game .pn-next:active{transform:scale(.98);}

  #pn-game .pn-bonus-q{font-size:16px!important;font-weight:700;color:#0f1f3d!important;-webkit-text-fill-color:#0f1f3d!important;margin:0 0 4px;line-height:1.35;}
  #pn-game .pn-bonus-hint{font-size:12px!important;color:#64748b!important;-webkit-text-fill-color:#64748b!important;margin:0 0 14px;line-height:1.5;}
  #pn-game .pn-opts{display:flex;flex-direction:column;gap:10px;}
  #pn-game .pn-opt{text-align:left;background:#fff!important;border:2px solid #e2e8f0!important;border-radius:12px!important;padding:13px 14px;font-family:inherit;font-size:14px!important;font-weight:600;color:#0f1f3d!important;-webkit-text-fill-color:#0f1f3d!important;cursor:pointer;line-height:1.4;transition:border-color .1s,background .1s;}
  #pn-game .pn-opt:hover{border-color:#93c5fd!important;background:#eff6ff!important;}
  #pn-game .pn-opt.right{border-color:#16a34a!important;background:#f0fdf4!important;}
  #pn-game .pn-opt.wrong{border-color:#dc2626!important;background:#fef2f2!important;}
  #pn-game .pn-opt code{font-family:monospace;font-size:13px!important;color:#1e40af!important;-webkit-text-fill-color:#1e40af!important;}
  #pn-game .pn-opt:disabled{cursor:default;}

  #pn-game .pn-end{text-align:center;padding:8px 6px;}
  #pn-game .pn-end .em{font-size:46px;line-height:1;margin-bottom:8px;}
  #pn-game .pn-end h2{font-family:""DM Serif Display"",serif!important;font-size:26px!important;color:#0f1f3d!important;-webkit-text-fill-color:#0f1f3d!important;margin:0 0 4px;}
  #pn-game .pn-end .final{font-size:15px!important;color:#334155!important;-webkit-text-fill-color:#334155!important;margin:0 0 4px;}
  #pn-game .pn-end .final b{color:#1a56db!important;-webkit-text-fill-color:#1a56db!important;font-size:22px!important;}
  #pn-game .pn-end .msg{font-size:14px!important;color:#475569!important;-webkit-text-fill-color:#475569!important;line-height:1.55;margin:12px auto 18px;max-width:400px;}
  #pn-game .pn-end .accents{display:flex;justify-content:center;gap:8px;flex-wrap:wrap;margin-bottom:18px;}
  #pn-game .pn-pill{font-size:12px!important;font-weight:700;padding:6px 12px;border-radius:100px;background:#eff6ff!important;color:#1e40af!important;-webkit-text-fill-color:#1e40af!important;border:1px solid #bfdbfe!important;}
  #pn-game .pn-again{background:#1a56db!important;color:#fff!important;-webkit-text-fill-color:#fff!important;border:none;border-radius:12px!important;padding:14px 30px;font-family:inherit;font-size:16px!important;font-weight:800;cursor:pointer;}
  #pn-game .pn-again:active{transform:scale(.98);}
</style>

<div class=""pn-game"" id=""pn-game"">
  <div class=""pn-card-wrap"">
    <div class=""pn-hero"">
      <h1 class=""pn-title"">🐛 Phishing Net</h1>
      <p class=""pn-sub"">Spot phishing and lock down accounts  -  AP CSP 5.6 Safe Computing.</p>
      <p class=""pn-how""><b>How to play:</b> Messages stream in. Tap <b>PHISH</b> or <b>SAFE</b> fast, then ace the Secure-the-Account bonus round.</p>
    </div>
    <div class=""pn-scorebar"">
      <div class=""pn-stat"">
<span class=""k"">Score</span><span class=""v"" id=""pn-score"">0</span>
</div>
      <div class=""pn-stat streak"">
<span class=""k"">Streak</span><span class=""v"" id=""pn-streak"">0</span>
</div>
      <div class=""pn-stat prog"">
<span class=""k"">Round</span><span class=""v"" id=""pn-prog"">1</span>
</div>
    </div>
    <div class=""pn-stage"" id=""pn-stage""></div>
  </div>
</div>

<script>
(function(){
  var stage = document.getElementById('pn-stage');
  var elScore = document.getElementById('pn-score');
  var elStreak = document.getElementById('pn-streak');
  var elProg = document.getElementById('pn-prog');

  var score = 0, streak = 0, best = 0, idx = 0, answered = false;

  // ---- Inbox: escalating difficulty. p=true means phishing. ----
  var INBOX = [
    { chan:'email', cls:'', from:'PayPal Security <service@paypa1-secure.com>',
      subj:'Your account has been LIMITED - verify in 24 hours',
      text:'We noticed unusual activity. Confirm your password now or your account will be permanently closed.',
      url:'http://paypa1-secure.com/verify', p:true,
      cue:'Look-alike URL (paypa1 with a ""1""), false urgency, and it asks for your password. Real sites never do all three.' },

    { chan:'email', cls:'', from:'GitHub <noreply@github.com>',
      subj:'A new SSH key was added to your account',
      text:'If you did this you can ignore this email. If not, review your security settings from your account page.',
      url:'https://github.com/settings/keys', p:false,
      cue:'Legit domain, no password requested, and it tells you to navigate yourself rather than clicking a demand link.' },

    { chan:'text', cls:'txt', from:'+1 (830) 555-0147',
      subj:'USPS: your package is held',
      text:'Pay a $1.99 redelivery fee to release your parcel or it returns to sender today.',
      url:'http://usps-trackfee.info/pay', p:true,
      cue:'Unexpected fee, urgency, and a non-USPS domain. Carriers do not text random surprise fees to a link.' },

    { chan:'email', cls:'', from:'School IT Helpdesk <helpdesk@yourschool.edu>',
      subj:'Scheduled password reset this weekend',
      text:'Our systems update Saturday. No action is needed; if prompted, sign in at the usual portal you have bookmarked.',
      url:'https://portal.yourschool.edu', p:false,
      cue:'Matching school domain, asks for no action, and points you to your own bookmark instead of a link. Safe.' },

    { chan:'email', cls:'', from:'HR Department <hr@company-payrol.com>',
      subj:'Updated Direct Deposit Form (open attached)',
      text:'Pleese review the attached form and reply with you bank login to keep you salary on time.',
      url:'', attach:'DirectDeposit_Update.html.zip', p:true,
      cue:'Poor grammar, an unexpected zipped attachment, a request for bank login, and a misspelled domain (payrol).' },

    { chan:'web', cls:'web', from:'https://accounts.google.com',
      subj:'Sign in - Google',
      text:'Standard Google sign-in page. The address bar shows a padlock and the exact google.com domain.',
      url:'https://accounts.google.com/signin', p:false,
      cue:'Correct domain plus HTTPS padlock means the connection is encrypted and the site is who it claims to be.' },

    { chan:'text', cls:'txt', from:'VERIFY-CODE',
      subj:'Your bank one-time code is 448120',
      text:'A caller says they are from fraud dept and asks you to READ THEM this code to cancel a charge.',
      url:'', p:true,
      cue:'Never share an MFA code. The code is the phish here - real staff never ask you to read it aloud.' },

    { chan:'web', cls:'web', from:'http://secure-bankofamericaa.com',
      subj:'Online Banking Login',
      text:'Looks like your bank login, but the address bar has no padlock and the domain has a doubled letter.',
      url:'http://secure-bankofamericaa.com/login', p:true,
      cue:'No HTTPS padlock (unencrypted) and a doubled-letter look-alike domain. Two red flags at once.' },

    { chan:'email', cls:'', from:'Amazon <ship-confirm@amazon.com>',
      subj:'Your order of USB-C cable has shipped',
      text:'Track your package from Your Orders. We will never ask for your password or payment by email.',
      url:'https://www.amazon.com/orders', p:false,
      cue:'Real domain, expected content, no credential request. This is a normal transactional email.' },

    { chan:'email', cls:'', from:'IT Security <it-support@micros0ft-alerts.net>',
      subj:'FINAL WARNING: mailbox will be deleted',
      text:'Your storage is full. Click within 12 hours and enter your current password to keep your mailbox.',
      url:'http://micros0ft-alerts.net/keep', p:true,
      cue:'Threat + countdown + password request + micros0ft (zero) look-alike domain. Textbook phishing.' }
  ];

  // ---- Bonus round: Secure the Account ----
  var BONUS = [
    { q:'Pick the STRONGEST password for your account.',
      hint:'Strong = long and unpredictable, not a swapped-letter dictionary word.',
      opts:[
        { t:'password123', ok:false },
        { t:'P@ssw0rd', ok:false },
        { t:'7mQz-vine!Cloud-42', ok:true },
        { t:'tanner2008', ok:false }
      ],
      note:'Length and randomness beat clever substitutions. Long passphrases resist guessing and cracking far better.' },

    { q:'You just set a password. What should you turn on next?',
      hint:'Something a stolen password alone cannot get past.',
      opts:[
        { t:'Multi-factor authentication (a second code or key)', ok:true },
        { t:'Save the password in a public shared doc', ok:false },
        { t:'Reuse this password on every site', ok:false },
        { t:'Disable the account recovery email', ok:false }
      ],
      note:'Multi-factor authentication adds a second proof, so a stolen password alone still cannot sign in.' },

    { q:'Which site is safe to enter your login on?',
      hint:'Encryption in transit is shown by one specific signal in the address bar.',
      opts:[
        { t:'http://my-bank-login.co  (no padlock)', ok:false },
        { t:'https://www.mybank.com  (padlock, correct domain)', ok:true },
        { t:'http://mybank.secure-verify.ru', ok:false },
        { t:'https://mybank.com.account-check.net', ok:false }
      ],
      note:'HTTPS with a padlock means the data is encrypted in transit AND the domain must match the real bank.' }
  ];

  function setStats(){
    elScore.textContent = score;
    elStreak.textContent = streak;
    var total = INBOX.length + BONUS.length;
    elProg.textContent = Math.min(idx + 1, total) + '/' + total;
  }

  function renderInbox(){
    answered = false;
    var m = INBOX[idx];
    var html = '<p class=""pn-phase-label"">Incoming • Round ' + (idx+1) + '</p>';
    html += '<div class=""pn-msg""><div class=""pn-msg-top"">';
    var label = m.chan==='text' ? 'Text' : (m.chan==='web' ? 'Login Page' : 'Email');
    html += '<span class=""pn-chan ' + m.cls + '"">' + label + '</span>';
    html += '<span class=""pn-from"">' + esc(m.from) + '</span></div>';
    html += '<div class=""pn-msg-body""><p class=""pn-subj"">' + esc(m.subj) + '</p>';
    html += '<p class=""pn-text"">' + esc(m.text) + '</p>';
    if(m.url){ html += '<span class=""pn-url"">' + esc(m.url) + '</span>'; }
    if(m.attach){ html += '<div><span class=""pn-url"">📎 ' + esc(m.attach) + '</span></div>'; }
    html += '</div></div>';
    html += '<div class=""pn-answers"">';
    html += '<button class=""pn-btn phish"" id=""pn-phish"">⚑ PHISH</button>';
    html += '<button class=""pn-btn safe"" id=""pn-safe"">✓ SAFE</button>';
    html += '</div><div id=""pn-fbslot""></div>';
    stage.innerHTML = html;
    document.getElementById('pn-phish').onclick = function(){ answerInbox(true); };
    document.getElementById('pn-safe').onclick = function(){ answerInbox(false); };
    setStats();
  }

  function answerInbox(guessPhish){
    if(answered) return;
    answered = true;
    var m = INBOX[idx];
    var correct = (guessPhish === m.p);
    document.getElementById('pn-phish').disabled = true;
    document.getElementById('pn-safe').disabled = true;
    if(correct){
      streak++;
      var pts = 100 + (streak >= 3 ? 50 : 0);
      score += pts;
    } else {
      streak = 0;
    }
    setStats();
    var actual = m.p ? 'This was PHISHING.' : 'This was SAFE.';
    var slot = document.getElementById('pn-fbslot');
    slot.innerHTML =
      '<div class=""pn-fb ' + (correct?'good':'bad') + '"">' +
        '<span class=""verdict"">' + (correct?'✓ Correct! ':'✗ Not quite. ') + actual + (correct?' +'+ (100 + (streak>=3?50:0)) +' pts':'') + '</span>' +
        '<span class=""note"">' + esc(m.cue) + '</span>' +
      '</div>' +
      '<button class=""pn-next"" id=""pn-next"">' + (idx < INBOX.length-1 ? 'Next message ▶' : 'Start bonus round ▶') + '</button>';
    document.getElementById('pn-next').onclick = advance;
  }

  function advance(){
    idx++;
    if(idx < INBOX.length){ renderInbox(); }
    else { bonusIdx = 0; renderBonus(); }
  }

  var bonusIdx = 0;
  function renderBonus(){
    answered = false;
    var b = BONUS[bonusIdx];
    var html = '<p class=""pn-phase-label"">🔒 Secure the Account • ' + (bonusIdx+1) + '/' + BONUS.length + '</p>';
    html += '<p class=""pn-bonus-q"">' + esc(b.q) + '</p>';
    html += '<p class=""pn-bonus-hint"">' + esc(b.hint) + '</p>';
    html += '<div class=""pn-opts"">';
    for(var i=0;i<b.opts.length;i++){
      html += '<button class=""pn-opt"" data-i=""' + i + '"">' + esc(b.opts[i].t) + '</button>';
    }
    html += '</div><div id=""pn-fbslot""></div>';
    stage.innerHTML = html;
    var btns = stage.querySelectorAll('.pn-opt');
    for(var j=0;j<btns.length;j++){
      btns[j].onclick = function(){ answerBonus(parseInt(this.getAttribute('data-i'),10)); };
    }
    setStats();
  }

  function answerBonus(choice){
    if(answered) return;
    answered = true;
    var b = BONUS[bonusIdx];
    var correct = b.opts[choice].ok;
    var btns = stage.querySelectorAll('.pn-opt');
    for(var i=0;i<btns.length;i++){
      btns[i].disabled = true;
      if(b.opts[i].ok){ btns[i].className = 'pn-opt right'; }
      else if(i===choice){ btns[i].className = 'pn-opt wrong'; }
    }
    if(correct){ streak++; score += 150; }
    else { streak = 0; }
    setStats();
    var slot = document.getElementById('pn-fbslot');
    slot.innerHTML =
      '<div class=""pn-fb ' + (correct?'good':'bad') + '"">' +
        '<span class=""verdict"">' + (correct?'✓ Locked in! +150 pts':'✗ That one is weak.') + '</span>' +
        '<span class=""note"">' + esc(b.note) + '</span>' +
      '</div>' +
      '<button class=""pn-next"" id=""pn-next"">' + (bonusIdx < BONUS.length-1 ? 'Next ▶' : 'See results ▶') + '</button>';
    document.getElementById('pn-next').onclick = function(){
      bonusIdx++;
      if(bonusIdx < BONUS.length){ renderBonus(); }
      else { endGame(); }
    };
  }

  function endGame(){
    var maxScore = INBOX.length*150 + BONUS.length*150; // generous ceiling
    var pct = score / (INBOX.length*100 + BONUS.length*150);
    var em, title, msg;
    if(pct >= 0.9){ em='🛡'; title='Firewall Legend'; msg='You caught the look-alike URLs, refused the codes, and locked every account. That is real safe-computing instinct.'; }
    else if(pct >= 0.65){ em='🐛'; title='Sharp Net'; msg='Strong phishing radar. Keep watching for mismatched domains and the missing HTTPS padlock to reach the top.'; }
    else { em='🕵'; title='Training Sights'; msg='Every miss is a lesson: check the domain, distrust urgency, never share passwords or codes, and look for the padlock.'; }

    stage.innerHTML =
      '<div class=""pn-end"">' +
        '<div class=""em"">' + em + '</div>' +
        '<h2>' + title + '</h2>' +
        '<p class=""final"">Final score: <b>' + score + '</b></p>' +
        '<div class=""accents"">' +
          '<span class=""pn-pill"">Spot look-alike URLs</span>' +
          '<span class=""pn-pill"">Use MFA</span>' +
          '<span class=""pn-pill"">Trust the HTTPS padlock</span>' +
        '</div>' +
        '<p class=""msg"">' + msg + '</p>' +
        '<button class=""pn-again"" id=""pn-again"">▶ Play again</button>' +
      '</div>';
    document.getElementById('pn-again').onclick = start;
    idx = INBOX.length + BONUS.length - 1;
    setStats();
    try{ document.dispatchEvent(new CustomEvent('apcsGameScore',{detail:{value:score}})); }catch(e){}
  }

  function start(){
    score = 0; streak = 0; idx = 0; bonusIdx = 0; answered = false;
    setStats();
    renderInbox();
  }

  function esc(s){
    return String(s).replace(/[&<>""]/g, function(c){
      return {'&':'\u0026amp;','<':'\u0026lt;','>':'\u0026gt;','""':'\u0026quot;'}[c];
    });
  }

  start();
})();
</script>

<style>
  #apcs-lb{font-family:""DM Sans"",sans-serif;max-width:520px;margin:18px auto 0;border:1px solid #e2e8f0!important;border-radius:14px!important;overflow:hidden;background:#fff!important;}
  #apcs-lb .lb-head{background:#0f1f3d!important;padding:14px 18px;display:flex;align-items:center;justify-content:space-between;gap:10px;flex-wrap:wrap;}
  #apcs-lb .lb-title{font-family:""DM Serif Display"",serif!important;font-size:18px!important;color:#fff!important;-webkit-text-fill-color:#fff!important;}
  #apcs-lb .lb-you{font-size:12px!important;color:#93c5fd!important;-webkit-text-fill-color:#93c5fd!important;font-weight:600;}
  #apcs-lb .lb-tabs{display:flex;gap:4px;padding:10px 12px;background:#f8fafc!important;border-bottom:1px solid #e2e8f0;overflow-x:auto;}
  #apcs-lb .lb-tab{flex:1;min-width:64px;padding:7px 8px;border:none;background:transparent;border-radius:8px;font-family:inherit;font-size:12px!important;font-weight:700;color:#64748b!important;-webkit-text-fill-color:#64748b!important;cursor:pointer;white-space:nowrap;}
  #apcs-lb .lb-tab.on{background:#1a56db!important;color:#fff!important;-webkit-text-fill-color:#fff!important;}
  #apcs-lb .lb-rows{padding:8px 12px 4px;min-height:120px;}
  #apcs-lb .lb-row{display:flex;align-items:center;gap:12px;padding:8px 10px;border-radius:8px;font-size:14px!important;}
  #apcs-lb .lb-row:nth-child(even){background:#f8fafc!important;}
  #apcs-lb .lb-row .rk{width:26px;font-weight:800;color:#94a3b8!important;-webkit-text-fill-color:#94a3b8!important;text-align:center;}
  #apcs-lb .lb-row.top1 .rk{color:#d97706!important;-webkit-text-fill-color:#d97706!important;}
  #apcs-lb .lb-row.me{background:#eff6ff!important;border:1px solid #bfdbfe;}
  #apcs-lb .lb-row .nm{flex:1;font-weight:600;color:#0f1f3d!important;-webkit-text-fill-color:#0f1f3d!important;}
  #apcs-lb .lb-row .vl{font-weight:800;color:#1e40af!important;-webkit-text-fill-color:#1e40af!important;font-variant-numeric:tabular-nums;}
  #apcs-lb .lb-empty{padding:26px 12px;text-align:center;font-size:13px!important;color:#94a3b8!important;-webkit-text-fill-color:#94a3b8!important;line-height:1.6;}
  #apcs-lb .lb-foot{display:flex;align-items:center;justify-content:space-between;gap:10px;padding:12px 16px;border-top:1px solid #e2e8f0;background:#f8fafc!important;flex-wrap:wrap;}
  #apcs-lb .lb-best{font-size:13px!important;color:#334155!important;-webkit-text-fill-color:#334155!important;font-weight:600;}
  #apcs-lb .lb-best b{color:#0f1f3d!important;-webkit-text-fill-color:#0f1f3d!important;}
  #apcs-lb .lb-btn{background:#1a56db!important;color:#fff!important;-webkit-text-fill-color:#fff!important;border:none;border-radius:8px;font-family:inherit;font-size:13px!important;font-weight:700;padding:9px 16px;cursor:pointer;}
  #apcs-lb .lb-btn.ghost{background:#fff!important;color:#1a56db!important;-webkit-text-fill-color:#1a56db!important;border:1px solid #bfdbfe;}
  #apcs-lb .lb-name{font-size:12px!important;color:#64748b!important;-webkit-text-fill-color:#64748b!important;padding:8px 16px;background:#fff!important;border-top:1px solid #f1f5f9;}
  #apcs-lb .lb-name a{color:#1a56db!important;-webkit-text-fill-color:#1a56db!important;font-weight:700;cursor:pointer;text-decoration:underline;}
  #apcs-lb .lb-toast{position:fixed;left:50%;bottom:24px;transform:translateX(-50%);background:#0f1f3d!important;color:#fff!important;-webkit-text-fill-color:#fff!important;font-size:13px!important;font-weight:600;padding:10px 18px;border-radius:100px;opacity:0;transition:opacity .2s;pointer-events:none;z-index:9999;}
  #apcs-lb .lb-toast.show{opacity:1;}
</style>
<div id=""apcs-lb""></div>
<script>
window.APCSLeaderboard = (function(){
  var API = 'https://progress.apcsexamprep.com';
  var cfg = null, curWin = 'today', root = null, apiUp = true;
  var WINDOWS = [['today','Today'],['week','Week'],['month','Month'],['year','Year'],['all','All-time']];

  function ls(get, key, val){
    try{ if(get){ return window.localStorage.getItem(key); } window.localStorage.setItem(key, val); }catch(e){ return null; }
  }
  function token(){ return ls(true,'apcse_token') || null; }
  function playerName(){
    var t = ls(true,'apcse_name');
    return t || '';
  }
  function setPlayerName(n){ ls(false,'apcse_name', n); }
  function bestKey(){ return 'apcse_lb_best_' + cfg.game; }
  function localBest(){ var v = ls(true, bestKey()); return v===null ? null : Number(v); }
  function setLocalBest(v){
    var b = localBest();
    if(b===null || (cfg.higherIsBetter ? v>b : v<b)) ls(false, bestKey(), String(v));
  }
  function fmt(v){ return (typeof v==='number' && isFinite(v)) ? v : v; }

  function esc(s){ return String(s).replace(/[&<>""]/g, function(c){ return {'&':'\u0026amp;','<':'\u0026lt;','>':'\u0026gt;','""':'\u0026quot;'}[c]; }); }

  function toast(msg){
    var t = document.createElement('div'); t.className='lb-toast'; t.textContent=msg; root.appendChild(t);
    setTimeout(function(){ t.classList.add('show'); }, 20);
    setTimeout(function(){ t.classList.remove('show'); setTimeout(function(){ t.remove(); },300); }, 2200);
  }

  function shell(){
    root.innerHTML =
      '<div class=""lb-head""><div class=""lb-title"">🏆 Leaderboard</div><div class=""lb-you"" id=""lb-you""></div></div>'+
      '<div class=""lb-tabs"" id=""lb-tabs""></div>'+
      '<div class=""lb-rows"" id=""lb-rows""></div>'+
      '<div class=""lb-foot""><div class=""lb-best"" id=""lb-best""></div><button class=""lb-btn"" id=""lb-share"">🔗 Challenge a friend</button></div>'+
      '<div class=""lb-name"" id=""lb-name""></div>';
    var tabs = root.querySelector('#lb-tabs');
    WINDOWS.forEach(function(w){
      var b=document.createElement('button'); b.className='lb-tab'+(w[0]===curWin?' on':''); b.textContent=w[1];
      b.onclick=function(){ curWin=w[0]; Array.prototype.forEach.call(tabs.children,function(c){c.classList.remove('on');}); b.classList.add('on'); loadBoard(); };
      tabs.appendChild(b);
    });
    root.querySelector('#lb-share').onclick = share;
    renderName(); renderBest();
  }

  function renderName(){
    var el = root.querySelector('#lb-name');
    if(token()){ el.innerHTML = 'Signed in - your scores post under your class name.'; return; }
    var n = playerName();
    el.innerHTML = n ? ('Playing as <b>'+esc(n)+'</b> • <a id=""lb-chn"">change</a>')
                     : 'Add initials to appear on the board • <a id=""lb-chn"">set name</a>';
    var a = el.querySelector('#lb-chn'); if(a) a.onclick = askName;
  }
  function askName(cb){
    var n = window.prompt('Enter a name or initials for the leaderboard (3-16 characters):', playerName()||'');
    if(n){ n = n.trim().slice(0,16); if(n.length>=1){ setPlayerName(n); renderName(); if(typeof cb==='function') cb(n); return n; } }
    return null;
  }
  function renderBest(){
    var b = localBest();
    root.querySelector('#lb-best').innerHTML = b===null ? 'No personal best yet - play a round!' :
      ('Your best: <b>'+fmt(b)+'</b> '+esc(cfg.label||''));
  }

  function loadBoard(){
    var rows = root.querySelector('#lb-rows');
    rows.innerHTML = '<div class=""lb-empty"">Loading...</div>';
    var url = API+'/api/game/leaderboard?game='+encodeURIComponent(cfg.game)+'&window='+curWin+'&limit=10';
    var opts = {}; var tk = token(); if(tk) opts.headers = {'Authorization':'Bearer '+tk};
    fetch(url, opts).then(function(r){ if(!r.ok) throw 0; return r.json(); }).then(function(d){
      apiUp = true; renderRows(d.entries||[], d.you||null);
    }).catch(function(){
      apiUp = false; renderRows(null, null);
    });
  }
  function renderRows(entries, you){
    var rows = root.querySelector('#lb-rows');
    var youEl = root.querySelector('#lb-you');
    if(entries===null){
      rows.innerHTML = '<div class=""lb-empty"">Global leaderboards are warming up.<br>Your personal best is saved below and will post automatically once boards are live.</div>';
      youEl.textContent=''; return;
    }
    if(!entries.length){ rows.innerHTML = '<div class=""lb-empty"">No scores yet for this window. Be the first!</div>'; }
    else {
      rows.innerHTML = '';
      entries.forEach(function(e,i){
        var rk = e.rank||i+1; var me = you && you.rank===rk && e.name===you.name;
        var row = document.createElement('div');
        row.className = 'lb-row'+(rk===1?' top1':'')+(me?' me':'');
        var rkEl = document.createElement('div'); rkEl.className = 'rk';
        rkEl.textContent = rk===1 ? '\uD83E\uDD47' : String(rk);
        var nmEl = document.createElement('div'); nmEl.className = 'nm';
        nmEl.textContent = e.name || 'anon';
        var vlEl = document.createElement('div'); vlEl.className = 'vl';
        vlEl.textContent = String(fmt(e.value));
        row.appendChild(rkEl); row.appendChild(nmEl); row.appendChild(vlEl);
        rows.appendChild(row);
      });
    }
    if(you && you.rank){ youEl.textContent = 'You are #'+you.rank+(you.percentile!=null?(' \u00b7 top '+you.percentile+'%'):''); }
    else youEl.textContent='';
  }

  function submit(value){
    if(cfg==null) return;
    value = Number(value); if(!isFinite(value)) return;
    setLocalBest(value); renderBest();
    var name = playerName();
    if(!token() && !name){ name = askName() || ''; }
    var body = { game: cfg.game, metric: cfg.metric, value: value, name: name };
    var opts = { method:'POST', headers:{'Content-Type':'application/json'}, body: JSON.stringify(body) };
    var tk = token(); if(tk) opts.headers['Authorization'] = 'Bearer '+tk;
    fetch(API+'/api/game/score', opts).then(function(r){ if(!r.ok) throw 0; return r.json(); }).then(function(d){
      apiUp = true;
      if(d.you && d.you.rank) toast('New score! You are #'+d.you.rank+' '+ (curWin==='today'?'today':'') );
      loadBoard();
    }).catch(function(){ apiUp=false; renderRows(null,null); });
  }

  function share(){
    var b = localBest();
    var msg = b===null ? ('Try '+ (cfg.shareName||'this AP CSP game') +' on APCSExamPrep:')
                       : ('I scored '+fmt(b)+' '+(cfg.label||'')+' on '+(cfg.shareName||'this AP CSP game')+'. Beat me:');
    var url = location.href;
    if(navigator.share){ navigator.share({title:cfg.shareName||'AP CSP Game', text:msg, url:url}).catch(function(){}); return; }
    var full = msg+' '+url;
    if(navigator.clipboard && navigator.clipboard.writeText){ navigator.clipboard.writeText(full).then(function(){ toast('Challenge link copied!'); }).catch(function(){ window.prompt('Copy your challenge link:', full); }); }
    else window.prompt('Copy your challenge link:', full);
  }

  function init(options){
    cfg = Object.assign({ game:'game', metric:'score', label:'', higherIsBetter:true, shareName:'', mount:'#apcs-lb' }, options||{});
    root = (options && options.mount && document.querySelector(options.mount)) || document.getElementById('apcs-lb');
    if(!root) return;
    root.id = 'apcs-lb';
    shell(); loadBoard();
    document.addEventListener('apcsGameScore', function(e){ if(e && e.detail && e.detail.value!=null) submit(e.detail.value); });
  }

  return { init: init, submit: submit, refresh: loadBoard };
})();
</script>
<script>
  APCSLeaderboard.init({ game:'phishing-net', metric:'score', label:'points', higherIsBetter:true, shareName:'Phishing Net' });
</script>","2026-03-01T07:00:00-06:00"
