ID,Handle,Title,Body HTML,Command
"132524474583","ap-cyber-unit-3-lesson-1","AP Cybersecurity 3.1 (Part 1 of 2): Network Fundamentals & Attack Surface","<script type=""application/ld+json"">
[{""@context"":""https://schema.org"",""@type"":""Article"",
  ""headline"":""AP Cybersecurity Topic 3.1: Network Fundamentals & Attack Surface"",
  ""description"":""Master network fundamentals for AP Cybersecurity. OSI model all 7 layers with attack vectors, TCP/IP, critical ports and protocols, encapsulation, and attack surface reduction."",
  ""author"":{""@type"":""Person"",""name"":""Tanner Crow""},
  ""publisher"":{""@type"":""Organization"",""name"":""APCSExamPrep.com""},
  ""educationalLevel"":""High School"",""learningResourceType"":""Lesson""},
 {""@context"":""https://schema.org"",""@type"":""FAQPage"",""mainEntity"":[
  {""@type"":""Question"",""name"":""What are the 7 layers of the OSI model?"",
   ""acceptedAnswer"":{""@type"":""Answer"",""text"":""The 7 OSI layers from top to bottom are: Layer 7 Application (HTTP, DNS, FTP), Layer 6 Presentation (SSL/TLS, encryption), Layer 5 Session (session management), Layer 4 Transport (TCP/UDP, ports), Layer 3 Network (IP addressing, routing), Layer 2 Data Link (MAC addresses, switches), Layer 1 Physical (cables, Wi-Fi signals).""}},
  {""@type"":""Question"",""name"":""What is attack surface in network security?"",
   ""acceptedAnswer"":{""@type"":""Answer"",""text"":""Attack surface is the total set of points where an attacker could attempt to enter, extract data from, or disrupt a system. In network security, every open port, running service, connected device, and active protocol expands the attack surface. Reducing attack surface means closing unused ports, disabling unnecessary services, and enforcing network segmentation.""}}
 ]}]
</script>
<style>
/* ===== UNIT ACCORDION NAV ===== */
#ucnav{position:fixed!important;left:50%!important;transform:translateX(-50%)!important;width:100%!important;max-width:980px!important;z-index:10000!important;font-family:'Georgia',serif!important;box-shadow:0 3px 18px rgba(0,0,0,.4)!important;background:#1a0840!important;margin:0!important;padding:0!important;border-radius:0 0 12px 12px!important;}
#ucnav *{box-sizing:border-box!important;font-family:'Georgia',serif!important;-webkit-font-smoothing:antialiased!important;}
#ucnav .ucn-rail{display:flex!important;align-items:stretch!important;height:40px!important;overflow-x:auto!important;overflow-y:hidden!important;scrollbar-width:none!important;background:#1a0840!important;border-bottom:2px solid rgba(109,40,217,.5)!important;border-radius:0 0 12px 12px!important;}
#ucnav .ucn-rail::-webkit-scrollbar{display:none;}
#ucnav .ucn-hub{display:inline-flex!important;align-items:center!important;padding:0 14px!important;height:40px!important;flex-shrink:0!important;font-size:12px!important;font-weight:800!important;text-transform:uppercase!important;letter-spacing:.8px!important;white-space:nowrap!important;text-decoration:none!important;background:#6d28d9!important;color:#ffffff!important;-webkit-text-fill-color:#ffffff!important;border-right:2px solid rgba(167,139,250,.4)!important;transition:background .15s!important;}
#ucnav .ucn-hub:link,#ucnav .ucn-hub:visited,#ucnav a.ucn-hub,#ucnav a.ucn-hub:link,#ucnav a.ucn-hub:visited{color:#ffffff!important;-webkit-text-fill-color:#ffffff!important;text-decoration:none!important;}
#ucnav .ucn-hub:hover{background:#5b21b6!important;color:#ffffff!important;-webkit-text-fill-color:#ffffff!important;}
#ucnav .ucn-badge{display:inline-flex!important;align-items:center!important;padding:0 12px 0 14px!important;flex-shrink:0!important;font-size:11px!important;font-weight:800!important;text-transform:uppercase!important;letter-spacing:1.2px!important;color:#c4b5fd!important;-webkit-text-fill-color:#c4b5fd!important;border-right:1px solid rgba(167,139,250,.25)!important;white-space:nowrap!important;}
#ucnav .ucn-lesson{display:inline-flex!important;align-items:center!important;gap:6px!important;padding:0 14px!important;height:40px!important;flex-shrink:0!important;cursor:pointer!important;font-size:13px!important;font-weight:600!important;background:transparent!important;border:none!important;white-space:nowrap!important;border-right:1px solid rgba(255,255,255,.08)!important;transition:background .15s!important;text-decoration:none!important;color:#e2e0f0!important;-webkit-text-fill-color:#e2e0f0!important;}
#ucnav .ucn-lesson:link,#ucnav .ucn-lesson:visited,#ucnav .ucn-lesson:hover,#ucnav .ucn-lesson:active,#ucnav a.ucn-lesson,#ucnav a.ucn-lesson:link,#ucnav a.ucn-lesson:visited{color:#e2e0f0!important;-webkit-text-fill-color:#e2e0f0!important;text-decoration:none!important;}
#ucnav .ucn-lesson:hover{background:rgba(109,40,217,.25)!important;}
#ucnav .ucn-lesson.open{background:rgba(109,40,217,.4)!important;color:#ffffff!important;-webkit-text-fill-color:#ffffff!important;border-bottom:2px solid #7c3aed!important;margin-bottom:-2px!important;}
#ucnav .ucn-lesson.open:link,#ucnav .ucn-lesson.open:visited{color:#ffffff!important;-webkit-text-fill-color:#ffffff!important;}
#ucnav .ucn-lesson.locked{color:rgba(255,255,255,.45)!important;-webkit-text-fill-color:rgba(255,255,255,.45)!important;cursor:not-allowed!important;}
#ucnav .ucn-lesson.locked:link,#ucnav .ucn-lesson.locked:visited,#ucnav .ucn-lesson.locked:hover{color:rgba(255,255,255,.45)!important;-webkit-text-fill-color:rgba(255,255,255,.45)!important;background:transparent!important;}
#ucnav .ucn-chevron{font-size:9px!important;transition:transform .2s!important;color:#a78bfa!important;-webkit-text-fill-color:#a78bfa!important;display:inline-block!important;}
#ucnav .ucn-lesson.open .ucn-chevron{transform:rotate(180deg)!important;}
#ucnav .ucn-lock svg{opacity:.5!important;}
#ucnav .ucn-steps{display:none;align-items:stretch!important;border-left:2px solid #7c3aed!important;flex-shrink:0!important;}
#ucnav .ucn-steps.open{display:inline-flex!important;}
#ucnav .ucn-step{display:inline-flex!important;align-items:center!important;gap:5px!important;padding:0 13px!important;height:40px!important;flex-shrink:0!important;font-size:12px!important;font-weight:500!important;white-space:nowrap!important;border-right:1px solid rgba(255,255,255,.07)!important;text-decoration:none!important;transition:background .12s,color .12s!important;color:#d4d0f0!important;-webkit-text-fill-color:#d4d0f0!important;background:rgba(109,40,217,.15)!important;}
#ucnav .ucn-step:link,#ucnav .ucn-step:visited,#ucnav a.ucn-step,#ucnav a.ucn-step:link,#ucnav a.ucn-step:visited{color:#d4d0f0!important;-webkit-text-fill-color:#d4d0f0!important;text-decoration:none!important;}
#ucnav .ucn-step:hover{background:rgba(109,40,217,.35)!important;color:#ffffff!important;-webkit-text-fill-color:#ffffff!important;}
#ucnav .ucn-step.current{background:rgba(109,40,217,.45)!important;color:#c4b5fd!important;-webkit-text-fill-color:#c4b5fd!important;font-weight:700!important;}
#ucnav .ucn-step.current:link,#ucnav .ucn-step.current:visited{color:#c4b5fd!important;-webkit-text-fill-color:#c4b5fd!important;}
@media(max-width:600px){#ucnav .ucn-badge{display:none;}}

.page-title,.article__title,.page__title,
.template-page h1:first-of-type{display:none;}

/* Strip Shopify page template wrapper padding */
.shopify-section-template--main,
[class*=""shopify-section-template""][class*=""__main""],
[id*=""__main""].shopify-section,
.section-template--main-padding,
.template-page .shopify-section:not(.section-header):first-of-type,
.page-container,
.main-content{
  padding-top:0!important;margin-top:0!important;
}
.template-page main,
main#MainContent,
#MainContent{
  padding-top:0!important;margin-top:0!important;
}

#apcyber-wrapper{
  all:initial;display:block;box-sizing:border-box;font-family:'Georgia',serif;
  --dark:#130825;--deep:#1e0d40;--primary:#6d28d9;--mid:#7c3aed;--accent:#a78bfa;
  --light:#ede9fe;--lighter:#f5f3ff;--sky:#0ea5e9;--green:#059669;--warn:#d97706;
  --red:#dc2626;--white:#ffffff;--g50:#fafafa;--g100:#f4f4f5;--g200:#e4e4e7;
  --g400:#a1a1aa;--g600:#52525b;--g700:#3f3f46;--g800:#27272a;
  --r-sm:6px;--r-md:12px;--r-lg:18px;--r-xl:24px;
  --sh-sm:0 1px 4px rgba(0,0,0,.08);--sh-md:0 4px 16px rgba(0,0,0,.12);--sh-lg:0 8px 32px rgba(0,0,0,.16);
  color:var(--g800)!important;line-height:1.75!important;max-width:980px!important;
  margin:0 auto!important;padding:24px 18px 72px!important;
}
#apcyber-wrapper *{box-sizing:border-box!important;}

#apcyber-wrapper .ch-header{
  background:linear-gradient(135deg,var(--dark) 0%,#2e1065 55%,#1e3a5f 100%)!important;
  border-radius:var(--r-xl)!important;padding:44px 48px!important;margin-bottom:6px!important;
  position:relative!important;overflow:hidden!important;
}
#apcyber-wrapper .ch-header::before{content:""""!important;position:absolute!important;top:0!important;right:-60px!important;width:300px!important;height:300px!important;background:radial-gradient(circle,rgba(109,40,217,.35) 0%,transparent 70%)!important;pointer-events:none!important;}
#apcyber-wrapper .ch-header::after{content:""""!important;position:absolute!important;bottom:-40px!important;left:30%!important;width:200px!important;height:200px!important;background:radial-gradient(circle,rgba(14,165,233,.2) 0%,transparent 70%)!important;pointer-events:none!important;}
#apcyber-wrapper .ch-label{font-family:'Georgia',serif!important;font-size:11px!important;font-weight:700!important;text-transform:uppercase!important;letter-spacing:2px!important;color:var(--accent)!important;margin-bottom:10px!important;display:block!important;}
#apcyber-wrapper .ch-header h1{font-family:'Georgia',serif!important;font-size:30px!important;font-weight:700!important;color:var(--white)!important;margin:0 0 10px 0!important;line-height:1.25!important;}
#apcyber-wrapper .ch-header p{font-size:15px!important;color:rgba(255,255,255,.78)!important;margin:0 0 22px 0!important;max-width:640px!important;line-height:1.6!important;}
#apcyber-wrapper .ch-meta{display:flex!important;flex-wrap:wrap!important;gap:10px!important;}
#apcyber-wrapper .ch-badge{display:inline-flex!important;align-items:center!important;gap:6px!important;background:rgba(255,255,255,.1)!important;border:1px solid rgba(255,255,255,.18)!important;color:var(--white)!important;padding:5px 14px!important;border-radius:20px!important;font-size:12px!important;font-weight:600!important;font-family:'Georgia',serif!important;}

#apcyber-wrapper .card{background:var(--white)!important;border-radius:var(--r-lg)!important;padding:36px 40px!important;margin-bottom:24px!important;box-shadow:var(--sh-sm)!important;border:1px solid var(--g200)!important;}
#apcyber-wrapper .card h2{font-family:'Georgia',serif!important;font-size:20px!important;font-weight:700!important;color:var(--deep)!important;margin:0 0 20px 0!important;padding-bottom:14px!important;border-bottom:3px solid var(--primary)!important;display:flex!important;align-items:center!important;gap:12px!important;line-height:1.3!important;}
#apcyber-wrapper .section-icon{width:34px!important;height:34px!important;background:var(--primary)!important;border-radius:8px!important;display:flex!important;align-items:center!important;justify-content:center!important;color:var(--white)!important;font-size:14px!important;font-weight:800!important;flex-shrink:0!important;font-family:'Georgia',serif!important;}
#apcyber-wrapper .card h3{font-family:'Georgia',serif!important;font-size:17px!important;font-weight:700!important;color:var(--primary)!important;margin:28px 0 10px 0!important;}
#apcyber-wrapper .card h4{font-family:'Georgia',serif!important;font-size:15px!important;font-weight:700!important;color:var(--deep)!important;margin:0 0 6px 0!important;}
#apcyber-wrapper .card p{font-size:15px!important;color:var(--g700)!important;margin:0 0 14px 0!important;font-family:'Georgia',serif!important;}
#apcyber-wrapper .card p:last-child{margin-bottom:0!important;}

#apcyber-wrapper .obj-list{list-style:none!important;padding:0!important;margin:0!important;display:grid!important;gap:10px!important;}
#apcyber-wrapper .obj-list li{display:flex!important;align-items:flex-start!important;gap:12px!important;font-size:15px!important;color:var(--g700)!important;padding:12px 16px!important;background:var(--lighter)!important;border-radius:var(--r-sm)!important;border-left:4px solid var(--primary)!important;font-family:'Georgia',serif!important;line-height:1.5!important;}
#apcyber-wrapper .obj-check{width:22px!important;height:22px!important;background:var(--primary)!important;border-radius:50%!important;display:flex!important;align-items:center!important;justify-content:center!important;flex-shrink:0!important;margin-top:1px!important;}
#apcyber-wrapper .obj-check::after{content:""\2713""!important;color:var(--white)!important;font-size:12px!important;font-weight:900!important;}

#apcyber-wrapper .principle-grid{display:grid!important;grid-template-columns:repeat(2,1fr)!important;gap:16px!important;margin:16px 0!important;}
#apcyber-wrapper .principle-card{background:var(--g50)!important;border:1px solid var(--g200)!important;border-radius:var(--r-md)!important;padding:20px!important;border-top:4px solid var(--primary)!important;}
#apcyber-wrapper .p-num{font-family:'Georgia',serif!important;font-size:11px!important;font-weight:700!important;text-transform:uppercase!important;letter-spacing:1px!important;color:var(--primary)!important;margin-bottom:4px!important;}
#apcyber-wrapper .p-name{font-family:'Georgia',serif!important;font-size:16px!important;font-weight:700!important;color:var(--deep)!important;margin-bottom:8px!important;}
#apcyber-wrapper .p-how{font-family:'Georgia',serif!important;font-size:14px!important;color:var(--g700)!important;margin-bottom:10px!important;line-height:1.6!important;}
#apcyber-wrapper .p-example{font-family:'Georgia',serif!important;font-size:13px!important;color:var(--g600)!important;font-style:italic!important;padding:8px 12px!important;background:var(--light)!important;border-radius:var(--r-sm)!important;margin-bottom:8px!important;line-height:1.5!important;}
#apcyber-wrapper .callout{background:#f0eeff!important;border-left:4px solid var(--primary)!important;border-radius:0 var(--r-md) var(--r-md) 0!important;padding:16px 20px!important;font-size:14px!important;color:var(--g700)!important;line-height:1.6!important;}
#apcyber-wrapper .callout strong{color:var(--deep)!important;display:block!important;margin-bottom:6px!important;font-size:13px!important;text-transform:uppercase!important;letter-spacing:0.5px!important;}
#apcyber-wrapper .cfu-predict{font-size:13px!important;font-style:italic!important;color:var(--primary)!important;background:#f0eeff!important;border-radius:var(--r-sm)!important;padding:8px 12px!important;margin-bottom:12px!important;border-left:3px solid var(--primary)!important;}

#apcyber-wrapper .vocab-table{width:100%!important;border-collapse:collapse!important;font-size:14px!important;font-family:'Georgia',serif!important;}
#apcyber-wrapper .vocab-table th{background:var(--deep)!important;color:var(--white)!important;padding:12px 16px!important;text-align:left!important;font-size:12px!important;font-weight:700!important;text-transform:uppercase!important;letter-spacing:.5px!important;}
#apcyber-wrapper .vocab-table th:first-child{border-radius:var(--r-sm) 0 0 0!important;}
#apcyber-wrapper .vocab-table th:last-child{border-radius:0 var(--r-sm) 0 0!important;}
#apcyber-wrapper .vocab-table td{padding:12px 16px!important;border-bottom:1px solid var(--g200)!important;color:var(--g700)!important;vertical-align:top!important;line-height:1.55!important;}
#apcyber-wrapper .vocab-table tr:nth-child(even) td{background:var(--g50)!important;}
#apcyber-wrapper .vocab-table tr:hover td{background:var(--lighter)!important;}
#apcyber-wrapper .vocab-table .term{font-weight:700!important;color:var(--primary)!important;white-space:nowrap!important;}
#apcyber-wrapper .vocab-table .exam-tip{font-size:12px!important;color:var(--g600)!important;font-style:italic!important;margin-top:4px!important;padding:4px 8px!important;background:var(--light)!important;border-radius:4px!important;border-left:3px solid var(--accent)!important;display:block!important;}

#apcyber-wrapper .attack-block{border-left:5px solid var(--primary)!important;background:var(--g50)!important;border-radius:0 var(--r-md) var(--r-md) 0!important;padding:22px 26px!important;margin:18px 0!important;}
#apcyber-wrapper .atk-name{font-family:'Georgia',serif!important;font-size:18px!important;font-weight:800!important;color:var(--deep)!important;margin-bottom:6px!important;display:flex!important;align-items:center!important;gap:10px!important;flex-wrap:wrap!important;}
#apcyber-wrapper .atk-tag{font-family:'Georgia',serif!important;font-size:11px!important;font-weight:700!important;text-transform:uppercase!important;letter-spacing:.8px!important;background:var(--deep)!important;color:var(--white)!important;padding:3px 10px!important;border-radius:20px!important;}
#apcyber-wrapper .atk-desc{font-family:'Georgia',serif!important;font-size:15px!important;color:var(--g700)!important;margin:8px 0 12px 0!important;line-height:1.65!important;}
#apcyber-wrapper .atk-scenario{font-family:'Georgia',serif!important;font-size:14px!important;color:var(--g600)!important;font-style:italic!important;background:var(--white)!important;border-radius:var(--r-sm)!important;padding:12px 16px!important;border-left:3px solid var(--sky)!important;margin-bottom:10px!important;line-height:1.6!important;}
#apcyber-wrapper .atk-scenario strong{color:var(--deep)!important;font-style:normal!important;}
#apcyber-wrapper .atk-edge{font-family:'Georgia',serif!important;font-size:13px!important;color:var(--warn)!important;background:#fffbeb!important;border-radius:var(--r-sm)!important;padding:10px 14px!important;border-left:3px solid var(--warn)!important;line-height:1.55!important;}
#apcyber-wrapper .atk-edge strong{color:var(--warn)!important;}

#apcyber-wrapper .compare-table{width:100%!important;border-collapse:collapse!important;font-family:'Georgia',serif!important;font-size:13px!important;}
#apcyber-wrapper .compare-table th{background:var(--primary)!important;color:var(--white)!important;padding:10px 14px!important;text-align:left!important;font-size:12px!important;font-weight:700!important;text-transform:uppercase!important;letter-spacing:.5px!important;}
#apcyber-wrapper .compare-table td{padding:10px 14px!important;border-bottom:1px solid var(--g200)!important;color:var(--g700)!important;vertical-align:top!important;line-height:1.5!important;}
#apcyber-wrapper .compare-table tr:nth-child(even) td{background:var(--lighter)!important;}
#apcyber-wrapper .compare-table .att-name{font-weight:700!important;color:var(--deep)!important;}
#apcyber-wrapper .compare-table .channel{font-weight:600!important;color:var(--sky)!important;}
#apcyber-wrapper .compare-table .principle{font-style:italic!important;}

#apcyber-wrapper .info-box{border-radius:var(--r-md)!important;padding:20px 24px!important;margin:20px 0!important;}
#apcyber-wrapper .info-box.stat{background:#ede9fe!important;border-left:5px solid var(--primary)!important;}
#apcyber-wrapper .info-box.insight{background:#ecfdf5!important;border-left:5px solid var(--green)!important;}
#apcyber-wrapper .info-box.warning{background:#fffbeb!important;border-left:5px solid var(--warn)!important;}
#apcyber-wrapper .info-box.danger{background:#fef2f2!important;border-left:5px solid var(--red)!important;}
#apcyber-wrapper .info-box.exam{background:linear-gradient(135deg,#1e0d40,#2e1065)!important;border-left:5px solid var(--accent)!important;border-radius:var(--r-md)!important;}
#apcyber-wrapper .box-label{font-family:'Georgia',serif!important;font-size:11px!important;font-weight:800!important;text-transform:uppercase!important;letter-spacing:1.2px!important;margin-bottom:8px!important;display:block!important;}
#apcyber-wrapper .info-box.stat .box-label{color:var(--primary)!important;}
#apcyber-wrapper .info-box.insight .box-label{color:var(--green)!important;}
#apcyber-wrapper .info-box.warning .box-label{color:var(--warn)!important;}
#apcyber-wrapper .info-box.danger .box-label{color:var(--red)!important;}
#apcyber-wrapper .info-box.exam .box-label{color:var(--accent)!important;}
#apcyber-wrapper .info-box p{font-family:'Georgia',serif!important;font-size:15px!important;color:var(--g700)!important;margin:0!important;line-height:1.65!important;}
#apcyber-wrapper .info-box.exam p{color:rgba(255,255,255,.85)!important;}

#apcyber-wrapper .defense-grid{display:grid!important;grid-template-columns:1fr 1fr!important;gap:20px!important;margin:16px 0!important;}
#apcyber-wrapper .defense-col h4{font-family:'Georgia',serif!important;font-size:14px!important;font-weight:700!important;padding:10px 16px!important;border-radius:var(--r-sm) var(--r-sm) 0 0!important;margin:0!important;}
#apcyber-wrapper .defense-col.tech h4{background:var(--primary)!important;color:var(--white)!important;}
#apcyber-wrapper .defense-col.human h4{background:var(--sky)!important;color:var(--white)!important;}
#apcyber-wrapper .defense-col ul{list-style:none!important;padding:0!important;margin:0!important;border:1px solid var(--g200)!important;border-top:none!important;border-radius:0 0 var(--r-sm) var(--r-sm)!important;}
#apcyber-wrapper .defense-col ul li{padding:10px 14px!important;font-family:'Georgia',serif!important;font-size:14px!important;color:var(--g700)!important;border-bottom:1px solid var(--g200)!important;display:flex!important;align-items:flex-start!important;gap:8px!important;line-height:1.5!important;}
#apcyber-wrapper .defense-col ul li:last-child{border-bottom:none!important;}
#apcyber-wrapper .defense-col ul li::before{content:""\2713""!important;color:var(--green)!important;font-weight:900!important;flex-shrink:0!important;margin-top:1px!important;}

#apcyber-wrapper .case-block{border:2px solid var(--g200)!important;border-radius:var(--r-lg)!important;overflow:hidden!important;margin:20px 0!important;}
#apcyber-wrapper .case-header{background:linear-gradient(90deg,var(--deep),var(--primary))!important;padding:14px 22px!important;display:flex!important;align-items:center!important;gap:12px!important;}
#apcyber-wrapper .case-year{background:rgba(255,255,255,.2)!important;color:var(--white)!important;font-family:'Georgia',serif!important;font-size:11px!important;font-weight:700!important;padding:3px 10px!important;border-radius:20px!important;letter-spacing:.5px!important;white-space:nowrap!important;}
#apcyber-wrapper .case-title{font-family:'Georgia',serif!important;font-size:15px!important;font-weight:700!important;color:var(--white)!important;}
#apcyber-wrapper .case-body{padding:22px!important;}
#apcyber-wrapper .case-body p{font-family:'Georgia',serif!important;font-size:14px!important;color:var(--g700)!important;margin:0 0 10px 0!important;line-height:1.65!important;}
#apcyber-wrapper .case-verdict{background:var(--lighter)!important;border-radius:var(--r-sm)!important;padding:12px 16px!important;margin-top:12px!important;}
#apcyber-wrapper .case-verdict-label{font-family:'Georgia',serif!important;font-size:11px!important;font-weight:800!important;text-transform:uppercase!important;letter-spacing:1px!important;color:var(--primary)!important;margin-bottom:4px!important;display:block!important;}
#apcyber-wrapper .case-verdict p{font-family:'Georgia',serif!important;font-size:13px!important;color:var(--g700)!important;margin:0!important;}

#apcyber-wrapper .ex-block{border:2px solid var(--primary)!important;border-radius:var(--r-lg)!important;overflow:hidden!important;margin:20px 0!important;}
#apcyber-wrapper .ex-header{background:var(--primary)!important;padding:14px 22px!important;display:flex!important;align-items:center!important;gap:10px!important;}
#apcyber-wrapper .ex-num{background:rgba(255,255,255,.25)!important;color:var(--white)!important;width:28px!important;height:28px!important;border-radius:50%!important;display:flex!important;align-items:center!important;justify-content:center!important;font-family:'Georgia',serif!important;font-size:13px!important;font-weight:900!important;flex-shrink:0!important;}
#apcyber-wrapper .ex-title{font-family:'Georgia',serif!important;font-size:15px!important;font-weight:700!important;color:var(--white)!important;}
#apcyber-wrapper .ex-scenario{background:#f0ebff!important;padding:18px 22px!important;font-family:'Georgia',serif!important;font-size:14px!important;color:var(--g700)!important;border-bottom:1px solid var(--g200)!important;font-style:italic!important;line-height:1.65!important;}
#apcyber-wrapper .ex-scenario strong{color:var(--deep)!important;font-style:normal!important;}
#apcyber-wrapper .ex-body{padding:22px!important;}
#apcyber-wrapper .ex-step{display:flex!important;gap:14px!important;margin-bottom:18px!important;align-items:flex-start!important;}
#apcyber-wrapper .step-n{width:30px!important;height:30px!important;background:var(--deep)!important;color:var(--white)!important;border-radius:50%!important;display:flex!important;align-items:center!important;justify-content:center!important;font-family:'Georgia',serif!important;font-size:13px!important;font-weight:800!important;flex-shrink:0!important;}
#apcyber-wrapper .step-c h4{font-family:'Georgia',serif!important;font-size:15px!important;font-weight:700!important;color:var(--deep)!important;margin:0 0 5px 0!important;}
#apcyber-wrapper .step-c p{font-family:'Georgia',serif!important;font-size:14px!important;color:var(--g700)!important;margin:0!important;line-height:1.6!important;}
#apcyber-wrapper .step-c ul{padding-left:16px!important;margin:6px 0 0 0!important;}
#apcyber-wrapper .step-c ul li{font-family:'Georgia',serif!important;font-size:14px!important;color:var(--g700)!important;margin-bottom:4px!important;line-height:1.5!important;}
#apcyber-wrapper .ex-answer{background:#ecfdf5!important;border-left:4px solid var(--green)!important;border-radius:var(--r-sm)!important;padding:14px 18px!important;margin-top:4px!important;}
#apcyber-wrapper .ans-label{font-family:'Georgia',serif!important;font-size:11px!important;font-weight:800!important;text-transform:uppercase!important;letter-spacing:1px!important;color:var(--green)!important;margin-bottom:5px!important;display:block!important;}
#apcyber-wrapper .ex-answer p{font-family:'Georgia',serif!important;font-size:14px!important;color:var(--g700)!important;margin:0!important;line-height:1.6!important;}

#apcyber-wrapper .exam-card{background:linear-gradient(135deg,var(--dark) 0%,#2e1065 100%)!important;border-radius:var(--r-xl)!important;padding:36px 40px!important;margin-bottom:24px!important;}
#apcyber-wrapper .exam-card h2{font-family:'Georgia',serif!important;font-size:20px!important;font-weight:700!important;color:var(--white)!important;margin:0 0 20px 0!important;padding-bottom:14px!important;border-bottom:2px solid rgba(167,139,250,.4)!important;display:flex!important;align-items:center!important;gap:12px!important;}
#apcyber-wrapper .exam-card .section-icon{background:var(--accent)!important;}
#apcyber-wrapper .exam-tip-item{display:flex!important;gap:16px!important;margin-bottom:20px!important;align-items:flex-start!important;}
#apcyber-wrapper .tip-badge{background:var(--accent)!important;color:var(--dark)!important;font-family:'Georgia',serif!important;font-size:11px!important;font-weight:800!important;padding:4px 10px!important;border-radius:20px!important;white-space:nowrap!important;margin-top:2px!important;flex-shrink:0!important;}
#apcyber-wrapper .tip-text h4{font-family:'Georgia',serif!important;font-size:15px!important;font-weight:700!important;color:var(--white)!important;margin:0 0 4px 0!important;}
#apcyber-wrapper .tip-text p{font-family:'Georgia',serif!important;font-size:14px!important;color:rgba(255,255,255,.75)!important;margin:0!important;line-height:1.6!important;}
#apcyber-wrapper .tip-text strong{color:var(--accent)!important;}

#apcyber-wrapper .bottom-nav{display:flex!important;justify-content:space-between!important;align-items:center!important;gap:16px!important;margin-top:32px!important;flex-wrap:wrap!important;}
#apcyber-wrapper .nav-btn{display:inline-flex!important;align-items:center!important;gap:8px!important;padding:14px 26px!important;border-radius:var(--r-md)!important;font-family:'Georgia',serif!important;font-size:15px!important;font-weight:700!important;text-decoration:none!important;cursor:pointer!important;}
#apcyber-wrapper .nav-btn.primary{background:var(--primary)!important;color:var(--white)!important;border:none!important;}
#apcyber-wrapper .nav-btn.primary:link,#apcyber-wrapper .nav-btn.primary:visited{background:var(--primary)!important;color:var(--white)!important;-webkit-text-fill-color:var(--white)!important;opacity:1!important;visibility:visible!important;}
#apcyber-wrapper .nav-btn.primary:hover{background:var(--dark)!important;color:var(--white)!important;-webkit-text-fill-color:var(--white)!important;}
#apcyber-wrapper .nav-btn.secondary{background:var(--white)!important;color:var(--primary)!important;border:2px solid var(--primary)!important;}
#apcyber-wrapper .nav-btn.secondary:link,#apcyber-wrapper .nav-btn.secondary:visited{background:var(--white)!important;color:var(--primary)!important;-webkit-text-fill-color:var(--primary)!important;opacity:1!important;visibility:visible!important;}
#apcyber-wrapper .nav-btn.secondary:hover{background:var(--lighter)!important;color:var(--primary)!important;-webkit-text-fill-color:var(--primary)!important;}
#apcyber-wrapper .nav-center{text-align:center!important;font-family:'Georgia',serif!important;font-size:13px!important;color:var(--g600)!important;line-height:1.5!important;}

#apcyber-wrapper .breadcrumb{display:flex!important;align-items:center!important;flex-wrap:wrap!important;gap:4px!important;font-family:'Georgia',serif!important;font-size:13px!important;color:var(--g600)!important;margin-bottom:8px!important;padding:4px 0 0 0!important;}
#apcyber-wrapper .breadcrumb a{color:var(--primary)!important;text-decoration:none!important;font-weight:500!important;}
#apcyber-wrapper .breadcrumb a:link,#apcyber-wrapper .breadcrumb a:visited{color:var(--primary)!important;-webkit-text-fill-color:var(--primary)!important;}
#apcyber-wrapper .breadcrumb a:hover{text-decoration:underline!important;}
#apcyber-wrapper .bc-sep{color:var(--g400)!important;margin:0 2px!important;}
#apcyber-wrapper .bc-current{color:var(--g700)!important;font-weight:600!important;}

#apcyber-wrapper .meta-bar{display:flex!important;align-items:center!important;gap:20px!important;flex-wrap:wrap!important;padding:10px 0!important;margin-bottom:8px!important;border-bottom:1px solid var(--g200)!important;}
#apcyber-wrapper .meta-bar span{font-family:'Georgia',serif!important;font-size:13px!important;color:var(--g600)!important;display:flex!important;align-items:center!important;gap:5px!important;}
#apcyber-wrapper .meta-bar strong{color:var(--g700)!important;}

#apcyber-wrapper .toc-row{display:grid!important;grid-template-columns:1fr 1fr!important;gap:20px!important;margin-bottom:24px!important;align-items:stretch!important;}
#apcyber-wrapper .toc-card{background:var(--lighter)!important;border:1px solid var(--light)!important;border-radius:var(--r-lg)!important;padding:22px 28px!important;margin-bottom:0!important;border-left:4px solid var(--primary)!important;}
#apcyber-wrapper .toc-label{font-family:'Georgia',serif!important;font-size:11px!important;font-weight:700!important;text-transform:uppercase!important;letter-spacing:.8px!important;color:var(--primary)!important;margin-bottom:12px!important;display:block!important;}
#apcyber-wrapper .toc-list{list-style:none!important;padding:0!important;margin:0!important;display:grid!important;grid-template-columns:1fr!important;gap:6px!important;}
#apcyber-wrapper .toc-list li{font-family:'Georgia',serif!important;font-size:14px!important;color:var(--g700)!important;display:flex!important;align-items:flex-start!important;gap:7px!important;}
#apcyber-wrapper .toc-list li::before{content:""\2023""!important;color:var(--primary)!important;font-size:15px!important;flex-shrink:0!important;margin-top:1px!important;}
#apcyber-wrapper .toc-list a{color:var(--primary)!important;text-decoration:none!important;font-weight:500!important;}
#apcyber-wrapper .toc-list a:link,#apcyber-wrapper .toc-list a:visited{color:var(--primary)!important;-webkit-text-fill-color:var(--primary)!important;}
#apcyber-wrapper .toc-list a:hover{text-decoration:underline!important;}
#apcyber-wrapper .toc-time{font-family:'Georgia',serif!important;font-size:11px!important;color:var(--g400)!important;margin-left:4px!important;font-weight:400!important;white-space:nowrap!important;}

#apcyber-wrapper .lesson-video-card{background:linear-gradient(145deg,var(--dark) 0%,#1a0a35 100%)!important;border:1px solid rgba(167,139,250,.2)!important;border-radius:var(--r-lg)!important;overflow:hidden!important;display:flex!important;flex-direction:column!important;}
#apcyber-wrapper .lvc-header{padding:14px 20px 12px!important;border-bottom:1px solid rgba(255,255,255,.08)!important;}
#apcyber-wrapper .lvc-eyebrow{display:block!important;font-family:'Georgia',serif!important;font-size:10px!important;font-weight:700!important;text-transform:uppercase!important;letter-spacing:1.2px!important;color:var(--accent)!important;margin-bottom:3px!important;}
#apcyber-wrapper .lvc-title{display:block!important;font-family:'Georgia',serif!important;font-size:13px!important;font-weight:600!important;color:rgba(255,255,255,.75)!important;}
#apcyber-wrapper .lvc-video-wrap{position:relative!important;width:100%!important;padding-bottom:56.25%!important;height:0!important;background:#000!important;flex:1!important;}
#apcyber-wrapper .lvc-video-wrap iframe{position:absolute!important;top:0!important;left:0!important;width:100%!important;height:100%!important;border:0!important;}
#apcyber-wrapper .lvc-footer{padding:10px 16px!important;font-family:'Georgia',serif!important;font-size:11px!important;color:rgba(255,255,255,.35)!important;text-align:center!important;border-top:1px solid rgba(255,255,255,.06)!important;}

#apcyber-progress-bar{position:fixed!important;top:0!important;left:0!important;width:0%!important;height:3px!important;background:linear-gradient(90deg,var(--primary),var(--accent))!important;z-index:99999!important;transition:width .1s linear!important;}
#apcyber-back-top{position:fixed!important;bottom:28px!important;right:24px!important;width:44px!important;height:44px!important;border-radius:50%!important;background:var(--primary)!important;color:var(--white)!important;border:none!important;cursor:pointer!important;display:flex!important;align-items:center!important;justify-content:center!important;box-shadow:0 4px 16px rgba(109,40,217,.4)!important;opacity:0!important;pointer-events:none!important;transition:opacity .25s,transform .25s!important;z-index:9999!important;font-size:18px!important;font-weight:700!important;font-family:'Georgia',serif!important;}
#apcyber-back-top.visible{opacity:1!important;pointer-events:auto!important;}
#apcyber-back-top:hover{transform:translateY(-3px)!important;background:var(--deep)!important;}

#apcyber-wrapper .tutor-cta{background:linear-gradient(135deg,#1e0d40 0%,#2e1065 60%,#1e3a5f 100%)!important;border-radius:var(--r-xl)!important;padding:32px 40px!important;margin-bottom:24px!important;display:flex!important;align-items:center!important;gap:32px!important;flex-wrap:wrap!important;border:1px solid rgba(167,139,250,.2)!important;}
#apcyber-wrapper .tutor-cta-text{flex:1!important;min-width:200px!important;}
#apcyber-wrapper .tutor-cta-eyebrow{font-family:'Georgia',serif!important;font-size:11px!important;font-weight:700!important;text-transform:uppercase!important;letter-spacing:1.2px!important;color:var(--accent)!important;margin-bottom:8px!important;display:block!important;}
#apcyber-wrapper .tutor-cta h3{font-family:'Georgia',serif!important;font-size:20px!important;font-weight:700!important;color:var(--white)!important;margin:0 0 10px 0!important;line-height:1.3!important;}
#apcyber-wrapper .tutor-cta p{font-family:'Georgia',serif!important;font-size:14px!important;color:rgba(255,255,255,.72)!important;margin:0!important;line-height:1.6!important;}
#apcyber-wrapper .tutor-cta-btn{display:inline-flex!important;align-items:center!important;gap:8px!important;background:var(--white)!important;color:var(--primary)!important;padding:14px 26px!important;border-radius:var(--r-md)!important;font-family:'Georgia',serif!important;font-size:15px!important;font-weight:700!important;text-decoration:none!important;white-space:nowrap!important;flex-shrink:0!important;}
#apcyber-wrapper .tutor-cta-btn:link,#apcyber-wrapper .tutor-cta-btn:visited{background:var(--white)!important;color:var(--primary)!important;-webkit-text-fill-color:var(--primary)!important;text-decoration:none!important;opacity:1!important;visibility:visible!important;}
#apcyber-wrapper .tutor-cta-btn:hover{background:var(--lighter)!important;color:var(--primary)!important;-webkit-text-fill-color:var(--primary)!important;}
#apcyber-wrapper .tutor-stats{display:flex!important;gap:20px!important;margin-top:12px!important;flex-wrap:wrap!important;}
#apcyber-wrapper .tutor-stat{font-family:'Georgia',serif!important;font-size:12px!important;color:rgba(255,255,255,.55)!important;display:flex!important;gap:5px!important;}
#apcyber-wrapper .tutor-stat strong{color:rgba(255,255,255,.9)!important;}

#apcyber-wrapper .key-terms-box{background:var(--lighter)!important;border:1px solid var(--light)!important;border-radius:var(--r-lg)!important;padding:22px 26px!important;margin-bottom:22px!important;border-left:4px solid var(--primary)!important;}
#apcyber-wrapper .key-terms-label{font-family:'Georgia',serif!important;font-size:11px!important;font-weight:700!important;text-transform:uppercase!important;letter-spacing:.8px!important;color:var(--primary)!important;margin-bottom:12px!important;display:block!important;}
#apcyber-wrapper .key-terms-grid{display:grid!important;grid-template-columns:repeat(2,1fr)!important;gap:6px 24px!important;}
#apcyber-wrapper dt{font-family:'Georgia',serif!important;font-size:14px!important;font-weight:700!important;color:var(--deep)!important;}
#apcyber-wrapper dd{font-family:'Georgia',serif!important;font-size:13px!important;color:var(--g600)!important;margin:0 0 6px 0!important;padding-left:0!important;}

#cfu-score-tracker{position:fixed!important;bottom:28px!important;left:24px!important;background:var(--primary)!important;color:var(--white)!important;border-radius:24px!important;padding:8px 18px!important;font-family:'Georgia',serif!important;font-size:13px!important;font-weight:700!important;box-shadow:0 4px 16px rgba(109,40,217,.45)!important;z-index:9999!important;display:flex!important;align-items:center!important;gap:8px!important;opacity:0!important;transition:opacity .3s!important;pointer-events:none!important;white-space:nowrap!important;}
#cfu-score-tracker.visible{opacity:1!important;}
#cfu-score-num{background:rgba(255,255,255,.2)!important;border-radius:12px!important;padding:2px 10px!important;font-size:14px!important;}
#cfu-score-tracker .cfu-score-label{color:rgba(255,255,255,.8)!important;font-size:12px!important;}

#apcyber-wrapper .cfu-block{background:var(--g50)!important;border:1px solid var(--g200)!important;border-radius:var(--r-lg)!important;padding:24px 28px!important;margin-top:28px!important;border-top:3px solid var(--primary)!important;}
#apcyber-wrapper .cfu-header{display:flex!important;align-items:center!important;justify-content:space-between!important;margin-bottom:14px!important;flex-wrap:wrap!important;gap:8px!important;}
#apcyber-wrapper .cfu-header-left{display:flex!important;align-items:center!important;gap:10px!important;flex-wrap:wrap!important;}
#apcyber-wrapper .cfu-label{font-family:'Georgia',serif!important;font-size:11px!important;font-weight:700!important;text-transform:uppercase!important;letter-spacing:1px!important;color:var(--primary)!important;}
#apcyber-wrapper .cfu-type-badge{font-family:'Georgia',serif!important;font-size:11px!important;font-weight:600!important;background:var(--light)!important;color:var(--primary)!important;padding:2px 10px!important;border-radius:12px!important;}
#apcyber-wrapper .cfu-scenario-badge{background:#fef3c7!important;color:#92400e!important;}
#apcyber-wrapper .cfu-counter{font-family:'Georgia',serif!important;font-size:12px!important;color:var(--g400)!important;font-weight:600!important;}
#apcyber-wrapper .cfu-scenario{background:var(--white)!important;border:1px solid var(--g200)!important;border-left:4px solid var(--sky)!important;border-radius:var(--r-md)!important;padding:16px 18px!important;margin-bottom:16px!important;font-family:'Georgia',serif!important;font-size:14px!important;color:var(--g700)!important;line-height:1.7!important;}
#apcyber-wrapper .cfu-question{font-family:'Georgia',serif!important;font-size:15px!important;font-weight:600!important;color:var(--deep)!important;margin:0 0 16px 0!important;line-height:1.55!important;}
#apcyber-wrapper .cfu-options{display:grid!important;gap:8px!important;margin-bottom:16px!important;}
#apcyber-wrapper .cfu-opt{display:flex!important;align-items:flex-start!important;gap:10px!important;background:var(--white)!important;border:2px solid var(--g200)!important;border-radius:var(--r-md)!important;padding:12px 16px!important;cursor:pointer!important;transition:all .15s!important;font-family:'Georgia',serif!important;}
#apcyber-wrapper .cfu-opt:hover{border-color:var(--primary)!important;background:var(--lighter)!important;}
#apcyber-wrapper .cfu-opt.selected{border-color:var(--primary)!important;background:var(--lighter)!important;}
#apcyber-wrapper .cfu-opt.correct{border-color:var(--green)!important;background:#ecfdf5!important;}
#apcyber-wrapper .cfu-opt.wrong{border-color:var(--red)!important;background:#fef2f2!important;}
#apcyber-wrapper .cfu-opt.locked{cursor:default!important;}
#apcyber-wrapper .cfu-opt-letter{font-family:'Georgia',serif!important;font-size:13px!important;font-weight:700!important;color:var(--primary)!important;min-width:20px!important;flex-shrink:0!important;margin-top:1px!important;}
#apcyber-wrapper .cfu-opt.correct .cfu-opt-letter{color:var(--green)!important;}
#apcyber-wrapper .cfu-opt.wrong .cfu-opt-letter{color:var(--red)!important;}
#apcyber-wrapper .cfu-opt-text{font-family:'Georgia',serif!important;font-size:14px!important;color:var(--g700)!important;line-height:1.5!important;}
#apcyber-wrapper .cfu-submit{background:var(--primary)!important;color:var(--white)!important;border:none!important;border-radius:var(--r-md)!important;padding:11px 28px!important;font-family:'Georgia',serif!important;font-size:14px!important;font-weight:700!important;cursor:pointer!important;display:block!important;}
#apcyber-wrapper .cfu-submit:link,#apcyber-wrapper .cfu-submit:visited{color:var(--white)!important;-webkit-text-fill-color:var(--white)!important;}
#apcyber-wrapper .cfu-submit:hover{background:var(--deep)!important;}
#apcyber-wrapper .cfu-submit:disabled{background:var(--g200)!important;color:var(--g400)!important;-webkit-text-fill-color:var(--g400)!important;cursor:default!important;}
#apcyber-wrapper .cfu-feedback{margin-top:16px!important;border-radius:var(--r-md)!important;padding:16px 20px!important;border-left:4px solid var(--green)!important;background:#ecfdf5!important;}
#apcyber-wrapper .cfu-feedback.wrong-fb{border-left-color:var(--red)!important;background:#fef2f2!important;}
#apcyber-wrapper .cfu-feedback-verdict{font-family:'Georgia',serif!important;font-size:15px!important;font-weight:700!important;margin-bottom:8px!important;}
#apcyber-wrapper .cfu-feedback.wrong-fb .cfu-feedback-verdict{color:var(--red)!important;}
#apcyber-wrapper .cfu-feedback:not(.wrong-fb) .cfu-feedback-verdict{color:var(--green)!important;}
#apcyber-wrapper .cfu-feedback-explain{font-family:'Georgia',serif!important;font-size:14px!important;color:var(--g700)!important;line-height:1.65!important;}
#apcyber-wrapper .cfu-eol{background:linear-gradient(to bottom right,#fdf4ff,#f5f3ff)!important;border-top-color:var(--accent)!important;}
#apcyber-wrapper .cfu-eol-badge{background:#f3e8ff!important;color:#7e22ce!important;font-weight:700!important;}

#apcyber-wrapper .faq-list{list-style:none!important;padding:0!important;margin:0!important;display:grid!important;gap:16px!important;}
#apcyber-wrapper .faq-item{background:var(--g50)!important;border:1px solid var(--g200)!important;border-radius:var(--r-md)!important;padding:20px 24px!important;border-left:4px solid var(--primary)!important;}
#apcyber-wrapper .faq-q{font-family:'Georgia',serif!important;font-size:16px!important;font-weight:700!important;color:var(--deep)!important;margin-bottom:10px!important;}
#apcyber-wrapper .faq-a{font-family:'Georgia',serif!important;font-size:15px!important;color:var(--g700)!important;line-height:1.65!important;margin:0!important;}

#apcyber-wrapper .author-box{background:linear-gradient(135deg,var(--dark) 0%,#2e1065 100%)!important;border-radius:var(--r-xl)!important;padding:28px 32px!important;margin-bottom:24px!important;display:flex!important;align-items:flex-start!important;gap:20px!important;flex-wrap:wrap!important;}
#apcyber-wrapper .author-avatar{width:72px!important;height:72px!important;border-radius:50%!important;background:var(--primary)!important;flex-shrink:0!important;display:flex!important;align-items:center!important;justify-content:center!important;font-family:'Georgia',serif!important;font-size:24px!important;font-weight:700!important;color:var(--white)!important;border:3px solid var(--accent)!important;}
#apcyber-wrapper .author-info{flex:1!important;min-width:200px!important;}
#apcyber-wrapper .author-name{font-family:'Georgia',serif!important;font-size:18px!important;font-weight:700!important;color:var(--white)!important;margin-bottom:4px!important;}
#apcyber-wrapper .author-role{font-family:'Georgia',serif!important;font-size:11px!important;color:var(--accent)!important;font-weight:700!important;text-transform:uppercase!important;letter-spacing:.7px!important;margin-bottom:10px!important;}
#apcyber-wrapper .author-bio{font-family:'Georgia',serif!important;font-size:14px!important;color:rgba(255,255,255,.8)!important;line-height:1.6!important;margin-bottom:12px!important;}
#apcyber-wrapper .author-stats{display:flex!important;flex-wrap:wrap!important;gap:8px!important;}
#apcyber-wrapper .author-stat{background:rgba(255,255,255,.1)!important;border:1px solid rgba(255,255,255,.15)!important;border-radius:20px!important;padding:4px 12px!important;font-family:'Georgia',serif!important;font-size:12px!important;color:var(--white)!important;font-weight:500!important;}
#apcyber-wrapper .author-updated{font-family:'Georgia',serif!important;font-size:12px!important;color:rgba(255,255,255,.45)!important;margin-top:10px!important;}

#apcyber-wrapper .related-grid{display:grid!important;grid-template-columns:repeat(2,1fr)!important;gap:12px!important;margin-top:8px!important;}
#apcyber-wrapper .related-link{display:flex!important;align-items:flex-start!important;gap:10px!important;background:var(--g50)!important;border:1px solid var(--g200)!important;border-radius:var(--r-md)!important;padding:14px 16px!important;text-decoration:none!important;border-left:3px solid var(--primary)!important;}
#apcyber-wrapper .related-link:link,#apcyber-wrapper .related-link:visited{text-decoration:none!important;}
#apcyber-wrapper .related-link:hover{background:var(--lighter)!important;}
#apcyber-wrapper .rl-type{font-family:'Georgia',serif!important;font-size:10px!important;font-weight:700!important;text-transform:uppercase!important;letter-spacing:.8px!important;color:var(--primary)!important;margin-bottom:3px!important;display:block!important;}
#apcyber-wrapper .rl-title{font-family:'Georgia',serif!important;font-size:14px!important;font-weight:600!important;color:var(--deep)!important;line-height:1.4!important;}

/* ===== SLIDES SECTION ===== */
#apcyber-wrapper .slides-section{background:linear-gradient(135deg,var(--dark) 0%,#1e1040 100%)!important;border-radius:var(--r-xl)!important;padding:32px 36px!important;margin-bottom:24px!important;border:1px solid rgba(167,139,250,.15)!important;}
#apcyber-wrapper .slides-header{display:flex!important;align-items:flex-start!important;justify-content:space-between!important;gap:20px!important;margin-bottom:20px!important;flex-wrap:wrap!important;}
#apcyber-wrapper .slides-header-left{flex:1!important;min-width:200px!important;}
#apcyber-wrapper .slides-eyebrow{display:block!important;font-family:'Georgia',serif!important;font-size:10px!important;font-weight:700!important;text-transform:uppercase!important;letter-spacing:1.5px!important;color:var(--accent)!important;margin-bottom:6px!important;}
#apcyber-wrapper .slides-title{font-family:'Georgia',serif!important;font-size:20px!important;font-weight:700!important;color:var(--white)!important;margin:0 0 8px 0!important;line-height:1.25!important;}
#apcyber-wrapper .slides-sub{font-family:'Georgia',serif!important;font-size:14px!important;color:rgba(255,255,255,.6)!important;margin:0!important;line-height:1.6!important;}
#apcyber-wrapper .slides-open-btn{display:inline-flex!important;align-items:center!important;gap:6px!important;background:rgba(255,255,255,.1)!important;border:1px solid rgba(255,255,255,.2)!important;color:var(--white)!important;padding:10px 18px!important;border-radius:var(--r-md)!important;font-family:'Georgia',serif!important;font-size:13px!important;font-weight:600!important;text-decoration:none!important;white-space:nowrap!important;flex-shrink:0!important;margin-top:4px!important;}
#apcyber-wrapper .slides-open-btn:link,#apcyber-wrapper .slides-open-btn:visited{color:var(--white)!important;-webkit-text-fill-color:var(--white)!important;text-decoration:none!important;opacity:1!important;visibility:visible!important;}
#apcyber-wrapper .slides-open-btn:hover{background:rgba(255,255,255,.18)!important;color:var(--white)!important;-webkit-text-fill-color:var(--white)!important;}
#apcyber-wrapper .slides-embed-wrap{position:relative!important;width:100%!important;padding-bottom:56.25%!important;height:0!important;border-radius:var(--r-md)!important;overflow:hidden!important;background:#000!important;box-shadow:0 8px 32px rgba(0,0,0,.4)!important;}
#apcyber-wrapper .slides-embed-wrap iframe{position:absolute!important;top:0!important;left:0!important;width:100%!important;height:100%!important;border:0!important;}

/* ===== MIXED-FORMAT CFU STYLES ===== */
#apcyber-wrapper .match-container{display:flex!important;gap:16px!important;margin-bottom:16px!important;}
#apcyber-wrapper .match-col{flex:1!important;display:flex!important;flex-direction:column!important;gap:8px!important;}
#apcyber-wrapper .match-col-label{font-family:'Georgia',serif!important;font-size:11px!important;font-weight:700!important;text-transform:uppercase!important;letter-spacing:1px!important;color:var(--primary)!important;margin-bottom:4px!important;text-align:center!important;}
#apcyber-wrapper .match-item{display:flex!important;align-items:center!important;gap:8px!important;background:var(--white)!important;border:2px solid var(--g200)!important;border-radius:var(--r-md)!important;padding:11px 14px!important;cursor:pointer!important;transition:all .15s!important;font-family:'Georgia',serif!important;font-size:13px!important;color:var(--g700)!important;line-height:1.45!important;min-height:48px!important;}
#apcyber-wrapper .match-item:hover{border-color:var(--primary)!important;background:var(--lighter)!important;}
#apcyber-wrapper .match-item.selected{border-color:var(--primary)!important;background:var(--lighter)!important;box-shadow:0 0 0 2px rgba(109,40,217,.2)!important;}
#apcyber-wrapper .match-item.matched{border-color:var(--green)!important;background:#ecfdf5!important;cursor:default!important;opacity:.85!important;}
#apcyber-wrapper .match-item.wrong-match{border-color:var(--red)!important;background:#fef2f2!important;}
#apcyber-wrapper .match-item.locked{cursor:default!important;}
#apcyber-wrapper .match-num{width:22px!important;height:22px!important;border-radius:50%!important;background:var(--primary)!important;color:var(--white)!important;display:flex!important;align-items:center!important;justify-content:center!important;font-size:11px!important;font-weight:800!important;flex-shrink:0!important;}
#apcyber-wrapper .match-item.matched .match-num{background:var(--green)!important;}
#apcyber-wrapper .match-connector{width:24px!important;flex-shrink:0!important;display:flex!important;align-items:center!important;justify-content:center!important;font-size:16px!important;color:var(--g400)!important;font-family:'Georgia',serif!important;}
#apcyber-wrapper .match-instructions{font-family:'Georgia',serif!important;font-size:13px!important;color:var(--g600)!important;font-style:italic!important;margin-bottom:14px!important;padding:8px 12px!important;background:var(--lighter)!important;border-radius:var(--r-sm)!important;border-left:3px solid var(--primary)!important;}

#apcyber-wrapper .cloze-passage{font-family:'Georgia',serif!important;font-size:15px!important;color:var(--g700)!important;line-height:2!important;margin-bottom:20px!important;padding:16px 20px!important;background:var(--white)!important;border:1px solid var(--g200)!important;border-radius:var(--r-md)!important;}
#apcyber-wrapper .cloze-blank{display:inline-block!important;min-width:120px!important;border-bottom:2px dashed var(--primary)!important;padding:2px 8px!important;margin:0 3px!important;cursor:pointer!important;font-family:'Georgia',serif!important;font-size:14px!important;color:var(--primary)!important;font-weight:700!important;text-align:center!important;transition:all .15s!important;background:rgba(109,40,217,.05)!important;border-radius:3px 3px 0 0!important;vertical-align:baseline!important;}
#apcyber-wrapper .cloze-blank:hover{background:rgba(109,40,217,.1)!important;}
#apcyber-wrapper .cloze-blank.filled{border-bottom-style:solid!important;background:var(--lighter)!important;}
#apcyber-wrapper .cloze-blank.correct-blank{border-bottom-color:var(--green)!important;background:#ecfdf5!important;color:var(--green)!important;}
#apcyber-wrapper .cloze-blank.wrong-blank{border-bottom-color:var(--red)!important;background:#fef2f2!important;color:var(--red)!important;text-decoration:line-through!important;}
#apcyber-wrapper .cloze-bank{display:flex!important;flex-wrap:wrap!important;gap:8px!important;margin-bottom:16px!important;padding:14px 16px!important;background:var(--g50)!important;border:1px solid var(--g200)!important;border-radius:var(--r-md)!important;}
#apcyber-wrapper .cloze-bank-label{font-family:'Georgia',serif!important;font-size:11px!important;font-weight:700!important;text-transform:uppercase!important;letter-spacing:1px!important;color:var(--primary)!important;margin-bottom:6px!important;display:block!important;width:100%!important;}
#apcyber-wrapper .cloze-chip{display:inline-flex!important;align-items:center!important;padding:6px 14px!important;border-radius:20px!important;background:var(--white)!important;border:2px solid var(--g200)!important;cursor:pointer!important;font-family:'Georgia',serif!important;font-size:13px!important;font-weight:600!important;color:var(--g700)!important;transition:all .15s!important;white-space:nowrap!important;}
#apcyber-wrapper .cloze-chip:hover{border-color:var(--primary)!important;background:var(--lighter)!important;}
#apcyber-wrapper .cloze-chip.selected{border-color:var(--primary)!important;background:var(--primary)!important;color:var(--white)!important;}
#apcyber-wrapper .cloze-chip.placed{opacity:.4!important;cursor:default!important;border-style:dashed!important;}
#apcyber-wrapper .cloze-chip.locked{cursor:default!important;}
#apcyber-wrapper .cloze-correction{font-family:'Georgia',serif!important;font-size:12px!important;color:var(--green)!important;font-weight:700!important;display:inline!important;}

#apcyber-wrapper .sort-buckets{display:grid!important;grid-template-columns:repeat(2,1fr)!important;gap:12px!important;margin-bottom:16px!important;}
#apcyber-wrapper .sort-bucket{background:var(--white)!important;border:2px dashed var(--g200)!important;border-radius:var(--r-md)!important;padding:12px!important;min-height:80px!important;transition:all .15s!important;}
#apcyber-wrapper .sort-bucket.active{border-color:var(--primary)!important;border-style:solid!important;background:var(--lighter)!important;}
#apcyber-wrapper .sort-bucket.correct-bucket{border-color:var(--green)!important;border-style:solid!important;}
#apcyber-wrapper .sort-bucket-label{font-family:'Georgia',serif!important;font-size:13px!important;font-weight:700!important;color:var(--primary)!important;text-align:center!important;padding:6px 10px!important;background:var(--lighter)!important;border-radius:var(--r-sm)!important;margin-bottom:8px!important;display:block!important;}
#apcyber-wrapper .sort-bucket.correct-bucket .sort-bucket-label{background:#ecfdf5!important;color:var(--green)!important;}
#apcyber-wrapper .sort-placed-card{font-family:'Georgia',serif!important;font-size:12px!important;color:var(--g700)!important;background:var(--g50)!important;border:1px solid var(--g200)!important;border-radius:var(--r-sm)!important;padding:6px 10px!important;margin-bottom:4px!important;display:flex!important;align-items:center!important;justify-content:space-between!important;gap:6px!important;}
#apcyber-wrapper .sort-placed-card .sort-remove{cursor:pointer!important;color:var(--g400)!important;font-weight:700!important;font-size:14px!important;flex-shrink:0!important;}
#apcyber-wrapper .sort-placed-card .sort-remove:hover{color:var(--red)!important;}
#apcyber-wrapper .sort-placed-card.correct-placed{border-color:var(--green)!important;background:#ecfdf5!important;}
#apcyber-wrapper .sort-placed-card.wrong-placed{border-color:var(--red)!important;background:#fef2f2!important;}
#apcyber-wrapper .sort-scenarios{display:grid!important;gap:8px!important;margin-bottom:16px!important;}
#apcyber-wrapper .sort-card{display:flex!important;align-items:flex-start!important;gap:10px!important;background:var(--white)!important;border:2px solid var(--g200)!important;border-radius:var(--r-md)!important;padding:12px 16px!important;cursor:pointer!important;transition:all .15s!important;font-family:'Georgia',serif!important;font-size:13px!important;color:var(--g700)!important;line-height:1.5!important;}
#apcyber-wrapper .sort-card:hover{border-color:var(--primary)!important;background:var(--lighter)!important;}
#apcyber-wrapper .sort-card.selected{border-color:var(--primary)!important;background:var(--lighter)!important;box-shadow:0 0 0 2px rgba(109,40,217,.2)!important;}
#apcyber-wrapper .sort-card.placed-in-bucket{opacity:.4!important;cursor:default!important;border-style:dashed!important;}
#apcyber-wrapper .sort-card-num{font-weight:800!important;color:var(--primary)!important;flex-shrink:0!important;min-width:18px!important;}
#apcyber-wrapper .sort-instructions{font-family:'Georgia',serif!important;font-size:13px!important;color:var(--g600)!important;font-style:italic!important;margin-bottom:14px!important;padding:8px 12px!important;background:var(--lighter)!important;border-radius:var(--r-sm)!important;border-left:3px solid var(--primary)!important;}

#apcyber-wrapper .redflag-email{background:var(--white)!important;border:1px solid var(--g200)!important;border-radius:var(--r-md)!important;overflow:hidden!important;margin-bottom:16px!important;box-shadow:var(--sh-sm)!important;}
#apcyber-wrapper .redflag-toolbar{background:var(--g100)!important;padding:8px 14px!important;border-bottom:1px solid var(--g200)!important;display:flex!important;align-items:center!important;gap:6px!important;}
#apcyber-wrapper .redflag-dot{width:10px!important;height:10px!important;border-radius:50%!important;display:inline-block!important;}
#apcyber-wrapper .redflag-dot.r{background:#ef4444!important;}
#apcyber-wrapper .redflag-dot.y{background:#eab308!important;}
#apcyber-wrapper .redflag-dot.g{background:#22c55e!important;}
#apcyber-wrapper .redflag-meta{padding:14px 18px!important;border-bottom:1px solid var(--g200)!important;font-family:'Georgia',serif!important;font-size:13px!important;color:var(--g600)!important;line-height:1.8!important;}
#apcyber-wrapper .redflag-meta strong{color:var(--g800)!important;}
#apcyber-wrapper .redflag-field{display:block!important;margin-bottom:2px!important;}
#apcyber-wrapper .redflag-body{padding:18px!important;font-family:'Georgia',serif!important;font-size:14px!important;color:var(--g700)!important;line-height:1.7!important;}
#apcyber-wrapper .redflag-body p{margin:0 0 12px 0!important;}
#apcyber-wrapper .rf-spot{cursor:pointer!important;border-bottom:2px dotted transparent!important;padding:1px 2px!important;border-radius:2px!important;transition:all .15s!important;position:relative!important;}
#apcyber-wrapper .rf-spot:hover{background:rgba(109,40,217,.08)!important;border-bottom-color:var(--g400)!important;}
#apcyber-wrapper .rf-spot.flagged{background:#fef3c7!important;border-bottom:2px solid var(--warn)!important;}
#apcyber-wrapper .rf-spot.correct-flag{background:#dcfce7!important;border-bottom:2px solid var(--green)!important;}
#apcyber-wrapper .rf-spot.wrong-flag{background:#fecaca!important;border-bottom:2px solid var(--red)!important;text-decoration:line-through!important;}
#apcyber-wrapper .rf-spot.missed-flag{background:#fef9c3!important;border-bottom:2px dashed var(--warn)!important;}
#apcyber-wrapper .redflag-instructions{font-family:'Georgia',serif!important;font-size:13px!important;color:var(--g600)!important;font-style:italic!important;margin-bottom:14px!important;padding:8px 12px!important;background:#fffbeb!important;border-radius:var(--r-sm)!important;border-left:3px solid var(--warn)!important;}
#apcyber-wrapper .redflag-counter{font-family:'Georgia',serif!important;font-size:12px!important;color:var(--g400)!important;margin-bottom:10px!important;}
#apcyber-wrapper .rf-legend{display:flex!important;gap:16px!important;flex-wrap:wrap!important;margin-top:8px!important;font-family:'Georgia',serif!important;font-size:12px!important;color:var(--g600)!important;}
#apcyber-wrapper .rf-legend-item{display:flex!important;align-items:center!important;gap:5px!important;}
#apcyber-wrapper .rf-legend-swatch{width:14px!important;height:14px!important;border-radius:3px!important;display:inline-block!important;}
#apcyber-wrapper .cfu-type-badge.cfu-match-badge{background:#dbeafe!important;color:#1e40af!important;}
#apcyber-wrapper .cfu-type-badge.cfu-cloze-badge{background:#fce7f3!important;color:#9d174d!important;}
#apcyber-wrapper .cfu-type-badge.cfu-sort-badge{background:#d1fae5!important;color:#065f46!important;}
#apcyber-wrapper .cfu-type-badge.cfu-redflag-badge{background:#fef3c7!important;color:#92400e!important;}

@media(max-width:680px){
  #apcyber-wrapper .ch-header{padding:26px 22px!important;}
  #apcyber-wrapper .card{padding:24px 20px!important;}
  #apcyber-wrapper .principle-grid{grid-template-columns:1fr!important;}
  #apcyber-wrapper .defense-grid{grid-template-columns:1fr!important;}
  #apcyber-wrapper .related-grid{grid-template-columns:1fr!important;}
  #apcyber-wrapper .bottom-nav{flex-direction:column!important;}
  #apcyber-wrapper .nav-btn{width:100%!important;justify-content:center!important;}
  #apcyber-wrapper .exam-card{padding:24px 20px!important;}
  #apcyber-wrapper .author-box{flex-direction:column!important;}
  #apcyber-wrapper .toc-row{grid-template-columns:1fr!important;}
  #apcyber-wrapper .tutor-cta{padding:24px 20px!important;flex-direction:column!important;}
  #apcyber-wrapper .key-terms-grid{grid-template-columns:1fr!important;}
  #cfu-score-tracker{left:12px!important;bottom:20px!important;}
  #apcyber-wrapper .slides-section{padding:22px 18px!important;}
  #apcyber-wrapper .slides-header{flex-direction:column!important;}
  #apcyber-wrapper .slides-open-btn{width:100%!important;justify-content:center!important;}
  #apcyber-wrapper .match-container{flex-direction:column!important;}
  #apcyber-wrapper .match-connector{display:none;}
  #apcyber-wrapper .sort-buckets{grid-template-columns:1fr!important;}
  #apcyber-wrapper .cloze-blank{min-width:90px!important;}
}

/* ── OSI LAYER VISUAL ── */
#apcyber-wrapper .osi-stack{margin:16px 0 28px!important;}
#apcyber-wrapper .osi-row{display:grid!important;grid-template-columns:44px 120px 1fr!important;gap:0!important;margin-bottom:4px!important;align-items:stretch!important;}
#apcyber-wrapper .osi-num{border-radius:8px 0 0 8px!important;display:flex!important;align-items:center!important;justify-content:center!important;font-size:1rem!important;font-weight:900!important;color:#fff!important;-webkit-text-fill-color:#fff!important;min-height:72px!important;}
#apcyber-wrapper .osi-row.l7 .osi-num{background:#1e1b4b!important;}
#apcyber-wrapper .osi-row.l6 .osi-num{background:#312e81!important;}
#apcyber-wrapper .osi-row.l5 .osi-num{background:#4338ca!important;}
#apcyber-wrapper .osi-row.l4 .osi-num{background:#6d28d9!important;}
#apcyber-wrapper .osi-row.l3 .osi-num{background:#7c3aed!important;}
#apcyber-wrapper .osi-row.l2 .osi-num{background:#9333ea!important;}
#apcyber-wrapper .osi-row.l1 .osi-num{background:#a855f7!important;}
#apcyber-wrapper .osi-name{padding:10px 12px!important;display:flex!important;align-items:center!important;font-size:0.85rem!important;font-weight:700!important;color:#fff!important;-webkit-text-fill-color:#fff!important;font-family:'Georgia',serif!important;}
#apcyber-wrapper .osi-row.l7 .osi-name{background:#1e1b4b!important;}
#apcyber-wrapper .osi-row.l6 .osi-name{background:#312e81!important;}
#apcyber-wrapper .osi-row.l5 .osi-name{background:#4338ca!important;}
#apcyber-wrapper .osi-row.l4 .osi-name{background:#6d28d9!important;}
#apcyber-wrapper .osi-row.l3 .osi-name{background:#7c3aed!important;}
#apcyber-wrapper .osi-row.l2 .osi-name{background:#9333ea!important;}
#apcyber-wrapper .osi-row.l1 .osi-name{background:#a855f7!important;}
#apcyber-wrapper .osi-body{border-radius:0 8px 8px 0!important;padding:10px 14px!important;border:1px solid #e5e7eb!important;border-left:none!important;background:#fff!important;}
#apcyber-wrapper .osi-protocols{font-size:0.8rem!important;font-weight:700!important;color:#374151!important;-webkit-text-fill-color:#374151!important;font-family:'Georgia',serif!important;margin:0 0 4px!important;}
#apcyber-wrapper .osi-function{font-size:0.8rem!important;color:#6b7280!important;-webkit-text-fill-color:#6b7280!important;line-height:1.5!important;font-family:'Georgia',serif!important;margin:0 0 4px!important;}
#apcyber-wrapper .osi-threat{font-size:0.75rem!important;color:#dc2626!important;-webkit-text-fill-color:#dc2626!important;font-family:'Georgia',serif!important;margin:0!important;}

/* ── PORT TABLE ── */
#apcyber-wrapper .port-table{width:100%!important;border-collapse:collapse!important;margin:16px 0 24px!important;font-family:'Georgia',serif!important;font-size:0.88rem!important;}
#apcyber-wrapper .port-table th{background:#1e1b4b!important;color:#fff!important;-webkit-text-fill-color:#fff!important;padding:10px 14px!important;text-align:left!important;font-size:0.78rem!important;text-transform:uppercase!important;letter-spacing:.06em!important;}
#apcyber-wrapper .port-table td{padding:9px 14px!important;border-bottom:1px solid #e5e7eb!important;vertical-align:top!important;color:#374151!important;-webkit-text-fill-color:#374151!important;line-height:1.5!important;}
#apcyber-wrapper .port-table tr:nth-child(even) td{background:#f9fafb!important;}
#apcyber-wrapper .port-table .port-num{font-weight:700!important;color:#6b21a8!important;-webkit-text-fill-color:#6b21a8!important;font-family:'Georgia',serif!important;}
#apcyber-wrapper .port-table .risk-high{color:#dc2626!important;-webkit-text-fill-color:#dc2626!important;font-weight:600!important;}
#apcyber-wrapper .port-table .risk-med{color:#d97706!important;-webkit-text-fill-color:#d97706!important;font-weight:600!important;}
#apcyber-wrapper .port-table .risk-low{color:#059669!important;-webkit-text-fill-color:#059669!important;font-weight:600!important;}

/* ── ENCAPSULATION VISUAL ── */
#apcyber-wrapper .encap-wrap{background:#1e1b4b!important;border-radius:12px!important;padding:22px 24px!important;margin:16px 0 24px!important;}
#apcyber-wrapper .encap-wrap h4{color:#a78bfa!important;-webkit-text-fill-color:#a78bfa!important;font-size:0.8rem!important;text-transform:uppercase!important;letter-spacing:.08em!important;margin:0 0 16px!important;font-family:'Georgia',serif!important;}
#apcyber-wrapper .encap-row{display:flex!important;align-items:center!important;gap:10px!important;margin-bottom:10px!important;}
#apcyber-wrapper .encap-row:last-child{margin-bottom:0!important;}
#apcyber-wrapper .encap-label{font-size:0.72rem!important;font-weight:700!important;color:#c4b5fd!important;-webkit-text-fill-color:#c4b5fd!important;width:80px!important;flex-shrink:0!important;font-family:'Georgia',serif!important;}
#apcyber-wrapper .encap-boxes{display:flex!important;gap:4px!important;flex-wrap:wrap!important;}
#apcyber-wrapper .encap-box{border-radius:4px!important;padding:4px 10px!important;font-size:0.75rem!important;font-weight:600!important;font-family:'Georgia',serif!important;}
#apcyber-wrapper .eb-new{background:#7c3aed!important;color:#fff!important;-webkit-text-fill-color:#fff!important;}
#apcyber-wrapper .eb-prev{background:rgba(255,255,255,.1)!important;color:rgba(255,255,255,.6)!important;-webkit-text-fill-color:rgba(255,255,255,.6)!important;}

/* ── ATTACK SURFACE GRID ── */
#apcyber-wrapper .attack-surface-grid{display:grid!important;grid-template-columns:repeat(3,1fr)!important;gap:14px!important;margin:16px 0 24px!important;}
#apcyber-wrapper .as-card{border-radius:10px!important;padding:18px!important;background:#f5f0ff!important;border:1px solid #ddd6fe!important;}
#apcyber-wrapper .as-card h4{font-size:0.8rem!important;font-weight:700!important;color:#6b21a8!important;-webkit-text-fill-color:#6b21a8!important;text-transform:uppercase!important;letter-spacing:.06em!important;margin:0 0 10px!important;font-family:'Georgia',serif!important;}
#apcyber-wrapper .as-card p{font-size:0.87rem!important;color:#374151!important;-webkit-text-fill-color:#374151!important;line-height:1.6!important;margin:0 0 8px!important;font-family:'Georgia',serif!important;}
#apcyber-wrapper .as-card p:last-child{margin:0!important;}

/* ── CASE BLOCK ── */
#apcyber-wrapper .case-block{background:#f8fafc!important;border:1px solid #e2e8f0!important;border-left:4px solid #6b21a8!important;border-radius:8px!important;padding:22px 24px!important;margin-bottom:20px!important;}
#apcyber-wrapper .case-eyebrow{font-size:0.72rem!important;font-weight:700!important;text-transform:uppercase!important;letter-spacing:.08em!important;color:#6b21a8!important;-webkit-text-fill-color:#6b21a8!important;margin:0 0 6px!important;font-family:'Georgia',serif!important;}
#apcyber-wrapper .case-title{font-size:1rem!important;font-weight:700!important;color:#1e1b4b!important;-webkit-text-fill-color:#1e1b4b!important;margin:0 0 12px!important;font-family:'Georgia',serif!important;}
#apcyber-wrapper .case-body p{font-size:0.92rem!important;color:#374151!important;-webkit-text-fill-color:#374151!important;line-height:1.7!important;margin:0 0 10px!important;font-family:'Georgia',serif!important;}
#apcyber-wrapper .case-body p:last-child{margin:0!important;}
#apcyber-wrapper .case-tags{display:flex!important;flex-wrap:wrap!important;gap:8px!important;margin-top:14px!important;}
#apcyber-wrapper .case-tag{font-size:0.75rem!important;font-weight:600!important;border-radius:4px!important;padding:3px 10px!important;}
#apcyber-wrapper .case-tag.fail{background:#fee2e2!important;color:#991b1b!important;-webkit-text-fill-color:#991b1b!important;}
#apcyber-wrapper .case-tag.lesson{background:#ede9fe!important;color:#6d28d9!important;-webkit-text-fill-color:#6d28d9!important;}

/* ── VOCAB TABLE ── */
#apcyber-wrapper .vocab-table-full{width:100%!important;border-collapse:collapse!important;margin:16px 0 24px!important;font-family:'Georgia',serif!important;}
#apcyber-wrapper .vocab-table-full th{background:#1e1b4b!important;color:#fff!important;-webkit-text-fill-color:#fff!important;padding:12px 16px!important;text-align:left!important;font-size:0.78rem!important;text-transform:uppercase!important;letter-spacing:.06em!important;}
#apcyber-wrapper .vocab-table-full td{padding:12px 16px!important;border-bottom:1px solid #e5e7eb!important;vertical-align:top!important;font-size:0.9rem!important;color:#374151!important;-webkit-text-fill-color:#374151!important;line-height:1.6!important;}
#apcyber-wrapper .vocab-table-full tr:nth-child(even) td{background:#f9fafb!important;}
#apcyber-wrapper .vt-term{font-weight:700!important;color:#1e1b4b!important;-webkit-text-fill-color:#1e1b4b!important;white-space:nowrap!important;}
#apcyber-wrapper .exam-trap{display:inline-block!important;background:#fef3c7!important;color:#92400e!important;-webkit-text-fill-color:#92400e!important;font-size:0.72rem!important;font-weight:600!important;border-radius:3px!important;padding:1px 6px!important;margin-left:6px!important;}

/* ── EXAM STRATEGY GRID ── */
#apcyber-wrapper .exam-strat-grid{display:grid!important;grid-template-columns:1fr 1fr!important;gap:14px!important;margin:16px 0!important;}
#apcyber-wrapper .strat-card{border-radius:10px!important;padding:18px 20px!important;background:#f5f0ff!important;border:1px solid #ddd6fe!important;}
#apcyber-wrapper .strat-card h4{font-size:0.8rem!important;font-weight:700!important;text-transform:uppercase!important;letter-spacing:.06em!important;color:#6b21a8!important;-webkit-text-fill-color:#6b21a8!important;margin:0 0 10px!important;font-family:'Georgia',serif!important;}
#apcyber-wrapper .strat-card p,#apcyber-wrapper .strat-card li{font-size:0.88rem!important;color:#374151!important;-webkit-text-fill-color:#374151!important;line-height:1.65!important;margin:0 0 8px!important;font-family:'Georgia',serif!important;}
#apcyber-wrapper .strat-card ul{margin:0!important;padding-left:16px!important;}
#apcyber-wrapper .strat-card li{margin-bottom:6px!important;}

@media(max-width:650px){
  #apcyber-wrapper .osi-row{grid-template-columns:36px 100px 1fr!important;}
  #apcyber-wrapper .attack-surface-grid{grid-template-columns:1fr!important;}
  #apcyber-wrapper .exam-strat-grid{grid-template-columns:1fr!important;}
}
@media(max-width:768px){
  #apcyber-wrapper{padding-bottom:70px!important;}
}


/* ── LESSON STEP LINK IN NAV ── */
#apcyber-wrapper .ucn-step-lesson,
.ucn-step-lesson {
  font-weight:700!important;
  color:#c4b5fd!important;
  -webkit-text-fill-color:#c4b5fd!important;
  border-bottom:1px solid rgba(167,139,250,.2)!important;
  margin-bottom:2px!important;
}
</style>
<div id=""apcyber-wrapper"" data-lesson-id=""3.1a"">
<script>
function ucnToggle(num){try{event.stopPropagation();}catch(x){}var l=document.getElementById('ucn-l'+num),s=document.getElementById('ucn-s'+num);if(!l||!s)return;var o=l.classList.contains('open');document.querySelectorAll('#ucnav .ucn-lesson').forEach(function(e){e.classList.remove('open')});document.querySelectorAll('#ucnav .ucn-steps').forEach(function(e){e.classList.remove('open')});if(!o){l.classList.add('open');s.classList.add('open');setTimeout(function(){l.scrollIntoView({behavior:'smooth',block:'nearest',inline:'start'})},50)}}
(function(){
function pos(){var nav=document.getElementById('ucnav');if(!nav)return;if(nav.parentElement!==document.body){document.body.appendChild(nav)}var h=0;var headerEl=document.querySelector('.section-header header.header')||document.querySelector('sticky-header header')||document.querySelector('header.header');if(headerEl){h=Math.round(headerEl.getBoundingClientRect().bottom)}if(h<20||h>300)h=68;nav.style.setProperty('top',h+'px','important');var navH=nav.offsetHeight||42;var w=document.getElementById('apcyber-wrapper')||document.querySelector('[data-lesson-id]')||document.querySelector('[id^=""u3l""]')||document.querySelector('[id^=""u1l""]')||document.querySelector('[id^=""u2l""]');if(w)w.style.setProperty('padding-top',(h+navH+4)+'px','important')}
function openCurrentSteps(){var ol=document.querySelector('#ucnav .ucn-lesson.open');if(ol&&ol.id){var n=ol.id.replace('ucn-l','');var s=document.getElementById('ucn-s'+n);if(s)s.classList.add('open');setTimeout(function(){ol.scrollIntoView({behavior:'smooth',block:'nearest',inline:'start'})},100)}}
requestAnimationFrame(pos);setTimeout(pos,150);setTimeout(pos,400);setTimeout(pos,800);setTimeout(pos,1500);setTimeout(pos,3000);setTimeout(openCurrentSteps,200);
window.addEventListener('resize',pos,{passive:true});
setTimeout(function(){var _w=document.getElementById('apcyber-wrapper')||document.querySelector('[id^=""u3l""]')||document.querySelector('[id^=""u1l""]')||document.querySelector('[id^=""u2l""]');if(_w){var _p=_w.parentElement;while(_p&&_p!==document.body){_p.style.setProperty('padding-top','0','important');_p.style.setProperty('margin-top','0','important');_p=_p.parentElement}}var _m=document.getElementById('MainContent');if(_m){_m.style.setProperty('padding-top','0','important');_m.style.setProperty('margin-top','0','important')}},50);
setTimeout(function(){var _w=document.getElementById('apcyber-wrapper')||document.querySelector('[id^=""u3l""]');if(_w){var _p=_w.parentElement;while(_p&&_p!==document.body){_p.style.setProperty('padding-top','0','important');_p.style.setProperty('margin-top','0','important');_p=_p.parentElement}}},500);
var scrolled=false;window.addEventListener('scroll',function(){if(!scrolled){scrolled=true;requestAnimationFrame(pos)}},{passive:true});
var obs=new MutationObserver(function(){setTimeout(pos,100)});obs.observe(document.body,{childList:true,subtree:true,attributes:true,attributeFilter:['style','class','hidden']});setTimeout(function(){obs.disconnect()},15000);
})();
</script>
<div id=""apcyber-progress-bar""></div>
<button id=""apcyber-back-top"" onclick=""window.scrollTo({top:0,behavior:'smooth'})"" aria-label=""Back to top"">⇧</button>
<div id=""cfu-score-tracker"" role=""status"" aria-live=""polite"">
  <span class=""cfu-score-label"">Score</span>
  <span id=""cfu-score-num"">0 / 10</span>
</div>
<nav class=""breadcrumb"" aria-label=""Breadcrumb"">
  <a href=""/"">Home</a><span class=""bc-sep"">›</span>
  <a href=""/pages/ap-cybersecurity-complete-course-guide"">AP Cybersecurity</a><span class=""bc-sep"">›</span>
  <a href=""/pages/ap-cybersecurity-unit-3-securing-networks"">Unit 3: Securing Networks</a><span class=""bc-sep"">›</span>
  <span class=""bc-current"">Topic 3.1: Network Fundamentals</span>
</nav>
<div class=""meta-bar"">
  <span><strong>~65 min read</strong></span>
  <span>Last Updated: <strong>June 2026</strong></span>
  <span>Lesson <strong>1 of 5</strong> — Unit 3</span>
</div>
<div class=""ch-header"">
  <span class=""ch-label"">AP Cybersecurity — Unit 3: Securing Networks</span>
  <h1>Topic 3.1 (Part 1 of 2): Network Fundamentals &amp; Attack Surface</h1>
  <p>How data moves through networks, why every layer creates attack opportunities, and how understanding protocols and ports is the foundation for everything in network security.</p>
  <div class=""ch-meta"">
    <span class=""ch-badge"">Lesson 1 of 5</span>
    <span class=""ch-badge"">Skill: Analyze Risk</span>
    <span class=""ch-badge"">~65 min</span>
    <span class=""ch-badge"">Exam Weight: ~20–25%</span>
    <span class=""ch-badge"">Unit 3 Week 1</span>
  </div>
</div>
<div id=""ucnav"">
  <div class=""ucn-rail"" id=""ucn-rail"">
    <a href=""/pages/ap-cybersecurity-complete-course-guide"" class=""ucn-hub"">AP Cyber Hub</a>
    <span class=""ucn-badge"">Unit 3</span>
    <div style=""cursor:pointer!important;"" class=""ucn-lesson open"" onclick=""ucnToggle(1);"" id=""ucn-l1"" title=""Network Fundamentals"">3.1a <span class=""ucn-chevron"">▼</span>
</div>
    <div class=""ucn-steps open"" id=""ucn-s1"">
      <a href=""/pages/ap-cyber-unit-3-lesson-1"" class=""ucn-step ucn-step-lesson"">Lesson</a>
      <a href=""/pages/ap-cyber-unit-3-lesson-1-exercise-1"" class=""ucn-step"">Exercise 1</a>
      <a href=""/pages/ap-cyber-unit-3-lesson-1-exercise-2"" class=""ucn-step"">Exercise 2</a>
      <a href=""/pages/ap-cyber-unit-3-lesson-1-lab"" class=""ucn-step"">Lab</a>
      <a href=""/pages/ap-cyber-unit-3-lesson-1-quiz"" class=""ucn-step"">Quiz</a>
    </div>
    <div style=""cursor:pointer!important;"" class=""ucn-lesson"" onclick=""ucnToggle(2);"" id=""ucn-l2"" title=""Network Attacks"">3.1b <span class=""ucn-chevron"">▼</span>
</div>
    <div class=""ucn-steps"" id=""ucn-s2"">
      <a href=""/pages/ap-cyber-unit-3-lesson-2"" class=""ucn-step ucn-step-lesson"">Lesson</a>
      <a href=""/pages/ap-cyber-unit-3-lesson-2-exercise-1"" class=""ucn-step"">Exercise 1</a>
      <a href=""/pages/ap-cyber-unit-3-lesson-2-exercise-2"" class=""ucn-step"">Exercise 2</a>
      <a href=""/pages/ap-cyber-unit-3-lesson-2-lab"" class=""ucn-step"">Lab</a>
      <a href=""/pages/ap-cyber-unit-3-lesson-2-quiz"" class=""ucn-step"">Quiz</a>
    </div>
    <div style=""cursor:pointer!important;"" class=""ucn-lesson"" onclick=""ucnToggle(3);"" id=""ucn-l3"" title=""Policies and Wireless"">3.2 <span class=""ucn-chevron"">▼</span>
</div>
    <div class=""ucn-steps"" id=""ucn-s3"">
      <a href=""/pages/ap-cyber-unit-3-lesson-3"" class=""ucn-step ucn-step-lesson"">Lesson</a>
      <a href=""/pages/ap-cyber-unit-3-lesson-3-exercise-1"" class=""ucn-step"">Exercise 1</a>
      <a href=""/pages/ap-cyber-unit-3-lesson-3-exercise-2"" class=""ucn-step"">Exercise 2</a>
      <a href=""/pages/ap-cyber-unit-3-lesson-3-lab"" class=""ucn-step"">Lab</a>
      <a href=""/pages/ap-cyber-unit-3-lesson-3-quiz"" class=""ucn-step"">Quiz</a>
    </div>
    <div style=""cursor:pointer!important;"" class=""ucn-lesson"" onclick=""ucnToggle(4);"" id=""ucn-l4"" title=""Segmentation"">3.3 <span class=""ucn-chevron"">▼</span>
</div>
    <div class=""ucn-steps"" id=""ucn-s4"">
      <a href=""/pages/ap-cyber-unit-3-lesson-4"" class=""ucn-step ucn-step-lesson"">Lesson</a>
      <a href=""/pages/ap-cyber-unit-3-lesson-4-exercise-1"" class=""ucn-step"">Exercise 1</a>
      <a href=""/pages/ap-cyber-unit-3-lesson-4-exercise-2"" class=""ucn-step"">Exercise 2</a>
      <a href=""/pages/ap-cyber-unit-3-lesson-4-lab"" class=""ucn-step"">Lab</a>
      <a href=""/pages/ap-cyber-unit-3-lesson-4-quiz"" class=""ucn-step"">Quiz</a>
    </div>
    <div style=""cursor:pointer!important;"" class=""ucn-lesson"" onclick=""ucnToggle(5);"" id=""ucn-l5"" title=""Firewalls"">3.4 <span class=""ucn-chevron"">▼</span>
</div>
    <div class=""ucn-steps"" id=""ucn-s5"">
      <a href=""/pages/ap-cyber-unit-3-lesson-5"" class=""ucn-step ucn-step-lesson"">Lesson</a>
      <a href=""/pages/ap-cyber-unit-3-lesson-5-exercise-1"" class=""ucn-step"">Exercise 1</a>
      <a href=""/pages/ap-cyber-unit-3-lesson-5-exercise-2"" class=""ucn-step"">Exercise 2</a>
      <a href=""/pages/ap-cyber-unit-3-lesson-5-lab"" class=""ucn-step"">Lab</a>
      <a href=""/pages/ap-cyber-unit-3-lesson-5-quiz"" class=""ucn-step"">Quiz</a>
    </div>
    <div style=""cursor:pointer!important;"" class=""ucn-lesson"" onclick=""ucnToggle(6);"" id=""ucn-l6"" title=""Detection"">3.5 <span class=""ucn-chevron"">▼</span>
</div>
    <div class=""ucn-steps"" id=""ucn-s6"">
      <a href=""/pages/ap-cyber-unit-3-lesson-6"" class=""ucn-step ucn-step-lesson"">Lesson</a>
      <a href=""/pages/ap-cyber-unit-3-lesson-6-exercise-1"" class=""ucn-step"">Exercise 1</a>
      <a href=""/pages/ap-cyber-unit-3-lesson-6-exercise-2"" class=""ucn-step"">Exercise 2</a>
      <a href=""/pages/ap-cyber-unit-3-lesson-6-lab"" class=""ucn-step"">Lab</a>
      <a href=""/pages/ap-cyber-unit-3-lesson-6-quiz"" class=""ucn-step"">Quiz</a>
    </div>
  </div>
</div>
<div class=""toc-row"">
  <div class=""toc-card"">
    <span class=""toc-label"">In This Lesson</span>
    <ul class=""toc-list"">
      <li><a href=""#section-a"">3.1a.1 — Learning Objectives<span class=""toc-time"">(3 min)</span></a></li>
      <li><a href=""#section-b"">3.1a.2 — Why Networks Create Attack Surface<span class=""toc-time"">(7 min)</span></a></li>
      <li><a href=""#section-c"">3.1a.3 — Essential Vocabulary &amp; Exam Tips<span class=""toc-time"">(10 min)</span></a></li>
      <li><a href=""#section-d"">3.1a.4 — The OSI Model: Seven Layers In Depth<span class=""toc-time"">(12 min)</span></a></li>
      <li><a href=""#section-e"">3.1a.5 — TCP/IP, Ports &amp; Protocols<span class=""toc-time"">(10 min)</span></a></li>
      <li><a href=""#section-f"">3.1a.6 — Encapsulation &amp; How Packets Actually Move<span class=""toc-time"">(8 min)</span></a></li>
      <li><a href=""#section-g"">3.1a.7 — Real-World Case Studies<span class=""toc-time"">(8 min)</span></a></li>
      <li><a href=""#section-h"">3.1a.8 — Defense Strategies<span class=""toc-time"">(6 min)</span></a></li>
      <li><a href=""#section-i"">3.1a.9 — Worked Examples: Predict First<span class=""toc-time"">(5 min)</span></a></li>
      <li><a href=""#section-j"">3.1a.10 — AP Exam Strategy<span class=""toc-time"">(5 min)</span></a></li>
      <li><a href=""#section-faq"">3.1a.11 — Frequently Asked Questions<span class=""toc-time"">(3 min)</span></a></li>
    </ul>
  </div>
  <div class=""lesson-video-card"">
    <div class=""lvc-header"">
      <span class=""lvc-eyebrow"">Lesson Overview</span>
      <span class=""lvc-title"">Topic 3.1: Network Fundamentals</span>
    </div>
    <div class=""lvc-video-wrap"" style=""background:#1e1b4b!important;display:flex!important;align-items:center!important;justify-content:center!important;min-height:160px!important;border-radius:8px!important;"">
      <span style=""color:rgba(255,255,255,.5)!important;-webkit-text-fill-color:rgba(255,255,255,.5)!important;font-size:0.85rem!important;font-family:'Georgia',serif!important;"">Video coming soon</span>
    </div>
    <div class=""lvc-footer"">Taught by Tanner Crow — AP CS Teacher, Blue Valley North</div>
  </div>
</div>
<div class=""card"" id=""section-a"">
  <h2>
<span class=""section-icon"">1</span>3.1a.1 — Learning Objectives</h2>
  <p>By the end of this lesson, you will be able to:</p>
  <ul class=""obj-list"">
    <li>
<span class=""obj-check""></span>Name all seven OSI layers in order, describe each layer’s function, and identify the primary protocols and attack vectors associated with each layer</li>
    <li>
<span class=""obj-check""></span>Explain the TCP/IP four-layer model and map its layers to the corresponding OSI layers</li>
    <li>
<span class=""obj-check""></span>Identify at least 12 critical port numbers, their associated services, and the security risk each poses if left open unnecessarily</li>
    <li>
<span class=""obj-check""></span>Distinguish between TCP and UDP, explain when each is used, and identify the security implications of each protocol</li>
    <li>
<span class=""obj-check""></span>Explain encapsulation and describe how headers are added at each OSI layer as data travels from sender to receiver</li>
    <li>
<span class=""obj-check""></span>Define attack surface in the context of network security and apply attack surface reduction principles to Vantex Financial Group’s network</li>
    <li>
<span class=""obj-check""></span>Identify the OSI layer at which specific attacks and controls operate (e.g., ARP attacks at Layer 2, IP spoofing at Layer 3, TLS at Layer 4–5)</li>
    <li>
<span class=""obj-check""></span>Recognize the three most common AP exam traps on OSI model and protocol questions</li>
  </ul>
</div>
<div class=""card"" id=""section-b"">
  <h2>
<span class=""section-icon"">2</span>3.1a.2 — Why Networks Create Attack Surface</h2>

  <p>Every network communication protocol was designed to enable functionality — not to prevent attacks. HTTP was designed to transfer hypertext efficiently; the fact that it transmits credentials in plaintext was not a primary concern in 1991. DNS was designed to translate domain names to IP addresses; the fact that those responses can be forged was an accepted risk. TCP was designed to guarantee reliable delivery; the fact that its connection handshake can be exploited for denial-of-service was not fully anticipated.</p>

  <p>This historical context matters because it explains why network security is hard: the protocols that run the internet were built for functionality, then retrofitted with security (HTTPS over HTTP, SFTP over FTP, SSH over Telnet). Every protocol is a potential attack vector. Every open port is an entry point. Every connected device is a node that could be compromised. The cumulative set of all these potential entry points is the network attack surface.</p>

  <h3 style=""font-size:1.05rem!important;font-weight:700!important;color:#1e1b4b!important;-webkit-text-fill-color:#1e1b4b!important;margin:24px 0 12px!important;font-family:'Georgia',serif!important;"">The Vantex Network Attack Surface</h3>

  <p>Vantex Financial Group’s primary data center runs approximately 847 servers, 2,400 endpoint devices, 14 network switches, 6 routers, and 3 internet-facing connections. Each of these represents part of the attack surface:</p>

  <div class=""attack-surface-grid"">
    <div class=""as-card"">
      <h4>Internet-Facing Services</h4>
      <p>Every service accessible from the public internet is part of the external attack surface. Vantex’s online banking portal (HTTPS/443), client API endpoints, and email server (SMTP/IMAP) all accept connections from anywhere in the world.</p>
      <p>Each externally-facing service must be hardened, patched, and monitored continuously because attackers can reach it without any prior access to the network.</p>
    </div>
    <div class=""as-card"">
      <h4>Internal Network Services</h4>
      <p>Services accessible only within the internal network still contribute to the attack surface — once an attacker gains any foothold (phishing, supply chain, VPN credential theft), every internal service is a potential target.</p>
      <p>Vantex’s transaction processing database, Active Directory, and internal file servers are internal-only but represent critical internal attack surface. Segmentation (covered in 3.3) limits which internal services an attacker can reach.</p>
    </div>
    <div class=""as-card"">
      <h4>Open Ports</h4>
      <p>Every open port on every device is an attack vector. A server running SSH (port 22), RDP (port 3389), and a legacy FTP service (port 21) simultaneously has three entry points instead of one.</p>
      <p>Vantex’s port hardening policy requires monthly audits of all listening ports. Any port not actively required by a documented business function is closed immediately. This is the network equivalent of least privilege.</p>
    </div>
  </div>

  <p>The key insight: <strong>attack surface cannot be reduced to zero</strong>, but it can and must be minimized. Every unnecessary open port, every unused service, every unpatched protocol implementation expands the attack surface without adding business value. Network security starts with understanding the network at the protocol level — which is why the OSI model is not just academic theory, but a practical framework for identifying where attacks can enter and where controls should be placed.</p>

  <div class=""cfu-block"" id=""cfu-1"" data-type=""mcq"" data-num=""1"" data-answer=""B"">
<div class=""cfu-header"">
<div class=""cfu-header-left"">
<span class=""cfu-label"">Check for Understanding</span><span class=""cfu-type-badge"">MCQ</span>
</div>
<span class=""cfu-counter"">1 / 10</span>
</div>
<div class=""cfu-scenario"">
<strong>NovaTech Solutions</strong> has 200 employee workstations, 15 servers, a guest Wi-Fi network, and a VPN gateway for remote workers. The IT team wants to map the “attack surface.”</div>
<p class=""cfu-question"">Which definition of “attack surface” is <span style=""font-weight:700!important;text-decoration:underline!important;"">MOST</span> accurate?</p>
<div class=""cfu-options-grid"">
  <div class=""cfu-opt"" data-val=""A"">
<span class=""cfu-opt-letter"">A</span><span class=""cfu-opt-text"">The firewall’s external IP address — the only point where attackers can reach the network</span>
</div>
  <div class=""cfu-opt"" data-val=""B"">
<span class=""cfu-opt-letter"">B</span><span class=""cfu-opt-text"">The total set of all points where an attacker could attempt to enter or extract data — including every device, service, port, user account, and API exposed to potential threats</span>
</div>
  <div class=""cfu-opt"" data-val=""C"">
<span class=""cfu-opt-letter"">C</span><span class=""cfu-opt-text"">The physical surface area of the building where the servers are located</span>
</div>
  <div class=""cfu-opt"" data-val=""D"">
<span class=""cfu-opt-letter"">D</span><span class=""cfu-opt-text"">The number of antivirus licenses the organization has purchased</span>
</div>
</div>
<div class=""cfu-feedback"" id=""cfu-fb-1"" style=""display:none;"">
<div class=""cfu-fb-correct"" style=""display:none;"">
<strong>Correct.</strong> Attack surface = every entry/exit point. For NovaTech: 200 workstations, 15 servers, guest Wi-Fi, VPN, email, web apps, APIs, user accounts, physical ports — all are part of the attack surface.</div>
<div class=""cfu-fb-wrong"" style=""display:none;"" data-a=""A"">Incorrect. The firewall is one component; the attack surface includes every device, service, and account.</div>
<div class=""cfu-fb-wrong"" style=""display:none;"" data-a=""C"">Physical area is not the attack surface concept in cybersecurity.</div>
<div class=""cfu-fb-wrong"" style=""display:none;"" data-a=""D"">License count is unrelated to attack surface.</div>
</div>
</div>
<div class=""info-box exam"" style=""margin-bottom:20px!important;"">
<span class=""box-label"">★ AP Exam Focus — Topic 3.1</span><p>• Understand how data moves through networks and why every layer (physical, data link, network, transport) creates distinct attack opportunities<br>• Explain how port numbers and protocols (TCP/UDP) define network services and how adversaries use this to target specific services<br>• Describe how ARP tables, MAC address tables, and DNS records create exploitable trust relationships<br>• Assess network risk using High/Moderate/Low framework — unsegmented flat networks with weak encryption = High; ICMP not blocked by external firewall = Moderate<br>• Identify that vulnerability scanners produce reports including vulnerabilities detected, severity, and mitigation recommendations</p>
</div>

<div class=""card"" style=""border-top:3px solid #d97706!important;"">
<div style=""display:flex!important;justify-content:space-between!important;align-items:center!important;cursor:pointer!important;"" onclick=""var b=document.getElementById('ek31-body');var c=document.getElementById('ek31-chev');b.style.display=b.style.display==='none'?'block':'none';c.style.transform=c.style.transform?'':'rotate(180deg)';"">
<div>
<span style=""font-size:11px!important;font-weight:700!important;text-transform:uppercase!important;letter-spacing:1.5px!important;color:#d97706!important;font-family:Georgia,serif!important;"">College Board Essential Knowledge Coverage</span><h3 style=""margin:4px 0 0!important;font-size:16px!important;font-weight:700!important;color:#1E1B4B!important;font-family:Georgia,serif!important;"">Topic 3.1 Foundation — What Is Testable</h3>
</div>
<span id=""ek31-chev"" style=""font-size:20px!important;color:#6B21A8!important;transition:transform .2s!important;"">▼</span>
</div>
<div id=""ek31-body"" style=""display:none!important;margin-top:16px!important;"">
<table class=""vocab-table"">
<thead><tr>
<th>CED Ref</th>
<th>Essential Knowledge</th>
<th>Covered In</th>
</tr></thead>
<tbody>
<tr>
<td class=""term"">3.1.B.1</td>
<td>Adversaries send malicious traffic to flood (DoS), map network structure, or spoof a legitimate device. Networks without/with improperly configured firewalls are vulnerable.</td>
<td>Section 2 — Network Attack Surface</td>
</tr>
<tr>
<td class=""term"">3.1.B.2</td>
<td>Adversaries that compromise a device attempt to leverage access to compromise other devices on the LAN (lateral movement)</td>
<td>Section 2 — Network Attack Surface</td>
</tr>
<tr>
<td class=""term"">3.1.B.3</td>
<td>Adversaries plugging into a data port can gain LAN access via the switch port unless port security is enabled → enables DoS, MAC flooding, MAC spoofing</td>
<td>Section 3 — Port Security</td>
</tr>
<tr>
<td class=""term"">3.1.B.4</td>
<td>Adversaries outside physically secure spaces can detect WAP signals and beacon frames, gather network information, and attempt eavesdropping and cryptographic attacks</td>
<td>Section 4 — Wireless Attack Surface</td>
</tr>
<tr>
<td class=""term"">3.1.B.5</td>
<td>Networks that do not authenticate devices and users make it easier for adversaries to join and launch attacks from within</td>
<td>Section 4 — Authentication Requirements</td>
</tr>
<tr>
<td class=""term"">3.1.B.6</td>
<td>Open network port → adversary can plug in a rogue WAP, gaining wireless internal LAN access that bypasses all firewalls</td>
<td>Section 4 — Rogue Access Points</td>
</tr>
<tr>
<td class=""term"">3.1.C.1</td>
<td>Network vulnerabilities can lead to interception/alteration of data in transit, DoS attacks, or lateral movement. Risks to Confidentiality, Integrity, and Availability.</td>
<td>Section 5 — Risk Assessment</td>
</tr>
<tr>
<td class=""term"">3.1.C.2</td>
<td>Automated vulnerability scanners check networks/devices/apps for known vulnerabilities and produce reports: vulnerabilities detected, severity, and mitigation recommendations</td>
<td>Section 5 — Vulnerability Scanners</td>
</tr>
<tr>
<td class=""term"">3.1.C.3</td>
<td>Successfully exploiting a network vulnerability often requires advanced technical ability — this impacts the likelihood of an exploit</td>
<td>Section 5 — Risk Assessment</td>
</tr>
<tr>
<td class=""term"">3.1.C.4</td>
<td>High risk: adversary can easily capture network traffic, spoof a device, or launch DoS. Example: unsegmented network with weak wireless encryption holding a proprietary web app server</td>
<td>Section 5 — Risk Levels</td>
</tr>
<tr>
<td class=""term"">3.1.C.5</td>
<td>Moderate risk: could give adversary information about systems/devices. Example: external firewall not configured to block external ICMP traffic</td>
<td>Section 5 — Risk Levels</td>
</tr>
<tr>
<td class=""term"">3.1.C.6</td>
<td>Low risk: difficult to exploit, minimal negative impact. Example: WAPs broadcasting beacon frames with SSID and encryption protocols</td>
<td>Section 5 — Risk Levels</td>
</tr>
</tbody>
</table>
<p style=""font-size:12px!important;color:#6B7280!important;font-family:Georgia,serif!important;margin-top:8px!important;"">Source: AP Cybersecurity CED Effective Fall 2026. AP Skills: 1.C Evaluate risk likelihood/impact • 1.D Document risks</p>
</div>
</div>

<div class=""card"" style=""border-top:3px solid #059669!important;"">
<span style=""font-size:11px!important;font-weight:700!important;text-transform:uppercase!important;letter-spacing:1.5px!important;color:#059669!important;font-family:Georgia,serif!important;"">♡ Bellringer — 3 Questions, 5 Minutes</span><p style=""font-size:13px!important;color:#6B7280!important;font-family:Georgia,serif!important;margin-top:4px!important;margin-bottom:14px!important;"">Answer independently. No notes.</p>
<ol style=""font-size:15px!important;color:#374151!important;line-height:2!important;padding-left:20px!important;font-family:Georgia,serif!important;"">
<li>An organization’s network has a single unsegmented LAN accessible via wireless with WEP encryption, and a proprietary web app server on that network. Rate this as High, Moderate, or Low risk per the CED framework and explain why.</li>
<li>An adversary is standing in the parking lot of a company. The company’s WAP signal extends into the parking lot. Name two attack types the adversary could now attempt that they couldn’t if the signal stayed inside the building.</li>
<li>A security scan finds an open Ethernet port in the company’s lobby conference room. The port connects to the internal LAN. Why does the CED identify this as a significant security concern, and what specific attack does an open port enable?</li>
</ol>
<p style=""font-size:12px!important;color:#9CA3AF!important;font-family:Georgia,serif!important;margin-top:8px!important;""><em>Answers: (1) High risk (CED 3.1.C.4) — unsegmented network, weak encryption, proprietary server exposed = adversary can easily capture traffic, spoof device, or launch DoS. (2) Eavesdropping/sniffing on wireless traffic; attempting to break wireless encryption to intercept data (3.1.B.4, 3.1.B.7). (3) Adversary can plug in a rogue WAP (3.1.B.6), bypassing all firewalls and gaining LAN access wirelessly from outside the building.</em></p>
</div>



</div>
<div class=""card"" id=""section-c"">
  <h2>
<span class=""section-icon"">3</span>3.1a.3 — Essential Vocabulary &amp; Exam Tips</h2>

  <table class=""vocab-table-full"">
    <thead>
      <tr>
<th style=""width:22%"">Term</th>
<th style=""width:40%"">Definition</th>
<th style=""width:38%"">Exam Trap / Critical Distinction</th>
</tr>
    </thead>
    <tbody>
      <tr>
        <td class=""vt-term"">OSI Model</td>
        <td>The Open Systems Interconnection model — a seven-layer framework that standardizes how different systems communicate over a network. Each layer has defined responsibilities and interacts only with the layers directly above and below it.</td>
        <td>
<span class=""exam-trap"">TRAP</span> The OSI model has 7 layers. The TCP/IP model has 4. Do not confuse them. OSI Layer 3 = Network (IP). OSI Layer 4 = Transport (TCP/UDP). AP exam questions frequently ask “at which OSI layer does X occur?”</td>
      </tr>
      <tr>
        <td class=""vt-term"">TCP (Transmission Control Protocol)</td>
        <td>A connection-oriented Layer 4 protocol that guarantees reliable, ordered delivery of data through acknowledgments, sequencing, and retransmission of lost packets. Establishes connections via three-way handshake (SYN, SYN-ACK, ACK).</td>
        <td>
<span class=""exam-trap"">KEY</span> TCP = reliable but slower. Used for HTTP(S), SSH, FTP, SMTP — applications where every byte must arrive correctly. The three-way handshake is the target of SYN flood DoS attacks (covered in 3.1b).</td>
      </tr>
      <tr>
        <td class=""vt-term"">UDP (User Datagram Protocol)</td>
        <td>A connectionless Layer 4 protocol that sends data without establishing a connection or guaranteeing delivery. Faster than TCP but unreliable — packets may arrive out of order or not at all.</td>
        <td>
<span class=""exam-trap"">KEY</span> UDP = fast but unreliable. Used for DNS (53), DHCP (67/68), streaming, VoIP, online gaming. DNS over UDP is the target of DNS amplification attacks. UDP has no handshake, so it is also used for UDP flood DoS attacks.</td>
      </tr>
      <tr>
        <td class=""vt-term"">Port</td>
        <td>A 16-bit number (0–65,535) identifying a specific process or service on a host. Well-known ports (0–1,023) are reserved for standard services. Registered ports (1,024–49,151) are assigned by IANA. Dynamic/ephemeral ports (49,152–65,535) are used for client-side connections.</td>
        <td>
<span class=""exam-trap"">TRAP</span> A port number alone does not guarantee what service is running on it. An attacker can run an SSH server on port 80 or an HTTP server on port 22. Port numbers are conventions, not enforcement mechanisms. Port scanning tells you what is open, not what is running.</td>
      </tr>
      <tr>
        <td class=""vt-term"">Protocol</td>
        <td>A standardized set of rules governing how data is formatted, transmitted, and received between two systems. Protocols define both the structure of communications and the expected sequence of messages.</td>
        <td>
<span class=""exam-trap"">NOTE</span> Every protocol was designed for functionality first. Security was added later (HTTPS = HTTP + TLS; SFTP = SSH + FTP). When the exam asks about a protocol’s security weakness, look for: unencrypted transmission, lack of authentication, or spoofable fields.</td>
      </tr>
      <tr>
        <td class=""vt-term"">IP Address</td>
        <td>A logical address assigned to a network interface, used at OSI Layer 3 for routing packets across networks. IPv4 uses 32-bit addresses (e.g., 192.168.1.1). IPv6 uses 128-bit addresses.</td>
        <td>
<span class=""exam-trap"">KEY</span> IP addresses are Layer 3 (Network layer). MAC addresses are Layer 2 (Data Link layer). A question about IP address assignment is asking about Layer 3. A question about MAC address assignment or ARP is asking about Layer 2.</td>
      </tr>
      <tr>
        <td class=""vt-term"">MAC Address</td>
        <td>A hardware identifier assigned to a network interface card (NIC), used at OSI Layer 2 for communication within the same network segment. Format: six pairs of hexadecimal digits (e.g., 00:1A:2B:3C:4D:5E). The first three pairs identify the manufacturer (OUI).</td>
        <td>
<span class=""exam-trap"">KEY</span> MAC addresses are Layer 2. They are used for communication on the local network segment. Routers strip MAC addresses when forwarding packets between networks — IP addresses survive routing but MAC addresses change at each hop. MAC spoofing attacks (Layer 2) differ from IP spoofing attacks (Layer 3).</td>
      </tr>
      <tr>
        <td class=""vt-term"">Packet</td>
        <td>A unit of data transmitted over a network. Contains a header (routing/control information) and a payload (the actual data). At different OSI layers, the encapsulated unit has different names: bit (L1), frame (L2), packet (L3), segment (L4), data (L5-7).</td>
        <td>
<span class=""exam-trap"">TRAP</span> The correct term for data at each layer: L1=bits, L2=frames, L3=packets, L4=segments. “Packet” is commonly used generically for any unit of network data, but on the AP exam, the correct L3-specific term is packet and the L2-specific term is frame.</td>
      </tr>
      <tr>
        <td class=""vt-term"">Encapsulation</td>
        <td>The process of adding protocol headers (and sometimes trailers) as data moves down the OSI stack from sender to receiver. Each layer wraps the data from the layer above with its own header, treating the entire previous layer’s output as payload.</td>
        <td>
<span class=""exam-trap"">NOTE</span> Encapsulation adds headers going down the OSI stack (sender side). De-encapsulation removes headers going up the stack (receiver side). Each layer only reads and processes its own header — it treats the content of higher layers as opaque payload.</td>
      </tr>
      <tr>
        <td class=""vt-term"">DNS (Domain Name System)</td>
        <td>A distributed hierarchical naming system that translates human-readable domain names (apcsexamprep.com) into IP addresses (93.184.216.34). Operates at Layer 7 (Application) and uses UDP port 53 for queries (TCP for larger responses and zone transfers).</td>
        <td>
<span class=""exam-trap"">KEY</span> DNS uses UDP port 53. DNS is unauthenticated by default — responses can be forged (DNS spoofing/cache poisoning). DNSSEC adds cryptographic verification. DNS is one of the most attacked protocols because it is universally trusted and often not inspected by firewalls.</td>
      </tr>
    </tbody>
  </table>

  <div class=""cfu-block"" id=""cfu-2"" data-type=""matching"" data-num=""2"" data-answer=""3,1,2"">
<div class=""cfu-header"">
<div class=""cfu-header-left"">
<span class=""cfu-label"">Check for Understanding</span><span class=""cfu-type-badge cfu-scenario-badge"">Matching</span>
</div>
<span class=""cfu-counter"">2 / 10</span>
</div>
<div class=""cfu-scenario"">
<strong>Harborview Regional Bank</strong> operates across three network zones.</div>
<p class=""cfu-question"">Match each network zone to the correct OSI layer it primarily operates at.</p>
<div class=""cfu-match-grid"">
  <div class=""cfu-match-row"">
<div class=""cfu-match-term"">Routers forwarding packets between VLANs using IP addresses</div>
<select class=""cfu-match-select"" id=""cfu2-m1""><option value="""">Select...</option>
<option value=""1"">Layer 1 (Physical)</option>
<option value=""2"">Layer 2 (Data Link)</option>
<option value=""3"">Layer 3 (Network)</option></select>
</div>
  <div class=""cfu-match-row"">
<div class=""cfu-match-term"">Ethernet cables and fiber optic links connecting switches</div>
<select class=""cfu-match-select"" id=""cfu2-m2""><option value="""">Select...</option>
<option value=""1"">Layer 1 (Physical)</option>
<option value=""2"">Layer 2 (Data Link)</option>
<option value=""3"">Layer 3 (Network)</option></select>
</div>
  <div class=""cfu-match-row"">
<div class=""cfu-match-term"">Switches forwarding frames based on MAC addresses</div>
<select class=""cfu-match-select"" id=""cfu2-m3""><option value="""">Select...</option>
<option value=""1"">Layer 1 (Physical)</option>
<option value=""2"">Layer 2 (Data Link)</option>
<option value=""3"">Layer 3 (Network)</option></select>
</div>
</div>
<div class=""cfu-feedback"" id=""cfu-fb-2"" style=""display:none;"">
<div class=""cfu-fb-correct"" style=""display:none;"">
<strong>All correct!</strong> Routers/IP = Layer 3. Physical cables = Layer 1. Switches/MAC = Layer 2.</div>
<div class=""cfu-fb-partial"" style=""display:none;"">
<strong>Partial.</strong> Layer 1 = physical medium. Layer 2 = MAC addresses/switches. Layer 3 = IP addresses/routers.</div>
</div>
</div>

</div>
<div class=""card"" id=""section-d"">
  <h2>
<span class=""section-icon"">4</span>3.1a.4 — The OSI Model: Seven Layers In Depth</h2>

  <p>The OSI model is the most important conceptual framework in network security. Every network attack, every network control, and every protocol operates at a specific OSI layer. Understanding which layer is involved in a scenario determines which device handles the traffic, which protocol is responsible, and which controls are appropriate.</p>

  <div class=""osi-stack"">

    <div class=""osi-row l7"">
      <div class=""osi-num"">7</div>
      <div class=""osi-name"">Application</div>
      <div class=""osi-body"">
        <div class=""osi-protocols"">
<strong>Protocols:</strong> HTTP, HTTPS, DNS, FTP, SFTP, SMTP, IMAP, POP3, SSH, Telnet, SNMP, DHCP</div>
        <div class=""osi-function"">
<strong>Function:</strong> The layer users and applications interact with. Provides network services directly to end-user applications. Responsible for data format and presentation to the user. This is where web browsers, email clients, and DNS resolvers operate.</div>
        <div class=""osi-threat"">
<strong>Attack vectors:</strong> Phishing (malicious URLs, fake login pages), malicious payloads in HTTP responses, DNS poisoning/spoofing, SMTP relay abuse, brute-force attacks on application authentication endpoints</div>
      </div>
    </div>

    <div class=""osi-row l6"">
      <div class=""osi-num"">6</div>
      <div class=""osi-name"">Presentation</div>
      <div class=""osi-body"">
        <div class=""osi-protocols"">
<strong>Protocols/functions:</strong> SSL/TLS (conceptually), JPEG, GIF, PNG compression, ASCII/Unicode encoding, data serialization (JSON, XML)</div>
        <div class=""osi-function"">
<strong>Function:</strong> Data translation, encryption, and compression. Ensures data is in a format the receiving application can understand. TLS (Transport Layer Security) is often associated with this layer because it handles encryption of data before it is handed to the Transport layer.</div>
        <div class=""osi-threat"">
<strong>Attack vectors:</strong> Certificate spoofing (presenting a forged TLS certificate), protocol downgrade attacks (forcing an older, weaker SSL version), malicious file format exploits (malformed JPEG triggering buffer overflow)</div>
      </div>
    </div>

    <div class=""osi-row l5"">
      <div class=""osi-num"">5</div>
      <div class=""osi-name"">Session</div>
      <div class=""osi-body"">
        <div class=""osi-protocols"">
<strong>Protocols/functions:</strong> NetBIOS, RPC (Remote Procedure Call), SQL sessions, NFS (Network File System), session tokens</div>
        <div class=""osi-function"">
<strong>Function:</strong> Manages sessions (connections) between applications. Establishes, maintains, and terminates communication sessions. Handles checkpointing for long data transfers and session recovery after disconnection.</div>
        <div class=""osi-threat"">
<strong>Attack vectors:</strong> Session hijacking (stealing a valid session token to impersonate a logged-in user without knowing credentials), session replay attacks (replaying captured session tokens), session fixation (forcing a known session ID)</div>
      </div>
    </div>

    <div class=""osi-row l4"">
      <div class=""osi-num"">4</div>
      <div class=""osi-name"">Transport</div>
      <div class=""osi-body"">
        <div class=""osi-protocols"">
<strong>Protocols:</strong> TCP (reliable, connection-oriented), UDP (fast, connectionless), QUIC (modern UDP-based transport used by HTTP/3)</div>
        <div class=""osi-function"">
<strong>Function:</strong> End-to-end communication between applications. Assigns port numbers to identify specific services. TCP provides flow control, error correction, and guaranteed delivery. UDP provides speed without guarantees. This layer is responsible for segmenting data from the application layer into smaller units.</div>
        <div class=""osi-threat"">
<strong>Attack vectors:</strong> SYN flood DoS (exploiting TCP handshake), UDP flood DoS (high-volume UDP packets), port scanning (probing for open ports), TCP session hijacking (forging sequence numbers)</div>
      </div>
    </div>

    <div class=""osi-row l3"">
      <div class=""osi-num"">3</div>
      <div class=""osi-name"">Network</div>
      <div class=""osi-body"">
        <div class=""osi-protocols"">
<strong>Protocols:</strong> IP (IPv4, IPv6), ICMP (ping), OSPF, BGP, RIP (routing protocols)</div>
        <div class=""osi-function"">
<strong>Function:</strong> Logical addressing (IP addresses) and packet routing between networks. Routers operate at this layer, using routing tables to forward packets toward their destination. Determines the best path for a packet from source to destination across multiple networks.</div>
        <div class=""osi-threat"">
<strong>Attack vectors:</strong> IP spoofing (forging source IP address), ICMP-based reconnaissance (ping sweeps, traceroute), routing protocol attacks (BGP hijacking redirecting internet traffic), IP fragmentation attacks</div>
      </div>
    </div>

    <div class=""osi-row l2"">
      <div class=""osi-num"">2</div>
      <div class=""osi-name"">Data Link</div>
      <div class=""osi-body"">
        <div class=""osi-protocols"">
<strong>Protocols:</strong> Ethernet, Wi-Fi (802.11), ARP (Address Resolution Protocol), PPP, VLAN (802.1Q)</div>
        <div class=""osi-function"">
<strong>Function:</strong> Reliable data transfer between adjacent network nodes on the same network segment. Uses MAC addresses for addressing within the segment. Ethernet frames are the primary data unit. Switches operate at this layer, forwarding frames based on MAC address tables.</div>
        <div class=""osi-threat"">
<strong>Attack vectors:</strong> ARP poisoning/spoofing (associating attacker’s MAC with another host’s IP), MAC flooding (overwhelming a switch’s MAC table, forcing it to broadcast), VLAN hopping (bypassing VLAN segmentation), Wi-Fi eavesdropping</div>
      </div>
    </div>

    <div class=""osi-row l1"">
      <div class=""osi-num"">1</div>
      <div class=""osi-name"">Physical</div>
      <div class=""osi-body"">
        <div class=""osi-protocols"">
<strong>Media/standards:</strong> Ethernet cables (Cat5e, Cat6), fiber optic, Wi-Fi radio (802.11), coaxial cable, physical connectors (RJ-45), USB</div>
        <div class=""osi-function"">
<strong>Function:</strong> Transmission of raw bits (1s and 0s) over a physical medium. Concerned with voltage levels, signal timing, cable specifications, and connector types. The physical infrastructure that all higher layers depend on.</div>
        <div class=""osi-threat"">
<strong>Attack vectors:</strong> Physical cable tapping (eavesdropping on copper/fiber), signal jamming (disrupting Wi-Fi), hardware implants (malicious devices inserted into physical network path), cutting cables (physical Availability attack)</div>
      </div>
    </div>

  </div>

  <h3 style=""font-size:1.05rem!important;font-weight:700!important;color:#1e1b4b!important;-webkit-text-fill-color:#1e1b4b!important;margin:24px 0 12px!important;font-family:'Georgia',serif!important;"">OSI vs. TCP/IP: The Model Comparison</h3>

  <p>The OSI model is the conceptual standard used in most security discussions, textbooks, and the AP exam. The TCP/IP model (also called the Internet model or DoD model) is what the actual internet is built on. Understanding both — and how they map to each other — is essential for AP exam questions that reference either model:</p>

  <table class=""vocab-table-full"">
    <thead>
      <tr>
<th>TCP/IP Layer</th>
<th>Equivalent OSI Layers</th>
<th>Key Protocols</th>
<th>AP Exam Note</th>
</tr>
    </thead>
    <tbody>
      <tr>
        <td class=""vt-term"">Application</td>
        <td>OSI Layers 5, 6, 7 (Session + Presentation + Application)</td>
        <td>HTTP, HTTPS, DNS, FTP, SMTP, SSH, Telnet, DHCP, SNMP</td>
        <td>TCP/IP combines 3 OSI layers into one. When the exam says “Application layer” in a TCP/IP context, it covers all three OSI upper layers.</td>
      </tr>
      <tr>
        <td class=""vt-term"">Transport</td>
        <td>OSI Layer 4 (Transport)</td>
        <td>TCP, UDP, QUIC</td>
        <td>1:1 mapping. TCP and UDP are here in both models. Port numbers live here.</td>
      </tr>
      <tr>
        <td class=""vt-term"">Internet</td>
        <td>OSI Layer 3 (Network)</td>
        <td>IPv4, IPv6, ICMP, ARP (sometimes)</td>
        <td>Called “Internet” in TCP/IP, “Network” in OSI. IP addressing and routing happen here.</td>
      </tr>
      <tr>
        <td class=""vt-term"">Network Access</td>
        <td>OSI Layers 1 &amp; 2 (Physical + Data Link)</td>
        <td>Ethernet, Wi-Fi (802.11), MAC addressing</td>
        <td>TCP/IP combines Physical and Data Link. MAC addresses and switches live here.</td>
      </tr>
    </tbody>
  </table>

  <div class=""cfu-block"" id=""cfu-3"" data-type=""mcq"" data-num=""3"" data-answer=""D"">
<div class=""cfu-header"">
<div class=""cfu-header-left"">
<span class=""cfu-label"">Check for Understanding</span><span class=""cfu-type-badge"">MCQ</span>
</div>
<span class=""cfu-counter"">3 / 10</span>
</div>
<div class=""cfu-scenario"">
<strong>Meridian Energy Grid</strong> maps its network topology.</div>
<p class=""cfu-question"">Which are valid components of a network topology diagram?<br><br>I. Physical devices (routers, switches, firewalls, servers)<br>II. Logical connections (VLANs, subnets, IP ranges)<br>III. Security boundaries (DMZ, internal zones, trust levels)</p>
<div class=""cfu-options-grid"">
  <div class=""cfu-opt"" data-val=""A"">
<span class=""cfu-opt-letter"">A</span><span class=""cfu-opt-text"">I only</span>
</div>
  <div class=""cfu-opt"" data-val=""B"">
<span class=""cfu-opt-letter"">B</span><span class=""cfu-opt-text"">I and II only</span>
</div>
  <div class=""cfu-opt"" data-val=""C"">
<span class=""cfu-opt-letter"">C</span><span class=""cfu-opt-text"">II and III only</span>
</div>
  <div class=""cfu-opt"" data-val=""D"">
<span class=""cfu-opt-letter"">D</span><span class=""cfu-opt-text"">I, II, and III</span>
</div>
</div>
<div class=""cfu-feedback"" id=""cfu-fb-3"" style=""display:none;"">
<div class=""cfu-fb-correct"" style=""display:none;"">
<strong>Correct.</strong> A complete topology includes physical devices (I), logical structure (II), AND security boundaries (III). All three layers are needed for security analysis.</div>
<div class=""cfu-fb-wrong"" style=""display:none;"" data-a=""A"">Incomplete. Logical and security layers are essential for security assessment.</div>
<div class=""cfu-fb-wrong"" style=""display:none;"" data-a=""B"">Incomplete. Security boundaries (DMZ, zones) are critical for understanding trust levels.</div>
<div class=""cfu-fb-wrong"" style=""display:none;"" data-a=""C"">Incomplete. Physical devices show the actual infrastructure.</div>
</div>
</div>

</div>
<div class=""card"" id=""section-e"">
  <h2>
<span class=""section-icon"">5</span>3.1a.5 — TCP/IP, Ports &amp; Protocols: The Security-Critical Reference</h2>

  <h3 style=""font-size:1.05rem!important;font-weight:700!important;color:#1e1b4b!important;-webkit-text-fill-color:#1e1b4b!important;margin:0 0 14px!important;font-family:'Georgia',serif!important;"">3.1a.5a — Critical Ports Every Security Professional Must Know</h3>

  <p>Port numbers are the foundation of firewall rule writing, network traffic analysis, and attack identification. An analyst who sees unusual traffic on port 3389 from an external IP immediately knows this is RDP traffic — a potential remote desktop attack. An analyst seeing large outbound transfers on port 21 knows FTP is being used, which transmits credentials in plaintext.</p>

  <table class=""port-table"">
    <thead>
      <tr>
        <th style=""width:8%"">Port</th>
        <th style=""width:8%"">Protocol</th>
        <th style=""width:15%"">Service</th>
        <th style=""width:35%"">Security Significance</th>
        <th style=""width:14%"">Risk Level</th>
        <th style=""width:20%"">Vantex Policy</th>
      </tr>
    </thead>
    <tbody>
      <tr>
        <td class=""port-num"">20/21</td>
        <td>TCP</td>
        <td>FTP (File Transfer Protocol)</td>
        <td>Transmits <em>all</em> data including credentials in plaintext. A network sniffer captures every username, password, and file transferred. Completely insecure on untrusted networks.</td>
        <td class=""risk-high"">HIGH</td>
        <td>Blocked at perimeter. SFTP (port 22) used for all file transfers requiring encryption.</td>
      </tr>
      <tr>
        <td class=""port-num"">22</td>
        <td>TCP</td>
        <td>SSH (Secure Shell)</td>
        <td>Encrypted remote administration. Secure replacement for Telnet. Brute-force attacks are common against internet-facing SSH. Key-based authentication significantly stronger than passwords.</td>
        <td class=""risk-med"">MEDIUM</td>
        <td>Restricted to management VLAN only. Key-based auth enforced; password auth disabled. Port changed from 22 on internet-facing jump hosts.</td>
      </tr>
      <tr>
        <td class=""port-num"">23</td>
        <td>TCP</td>
        <td>Telnet</td>
        <td>Unencrypted remote terminal access. Credentials, commands, and output all transmitted in plaintext. Should never be used on any production network. A legacy protocol with no legitimate modern use case.</td>
        <td class=""risk-high"">HIGH</td>
        <td>Blocked everywhere. Any device with port 23 open is flagged as critical vulnerability in monthly port audits.</td>
      </tr>
      <tr>
        <td class=""port-num"">25</td>
        <td>TCP</td>
        <td>SMTP (Email Sending)</td>
        <td>Simple Mail Transfer Protocol. Used to send email between servers. Historically no authentication required — any server could send email claiming to be any sender. Open SMTP relays are exploited to send spam.</td>
        <td class=""risk-med"">MEDIUM</td>
        <td>Outbound SMTP restricted to authorized mail servers only. SPF, DKIM, DMARC records published to prevent spoofing.</td>
      </tr>
      <tr>
        <td class=""port-num"">53</td>
        <td>UDP/TCP</td>
        <td>DNS (Domain Name System)</td>
        <td>Translates domain names to IP addresses. Responses are unauthenticated by default — can be forged (DNS spoofing). DNS amplification attacks use DNS servers to amplify DDoS traffic. Critical infrastructure for all internet-connected services.</td>
        <td class=""risk-high"">HIGH</td>
        <td>Internal DNS servers monitor for unusual query volumes. DNSSEC enabled on external zones. Outbound DNS restricted to authorized resolvers.</td>
      </tr>
      <tr>
        <td class=""port-num"">80</td>
        <td>TCP</td>
        <td>HTTP</td>
        <td>Unencrypted web traffic. Any data including login credentials transmitted over HTTP is visible to anyone on the network path. Should be redirected to HTTPS. HTTP is still used for initial connections before TLS upgrade.</td>
        <td class=""risk-high"">HIGH</td>
        <td>HTTP automatically redirects to HTTPS. Port 80 only used for redirect; no content served over plain HTTP.</td>
      </tr>
      <tr>
        <td class=""port-num"">443</td>
        <td>TCP</td>
        <td>HTTPS</td>
        <td>HTTP secured with TLS. Encrypts web traffic between client and server. The standard for all web communication involving sensitive data. TLS version and cipher suite selection affects security level.</td>
        <td class=""risk-low"">LOW</td>
        <td>All web services served over HTTPS only. TLS 1.3 required; TLS 1.0/1.1 disabled. HSTS headers enforced.</td>
      </tr>
      <tr>
        <td class=""port-num"">445</td>
        <td>TCP</td>
        <td>SMB (Windows File Sharing)</td>
        <td>Server Message Block protocol for Windows file and printer sharing. Exploited by WannaCry (EternalBlue exploit). Should never be exposed to the internet. Internal use requires careful patch management.</td>
        <td class=""risk-high"">HIGH</td>
        <td>Blocked at perimeter firewall. Internal SMB monitored. SMBv1 disabled on all systems (SMBv1 is the version vulnerable to EternalBlue).</td>
      </tr>
      <tr>
        <td class=""port-num"">3389</td>
        <td>TCP</td>
        <td>RDP (Remote Desktop Protocol)</td>
        <td>Microsoft Remote Desktop. High-value attacker target for gaining graphical desktop access to Windows systems. Brute-force attacks extremely common. BlueKeep (CVE-2019-0708) allowed unauthenticated RCE via RDP. Should never be exposed directly to the internet.</td>
        <td class=""risk-high"">HIGH</td>
        <td>Blocked at perimeter. Internal RDP only via VPN + MFA. Network-level authentication (NLA) enforced. All RDP sessions logged to SIEM.</td>
      </tr>
    <tr>
        <td class=""port-num"">3306</td>
        <td>TCP</td>
        <td>MySQL (Database)</td>
        <td>Default port for MySQL database connections. Queries and credentials travel unencrypted unless TLS is explicitly configured. A high-value target, since direct database access can expose or alter entire records. Should never be reachable from the internet.</td>
        <td class=""risk-high"">HIGH</td>
        <td>Blocked at perimeter. Database reachable only from the application server's internal IP. Never exposed to client networks.</td>
      </tr>
    <tr>
        <td class=""port-num"">5900</td>
        <td>TCP</td>
        <td>VNC (Virtual Network Computing)</td>
        <td>Remote graphical screen sharing. Many VNC servers use weak or no encryption and limit passwords to eight characters, making sessions easy to intercept or brute-force. Like RDP, a direct path to desktop control if exposed.</td>
        <td class=""risk-high"">HIGH</td>
        <td>Blocked at perimeter. Internal use only over VPN, with strong unique passwords and encryption required.</td>
      </tr>
      <tr>
        <td class=""port-num"">143/993</td>
        <td>TCP</td>
        <td>IMAP/IMAPS (Email Retrieval)</td>
        <td>Internet Message Access Protocol for retrieving email. Port 143 = unencrypted. Port 993 = encrypted (IMAPS). Credential brute-force attacks target email accounts for business email compromise (BEC) attacks.</td>
        <td class=""risk-med"">MEDIUM</td>
        <td>Only IMAPS (993) enabled. MFA required for all email access. Unusual login location/time triggers UEBA alert.</td>
      </tr>
    </tbody>
  </table>
<div style=""border:1px solid #ddd6fe;border-left:5px solid #6B21A8;border-radius:10px;background:#FBF8FF;padding:18px 20px;margin:22px 0;"">
<h3 style=""margin:0 0 8px 0;color:#1E1B4B;-webkit-text-fill-color:#1E1B4B;font-size:19px;"">Reading the Evidence: What an SSH Brute-Force Looks Like in the Log</h3>
<p style=""margin:0 0 12px 0;color:#374151;-webkit-text-fill-color:#374151;font-size:15px;line-height:1.6;"">The table above notes that SSH on port 22 is a constant brute-force target. Here is what that attack actually looks like in <code style=""background:#EDE9FE;color:#6B21A8;-webkit-text-fill-color:#6B21A8;padding:1px 5px;border-radius:4px;"">/var/log/auth.log</code> on a Linux host:</p>
<pre style=""background:#0f172a;color:#e2e8f0;-webkit-text-fill-color:#e2e8f0;padding:14px 16px;border-radius:8px;overflow-x:auto;font-family:'Consolas','Monaco',monospace;font-size:12.5px;line-height:1.6;white-space:pre;margin:0 0 12px 0;"">Mar 03 02:14:07 srv sshd[2210]: Failed password for tokafor from 10.0.4.88 port 51544 ssh2
Mar 03 02:14:08 srv sshd[2210]: Failed password for tokafor from 10.0.4.88 port 51546 ssh2
Mar 03 02:14:09 srv sshd[2210]: Failed password for tokafor from 10.0.4.88 port 51552 ssh2
Mar 03 02:14:10 srv sshd[2210]: Failed password for tokafor from 10.0.4.88 port 51559 ssh2
Mar 03 02:14:11 srv sshd[2210]: Failed password for invalid user root from 10.0.4.88 port 51570 ssh2
Mar 03 02:14:12 srv sshd[2210]: Accepted password for tokafor from 10.0.4.88 port 51574 ssh2</pre>
<p style=""margin:0;color:#374151;-webkit-text-fill-color:#374151;font-size:15px;line-height:1.6;""><strong style=""color:#1E1B4B;-webkit-text-fill-color:#1E1B4B;"">How to read it:</strong> many <em>Failed password</em> entries for the same account, from the same source IP, within a few seconds, are the signature of a brute-force (password-guessing) attack. The source here is <strong style=""color:#1E1B4B;-webkit-text-fill-color:#1E1B4B;"">10.0.4.88</strong>. The final <em>Accepted password</em> line is the detail that matters most: the attack succeeded. On the free-response question you will be asked to point to exactly these features, the rapid repeated failures and the source IP, as your evidence.</p>
</div>


  <h3 style=""font-size:1.05rem!important;font-weight:700!important;color:#1e1b4b!important;-webkit-text-fill-color:#1e1b4b!important;margin:24px 0 12px!important;font-family:'Georgia',serif!important;"">3.1a.5b — TCP vs. UDP: Security Implications</h3>

  <p>The choice between TCP and UDP is not arbitrary — it reflects a fundamental tradeoff between reliability and speed, with significant security implications for each. Understanding when each protocol is used tells you what attack vectors are relevant.</p>

  <table class=""vocab-table-full"">
    <thead>
      <tr>
<th style=""width:20%"">Characteristic</th>
<th style=""width:40%"">TCP</th>
<th style=""width:40%"">UDP</th>
</tr>
    </thead>
    <tbody>
      <tr>
        <td class=""vt-term"">Connection Model</td>
        <td>Connection-oriented. Three-way handshake (SYN → SYN-ACK → ACK) establishes a connection before data transfer. Both sides must agree to communicate.</td>
        <td>Connectionless. No handshake. Data is sent immediately without any prior agreement between sender and receiver.</td>
      </tr>
      <tr>
        <td class=""vt-term"">Reliability</td>
        <td>Guaranteed delivery. Lost packets are retransmitted. Packets are reassembled in order. Every byte arrives correctly or the sender is notified.</td>
        <td>Best-effort delivery. Lost packets are not retransmitted. Packets may arrive out of order. No delivery guarantee.</td>
      </tr>
      <tr>
        <td class=""vt-term"">Use Cases</td>
        <td>Any application where data integrity is critical: web (HTTP/HTTPS), email (SMTP/IMAP), file transfer (FTP/SFTP), remote access (SSH/RDP), databases</td>
        <td>Applications where speed matters more than perfection: DNS queries, DHCP, streaming media, VoIP, online gaming, SNMP monitoring</td>
      </tr>
      <tr>
        <td class=""vt-term"">Key Attack Vectors</td>
        <td>SYN flood (exhaust server’s half-open connection table), TCP session hijacking (forge sequence numbers to inject data), TCP RST attacks (terminate legitimate connections)</td>
        <td>UDP flood (overwhelm with high-volume UDP packets), DNS amplification (small UDP DNS query returns large response, amplifying DoS traffic), DHCP starvation (exhaust DHCP address pool)</td>
      </tr>
      <tr>
        <td class=""vt-term"">Header Size</td>
        <td>Larger header (20–60 bytes) due to sequence numbers, acknowledgment numbers, and control flags</td>
        <td>Smaller header (8 bytes): source port, destination port, length, checksum. Minimal overhead.</td>
      </tr>
    </tbody>
  </table>

  <div class=""cfu-block"" id=""cfu-4"" data-type=""cloze"" data-num=""4"" data-answer=""ip,mac,port,protocol,subnet"">
<div class=""cfu-header"">
<div class=""cfu-header-left"">
<span class=""cfu-label"">Check for Understanding</span><span class=""cfu-type-badge cfu-scenario-badge"">Fill in the Blank</span>
</div>
<span class=""cfu-counter"">4 / 10</span>
</div>
<div class=""cfu-scenario"">
<strong>Crossroads Logistics</strong> is documenting its network addressing scheme.</div>
<p class=""cfu-question"">Complete the network addressing fundamentals.</p>
<div class=""cfu-cloze-text"">
  <p>Every device on the internet is identified by a unique <input type=""text"" class=""cfu-cloze-blank"" id=""cfu4-c1"" placeholder=""??"" autocomplete=""off""> address (e.g., 192.168.1.50).</p>
  <p>Every network interface card has a unique hardware identifier called a <input type=""text"" class=""cfu-cloze-blank"" id=""cfu4-c2"" placeholder=""???"" autocomplete=""off""> address (e.g., AA:BB:CC:DD:EE:FF).</p>
  <p>A web server listens on <input type=""text"" class=""cfu-cloze-blank"" id=""cfu4-c3"" placeholder=""???"" autocomplete=""off""> 443 for HTTPS connections.</p>
  <p>TCP and UDP are examples of transport layer <input type=""text"" class=""cfu-cloze-blank"" id=""cfu4-c4"" placeholder=""???"" autocomplete=""off"">s.</p>
  <p>The network 10.20.0.0/16 defines a <input type=""text"" class=""cfu-cloze-blank"" id=""cfu4-c5"" placeholder=""???"" autocomplete=""off""> containing 65,534 usable addresses.</p>
</div>
<div class=""cfu-feedback"" id=""cfu-fb-4"" style=""display:none;"">
<div class=""cfu-fb-correct"" style=""display:none;"">
<strong>All correct!</strong> IP address, MAC address, port, protocol, subnet — the five fundamental network identifiers.</div>
<div class=""cfu-fb-partial"" style=""display:none;"">
<strong>Partial.</strong> Answers: IP, MAC, port, protocol, subnet. These are the building blocks of network communication and security rules.</div>
</div>
</div>

</div>
<div class=""card"" id=""section-f"">
  <h2>
<span class=""section-icon"">6</span>3.1a.6 — Encapsulation: How Data Actually Travels</h2>

  <p>Encapsulation is the process by which each OSI layer wraps data from the layer above with its own header (and sometimes trailer), treating the upper layer’s entire output as a payload to be delivered. Understanding encapsulation explains why network attacks at one layer can affect all higher layers — and why defense-in-depth at the network level requires controls at multiple layers simultaneously.</p>

  <div class=""encap-wrap"">
    <h4>Encapsulation as Data Moves Down the OSI Stack (Sender Side)</h4>
    <div class=""encap-row"">
      <span class=""encap-label"">Layer 7 (App)</span>
      <div class=""encap-boxes"">
        <span class=""encap-box eb-new"">HTTP Request Data</span>
      </div>
    </div>
    <div class=""encap-row"">
      <span class=""encap-label"">Layer 4 (Transport)</span>
      <div class=""encap-boxes"">
        <span class=""encap-box eb-new"">TCP Header (port 443, seq#)</span>
        <span class=""encap-box eb-prev"">HTTP Request Data</span>
      </div>
    </div>
    <div class=""encap-row"">
      <span class=""encap-label"">Layer 3 (Network)</span>
      <div class=""encap-boxes"">
        <span class=""encap-box eb-new"">IP Header (src/dst IP)</span>
        <span class=""encap-box eb-prev"">TCP Header</span>
        <span class=""encap-box eb-prev"">HTTP Request Data</span>
      </div>
    </div>
    <div class=""encap-row"">
      <span class=""encap-label"">Layer 2 (Data Link)</span>
      <div class=""encap-boxes"">
        <span class=""encap-box eb-new"">Ethernet Header (MAC)</span>
        <span class=""encap-box eb-prev"">IP Header</span>
        <span class=""encap-box eb-prev"">TCP Header</span>
        <span class=""encap-box eb-prev"">HTTP Data</span>
        <span class=""encap-box eb-new"">Ethernet Trailer (FCS)</span>
      </div>
    </div>
    <div class=""encap-row"">
      <span class=""encap-label"">Layer 1 (Physical)</span>
      <div class=""encap-boxes"">
        <span class=""encap-box eb-new"">Electrical signals / radio waves (bits)</span>
      </div>
    </div>
  </div>

  <p><strong>Why encapsulation matters for security:</strong> Each header in the encapsulation chain contains information that can be <em>forged, inspected, or filtered</em>. A firewall that only inspects Layer 3 IP headers cannot see the TCP port in the Layer 4 header or the HTTP request in the Layer 7 payload. An attacker who can manipulate the IP header (Layer 3) can set arbitrary source IP addresses (IP spoofing). A deep packet inspection (DPI) device that inspects all layers can detect malicious payloads in Layer 7 but introduces processing latency.</p>

  <p><strong>De-encapsulation on the receiver side:</strong> When the packet arrives at the destination, the process reverses. The physical layer converts signals to bits; the Data Link layer strips the Ethernet frame and verifies the Frame Check Sequence (FCS) for corruption; the Network layer strips the IP header and routes to the appropriate local process; the Transport layer strips the TCP header, handles reassembly of segments, and sends data to the correct application by port number; the Application layer receives the original data.</p>

  <p><strong>The Vantex HTTPS example:</strong> When a Vantex client accesses the online banking portal, their browser sends an HTTPS request. The data is encrypted by TLS (Presentation/Transport layer), wrapped in a TCP segment with destination port 443 (Transport), wrapped in an IP packet with the Vantex server’s IP as destination (Network), wrapped in an Ethernet frame with the client’s router’s MAC address as the Layer 2 destination (Data Link), and transmitted as electrical signals or radio waves (Physical). The Vantex perimeter firewall reads the IP header (Layer 3) to verify the destination is legitimate, and reads the TCP header (Layer 4) to confirm destination port 443 is permitted. The TLS payload (Layer 5/6) is not inspected at the firewall — it is decrypted and inspected only by the Vantex web application server.</p>

  <div class=""cfu-block"" id=""cfu-5"" data-type=""mcq"" data-num=""5"" data-answer=""C"">
<div class=""cfu-header"">
<div class=""cfu-header-left"">
<span class=""cfu-label"">Check for Understanding</span><span class=""cfu-type-badge"">MCQ</span>
</div>
<span class=""cfu-counter"">5 / 10</span>
</div>
<div class=""cfu-scenario"">
<strong>Brightpath University’s</strong> network admin notices unusual traffic: a workstation on the student VLAN is sending packets to 50 different IP addresses on port 22 (SSH) every second.</div>
<p class=""cfu-question"">This traffic pattern most likely indicates:</p>
<div class=""cfu-options-grid"">
  <div class=""cfu-opt"" data-val=""A"">
<span class=""cfu-opt-letter"">A</span><span class=""cfu-opt-text"">A student using SSH to connect to their assigned lab server for a programming assignment</span>
</div>
  <div class=""cfu-opt"" data-val=""B"">
<span class=""cfu-opt-letter"">B</span><span class=""cfu-opt-text"">Normal background traffic from the operating system checking for software updates</span>
</div>
  <div class=""cfu-opt"" data-val=""C"">
<span class=""cfu-opt-letter"">C</span><span class=""cfu-opt-text"">A port scan — the workstation (or malware on it) is probing for SSH services across the network, a common reconnaissance technique</span>
</div>
  <div class=""cfu-opt"" data-val=""D"">
<span class=""cfu-opt-letter"">D</span><span class=""cfu-opt-text"">A DNS lookup resolving 50 hostnames simultaneously for a web browsing session</span>
</div>
</div>
<div class=""cfu-feedback"" id=""cfu-fb-5"" style=""display:none;"">
<div class=""cfu-fb-correct"" style=""display:none;"">
<strong>Correct.</strong> Rapid connections to many IPs on the same port = port scanning. This is reconnaissance to find SSH servers that might be vulnerable or have weak credentials.</div>
<div class=""cfu-fb-wrong"" style=""display:none;"" data-a=""A"">Incorrect. A legitimate SSH session connects to one server, not 50 per second.</div>
<div class=""cfu-fb-wrong"" style=""display:none;"" data-a=""B"">Incorrect. OS updates use HTTP/HTTPS, not SSH port 22.</div>
<div class=""cfu-fb-wrong"" style=""display:none;"" data-a=""D"">Incorrect. DNS uses port 53, not port 22.</div>
</div>
</div>

</div>
<div class=""card"" id=""section-g"">
  <h2>
<span class=""section-icon"">7</span>3.1a.7 — Real-World Case Studies: Protocol Vulnerabilities in Practice</h2>

  <div class=""case-block"">
    <div class=""case-eyebrow"">Case Study 1 — DNS Exploitation</div>
    <div class=""case-title"">Dyn DNS Attack (2016) — Infrastructure Protocol as Attack Vector</div>
    <div class=""case-body"">
      <p><strong>What happened:</strong> On October 21, 2016, attackers used a botnet of over 100,000 IoT devices (cameras, DVRs, routers with default credentials) running the Mirai malware to launch a massive DDoS attack against Dyn, a major DNS provider. The attack flooded Dyn’s DNS infrastructure with UDP traffic on port 53, preventing legitimate DNS resolution.</p>
      <p><strong>Impact:</strong> When Dyn’s DNS servers went offline, websites that relied on Dyn for DNS resolution became unreachable. Major services including Twitter, Netflix, Reddit, CNN, PayPal, Spotify, and hundreds of others were inaccessible for hours. The attack demonstrated that DNS — the phone book of the internet — is critical infrastructure whose availability underpins nearly all other internet services.</p>
      <p><strong>Why DNS?</strong> DNS uses UDP (port 53), which is connectionless. Every device on the internet queries DNS continuously. The protocol was designed in 1983 with no authentication and no built-in DDoS resistance. A sufficiently large botnet can overwhelm any DNS server with valid-looking but empty DNS queries, and the server must process each one before determining it is garbage.</p>
      <p><strong>OSI layer analysis:</strong> The attack operated at Layer 4 (Transport — UDP flooding) and Layer 7 (Application — DNS query flood). Defenses include rate limiting at Layer 4 (limit UDP query rate per source IP), anycast routing at Layer 3 (distribute DNS infrastructure globally so no single point is overwhelmed), and DNS-layer filtering (distinguish legitimate query patterns from attack patterns).</p>
      <p><strong>Network security lesson:</strong> Protocol infrastructure is attack surface. DNS, NTP, BGP, and other foundational protocols were built for reliability, not for adversarial environments. Organizations that depend on third-party DNS providers should configure secondary DNS providers and understand their own DNS dependencies.</p>
    </div>
    <div class=""case-tags"">
      <span class=""case-tag fail"">UDP Port 53 Flooded</span>
      <span class=""case-tag fail"">No Protocol-Level Authentication</span>
      <span class=""case-tag lesson"">Infrastructure Protocols Are Critical Attack Surface</span>
    </div>
  </div>

  <div class=""case-block"">
    <div class=""case-eyebrow"">Case Study 2 — Unencrypted Protocol Exposure</div>
    <div class=""case-title"">WannaCry (2017) — SMB Port 445 Exploitation at Scale</div>
    <div class=""case-body"">
      <p><strong>What happened:</strong> WannaCry ransomware spread globally in May 2017 by exploiting EternalBlue — an NSA-developed exploit for a vulnerability in the Windows SMB protocol (port 445). It did not require any user interaction: it scanned for computers with port 445 exposed, exploited the vulnerability, encrypted files, and automatically spread to other accessible systems.</p>
      <p><strong>Scale:</strong> 230,000+ systems in 150 countries were infected within hours. The UK’s National Health Service was particularly devastated — hospitals cancelled appointments, ambulances were diverted, and critical patient data was inaccessible. Total estimated damage: $4–8 billion.</p>
      <p><strong>The protocol vulnerability:</strong> SMBv1 (Server Message Block version 1, running on TCP port 445) had a buffer overflow vulnerability in its handling of malformed packets. Microsoft had released a patch (MS17-010) two months before WannaCry, but many organizations had not applied it — particularly for legacy systems that could not easily be patched.</p>
      <p><strong>Attack surface reduction lesson:</strong> Port 445 (SMBv1) should never be exposed to the internet. Organizations that had firewalled port 445 at the perimeter and disabled SMBv1 internally were largely protected. Attack surface reduction — closing unnecessary ports and disabling vulnerable protocol versions — would have stopped WannaCry completely regardless of whether the patch was applied.</p>
    </div>
    <div class=""case-tags"">
      <span class=""case-tag fail"">Port 445 Exposed Internally</span>
      <span class=""case-tag fail"">SMBv1 Not Disabled</span>
      <span class=""case-tag lesson"">Attack Surface Reduction Stops Wormable Exploits</span>
    </div>
  </div>

  <div class=""case-block"">
    <div class=""case-eyebrow"">Case Study 3 — Vantex Port Audit Simulation</div>
    <div class=""case-title"">Monthly Port Audit Findings — Three Discoveries</div>
    <div class=""case-body"">
      <p><strong>Scenario:</strong> Vantex’s monthly port audit scans all 847 servers and identifies three unexpected findings:</p>
      <p><strong>Finding 1:</strong> A development server has port 23 (Telnet) open. Investigation reveals a developer enabled it temporarily to troubleshoot a legacy application and never disabled it. The server is on the internal network but is accessible from the employee VLAN.</p>
      <p><strong>Finding 2:</strong> An externally-facing application server is responding on port 8080 (HTTP alternate port) in addition to port 443 (HTTPS). Port 8080 is serving the same application over unencrypted HTTP. The HTTPS configuration accidentally did not disable the HTTP fallback.</p>
      <p><strong>Finding 3:</strong> Three servers show port 445 (SMB) open and accessible from the guest Wi-Fi VLAN. These are internal file servers that were migrated to a new segment six months ago — the ACL rules were updated to allow access from the new segment but the guest VLAN restriction was never added.</p>
      <p><strong>Risk analysis:</strong> Finding 1: Telnet transmits credentials in plaintext — any employee on the same VLAN can capture the session. Finding 2: The HTTP service on port 8080 bypasses all TLS protections and allows credential interception. Finding 3: Guest Wi-Fi users (visitors, contractors) can access internal SMB file servers, potentially exploiting SMB vulnerabilities or accessing confidential files.</p>
      <p><strong>Remediation:</strong> Disable Telnet immediately (replace with SSH if remote access is needed). Disable port 8080; serve only HTTPS. Add ACL rule explicitly denying guest VLAN access to port 445 on file servers. All three are attack surface reduction actions.</p>
    </div>
    <div class=""case-tags"">
      <span class=""case-tag lesson"">Monthly Audits Catch Configuration Drift</span>
      <span class=""case-tag lesson"">Every Open Port Is a Decision That Must Be Justified</span>
    </div>
  </div>

  <div class=""cfu-block"" id=""cfu-6"" data-type=""checkbox"" data-num=""6"" data-answer=""A,C,D"">
<div class=""cfu-header"">
<div class=""cfu-header-left"">
<span class=""cfu-label"">Check for Understanding</span><span class=""cfu-type-badge cfu-scenario-badge"">Select All</span>
</div>
<span class=""cfu-counter"">6 / 10</span>
</div>
<div class=""cfu-scenario"">
<strong>NovaTech</strong> is reducing its attack surface.</div>
<p class=""cfu-question"">Select <strong>ALL</strong> actions that reduce the attack surface.</p>
<div class=""cfu-cb-grid"">
  <label class=""cfu-cb-label""><input type=""checkbox"" class=""cfu-cb"" id=""cfu6-cb1"" value=""A""> <span>Disabling unused network services and closing unnecessary ports on servers</span></label>
  <label class=""cfu-cb-label""><input type=""checkbox"" class=""cfu-cb"" id=""cfu6-cb2"" value=""B""> <span>Installing additional software on every server to increase functionality</span></label>
  <label class=""cfu-cb-label""><input type=""checkbox"" class=""cfu-cb"" id=""cfu6-cb3"" value=""C""> <span>Removing default accounts and changing default passwords on all network devices</span></label>
  <label class=""cfu-cb-label""><input type=""checkbox"" class=""cfu-cb"" id=""cfu6-cb4"" value=""D""> <span>Segmenting the network into VLANs to limit what each zone can reach</span></label>
  <label class=""cfu-cb-label""><input type=""checkbox"" class=""cfu-cb"" id=""cfu6-cb5"" value=""E""> <span>Publishing the network topology diagram on the company website for transparency</span></label>
</div>
<div class=""cfu-feedback"" id=""cfu-fb-6"" style=""display:none;"">
<div class=""cfu-fb-correct"" style=""display:none;"">
<strong>Correct!</strong> Closing ports (A), removing defaults (C), and segmenting (D) all reduce attack surface. More software (B) increases it. Publishing topology (E) gives attackers a roadmap.</div>
<div class=""cfu-fb-partial"" style=""display:none;"">
<strong>Partial.</strong> Attack surface reduction: disable unused services, remove default credentials, segment networks. Adding software and publishing topology INCREASE the surface.</div>
</div>
</div>

</div>
<div class=""card"" id=""section-h"">
  <h2>
<span class=""section-icon"">8</span>3.1a.8 — Defense Strategies: Network Hardening Fundamentals</h2>

  <table class=""vocab-table-full"">
    <thead>
      <tr>
<th style=""width:28%"">Defense</th>
<th style=""width:36%"">What It Does</th>
<th style=""width:36%"">Vantex Implementation</th>
</tr>
    </thead>
    <tbody>
      <tr>
        <td class=""vt-term"">Port Hardening (Service Minimization)</td>
        <td>Close all ports that are not explicitly required by an active business function. Every open port is potential attack surface; no open port should exist without documented justification.</td>
        <td>Monthly automated port scan of all 847 servers. Any open port not on the approved service list triggers a P2 security ticket requiring closure within 5 business days or documented exception approval.</td>
      </tr>
      <tr>
        <td class=""vt-term"">Disable Insecure Protocol Versions</td>
        <td>Disable deprecated protocol versions that contain known vulnerabilities: TLS 1.0/1.1 (replaced by TLS 1.2/1.3), SSLv3, SMBv1 (EternalBlue), Telnet, FTP. Use the secure replacement protocol.</td>
        <td>SMBv1 disabled on all Windows systems via Group Policy. TLS 1.0/1.1 disabled on all web services. Telnet blocked at network layer. FTP blocked; SFTP used for file transfer.</td>
      </tr>
      <tr>
        <td class=""vt-term"">Replace Cleartext Protocols</td>
        <td>Substitute encrypted alternatives for any protocol that transmits data in plaintext: HTTP → HTTPS, Telnet → SSH, FTP → SFTP, IMAP → IMAPS, SNMP v1/v2 → SNMP v3.</td>
        <td>All administrative access via SSH only. All web traffic HTTPS only with HSTS. All file transfer via SFTP. SNMP v3 only on all network devices (v1/v2 disabled).</td>
      </tr>
      <tr>
        <td class=""vt-term"">DNS Security (DNSSEC)</td>
        <td>DNSSEC adds cryptographic signatures to DNS records, allowing resolvers to verify that DNS responses have not been tampered with. Prevents DNS spoofing and cache poisoning attacks that redirect users to attacker-controlled servers.</td>
        <td>DNSSEC enabled and signed on all Vantex-owned DNS zones. Internal DNS resolvers validate DNSSEC signatures before returning results. DNS response rate limiting (RRL) configured to prevent DNS amplification from Vantex servers.</td>
      </tr>
      <tr>
        <td class=""vt-term"">IP Address Management (IPAM)</td>
        <td>Centrally track and manage all IP addresses, DHCP scopes, and DNS entries. Provides visibility into what is connected to the network and enables rapid identification of unauthorized devices.</td>
        <td>All IP assignments tracked in centralized IPAM. Rogue DHCP detection alerts on unauthorized DHCP servers. IP address requests from unrecognized MAC addresses trigger security review.</td>
      </tr>
      <tr>
        <td class=""vt-term"">Network Monitoring &amp; Baseline</td>
        <td>Establish baseline traffic patterns for the network and alert on deviations: unusual port usage, unexpected protocols, abnormal traffic volumes, new connections to unusual destinations.</td>
        <td>NetFlow data collected from all routers and switches. Baseline established for normal traffic patterns per VLAN. Deviations of greater than 3 standard deviations trigger SIEM alert. Unexpected outbound connections to foreign IPs trigger immediate investigation.</td>
      </tr>
    </tbody>
  </table>

  <div class=""cfu-block"" id=""cfu-7"" data-type=""matching"" data-num=""7"" data-answer=""T,U,T"">
<div class=""cfu-header"">
<div class=""cfu-header-left"">
<span class=""cfu-label"">Check for Understanding</span><span class=""cfu-type-badge cfu-scenario-badge"">Matching</span>
</div>
<span class=""cfu-counter"">7 / 10</span>
</div>
<div class=""cfu-scenario"">
<strong>Harborview Bank</strong> uses both TCP and UDP for different services.</div>
<p class=""cfu-question"">Match each service to its transport protocol.</p>
<div class=""cfu-match-grid"">
  <div class=""cfu-match-row"">
<div class=""cfu-match-term"">HTTPS web banking (reliable, ordered delivery required)</div>
<select class=""cfu-match-select"" id=""cfu7-m1""><option value="""">Select...</option>
<option value=""T"">TCP (connection-oriented, reliable)</option>
<option value=""U"">UDP (connectionless, fast)</option></select>
</div>
  <div class=""cfu-match-row"">
<div class=""cfu-match-term"">DNS lookups (fast, single query-response)</div>
<select class=""cfu-match-select"" id=""cfu7-m2""><option value="""">Select...</option>
<option value=""T"">TCP (connection-oriented, reliable)</option>
<option value=""U"">UDP (connectionless, fast)</option></select>
</div>
  <div class=""cfu-match-row"">
<div class=""cfu-match-term"">SSH remote management (encrypted, ordered session)</div>
<select class=""cfu-match-select"" id=""cfu7-m3""><option value="""">Select...</option>
<option value=""T"">TCP (connection-oriented, reliable)</option>
<option value=""U"">UDP (connectionless, fast)</option></select>
</div>
</div>
<div class=""cfu-feedback"" id=""cfu-fb-7"" style=""display:none;"">
<div class=""cfu-fb-correct"" style=""display:none;"">
<strong>All correct!</strong> HTTPS = TCP (needs reliable delivery). DNS = UDP (fast lookups). SSH = TCP (needs reliable encrypted session).</div>
<div class=""cfu-fb-partial"" style=""display:none;"">
<strong>Partial.</strong> TCP = reliable, ordered (web, SSH, email). UDP = fast, no guarantee (DNS, streaming, VoIP). Match by whether the service needs reliability or speed.</div>
</div>
</div>

</div>
<div class=""card"" id=""section-i"">
  <h2>
<span class=""section-icon"">9</span>3.1a.9 — Worked Examples: Predict First, Then Classify</h2>

  <div class=""ex-block"">
    <div class=""ex-header"">
<div class=""ex-num"">1</div>
<div class=""ex-title"">OSI Layer Identification from Attack Description</div>
</div>
    <div class=""ex-scenario"">
<strong>Scenario:</strong> During a penetration test of Vantex’s network, a tester performs three separate actions: (1) Uses nmap to send TCP SYN packets to port 22 on multiple servers to check if SSH is running (port scanning). (2) Sends malformed ARP responses to associate their laptop’s MAC address with the IP address of the network gateway. (3) Crafts HTTP requests with SQL injection payloads in the URL parameters and sends them to the web application.</div>
    <div class=""ex-body"">
      <div class=""ex-step"">
<div class=""step-n"">1</div>
<div class=""step-c"">
        <h4>Map Each Action to an OSI Layer</h4>
        <p>Action 1 (port scanning via TCP SYN): TCP operates at Layer 4 (Transport). Port numbers are Layer 4 identifiers. This is a Layer 4 attack/technique.</p>
        <p>Action 2 (ARP poisoning): ARP operates at Layer 2 (Data Link). MAC addresses are Layer 2 identifiers. This is a Layer 2 attack.</p>
        <p>Action 3 (SQL injection via HTTP): HTTP operates at Layer 7 (Application). SQL injection is delivered through the application-layer HTTP request. This is a Layer 7 attack.</p>
      </div>
</div>
      <div class=""ex-step"">
<div class=""step-n"">2</div>
<div class=""step-c"">
        <h4>Identify the Control at Each Layer</h4>
        <p>Layer 4 (port scan): Firewall rules blocking inbound TCP SYN on non-approved ports; TCP SYN rate limiting; IDS signature for port scan detection.</p>
        <p>Layer 2 (ARP poison): Dynamic ARP Inspection (DAI) on managed switches; static ARP entries for critical devices; VLAN segmentation limiting ARP broadcast domain.</p>
        <p>Layer 7 (SQL injection): Input validation; parameterized queries; WAF rules detecting SQL injection patterns.</p>
      </div>
</div>
      <div class=""ex-answer"">
<span class=""ans-label"">Classification</span><p><strong>Action 1 = Layer 4, Action 2 = Layer 2, Action 3 = Layer 7.</strong> Each requires a different control at a different layer. This is why defense-in-depth at the network level requires controls at multiple OSI layers simultaneously. A firewall that only inspects Layer 3 IP headers (perimeter firewall) would not detect the Layer 2 ARP poisoning (same network segment) or the Layer 7 SQL injection (inside an allowed HTTPS connection).</p>
</div>
    </div>
  </div>

  <div class=""ex-block"">
    <div class=""ex-header"">
<div class=""ex-num"">2</div>
<div class=""ex-title"">Port Policy Decision</div>
</div>
    <div class=""ex-scenario"">
<strong>Scenario:</strong> Vantex’s network team is hardening a new database server. The server runs: a PostgreSQL database (port 5432), an SSH daemon for remote administration (port 22), a legacy monitoring agent using SNMP v2 (port 161), and a test web interface left over from development (port 8080 HTTP). The server is on the internal server VLAN, accessible from the DBA workstation VLAN, the application server VLAN, and the management VLAN.</div>
    <div class=""ex-body"">
      <div class=""ex-step"">
<div class=""step-n"">1</div>
<div class=""step-c"">
        <h4>Evaluate Each Service</h4>
        <p>Port 5432 (PostgreSQL): Required for database function. Should only be accessible from application servers and DBA workstations, not the management VLAN. Restrict with ACL. Keep open.</p>
        <p>Port 22 (SSH): Required for remote administration. Should only be accessible from the management VLAN. Restrict with ACL. Keep open but constrained.</p>
        <p>Port 161 (SNMP v2): SNMP v2 uses community strings (essentially plaintext passwords) and is vulnerable to interception. Upgrade to SNMP v3 (authentication + encryption) or disable and use a different monitoring approach. Medium risk if kept, but v2 should be replaced.</p>
        <p>Port 8080 (HTTP test interface): No documented business function. Development artifact. Should not be running on a production database server. Disable immediately.</p>
      </div>
</div>
      <div class=""ex-answer"">
<span class=""ans-label"">Recommendation</span><p><strong>Close port 8080 immediately</strong> (no business justification, unencrypted). <strong>Replace SNMP v2 (161) with SNMP v3</strong> or disable monitoring on this port. <strong>Restrict port 5432</strong> via ACL to application server VLAN and DBA VLAN only (not management VLAN). <strong>Restrict port 22</strong> via ACL to management VLAN only. This is attack surface reduction in practice: every port decision is justified by a specific business requirement, and ports without justification are closed.</p>
</div>
    </div>
  </div>

  <div class=""cfu-block"" id=""cfu-8"" data-type=""mcq"" data-num=""8"" data-answer=""A"">
<div class=""cfu-header"">
<div class=""cfu-header-left"">
<span class=""cfu-label"">Check for Understanding</span><span class=""cfu-type-badge"">MCQ</span>
</div>
<span class=""cfu-counter"">8 / 10</span>
</div>
<div class=""cfu-scenario"">
<strong>Meridian Energy’s</strong> junior admin claims: “Our network is secure because we use private IP addresses (10.x.x.x) internally. Private IPs cannot be reached from the internet, so no external attacker can access our systems.”</div>
<p class=""cfu-question"">Identify the <strong>error</strong> in this reasoning.</p>
<div class=""cfu-options-grid"">
  <div class=""cfu-opt"" data-val=""A"">
<span class=""cfu-opt-letter"">A</span><span class=""cfu-opt-text"">Private IPs are not directly routable from the internet, but attackers can reach internal systems through VPN, email phishing, compromised web apps, or supply chain attacks — NAT is not a security boundary</span>
</div>
  <div class=""cfu-opt"" data-val=""B"">
<span class=""cfu-opt-letter"">B</span><span class=""cfu-opt-text"">The statement is correct — private IP addresses provide complete protection from external threats</span>
</div>
  <div class=""cfu-opt"" data-val=""C"">
<span class=""cfu-opt-letter"">C</span><span class=""cfu-opt-text"">The error is that 10.x.x.x addresses are actually public, not private</span>
</div>
  <div class=""cfu-opt"" data-val=""D"">
<span class=""cfu-opt-letter"">D</span><span class=""cfu-opt-text"">The error is that private IPs expire after 24 hours and must be renewed</span>
</div>
</div>
<div class=""cfu-feedback"" id=""cfu-fb-8"" style=""display:none;"">
<div class=""cfu-fb-correct"" style=""display:none;"">
<strong>Correct.</strong> Private IPs provide address isolation, not security. Attackers bypass NAT through phishing, VPN compromise, web app vulnerabilities, and malware. NAT is an addressing mechanism, not a firewall.</div>
<div class=""cfu-fb-wrong"" style=""display:none;"" data-a=""B"">Incorrect. Private addressing is not a security control.</div>
<div class=""cfu-fb-wrong"" style=""display:none;"" data-a=""C"">Incorrect. 10.0.0.0/8 is a valid private range (RFC 1918).</div>
<div class=""cfu-fb-wrong"" style=""display:none;"" data-a=""D"">Incorrect. IP addresses do not expire (DHCP leases do, but that is different).</div>
</div>
</div>

</div>
<div class=""card"" id=""section-j"">
  <h2>
<span class=""section-icon"">10</span>3.1a.10 — AP Exam Strategy: Network Fundamentals Questions</h2>

  <div class=""exam-strat-grid"">
    <div class=""strat-card"">
      <h4>Strategy 1: OSI Layer Identification</h4>
      <p>Every network question can be mapped to an OSI layer. Memorize the key associations:</p>
      <ul>
        <li>
<strong>Layer 2:</strong> MAC addresses, ARP, switches, Ethernet frames, VLANs</li>
        <li>
<strong>Layer 3:</strong> IP addresses, routing, routers, ICMP, IP spoofing</li>
        <li>
<strong>Layer 4:</strong> TCP/UDP, port numbers, stateful firewalls, SYN flood</li>
        <li>
<strong>Layer 7:</strong> HTTP/HTTPS, DNS, FTP, SSH, application content</li>
        <li>TLS is often placed at Layer 5/6 but test questions may accept Layer 4 for transport-level encryption</li>
      </ul>
    </div>
    <div class=""strat-card"">
      <h4>Strategy 2: Protocol Security Flags</h4>
      <p>When the exam names a protocol, immediately recall its security status:</p>
      <ul>
        <li>
<strong>Plaintext (insecure):</strong> HTTP, FTP, Telnet, SMTP, SNMP v1/v2, IMAP (port 143)</li>
        <li>
<strong>Encrypted (secure):</strong> HTTPS, SFTP, SSH, SMTPS, SNMPv3, IMAPS (port 993)</li>
        <li>
<strong>Spoofable:</strong> DNS (no auth by default), ARP (no auth), IP source address</li>
        <li>
<strong>High-risk ports:</strong> 21 (FTP), 23 (Telnet), 3389 (RDP), 445 (SMB), 53 (DNS amplification)</li>
      </ul>
    </div>
    <div class=""strat-card"">
      <h4>Strategy 3: The Three Fatal Traps</h4>
      <ul>
        <li>
<strong>Trap 1 — TCP/IP has 7 layers:</strong> Wrong. TCP/IP has 4 layers. OSI has 7. When the exam asks about layers, determine which model the question uses.</li>
        <li>
<strong>Trap 2 — ARP is Layer 3:</strong> Wrong. ARP is Layer 2. It maps IP addresses (Layer 3) to MAC addresses (Layer 2), but it operates on the Data Link layer and is confined to the local segment.</li>
        <li>
<strong>Trap 3 — IP address is Layer 2:</strong> Wrong. IP = Layer 3. MAC = Layer 2. Routers work at Layer 3; switches work at Layer 2.</li>
      </ul>
    </div>
    <div class=""strat-card"">
      <h4>Strategy 4: Attack-to-Layer Mapping</h4>
      <p>When the exam describes an attack, identify the layer to identify the control:</p>
      <ul>
        <li>ARP poisoning → Layer 2 → Dynamic ARP Inspection</li>
        <li>IP spoofing → Layer 3 → ingress filtering, uRPF</li>
        <li>SYN flood → Layer 4 → SYN cookies, rate limiting</li>
        <li>DNS spoofing → Layer 7 → DNSSEC</li>
        <li>SQL injection → Layer 7 → WAF, parameterized queries</li>
        <li>Port scanning → Layer 4 → firewall, IDS</li>
      </ul>
    </div>
  </div>

  <div class=""cfu-block"" id=""cfu-9"" data-type=""cloze"" data-num=""9"" data-answer=""dns,53,domain,ip address"">
<div class=""cfu-header"">
<div class=""cfu-header-left"">
<span class=""cfu-label"">Check for Understanding</span><span class=""cfu-type-badge cfu-scenario-badge"">Fill in the Blank</span>
</div>
<span class=""cfu-counter"">9 / 10</span>
</div>
<div class=""cfu-scenario"">
<strong>Crossroads Logistics:</strong> When a driver’s mobile app connects to dispatch.crossroads.com, a name resolution process occurs first.</div>
<div class=""cfu-cloze-text"">
  <p>The system that translates human-readable domain names to IP addresses is called <input type=""text"" class=""cfu-cloze-blank"" id=""cfu9-c1"" placeholder=""???"" autocomplete=""off"">.</p>
  <p>DNS queries typically use UDP port <input type=""text"" class=""cfu-cloze-blank"" id=""cfu9-c2"" placeholder=""??"" autocomplete=""off"">.</p>
  <p>The “crossroads.com” part of the URL is called the <input type=""text"" class=""cfu-cloze-blank"" id=""cfu9-c3"" placeholder=""???"" autocomplete=""off""> name.</p>
  <p>DNS resolves dispatch.crossroads.com to a numeric <input type=""text"" class=""cfu-cloze-blank"" id=""cfu9-c4"" placeholder=""?? ???"" autocomplete=""off""> that the app uses to connect.</p>
</div>
<div class=""cfu-feedback"" id=""cfu-fb-9"" style=""display:none;"">
<div class=""cfu-fb-correct"" style=""display:none;"">
<strong>All correct!</strong> DNS translates domains to IPs on port 53. Every network connection starts with DNS resolution.</div>
<div class=""cfu-fb-partial"" style=""display:none;"">
<strong>Partial.</strong> DNS (Domain Name System), port 53, domain name, IP address. DNS is the internet’s phone book — critical infrastructure that attackers frequently target.</div>
</div>
</div>

</div>
<div class=""card"" id=""section-faq"">
  <h2>
<span class=""section-icon"">?</span>3.1a.11 — Frequently Asked Questions</h2>

  <div class=""faq-item"">
    <h3 class=""faq-q"">Q: Why does it matter which OSI layer an attack occurs at?</h3>
    <p class=""faq-a"">The OSI layer determines which devices handle the traffic, which protocols are involved, and which security controls can address the attack. A Layer 2 ARP poisoning attack occurs on the local network segment and is handled by switches — a perimeter firewall at Layer 3 cannot detect or prevent it because ARP traffic does not cross routers. A Layer 7 SQL injection occurs inside an application-layer HTTP request that appears completely legitimate at Layers 2, 3, and 4 — only a Layer 7 WAF or the application itself can detect it. Knowing the layer immediately tells you which control is needed and where it must be placed in the network architecture.</p>
  </div>

  <div class=""faq-item"">
    <h3 class=""faq-q"">Q: What is the difference between TCP and UDP in terms of security risk?</h3>
    <p class=""faq-a"">TCP’s connection-oriented design (three-way handshake) provides a verifiable record that a connection was established, making TCP session hijacking possible but also making TCP flows easier to track and audit. The handshake can be exploited for SYN flood attacks by sending many SYN packets without completing the handshake. UDP’s connectionless design means there is no handshake to verify — any device can send UDP packets claiming to come from any source IP address (spoofing is trivial). This makes UDP ideal for amplification attacks (DNS amplification, NTP amplification) where the attacker spoofs the victim’s IP as the source, causing large UDP responses to be directed at the victim. Neither is universally “more secure” — they have different attack surfaces.</p>
  </div>

  <div class=""faq-item"">
    <h3 class=""faq-q"">Q: Why is Telnet considered dangerous when SSH exists?</h3>
    <p class=""faq-a"">Telnet transmits every character you type — including your username, password, and all commands — as unencrypted plaintext. Any device on the same network segment can run a packet capture and read your entire session in real time. SSH encrypts the entire session using modern cryptographic algorithms, making interception useless to an attacker. There is no scenario where Telnet is an appropriate choice for any production system in the modern era. Even on internal networks (which many engineers assume are “safe”), any compromised device on the same segment can capture Telnet sessions. The performance difference between SSH and Telnet is negligible. Telnet’s only advantage — it is slightly simpler to implement on embedded devices — does not justify the security risk.</p>
  </div>

  <div class=""faq-item"">
    <h3 class=""faq-q"">Q: I keep seeing ARP described as both a Layer 2 and Layer 3 protocol. Which is correct?</h3>
    <p class=""faq-a"">ARP is definitively a <strong>Layer 2 (Data Link)</strong> protocol, although it is operationally related to Layer 3 because it bridges the two layers. ARP answers the question: “I have this IP address (Layer 3) — what MAC address (Layer 2) should I use to send the frame?” The protocol operates on the local network segment, cannot cross routers, uses MAC addresses in its messages, and is processed by Layer 2 switches. The confusion arises because ARP involves IP addresses (Layer 3 entities). But involvement with IP addresses does not make ARP a Layer 3 protocol — it makes it a bridging protocol that is functionally associated with Layer 3 but operationally at Layer 2. On the AP exam: ARP = Layer 2.</p>
  </div>

  <div class=""faq-item"">
    <h3 class=""faq-q"">Q: What is encapsulation and why do I need to understand it?</h3>
    <p class=""faq-a"">Encapsulation is the mechanism by which each OSI layer adds its own header to data received from the layer above, wrapping the entire upper-layer message as its payload. Understanding encapsulation is important for security because: (1) each header contains information that can be inspected, forged, or filtered; (2) security devices must decide how deep to inspect packets, with deeper inspection providing better security at the cost of performance; (3) attackers can hide malicious content at higher layers that lower-layer controls cannot see (SQL injection in Layer 7 HTTP is invisible to a Layer 3 firewall that only reads IP headers). When a WAF inspects HTTP request bodies, it is “de-encapsulating” all the way to Layer 7 to examine the actual application content.</p>
  </div>

  <div class=""faq-item"">
    <h3 class=""faq-q"">Q: How does attack surface relate to the OSI model?</h3>
    <p class=""faq-a"">Attack surface in the context of the OSI model refers to the exposed interfaces at each layer. At Layer 1/2: every network port and Wi-Fi access point is physical attack surface. At Layer 3: every IP address that responds to packets is network attack surface. At Layer 4: every open TCP/UDP port is transport-layer attack surface. At Layer 7: every application endpoint (URL, API, email address) is application-layer attack surface. Reducing attack surface means closing unused ports (Layer 4), disabling unnecessary services (Layer 7), disabling unused network interfaces (Layer 1/2), and implementing ingress/egress filtering (Layer 3). Defense-in-depth at the network level means placing controls at multiple layers, because a complete attack chain typically traverses multiple layers from initial access to the ultimate target.</p>
  </div>

  <div class=""cfu-block"" id=""cfu-10"" data-type=""mcq"" data-num=""10"" data-answer=""C"">
<div class=""cfu-header"">
<div class=""cfu-header-left"">
<span class=""cfu-label"">Check for Understanding</span><span class=""cfu-type-badge"">MCQ</span>
</div>
<span class=""cfu-counter"">10 / 10</span>
</div>
<div class=""cfu-scenario"">
<strong>Brightpath University:</strong> The IT team discovers that the campus Wi-Fi access point is broadcasting on an open network (no password required). Any device within range can connect and access the campus network.</div>
<p class=""cfu-question"">Which attack is this configuration <span style=""font-weight:700!important;text-decoration:underline!important;"">MOST</span> vulnerable to?</p>
<div class=""cfu-options-grid"">
  <div class=""cfu-opt"" data-val=""A"">
<span class=""cfu-opt-letter"">A</span><span class=""cfu-opt-text"">SQL injection — the open Wi-Fi allows attackers to inject SQL into the access point</span>
</div>
  <div class=""cfu-opt"" data-val=""B"">
<span class=""cfu-opt-letter"">B</span><span class=""cfu-opt-text"">DDoS — the access point will crash from too many simultaneous connections</span>
</div>
  <div class=""cfu-opt"" data-val=""C"">
<span class=""cfu-opt-letter"">C</span><span class=""cfu-opt-text"">Eavesdropping and man-in-the-middle — unencrypted traffic can be captured by anyone on the network, and an attacker can intercept communications between devices</span>
</div>
  <div class=""cfu-opt"" data-val=""D"">
<span class=""cfu-opt-letter"">D</span><span class=""cfu-opt-text"">Ransomware — the access point will automatically download ransomware to all connected devices</span>
</div>
</div>
<div class=""cfu-feedback"" id=""cfu-fb-10"" style=""display:none;"">
<div class=""cfu-fb-correct"" style=""display:none;"">
<strong>Correct.</strong> Open Wi-Fi = no encryption = all traffic is readable. An attacker with a packet capture tool can see credentials, emails, and browsing activity. MitM attacks are trivial on open networks.</div>
<div class=""cfu-fb-wrong"" style=""display:none;"" data-a=""A"">SQL injection targets web applications, not Wi-Fi access points.</div>
<div class=""cfu-fb-wrong"" style=""display:none;"" data-a=""B"">Connection limits are an availability concern, not the primary vulnerability of open Wi-Fi.</div>
<div class=""cfu-fb-wrong"" style=""display:none;"" data-a=""D"">Access points do not automatically distribute malware.</div>
</div>
</div>

</div>

<div id=""ucnav-bottom"" style=""display:flex!important;gap:12px!important;justify-content:space-between!important;margin:40px 0 32px!important;"">
  <a href=""/pages/ap-cybersecurity-complete-course-guide"" class=""nav-btn secondary"" style=""color:#6b21a8!important;-webkit-text-fill-color:#6b21a8!important;"">← AP Cyber Hub</a>
  <span style=""font-size:0.8rem!important;color:#9ca3af!important;-webkit-text-fill-color:#9ca3af!important;align-self:center!important;"">Lesson → Exercise 1 → Exercise 2 → Lab → Quiz</span>
  <a href=""/pages/ap-cyber-unit-3-lesson-1-exercise-1"" class=""nav-btn primary"" style=""color:#fff!important;-webkit-text-fill-color:#fff!important;background:#6b21a8!important;"">Exercise 1 →</a>
</div>
<div class=""card"">
<h2>
<span class=""section-icon"">!</span>Common AP Exam Mistakes — Topic 3.1</h2>
<table class=""vocab-table"">
<thead><tr>
<th>Mistake</th>
<th>Why It’s Wrong</th>
<th>What to Do Instead</th>
</tr></thead>
<tbody>
<tr>
<td class=""term"">Thinking firewalls eliminate all network risk</td>
<td>Improperly configured firewalls still leave networks vulnerable. A rogue WAP plugged into an open port bypasses all firewalls entirely.</td>
<td>Firewalls are one layer. Port security, network segmentation, and access controls are also required.</td>
</tr>
<tr>
<td class=""term"">Rating beacon frame broadcasting as High risk</td>
<td>The CED (3.1.C.6) explicitly classifies beacon frame broadcasting as Low risk — difficult to exploit, minimal impact. Students often overrate it.</td>
<td>Low risk: WAPs broadcasting SSIDs. High risk: unsegmented network with weak encryption and sensitive servers.</td>
</tr>
<tr>
<td class=""term"">Confusing lateral movement with initial access</td>
<td>Lateral movement (3.1.B.2) occurs after an adversary already has a foothold and uses that access to compromise other devices on the LAN. Initial access is when they first enter.</td>
<td>Lateral movement = post-compromise expansion. Initial access = first entry point.</td>
</tr>
<tr>
<td class=""term"">Saying vulnerability scanners prevent attacks</td>
<td>The CED (3.1.C.2) states scanners produce reports: vulnerabilities found, severity, and mitigation recommendations. They detect and report — they don’t prevent or fix.</td>
<td>Scanners = Detective control (identify). Prevention requires acting on their recommendations.</td>
</tr>
<tr>
<td class=""term"">Underestimating rogue access point risk</td>
<td>Students often think rogue WAPs require physical access to the building to use. But a WAP plugged into a lobby port can be accessed wirelessly from the parking lot, bypassing all internal firewalls.</td>
<td>Open network ports are a critical physical security gap even in locked buildings.</td>
</tr>
</tbody>
</table>
</div>

<div class=""card"" style=""border-top:3px solid #DC2626!important;margin-top:8px!important;"">
<span style=""font-size:11px!important;font-weight:700!important;text-transform:uppercase!important;letter-spacing:1.5px!important;color:#DC2626!important;font-family:Georgia,serif!important;"">📋 Exit Ticket — Lesson 3.1 | 5 Questions | Ready for Canvas / Google Classroom</span><p style=""font-size:13px!important;color:#6B7280!important;font-family:Georgia,serif!important;margin-top:4px!important;margin-bottom:14px!important;"">Students submit before leaving.</p>
<ol style=""font-size:15px!important;color:#374151!important;line-height:2!important;padding-left:20px!important;font-family:Georgia,serif!important;"">
<li>Explain how an adversary outside a building could gain wireless access to a company’s internal LAN without ever entering the building. Which two CED items (with numbers) describe this vulnerability? <em style=""color:#6B7280!important;"">(AP Skill: Analyze Risk)</em>
</li>
<li>A vulnerability scanner reports: (A) an open Telnet port on an internal router, (B) a WAP broadcasting its SSID in the parking lot, (C) a server containing customer financial records in an unlocked, unmonitored room. Rate each High, Moderate, or Low using CED criteria and justify each rating. <em style=""color:#6B7280!important;"">(AP Skill: Analyze Risk)</em>
</li>
<li>What three items does a CED-compliant vulnerability scanner report include? <em style=""color:#6B7280!important;"">(AP Skill: Analyze Risk)</em>
</li>
<li>An adversary gains access to one workstation on a flat unsegmented network. What does “lateral movement” mean, and why does a flat network make it significantly more dangerous than a segmented network? <em style=""color:#6B7280!important;"">(AP Skill: Analyze Risk)</em>
</li>
<li>A network administrator says: “Our firewall protects us from all network attacks.” Identify two specific scenarios from the CED where this claim is wrong. <em style=""color:#6B7280!important;"">(AP Skill: Analyze Risk)</em>
</li>
</ol>
<div style=""background:#FEF3C7!important;border-radius:8px!important;padding:12px 16px!important;margin-top:12px!important;font-size:13px!important;color:#78350F!important;font-family:Georgia,serif!important;"">
<strong>Answer Key:</strong> (1) Adversary plugs a rogue WAP into an open network port (3.1.B.6) — WAP broadcasts signal outside physical space; adversary connects wirelessly from parking lot, bypassing all firewalls. Also: WAP signal extending outside physical space (3.1.B.4). (2) A: High — open Telnet transmits credentials in plaintext, easy exploit, high impact; B: Low (CED 3.1.C.6) — SSID broadcast is difficult to exploit with minimal impact; C: High (CED 3.1.C.4) — sensitive data exposed without restricted/controlled access. (3) Vulnerabilities detected, their severity, and mitigation recommendations (CED 3.1.C.2). (4) Lateral movement = using initial foothold to compromise other devices on the LAN. Flat network: no barriers between devices, adversary can reach every system. Segmented: breach contained to one subnet. (5) Rogue WAP through open port bypasses all firewalls (3.1.B.6); adversaries physically plugging into a data port bypass firewall if port security not enabled (3.1.B.3).</div>
</div>

<div class=""author-box"">
  <div class=""author-avatar"">TC</div>
  <div class=""author-info"">
    <div class=""author-name"">Tanner Crow</div>
    <div class=""author-role"">AP Computer Science Teacher — Blue Valley North High School</div>
    <p class=""author-bio"">Tanner has taught AP Computer Science for 11+ years and built APCSExamPrep.com to give every student access to the same resources his own students use. He holds 2,067+ verified tutoring hours on Wyzant with a 5.0 rating from 499+ reviews. His AP CSA students score 5s at more than double the national average (54.5% vs. 25.5% nationally).</p>
    <div class=""author-stats"">
      <span class=""author-stat"">11+ Years Teaching AP CS</span>
      <span class=""author-stat"">2,067+ Verified Tutoring Hours</span>
      <span class=""author-stat"">499+ Five-Star Reviews</span>
      <span class=""author-stat"">54.5% of Students Score 5s</span>
      <span class=""author-stat"">5.0 Rating on Wyzant</span>
    </div>
    <div class=""author-updated"">Content last reviewed and updated: June 2026</div>
  </div>
</div>

<!-- CONTINUE LEARNING -->
<div class=""card"">
  <h2>
<span class=""section-icon"">+</span>Continue Learning</h2>
  <p>Practice what you learned, then move to the next topic in Unit 1:</p>
  <div class=""related-grid"">
    <a href=""/pages/ap-cyber-unit-3-lesson-1-exercise-1"" class=""related-link""><div>
<span class=""rl-type"">Exercise</span><span class=""rl-title"">Topic 3.1 Exercise 1 — OSI Model Guided Practice</span>
</div></a>
    <a href=""/pages/ap-cyber-unit-3-lesson-1-exercise-2"" class=""related-link""><div>
<span class=""rl-type"">Exercise</span><span class=""rl-title"">Topic 3.1 Exercise 2 — Ports &amp; Protocols Challenge</span>
</div></a>
    <a href=""/pages/ap-cyber-unit-3-lesson-1-lab"" class=""related-link""><div>
<span class=""rl-type"">Lab</span><span class=""rl-title"">Topic 3.1 Lab — Vantex Port Audit Labtion</span>
</div></a>
    <a href=""/pages/ap-cyber-unit-3-lesson-1-quiz"" class=""related-link""><div>
<span class=""rl-type"">Quiz</span><span class=""rl-title"">Topic 1.1 Quiz — 5 Questions, Instant Feedback</span>
</div></a>
    <a href=""/pages/ap-cybersecurity-unit-1-project"" class=""related-link""><div>
<span class=""rl-type"">Unit Project</span><span class=""rl-title"">Unit 1 Project — Security Consultant Report</span>
</div></a>
    <a href=""/pages/ap-cybersecurity-unit-1-exam"" class=""related-link""><div>
<span class=""rl-type"">Unit Exam</span><span class=""rl-title"">Unit 1 Exam — 20 Questions, All Lessons</span>
</div></a>
    <a href=""/pages/ap-cybersecurity-unit-1-introduction-to-security"" class=""related-link""><div>
<span class=""rl-type"">Unit Guide</span><span class=""rl-title"">Unit 1: Introduction to Security — Full Study Guide</span>
</div></a>
    <a href=""/pages/ap-cybersecurity-complete-course-guide"" class=""related-link""><div>
<span class=""rl-type"">Course Hub</span><span class=""rl-title"">AP Cybersecurity Complete Course Guide</span>
</div></a>
  </div>
</div>

<!-- BOTTOM NAV -->
<div class=""bottom-nav"">
  <a href=""/pages/ap-cybersecurity-unit-1-introduction-to-security"" class=""nav-btn secondary"">← Unit 1 Overview</a>
  <div class=""nav-center"">
    Topic 1.1 — Lesson (Step 1 of 5)<br>
    <span style=""font-size:12px;color:#a1a1aa!important;"">Lesson → Exercise 1 → Exercise 2 → Lab → Quiz</span>
  </div>
  <a href=""/pages/ap-cyber-unit-3-lesson-1-exercise-1"" class=""nav-btn primary"">Exercise 1 →</a>
</div>



</div><!-- close #apcyber-wrapper -->
<script>
document.addEventListener('DOMContentLoaded', function(){
var cfuState = { score: 0, total: 10, answered: {} };
function updateScoreTracker(){
  var tracker = document.getElementById('cfu-score-tracker');
  var scoreNum = document.getElementById('cfu-score-num');
  var answeredCount = Object.keys(cfuState.answered).length;
  if(tracker && answeredCount > 0) tracker.classList.add('visible');
  if(scoreNum){
    scoreNum.textContent = cfuState.score + ' / ' + cfuState.total;
    scoreNum.style.color = cfuState.score >= cfuState.total * 0.8 ? '#22c55e' : cfuState.score >= cfuState.total * 0.5 ? '#eab308' : '#ef4444';
  }
}
function cfuSubmitMCQ(num){
  if(cfuState.answered[num]) return;
  var block = document.getElementById('cfu-' + num);
  var answer = block.getAttribute('data-answer');
  var selected = block.querySelector('.cfu-opt.selected');
  if(!selected) return;
  var val = selected.getAttribute('data-val');
  var correct = val === answer;
  cfuState.answered[num] = true;
  if(correct) cfuState.score++;
  block.querySelectorAll('.cfu-opt').forEach(function(opt){
    opt.style.pointerEvents = 'none';
    if(opt.getAttribute('data-val') === answer) opt.classList.add('cfu-opt-correct');
    else if(opt === selected) opt.classList.add('cfu-opt-wrong');
    else opt.classList.add('cfu-opt-dim');
  });
  var fb = document.getElementById('cfu-fb-' + num);
  if(correct){ fb.querySelector('.cfu-fb-correct').style.setProperty('display','block','important'); }
  else { var w = fb.querySelector('.cfu-fb-wrong[data-a=""' + val + '""]'); if(w) w.style.setProperty('display','block','important'); fb.querySelector('.cfu-fb-correct').style.setProperty('display','block','important'); }
  fb.style.setProperty('display','block','important');
  updateScoreTracker();
}
function cfuSubmitMatching(num){
  if(cfuState.answered[num]) return;
  var block = document.getElementById('cfu-' + num);
  var answers = block.getAttribute('data-answer').split(',');
  var selects = block.querySelectorAll('.cfu-match-select');
  var allFilled = true;
  selects.forEach(function(s){ if(!s.value) allFilled = false; });
  if(!allFilled) return;
  var correct = 0;
  selects.forEach(function(s, i){
    s.disabled = true;
    if(s.value === answers[i]){ correct++; s.style.borderColor='#86EFAC'; s.style.background='#DCFCE7'; }
    else { s.style.borderColor='#FCA5A5'; s.style.background='#FEE2E2'; }
  });
  cfuState.answered[num] = true;
  if(correct === answers.length) cfuState.score++;
  else if(correct > 0) cfuState.score += 0.5;
  var fb = document.getElementById('cfu-fb-' + num);
  if(correct === answers.length) fb.querySelector('.cfu-fb-correct').style.setProperty('display','block','important');
  else { var p = fb.querySelector('.cfu-fb-partial'); if(p) p.style.setProperty('display','block','important'); else fb.querySelector('.cfu-fb-correct').style.setProperty('display','block','important'); }
  fb.style.setProperty('display','block','important');
  updateScoreTracker();
}
function cfuSubmitCloze(num){
  if(cfuState.answered[num]) return;
  var block = document.getElementById('cfu-' + num);
  var answers = block.getAttribute('data-answer').split(',');
  var blanks = block.querySelectorAll('.cfu-cloze-blank');
  var allFilled = true;
  blanks.forEach(function(b){ if(!b.value.trim()) allFilled = false; });
  if(!allFilled) return;
  var correct = 0;
  blanks.forEach(function(b, i){
    b.disabled = true;
    var val = b.value.trim().toLowerCase();
    var ans = answers[i] ? answers[i].trim().toLowerCase() : '';
    if(val.indexOf(ans) !== -1 || ans.indexOf(val) !== -1){ correct++; b.style.borderColor='#86EFAC'; b.style.background='#DCFCE7'; b.style.borderStyle='solid'; }
    else { b.style.borderColor='#FCA5A5'; b.style.background='#FEE2E2'; b.style.borderStyle='solid'; }
  });
  cfuState.answered[num] = true;
  if(correct === blanks.length) cfuState.score++;
  else if(correct >= blanks.length * 0.5) cfuState.score += 0.5;
  var fb = document.getElementById('cfu-fb-' + num);
  if(correct === blanks.length) fb.querySelector('.cfu-fb-correct').style.setProperty('display','block','important');
  else { var p = fb.querySelector('.cfu-fb-partial'); if(p) p.style.setProperty('display','block','important'); else fb.querySelector('.cfu-fb-correct').style.setProperty('display','block','important'); }
  fb.style.setProperty('display','block','important');
  updateScoreTracker();
}
function cfuSubmitCheckbox(num){
  if(cfuState.answered[num]) return;
  var block = document.getElementById('cfu-' + num);
  var correctVals = block.getAttribute('data-answer').split(',');
  var cbs = block.querySelectorAll('.cfu-cb');
  var hits = 0, fp = 0;
  cbs.forEach(function(cb){
    var label = cb.parentElement;
    var shouldBe = correctVals.indexOf(cb.value) !== -1;
    cb.disabled = true;
    if(cb.checked && shouldBe){ hits++; label.style.background='#DCFCE7'; label.style.borderColor='#86EFAC'; }
    else if(cb.checked && !shouldBe){ fp++; label.style.background='#FEE2E2'; label.style.borderColor='#FCA5A5'; }
    else if(!cb.checked && shouldBe){ label.style.background='#FEF3C7'; label.style.borderColor='#FDE68A'; }
    else { label.style.opacity='0.5'; }
  });
  cfuState.answered[num] = true;
  if(hits === correctVals.length && fp === 0) cfuState.score++;
  else if(hits > 0 && fp === 0) cfuState.score += 0.5;
  var fb = document.getElementById('cfu-fb-' + num);
  if(hits === correctVals.length && fp === 0) fb.querySelector('.cfu-fb-correct').style.setProperty('display','block','important');
  else { var p = fb.querySelector('.cfu-fb-partial'); if(p) p.style.setProperty('display','block','important'); else fb.querySelector('.cfu-fb-correct').style.setProperty('display','block','important'); }
  fb.style.setProperty('display','block','important');
  updateScoreTracker();
}
document.querySelectorAll('.cfu-opt').forEach(function(opt){
  opt.addEventListener('click', function(){
    var block = this.closest('.cfu-block');
    var num = parseInt(block.getAttribute('data-num'));
    if(cfuState.answered[num]) return;
    block.querySelectorAll('.cfu-opt').forEach(function(o){ o.classList.remove('selected'); });
    this.classList.add('selected');
  });
});
document.querySelectorAll('.cfu-block').forEach(function(block){
  var num = parseInt(block.getAttribute('data-num'));
  var type = block.getAttribute('data-type');
  var fb = block.querySelector('.cfu-feedback');
  if(fb && !block.querySelector('.cfu-submit-btn')){
    var btn = document.createElement('button');
    btn.className = 'cfu-submit-btn';
    btn.textContent = type === 'matching' ? 'Check Matches' : type === 'cloze' ? 'Check Answers' : type === 'checkbox' ? 'Check Selections' : 'Submit';
    btn.style.cssText = 'display:block!important;margin:16px 0!important;padding:10px 24px!important;background:#6B21A8!important;color:#fff!important;-webkit-text-fill-color:#fff!important;border:none!important;border-radius:8px!important;font-family:Georgia,serif!important;font-size:14px!important;font-weight:600!important;cursor:pointer!important;';
    btn.addEventListener('click', function(){
      if(type === 'mcq') cfuSubmitMCQ(num);
      else if(type === 'matching') cfuSubmitMatching(num);
      else if(type === 'cloze') cfuSubmitCloze(num);
      else if(type === 'checkbox') cfuSubmitCheckbox(num);
      this.disabled = true; this.style.opacity = '0.5';
    });
    fb.parentNode.insertBefore(btn, fb);
  }
});
var style = document.createElement('style');
style.textContent = [
  '#apcyber-wrapper .cfu-match-grid{display:grid;gap:12px;margin:12px 0;}',
  '#apcyber-wrapper .cfu-match-row{display:grid;grid-template-columns:1fr auto 1fr;gap:10px;align-items:center;}',
  '#apcyber-wrapper .cfu-match-term{background:#F5F0FF;border:1px solid #DDD6FE;border-radius:6px;padding:10px 14px;font-family:Georgia,serif;font-size:14px;color:#1E1B4B;font-weight:600;line-height:1.5;}',
  '#apcyber-wrapper .cfu-match-select{width:100%;padding:10px 12px;border:1px solid #D1D5DB;border-radius:6px;font-size:14px;font-family:Georgia,serif;color:#1E1B4B;background:#fff;appearance:auto;-webkit-appearance:auto;}',
  '#apcyber-wrapper .cfu-cloze-blank{display:inline-block;min-width:130px;padding:4px 10px;border:2px dashed #C4B5FD;border-radius:4px;font-family:Georgia,serif;font-size:14px;color:#6B21A8;background:#F5F0FF;text-align:center;}',
  '#apcyber-wrapper .cfu-cloze-blank:focus{border-color:#6B21A8;outline:none;box-shadow:0 0 0 2px #EDE9FE;}',
  '#apcyber-wrapper .cfu-cb-grid{display:grid;gap:8px;margin:12px 0;}',
  '#apcyber-wrapper .cfu-cb-label{display:flex;align-items:flex-start;gap:10px;padding:10px 14px;border:1px solid #E5E7EB;border-radius:6px;cursor:pointer;font-family:Georgia,serif;font-size:14px;color:#374151;transition:border-color 0.15s,background 0.15s;}',
  '#apcyber-wrapper .cfu-cb-label:hover{background:#F5F0FF;border-color:#C4B5FD;}',
  '#apcyber-wrapper .cfu-cb{margin-top:2px;flex-shrink:0;accent-color:#6B21A8;}',
  '#apcyber-wrapper .cfu-cloze-text{font-family:Georgia,serif;font-size:15px;color:#1E1B4B;line-height:2.2;}',
  '@media(max-width:600px){#apcyber-wrapper .cfu-match-row{grid-template-columns:1fr;gap:4px;} #apcyber-wrapper .cfu-match-row>div:nth-child(2){display:none;}}'
].join('\n');
document.head.appendChild(style);

window.cfuSubmitMCQ = cfuSubmitMCQ;
window.cfuSubmitMatching = cfuSubmitMatching;
window.cfuSubmitCloze = cfuSubmitCloze;
window.cfuSubmitCheckbox = cfuSubmitCheckbox;
});
</script>

<!-- close #apcyber-wrapper -->

<!-- close #apcyber-wrapper -->
<!--APCYBER-LESSON-NAV-START--><style>
#apcyber-lesson-nav, #apcyber-lesson-nav *{all:initial!important;box-sizing:border-box!important;
 font-family:-apple-system,BlinkMacSystemFont,'Segoe UI',Roboto,Helvetica,Arial,sans-serif!important}
#apcyber-lesson-nav{display:block!important;margin:48px auto 8px!important;max-width:880px!important;
 padding:0 16px!important}
#apcyber-lesson-nav .aln-card{display:block!important;background:#FFFFFF!important;
 border:1px solid #E5E1F2!important;border-top:4px solid #6B21A8!important;border-radius:14px!important;
 padding:22px 22px 18px!important;box-shadow:0 6px 22px rgba(30,27,75,.07)!important}
#apcyber-lesson-nav .aln-eyebrow{display:block!important;font-size:12px!important;font-weight:700!important;
 letter-spacing:.09em!important;text-transform:uppercase!important;color:#6B21A8!important;
 -webkit-text-fill-color:#6B21A8!important;margin:0 0 14px!important}
#apcyber-lesson-nav .aln-pn{display:flex!important;gap:12px!important;flex-wrap:wrap!important;margin:0 0 16px!important}
#apcyber-lesson-nav .aln-step{flex:1 1 0!important;min-width:200px!important;display:block!important;
 text-decoration:none!important;border:1px solid #E5E1F2!important;border-radius:11px!important;
 padding:13px 15px!important;background:#FAF8FF!important}
#apcyber-lesson-nav .aln-step:link,#apcyber-lesson-nav .aln-step:visited{color:#1E1B4B!important;-webkit-text-fill-color:#1E1B4B!important}
#apcyber-lesson-nav .aln-step.next{background:#1E1B4B!important;border-color:#1E1B4B!important}
#apcyber-lesson-nav .aln-step.next:link,#apcyber-lesson-nav .aln-step.next:visited{color:#FFFFFF!important;-webkit-text-fill-color:#FFFFFF!important}
#apcyber-lesson-nav .aln-dir{display:block!important;font-size:11px!important;font-weight:700!important;
 letter-spacing:.06em!important;text-transform:uppercase!important;color:#8A7FB0!important;
 -webkit-text-fill-color:#8A7FB0!important;margin:0 0 4px!important}
#apcyber-lesson-nav .aln-step.next .aln-dir{color:#E8A020!important;-webkit-text-fill-color:#E8A020!important;text-align:right!important}
#apcyber-lesson-nav .aln-ttl{display:block!important;font-size:15px!important;font-weight:600!important;line-height:1.3!important}
#apcyber-lesson-nav .aln-step.next .aln-ttl{text-align:right!important}
#apcyber-lesson-nav .aln-links{display:flex!important;flex-wrap:wrap!important;align-items:center!important;
 gap:8px 18px!important;padding-top:15px!important;border-top:1px solid #EDE9FE!important}
#apcyber-lesson-nav .aln-lbl{font-size:13px!important;font-weight:700!important;color:#6B21A8!important;-webkit-text-fill-color:#6B21A8!important}
#apcyber-lesson-nav .aln-links a:link,#apcyber-lesson-nav .aln-links a:visited{font-size:14px!important;
 font-weight:500!important;color:#0F766E!important;-webkit-text-fill-color:#0F766E!important;
 text-decoration:none!important;border-bottom:1px solid rgba(15,118,110,.35)!important;padding-bottom:1px!important}
@media(max-width:560px){#apcyber-lesson-nav .aln-step{flex:1 1 100%!important}}
</style><div id=""apcyber-lesson-nav""><div class=""aln-card"">
<span class=""aln-eyebrow"">AP Cybersecurity · Unit 3 · Lesson 3.1</span><div class=""aln-pn"">
<a class=""aln-step prev"" href=""/pages/ap-cybersecurity-unit-2-detecting-physical-attacks""><span class=""aln-dir"">← Previous</span><span class=""aln-ttl"">2.4 Detecting Physical Attacks</span></a><a class=""aln-step next"" href=""/pages/ap-cyber-unit-3-lesson-2""><span class=""aln-dir"">Next →</span><span class=""aln-ttl"">3.1b Network Threats &amp; Attacks</span></a>
</div>
<div class=""aln-links"">
<span class=""aln-lbl"">Keep going:</span><a href=""/pages/ap-cybersecurity-unit-3-securing-networks"">Unit 3 Study Guide</a><a href=""/pages/ap-cyber-unit-3-exam"">Unit 3 Exam</a><a href=""/pages/ap-cybersecurity-complete-course-guide"">Course Guide</a><a href=""/pages/ap-cybersecurity-study-guide"">All Study Guides</a><a href=""/pages/ap-cybersecurity-practice-questions"">Practice Questions</a><a href=""/pages/ap-cybersecurity-score-calculator"">Score Calculator</a>
</div>
</div></div><!--APCYBER-LESSON-NAV-END-->","MERGE"
