"Handle","Command","Body HTML","Published","Published At"
"ap-csa-2014-frq-1-scrambler","MERGE","<style>#frq2026note-ap-csa-2014-frq-1-scrambler{all:initial!important;display:block!important;box-sizing:border-box!important;font-family:-apple-system,BlinkMacSystemFont,""Segoe UI"",Roboto,Helvetica,Arial,sans-serif!important;background:#fffbeb!important;border:1px solid #fcd34d!important;border-left:5px solid #d97706!important;border-radius:8px!important;margin:0 0 18px 0!important;padding:0!important;overflow:hidden!important;}#frq2026note-ap-csa-2014-frq-1-scrambler *{box-sizing:border-box!important;font-family:inherit!important;}#frq2026note-ap-csa-2014-frq-1-scrambler summary{display:block!important;cursor:pointer!important;padding:12px 15px!important;font-size:0.95em!important;line-height:1.5!important;list-style:none!important;color:#78350f!important;-webkit-text-fill-color:#78350f!important;}#frq2026note-ap-csa-2014-frq-1-scrambler summary::-webkit-details-marker{display:none!important;}#frq2026note-ap-csa-2014-frq-1-scrambler summary::marker{content:""""!important;}#frq2026note-ap-csa-2014-frq-1-scrambler summary:hover{background:#fef3c7!important;}#frq2026note-ap-csa-2014-frq-1-scrambler summary strong{font-weight:700!important;color:#78350f!important;-webkit-text-fill-color:#78350f!important;}#frq2026note-ap-csa-2014-frq-1-scrambler .n26-body{display:block!important;padding:0 15px 14px!important;font-size:0.92em!important;line-height:1.6!important;color:#78350f!important;-webkit-text-fill-color:#78350f!important;}#frq2026note-ap-csa-2014-frq-1-scrambler .n26-body p{margin:0 0 10px!important;color:#78350f!important;-webkit-text-fill-color:#78350f!important;}#frq2026note-ap-csa-2014-frq-1-scrambler .n26-body strong{font-weight:700!important;color:#78350f!important;-webkit-text-fill-color:#78350f!important;}#frq2026note-ap-csa-2014-frq-1-scrambler table{border-collapse:collapse!important;width:100%!important;margin:0 0 10px!important;font-size:0.95em!important;background:#fffdf5!important;}#frq2026note-ap-csa-2014-frq-1-scrambler th,#frq2026note-ap-csa-2014-frq-1-scrambler td{border:1px solid #fcd34d!important;padding:6px 9px!important;text-align:left!important;color:#78350f!important;-webkit-text-fill-color:#78350f!important;}#frq2026note-ap-csa-2014-frq-1-scrambler th{background:#fef3c7!important;font-weight:700!important;}#frq2026note-ap-csa-2014-frq-1-scrambler a{color:#92400e!important;-webkit-text-fill-color:#92400e!important;text-decoration:underline!important;}#frq2026note-ap-csa-2014-frq-1-scrambler .n26-src{font-size:0.85em!important;font-style:italic!important;margin:0!important;}</style>
<details id=""frq2026note-ap-csa-2014-frq-1-scrambler"">
<summary><strong>Heads up: the May 2027 exam scores free response differently from this one.</strong> Tap for the current point structure.</summary>
<div class=""n26-body"">
<p>Every AP CSA free-response question from 2004 through 2025 was worth <strong>9 points</strong>, and the section was 36. From 2026 the four questions are worth <strong>7, 7, 5 and 6</strong>, the section is <strong>25 points</strong>, and only Question 1 has parts.</p>
<table><tr><th>Question</th><th>Points</th><th>Parts</th><th>Type</th></tr><tr><td>Question 1</td><td><strong>7</strong></td><td>Part A 4 + Part B 3</td><td>Methods and Control Structures</td></tr><tr><td>Question 2</td><td><strong>7</strong></td><td>single part</td><td>Class Design</td></tr><tr><td>Question 3</td><td><strong>5</strong></td><td>single part</td><td>Data Analysis with ArrayList</td></tr><tr><td>Question 4</td><td><strong>6</strong></td><td>single part</td><td>2D Array</td></tr></table>
<p>Section I is now 42 multiple-choice questions at 55% of the score, and Section II is 45%. The question on this page is still worth practising. The 9 points printed below it are not the rubric you will be scored against.</p>
<p class=""n26-src"">Point totals from College Board's 2026 scoring guidelines; section weightings from the AP Computer Science A exam page. See the <a href=""/pages/ap-csa-frq-2026"">2026 questions</a> for the current format.</p>
</div>
</details>
<script type=""application/ld+json"">{""@context"":""https://schema.org"",""@type"":""FAQPage"",""mainEntity"":[{""@type"":""Question"",""name"":""What does 2014 AP CSA FRQ 1 Scrambler ask?"",""acceptedAnswer"":{""@type"":""Answer"",""text"":""Part A asks students to write scrambleWord(), which scans left to right and swaps each 'A' followed by a non-'A', preventing any position from being swapped twice. Part B asks for scrambleOrRemove(), which applies scrambleWord() to each ArrayList entry and removes those that were unchanged.""}},
    {""@type"":""Question"",""name"":""What is the hardest part of scrambleWord()?"",""acceptedAnswer"":{""@type"":""Answer"",""text"":""Correctly implementing the skip: after swapping positions i and i+1, advance i by 2 (not 1) so that neither position can participate in another swap. Using a regular for loop makes this hard — a while loop where you control the increment explicitly is much cleaner.""}}]}</script>
<script type=""application/ld+json"">{""@context"":""https://schema.org"",""@type"":""BreadcrumbList"",""itemListElement"":[{""@type"":""ListItem"",""position"":1,""name"":""FRQ Archive"",""item"":""https://www.apcsexamprep.com/pages/ap-csa-frq-archive""},{""@type"":""ListItem"",""position"":2,""name"":""2014 AP CSA FRQs"",""item"":""https://www.apcsexamprep.com/pages/ap-csa-frq-2014""},{""@type"":""ListItem"",""position"":3,""name"":""FRQ 1: Scrambler"",""item"":""https://www.apcsexamprep.com/pages/ap-csa-2014-frq-1-scrambler""}]}</script>
<script type=""application/ld+json"">{""@context"":""https://schema.org"",""@type"":""Article"",""headline"":""AP CSA 2014 FRQ 1: Scrambler — Complete Solution & Scoring"",""description"":""Complete solution for 2014 AP CSA FRQ 1 Scrambler. Rubric, common mistakes & exam tips from College Board PDF."",""author"":{""@type"":""Person"",""name"":""Tanner Crow"",""url"":""https://www.wyzant.com/tutors/tannerc12""},""publisher"":{""@type"":""Organization"",""name"":""AP CS Exam Prep"",""url"":""https://www.apcsexamprep.com""},""datePublished"":""2014-09-01"",""dateModified"":""2026-03-17"",""educationalLevel"":""AP""}</script>
<div id=""frq14q1"">
<style>
.page-title,.article__title,.page__title,.template-page h1:first-of-type{display:none!important}
#frq14q1{all:initial!important;display:block!important;font-family:-apple-system,BlinkMacSystemFont,'Segoe UI',Roboto,Oxygen,Ubuntu,Cantarell,sans-serif!important;line-height:1.7!important;color:#1e293b!important;max-width:880px!important;margin:0 auto!important;padding:24px 20px 60px!important;-webkit-font-smoothing:antialiased!important;background:#ffffff!important}
#frq14q1 *{box-sizing:border-box!important}
#frq14q1 h1{font-size:2em!important;font-weight:800!important;color:#1e3a8a!important;-webkit-text-fill-color:#1e3a8a!important;margin:0 0 8px!important;line-height:1.2!important;border:none!important;padding:0!important}
#frq14q1 h2{font-size:1.5em!important;font-weight:700!important;color:#1e40af!important;-webkit-text-fill-color:#1e40af!important;margin:40px 0 16px!important;padding-left:12px!important;border-left:4px solid #60a5fa!important;border-bottom:none!important;line-height:1.3!important}
#frq14q1 h3{font-size:1.2em!important;font-weight:600!important;color:#1e40af!important;-webkit-text-fill-color:#1e40af!important;margin:24px 0 12px!important;line-height:1.3!important}
#frq14q1 h4{font-size:1.05em!important;font-weight:600!important;color:#334155!important;margin:20px 0 10px!important}
#frq14q1 p{margin:0 0 16px!important;color:#1e293b!important;font-size:16px!important;line-height:1.7!important}
#frq14q1 a{color:#2563eb!important;-webkit-text-fill-color:#2563eb!important;text-decoration:underline!important}
#frq14q1 a:link,#frq14q1 a:visited{color:#2563eb!important;-webkit-text-fill-color:#2563eb!important}
#frq14q1 a:hover{color:#1d4ed8!important;-webkit-text-fill-color:#1d4ed8!important}
#frq14q1 strong{font-weight:700!important;color:#1e293b!important}
#frq14q1 ul,#frq14q1 ol{margin:0 0 16px!important;padding-left:24px!important;color:#1e293b!important}
#frq14q1 li{margin:0 0 8px!important;font-size:16px!important;line-height:1.7!important}
#frq14q1 pre{background:#1e293b!important;color:#e2e8f0!important;padding:20px!important;border-radius:8px!important;overflow-x:auto!important;font-family:'Consolas','Monaco','Courier New',monospace!important;font-size:14px!important;line-height:1.6!important;margin:0 0 20px!important;white-space:pre!important}
#frq14q1 code{font-family:'Consolas','Monaco','Courier New',monospace!important;font-size:0.9em!important;background:#f1f5f9!important;padding:2px 6px!important;border-radius:3px!important;color:#1e293b!important}
#frq14q1 pre code{background:transparent!important;padding:0!important;color:#e2e8f0!important;font-size:inherit!important}
#frq14q1 table{width:100%!important;border-collapse:collapse!important;margin:0 0 20px!important;font-size:15px!important}
#frq14q1 th{background:#f8fafc!important;color:#475569!important;font-weight:600!important;padding:10px 14px!important;text-align:left!important;border-bottom:2px solid #e2e8f0!important;font-size:13px!important;text-transform:uppercase!important;letter-spacing:0.4px!important}
#frq14q1 td{padding:10px 14px!important;border-bottom:1px solid #f1f5f9!important;color:#1e293b!important;vertical-align:top!important}
#frq14q1 tr:last-child td{border-bottom:none!important}
#frq14q1 .frq-breadcrumb{font-size:14px!important;color:#64748b!important;margin-bottom:24px!important;display:block!important}
#frq14q1 .frq-breadcrumb a{color:#2563eb!important;-webkit-text-fill-color:#2563eb!important;text-decoration:none!important;font-size:14px!important}
#frq14q1 .frq-breadcrumb a:link,#frq14q1 .frq-breadcrumb a:visited{color:#2563eb!important;-webkit-text-fill-color:#2563eb!important}
#frq14q1 .frq-year-label{display:inline-block!important;background:#dbeafe!important;color:#1e40af!important;-webkit-text-fill-color:#1e40af!important;font-size:13px!important;font-weight:600!important;padding:4px 12px!important;border-radius:4px!important;margin-bottom:8px!important;letter-spacing:0.5px!important;text-transform:uppercase!important}
#frq14q1 .frq-subtitle{color:#64748b!important;font-size:15px!important;margin:0 0 20px!important;line-height:1.6!important}
#frq14q1 .frq-badges{display:flex!important;flex-wrap:wrap!important;gap:8px!important;margin-bottom:24px!important}
#frq14q1 .frq-badge{display:inline-block!important;padding:6px 14px!important;border-radius:20px!important;font-size:13px!important;font-weight:600!important;line-height:1.4!important}
#frq14q1 .frq-badge-blue{background:#dbeafe!important;color:#1e40af!important;-webkit-text-fill-color:#1e40af!important}
#frq14q1 .frq-badge-green{background:#dcfce7!important;color:#166534!important;-webkit-text-fill-color:#166534!important}
#frq14q1 .frq-badge-purple{background:#ede9fe!important;color:#5b21b6!important;-webkit-text-fill-color:#5b21b6!important}
#frq14q1 .frq-badge-amber{background:#fef3c7!important;color:#92400e!important;-webkit-text-fill-color:#92400e!important}
#frq14q1 .frq-meta-table td{padding:10px 16px!important;border-bottom:1px solid #e5e7eb!important}
#frq14q1 .frq-meta-table td:first-child{font-weight:600!important;color:#475569!important;width:160px!important}
#frq14q1 .frq-jumplinks{display:flex!important;flex-wrap:wrap!important;gap:8px!important;margin:0 0 32px!important;padding:14px 0!important;border-top:1px solid #e5e7eb!important;border-bottom:1px solid #e5e7eb!important}
#frq14q1 .frq-jumplinks a{display:inline-block!important;padding:5px 13px!important;background:#f1f5f9!important;color:#334155!important;-webkit-text-fill-color:#334155!important;border-radius:5px!important;font-size:13px!important;font-weight:600!important;text-decoration:none!important}
#frq14q1 .frq-jumplinks a:link,#frq14q1 .frq-jumplinks a:visited{color:#334155!important;-webkit-text-fill-color:#334155!important;text-decoration:none!important}
#frq14q1 .frq-jumplinks a:hover{background:#e2e8f0!important;color:#1e293b!important;-webkit-text-fill-color:#1e293b!important}
#frq14q1 .frq-timer{display:flex!important;align-items:center!important;gap:12px!important;background:#f8fafc!important;padding:12px 20px!important;border-radius:8px!important;margin:24px 0!important;border:1px solid #e2e8f0!important}
#frq14q1 .frq-timer-label{font-size:13px!important;font-weight:600!important;color:#64748b!important}
#frq14q1 .frq-timer-display{font-size:1.6em!important;font-weight:800!important;color:#1e3a8a!important;-webkit-text-fill-color:#1e3a8a!important;font-family:monospace!important;min-width:60px!important}
#frq14q1 .frq-timer button{padding:6px 16px!important;border:none!important;border-radius:6px!important;font-size:13px!important;font-weight:600!important;cursor:pointer!important;background:#1e3a8a!important;color:#fff!important;-webkit-text-fill-color:#fff!important}
#frq14q1 .frq-timer button:hover{background:#1e40af!important}
#frq14q1 .frq-editor textarea{width:100%!important;min-height:180px!important;font-family:'Consolas','Monaco','Courier New',monospace!important;font-size:14px!important;padding:14px!important;border:2px solid #e2e8f0!important;border-radius:8px!important;resize:vertical!important;background:#1e293b!important;color:#e2e8f0!important;line-height:1.6!important;outline:none!important}
#frq14q1 .frq-editor-hint{display:block!important;font-size:11px!important;color:#94a3b8!important;margin-top:4px!important;text-align:right!important}
#frq14q1 .btn{display:inline-block!important;padding:8px 20px!important;border-radius:7px!important;font-size:14px!important;font-weight:600!important;cursor:pointer!important;border:none!important;text-decoration:none!important;opacity:1!important;visibility:visible!important}
#frq14q1 .btn:link,#frq14q1 .btn:visited{text-decoration:none!important}
#frq14q1 .btn-sm{padding:6px 16px!important;font-size:13px!important}
#frq14q1 .btn-green{background:#16a34a!important;color:#fff!important;-webkit-text-fill-color:#fff!important}
#frq14q1 .btn-green:link,#frq14q1 .btn-green:visited{color:#fff!important;-webkit-text-fill-color:#fff!important}
#frq14q1 .btn-outline{background:#f1f5f9!important;color:#334155!important;-webkit-text-fill-color:#334155!important;border:1px solid #e2e8f0!important}
#frq14q1 .btn-outline:link,#frq14q1 .btn-outline:visited{color:#334155!important;-webkit-text-fill-color:#334155!important}
#frq14q1 .frq-collapsible{width:100%!important;background:#f8fafc!important;border:1px solid #e2e8f0!important;padding:12px 16px!important;text-align:left!important;font-size:15px!important;font-weight:600!important;cursor:pointer!important;border-radius:7px!important;color:#1e40af!important;-webkit-text-fill-color:#1e40af!important;margin:12px 0 0!important}
#frq14q1 .frq-collapsible-content{display:none!important;padding:16px!important;border:1px solid #e2e8f0!important;border-top:none!important;border-radius:0 0 7px 7px!important;background:#fff!important;margin-bottom:16px!important}
#frq14q1 .frq-collapsible-content.open{display:block!important}
#frq14q1 .key-insight{background:#eff6ff!important;border-left:4px solid #3b82f6!important;padding:12px 16px!important;border-radius:0 6px 6px 0!important;margin:12px 0!important;font-size:14px!important;color:#1e40af!important;-webkit-text-fill-color:#1e40af!important}
#frq14q1 .mistake-block{border:1px solid #fecaca!important;border-radius:8px!important;overflow:hidden!important;margin-bottom:16px!important}
#frq14q1 .mistake-header{background:#fef2f2!important;padding:10px 16px!important;font-weight:600!important;font-size:15px!important;color:#991b1b!important;-webkit-text-fill-color:#991b1b!important}
#frq14q1 .mistake-body{padding:14px 16px!important}
#frq14q1 .mistake-label{display:inline-block!important;font-size:12px!important;font-weight:700!important;padding:2px 8px!important;border-radius:4px!important;margin-bottom:4px!important}
#frq14q1 .mistake-wrong{background:#fef2f2!important;color:#991b1b!important;-webkit-text-fill-color:#991b1b!important}
#frq14q1 .mistake-right{background:#dcfce7!important;color:#166534!important;-webkit-text-fill-color:#166534!important}
#frq14q1 .exam-tip{background:#fefce8!important;border-left:4px solid #eab308!important;padding:12px 16px!important;margin-bottom:10px!important;border-radius:0 6px 6px 0!important;font-size:14px!important;color:#713f12!important;-webkit-text-fill-color:#713f12!important}
#frq14q1 .cta-box{background:#eff6ff!important;border:1px solid #bfdbfe!important;border-radius:10px!important;padding:24px!important;margin-top:40px!important;text-align:center!important}
#frq14q1 .cta-box h3{color:#1e3a8a!important;-webkit-text-fill-color:#1e3a8a!important;margin:0 0 8px!important;font-size:1.2em!important}
#frq14q1 .cta-box p{color:#475569!important;margin:0 0 16px!important;font-size:15px!important}
#frq14q1 .frq-nav{display:flex!important;justify-content:space-between!important;margin:40px 0 0!important;padding:16px 0!important;border-top:2px solid #e5e7eb!important;gap:12px!important}
#frq14q1 .frq-nav a{display:inline-block!important;padding:8px 18px!important;background:#f1f5f9!important;color:#1e40af!important;-webkit-text-fill-color:#1e40af!important;border-radius:7px!important;font-size:14px!important;font-weight:700!important;text-decoration:none!important;border:1px solid #e2e8f0!important}
#frq14q1 .frq-nav a:link,#frq14q1 .frq-nav a:visited{color:#1e40af!important;-webkit-text-fill-color:#1e40af!important;text-decoration:none!important}
#frq14q1 .frq-nav a:hover{background:#dbeafe!important}
#frq14q1 .classic-note{background:#fef3c7!important;border:1px solid #f59e0b!important;border-left:4px solid #f59e0b!important;border-radius:8px!important;padding:12px 16px!important;margin:16px 0!important;font-size:14px!important;color:#78350f!important;-webkit-text-fill-color:#78350f!important}
#frq14q1 .skip-banner{background:#fef2f2!important;border:2px solid #ef4444!important;border-radius:8px!important;padding:20px!important;margin:20px 0!important;text-align:center!important}
#frq14q1 .skip-banner p{color:#991b1b!important;-webkit-text-fill-color:#991b1b!important;font-size:16px!important;font-weight:600!important;margin:0 0 8px!important}
#frq14q1 .skip-banner a{color:#2563eb!important;-webkit-text-fill-color:#2563eb!important}
#frq14q1 .frq-pdf-wrap{border:1px solid #e2e8f0!important;border-radius:8px!important;overflow:hidden!important;margin:12px 0!important}
#frq14q1 .frq-pdf-wrap iframe{width:100%!important;height:500px!important;border:none!important;display:block!important}
#frq14q1 .frq-pdf-fallback{padding:20px!important;text-align:center!important;background:#f8fafc!important}
@media(max-width:600px){
  #frq14q1 .frq-nav{flex-direction:column!important}
  #frq14q1 .frq-pdf-wrap iframe{height:350px!important}
}</style>

<div class=""frq-breadcrumb"">
<a href=""/pages/ap-csa-frq-archive"">FRQ Archive</a> ›
<a href=""/pages/ap-csa-frq-2014"">2014 FRQs</a> ›
FRQ 1: Scrambler
</div>
<div class=""frq-year-label"">2014 AP CSA • String Manipulation</div>
<h1>AP CSA 2014 FRQ 1: Scrambler</h1>


<p class=""frq-subtitle"">Complete solution, scoring rubric, and walkthrough — verified from the official College Board PDF</p>
<div class=""frq-badges"">
  <span class=""frq-badge frq-badge-blue"">9 Points</span>
  <span class=""frq-badge frq-badge-amber"">Medium</span>
  <span class=""frq-badge frq-badge-green"">String Manipulation</span>
  <span class=""frq-badge frq-badge-amber"">Classic Format (Pre-2019)</span>
</div>

<table class=""frq-meta-table"">
<tr>
<td>Question Type</td>
<td>String Manipulation</td>
</tr>
<tr>
<td>Key Skills</td>
<td>Write scrambleWord() (swap each 'A' + non-'A' pair in a single left-to-right pass; once swapped, neither position can sw</td>
</tr>
<tr>
<td>Difficulty</td>
<td>Medium</td>
</tr>
<tr>
<td>AP CSA Units</td>
<td>
<a href=""/pages/ap-csa-unit-1-complete-study-guide""><strong>Unit 1: Using Objects &amp; Methods</strong></a> (String manipulation, charAt, substring) and <a href=""/pages/ap-csa-unit-4-data-collections-study-guide""><strong>Unit 4: Data Collections</strong></a> (ArrayList backward removal).</td>
</tr>
</table>

<div class=""frq-jumplinks"">
<a href=""#frq14q1-pdf"">Official PDF</a>
<a href=""#frq14q1-provided"">Provided Code</a>
<a href=""#frq14q1-parta"">Part A — scrambleWord</a><a href=""#frq14q1-partb"">Part B — scrambleOrRemove</a>
<a href=""#frq14q1-mistakes"">Mistakes</a>
<a href=""#frq14q1-tips"">Tips</a>
<a href=""#frq14q1-faq"">FAQ</a>
</div>

<h2>What This Problem Asks</h2>
<p>Write scrambleWord() (swap each 'A' + non-'A' pair in a single left-to-right pass; once swapped, neither position can swap again) and scrambleOrRemove() (apply to each word in an ArrayList; remove words that are unchanged after scrambling).</p>

<h2 id=""frq14q1-pdf"">Official Question &amp; PDF</h2>
<p><a href=""https://secure-media.collegeboard.org/digitalServices/pdf/ap/ap14_frq_computer_science_a.pdf"" target=""_blank"" rel=""noopener"" class=""btn btn-sm btn-outline"">Download Full 2014 FRQ PDF →</a></p>
<div class=""frq-pdf-wrap"">
  <iframe src=""https://secure-media.collegeboard.org/digitalServices/pdf/ap/ap14_frq_computer_science_a.pdf#page=2"" title=""2014 AP CSA FRQ 1 Scrambler"" loading=""lazy""></iframe>
  <div class=""frq-pdf-fallback""><p>PDF cannot display here. <a href=""https://secure-media.collegeboard.org/digitalServices/pdf/ap/ap14_frq_computer_science_a.pdf"" target=""_blank"" rel=""noopener"">Open PDF directly →</a></p></div>
</div>

<div id=""frq14q1-provided"">
<h2>Provided Code</h2>
<pre>// Both methods are static in an unnamed class
public static String scrambleWord(String word) {
    /* part (a) */
}
public static void scrambleOrRemove(ArrayList<string> wordList) { /* part (b) */ }</string></pre>
</div>

<div class=""frq-timer"">
  <span class=""frq-timer-label"">Timer</span>
  <span class=""frq-timer-display"" id=""frq14q1-timer"">22:00</span>
  <button onclick=""frq14q1Start()"">Start</button>
  <button onclick=""frq14q1Pause()"">Pause</button>
  <button onclick=""frq14q1Reset()"">Reset</button>
</div>


<div id=""frq14q1-parta"">
<h2>Part A — scrambleWord (6 Points)</h2>
<p>Write scrambleWord(). Return a scrambled version of word: scan left to right; if position i has 'A' and position i+1 has a non-'A', swap those two characters and skip position i+1 (so it cannot be swapped again).</p>
<div class=""frq-editor"">
<textarea id=""frq14q1-parta-ea"" placeholder=""// Write your solution here...""></textarea><span class=""frq-editor-hint"">Drag corner to expand ▽</span>
</div>
<p><button class=""btn btn-sm btn-green"" onclick=""document.getElementById('frq14q1-sol-parta').classList.add('open')"">Check Answer</button> <button class=""btn btn-sm btn-outline"" onclick=""document.getElementById('frq14q1-parta-ea').value=''"">Clear</button></p>
<button class=""frq-collapsible"" onclick=""this.nextElementSibling.classList.toggle('open')"">View Solution and Rubric ▼</button>
<div class=""frq-collapsible-content"" id=""frq14q1-sol-parta"">
<h4>Scoring Rubric</h4>
<table>
<tr>
<td><strong>+1</strong></td>
<td>Uses a loop to process each character</td>
</tr>
<tr>
<td><strong>+1</strong></td>
<td>Detects 'A' followed by non-'A' pair</td>
</tr>
<tr>
<td><strong>+1</strong></td>
<td>Swaps the two characters correctly</td>
</tr>
<tr>
<td><strong>+1</strong></td>
<td>Skips i+1 after a swap (no re-swapping)</td>
</tr>
<tr>
<td><strong>+1</strong></td>
<td>Handles edge cases (empty string, no swap, all A's)</td>
</tr>
<tr>
<td><strong>+1</strong></td>
<td>Returns correct scrambled string (algorithm)</td>
</tr>
</table>
<h4>Solution</h4>
<pre>public static String scrambleWord(String word)
{
    String result = """";
    int i = 0;

    while (i &lt; word.length() - 1)
    {
        if (word.charAt(i) == 'A' &amp;&amp; word.charAt(i + 1) != 'A')
        {
            result += word.charAt(i + 1);
            result += word.charAt(i);
            i += 2;  // skip both — neither can be re-swapped
        }
        else
        {
            result += word.charAt(i);
            i++;
        }
    }

    // Append last character if not already consumed by a swap
    if (i &lt; word.length())
    {
        result += word.charAt(i);
    }

    return result;
}</pre>
<div class=""key-insight"">The skip-flag pattern: when a swap occurs, advance i by 2 instead of 1 to prevent either swapped position from participating in another swap. Use a while loop (not for loop) so you can control the increment manually.</div>
</div>
</div>
<div id=""frq14q1-partb"">
<h2>Part B — scrambleOrRemove (3 Points)</h2>
<p>Write scrambleOrRemove(). For each word in wordList: if scrambleWord(word) differs from word, replace it with the scrambled version; otherwise remove it from the list.</p>
<div class=""frq-editor"">
<textarea id=""frq14q1-partb-ea"" placeholder=""// Write your solution here...""></textarea><span class=""frq-editor-hint"">Drag corner to expand ▽</span>
</div>
<p><button class=""btn btn-sm btn-green"" onclick=""document.getElementById('frq14q1-sol-partb').classList.add('open')"">Check Answer</button> <button class=""btn btn-sm btn-outline"" onclick=""document.getElementById('frq14q1-partb-ea').value=''"">Clear</button></p>
<button class=""frq-collapsible"" onclick=""this.nextElementSibling.classList.toggle('open')"">View Solution and Rubric ▼</button>
<div class=""frq-collapsible-content"" id=""frq14q1-sol-partb"">
<h4>Scoring Rubric</h4>
<table>
<tr>
<td><strong>+1</strong></td>
<td>Calls scrambleWord() on each word</td>
</tr>
<tr>
<td><strong>+1</strong></td>
<td>Replaces unchanged words with scrambled version when different</td>
</tr>
<tr>
<td><strong>+1</strong></td>
<td>Removes words that are unchanged (backward traversal or correct index management)</td>
</tr>
</table>
<h4>Solution</h4>
<pre>public static void scrambleOrRemove(ArrayList<string> wordList)
{
    for (int i = wordList.size() - 1; i &gt;= 0; i--)
    {
        String word = wordList.get(i);
        String scrambled = scrambleWord(word);

        if (scrambled.equals(word))
        {
            wordList.remove(i);
        }
        else
        {
            wordList.set(i, scrambled);
        }
    }
}</string></pre>
<div class=""key-insight"">Backward traversal is safest for removal. set(i, scrambled) replaces in place without affecting indices. remove(i) removes safely during backward iteration.</div>
</div>
</div>

<h2>Common Mistakes to Avoid</h2>
<div class=""mistake-block"">
<div class=""mistake-header"">Not skipping i+1 after a swap</div>
<div class=""mistake-body"">
<p><span class=""mistake-label mistake-wrong"">Wrong</span></p>
<pre>i++; // only advances by 1 — allows re-swapping of position i+1</pre>
<p><span class=""mistake-label mistake-right"">Correct</span></p>
<pre>i += 2; // skip both positions — neither can be in another swap</pre>
<p>If you advance by only 1 after a swap, position i+1 (which was just swapped) can participate in another swap with position i+2. The rule says once a position is swapped, it cannot swap again.</p>
</div>
</div>
<div class=""mistake-block"">
<div class=""mistake-header"">Iterating forward while removing from ArrayList</div>
<div class=""mistake-body"">
<p><span class=""mistake-label mistake-wrong"">Wrong</span></p>
<pre>for (int i = 0; i &lt; wordList.size(); i++) {
        if (same) {
                wordList.remove(i);
        }
}</pre>
<p><span class=""mistake-label mistake-right"">Correct</span></p>
<pre>for (int i = wordList.size()-1; i &gt;= 0; i--) {
        if (same) {
                wordList.remove(i);
        }
}</pre>
<p>Forward removal shifts indices of subsequent elements. Backward removal is safe because removing index i does not affect any index &lt; i.</p>
</div>
</div>
<h2>Exam Tips</h2>
<div class=""exam-tip"">Use a while loop for Part A — it gives you full control over how much i advances on each iteration.</div>
<div class=""exam-tip"">In Part B, must call scrambleWord() for the dependency point. Don't reimplement the scramble logic.</div>
<div class=""exam-tip"">For the comparison in Part B, use .equals() — not ==.</div>

<div id=""frq14q1-faq"">
<h2>Frequently Asked Questions</h2>
<div style=""border-bottom:1px solid #f1f5f9!important;padding:14px 0!important"">
<h3 style=""font-size:15px!important;font-weight:600!important;color:#1e293b!important;-webkit-text-fill-color:#1e293b!important;margin:0 0 6px!important"">What does 2014 AP CSA FRQ 1 Scrambler ask?</h3>
<p style=""font-size:14px!important;color:#475569!important;margin:0!important"">Part A asks students to write scrambleWord(), which scans left to right and swaps each 'A' followed by a non-'A', preventing any position from being swapped twice. Part B asks for scrambleOrRemove(), which applies scrambleWord() to each ArrayList entry and removes those that were unchanged.</p>
</div>
<div style=""border-bottom:1px solid #f1f5f9!important;padding:14px 0!important"">
<h3 style=""font-size:15px!important;font-weight:600!important;color:#1e293b!important;-webkit-text-fill-color:#1e293b!important;margin:0 0 6px!important"">What is the hardest part of scrambleWord()?</h3>
<p style=""font-size:14px!important;color:#475569!important;margin:0!important"">Correctly implementing the skip: after swapping positions i and i+1, advance i by 2 (not 1) so that neither position can participate in another swap. Using a regular for loop makes this hard — a while loop where you control the increment explicitly is much cleaner.</p>
</div>
</div>

<div class=""cta-box"">
<h3>See All 2014 AP CSA FRQs</h3>
<p>View the complete 2014 exam hub with solutions, difficulty analysis, and scoring for all four questions.</p>
<a href=""/pages/ap-csa-frq-2014"" class=""btn"" style=""background:#1e3a8a!important;color:#fff!important;-webkit-text-fill-color:#fff!important;text-decoration:none!important;"">View 2014 FRQ Hub →</a>
</div>

<div class=""frq-nav"">
  <div><a href=""/pages/ap-csa-frq-2014"">← 2014 Hub</a></div>
  <div><a href=""/pages/ap-csa-frq-2014"">2014 Hub</a></div>
  <div><a href=""/pages/ap-csa-2014-frq-3-seatingchart"">FRQ 2 →</a></div>
</div>
</div>
<script>var frq14q1Secs=22*60,frq14q1Int=null;
function frq14q1Start(){if(frq14q1Int)return;frq14q1Int=setInterval(function(){if(frq14q1Secs<=0){clearInterval(frq14q1Int);frq14q1Int=null;return;}frq14q1Secs--;var m=Math.floor(frq14q1Secs/60),s=frq14q1Secs%60;document.getElementById('frq14q1-timer').textContent=(m<10?'0':'')+m+':'+(s<10?'0':'')+s;},1000);}
function frq14q1Pause(){clearInterval(frq14q1Int);frq14q1Int=null;}
function frq14q1Reset(){frq14q1Pause();frq14q1Secs=22*60;document.getElementById('frq14q1-timer').textContent='22:00';}</script>","TRUE","2026-03-01 12:00:00"
"ap-csa-2014-frq-2-gameoflife","MERGE","<style>#frq2026note-ap-csa-2014-frq-2-gameoflife{all:initial!important;display:block!important;box-sizing:border-box!important;font-family:-apple-system,BlinkMacSystemFont,""Segoe UI"",Roboto,Helvetica,Arial,sans-serif!important;background:#fffbeb!important;border:1px solid #fcd34d!important;border-left:5px solid #d97706!important;border-radius:8px!important;margin:0 0 18px 0!important;padding:0!important;overflow:hidden!important;}#frq2026note-ap-csa-2014-frq-2-gameoflife *{box-sizing:border-box!important;font-family:inherit!important;}#frq2026note-ap-csa-2014-frq-2-gameoflife summary{display:block!important;cursor:pointer!important;padding:12px 15px!important;font-size:0.95em!important;line-height:1.5!important;list-style:none!important;color:#78350f!important;-webkit-text-fill-color:#78350f!important;}#frq2026note-ap-csa-2014-frq-2-gameoflife summary::-webkit-details-marker{display:none!important;}#frq2026note-ap-csa-2014-frq-2-gameoflife summary::marker{content:""""!important;}#frq2026note-ap-csa-2014-frq-2-gameoflife summary:hover{background:#fef3c7!important;}#frq2026note-ap-csa-2014-frq-2-gameoflife summary strong{font-weight:700!important;color:#78350f!important;-webkit-text-fill-color:#78350f!important;}#frq2026note-ap-csa-2014-frq-2-gameoflife .n26-body{display:block!important;padding:0 15px 14px!important;font-size:0.92em!important;line-height:1.6!important;color:#78350f!important;-webkit-text-fill-color:#78350f!important;}#frq2026note-ap-csa-2014-frq-2-gameoflife .n26-body p{margin:0 0 10px!important;color:#78350f!important;-webkit-text-fill-color:#78350f!important;}#frq2026note-ap-csa-2014-frq-2-gameoflife .n26-body strong{font-weight:700!important;color:#78350f!important;-webkit-text-fill-color:#78350f!important;}#frq2026note-ap-csa-2014-frq-2-gameoflife table{border-collapse:collapse!important;width:100%!important;margin:0 0 10px!important;font-size:0.95em!important;background:#fffdf5!important;}#frq2026note-ap-csa-2014-frq-2-gameoflife th,#frq2026note-ap-csa-2014-frq-2-gameoflife td{border:1px solid #fcd34d!important;padding:6px 9px!important;text-align:left!important;color:#78350f!important;-webkit-text-fill-color:#78350f!important;}#frq2026note-ap-csa-2014-frq-2-gameoflife th{background:#fef3c7!important;font-weight:700!important;}#frq2026note-ap-csa-2014-frq-2-gameoflife a{color:#92400e!important;-webkit-text-fill-color:#92400e!important;text-decoration:underline!important;}#frq2026note-ap-csa-2014-frq-2-gameoflife .n26-src{font-size:0.85em!important;font-style:italic!important;margin:0!important;}</style>
<details id=""frq2026note-ap-csa-2014-frq-2-gameoflife"">
<summary><strong>Heads up: the May 2027 exam scores free response differently from this one.</strong> Tap for the current point structure.</summary>
<div class=""n26-body"">
<p>Every AP CSA free-response question from 2004 through 2025 was worth <strong>9 points</strong>, and the section was 36. From 2026 the four questions are worth <strong>7, 7, 5 and 6</strong>, the section is <strong>25 points</strong>, and only Question 1 has parts.</p>
<table><tr><th>Question</th><th>Points</th><th>Parts</th><th>Type</th></tr><tr><td>Question 1</td><td><strong>7</strong></td><td>Part A 4 + Part B 3</td><td>Methods and Control Structures</td></tr><tr><td>Question 2</td><td><strong>7</strong></td><td>single part</td><td>Class Design</td></tr><tr><td>Question 3</td><td><strong>5</strong></td><td>single part</td><td>Data Analysis with ArrayList</td></tr><tr><td>Question 4</td><td><strong>6</strong></td><td>single part</td><td>2D Array</td></tr></table>
<p>Section I is now 42 multiple-choice questions at 55% of the score, and Section II is 45%. The question on this page is still worth practising. The 9 points printed below it are not the rubric you will be scored against.</p>
<p class=""n26-src"">Point totals from College Board's 2026 scoring guidelines; section weightings from the AP Computer Science A exam page. See the <a href=""/pages/ap-csa-frq-2026"">2026 questions</a> for the current format.</p>
</div>
</details>
<script type=""application/ld+json"">{""@context"":""https://schema.org"",""@type"":""FAQPage"",""mainEntity"":[{""@type"":""Question"",""name"":""What is GridWorld and why is it in 2014 FRQ 2?"",""acceptedAnswer"":{""@type"":""Answer"",""text"":""GridWorld was a required case study in AP CSA from 2008 to 2014. It provided a framework of Actor, Critter, and Grid classes that students had to understand. College Board removed it from the curriculum after 2014. FRQ 2 from 2014 should be skipped entirely when studying for the current exam.""}},
    {""@type"":""Question"",""name"":""Is there any part of 2014 FRQ 2 useful for current exam prep?"",""acceptedAnswer"":{""@type"":""Answer"",""text"":""The underlying algorithm (counting neighbors in a 2D grid, applying rules per cell) appears in similar form in post-2019 FRQ 4 questions. However, since the code in 2014 relies entirely on GridWorld classes, the question itself is not usable. Practice the equivalent logic using 2019 FRQ 4 (LightBoard) instead.""}}]}</script>
<script type=""application/ld+json"">{""@context"":""https://schema.org"",""@type"":""BreadcrumbList"",""itemListElement"":[{""@type"":""ListItem"",""position"":1,""name"":""FRQ Archive"",""item"":""https://www.apcsexamprep.com/pages/ap-csa-frq-archive""},{""@type"":""ListItem"",""position"":2,""name"":""2014 AP CSA FRQs"",""item"":""https://www.apcsexamprep.com/pages/ap-csa-frq-2014""},{""@type"":""ListItem"",""position"":3,""name"":""FRQ 2: GameOfLife"",""item"":""https://www.apcsexamprep.com/pages/ap-csa-2014-frq-2-gameoflife""}]}</script>
<script type=""application/ld+json"">{""@context"":""https://schema.org"",""@type"":""Article"",""headline"":""AP CSA 2014 FRQ 2: GameOfLife — Complete Solution & Scoring"",""description"":""Complete solution for 2014 AP CSA FRQ 2 GameOfLife. Rubric, common mistakes & exam tips from College Board PDF."",""author"":{""@type"":""Person"",""name"":""Tanner Crow"",""url"":""https://www.wyzant.com/tutors/tannerc12""},""publisher"":{""@type"":""Organization"",""name"":""AP CS Exam Prep"",""url"":""https://www.apcsexamprep.com""},""datePublished"":""2014-09-01"",""dateModified"":""2026-03-17"",""educationalLevel"":""AP""}</script>
<div id=""frq14q2"">
<style>
.page-title,.article__title,.page__title,.template-page h1:first-of-type{display:none!important}
#frq14q2{all:initial!important;display:block!important;font-family:-apple-system,BlinkMacSystemFont,'Segoe UI',Roboto,Oxygen,Ubuntu,Cantarell,sans-serif!important;line-height:1.7!important;color:#1e293b!important;max-width:880px!important;margin:0 auto!important;padding:24px 20px 60px!important;-webkit-font-smoothing:antialiased!important;background:#ffffff!important}
#frq14q2 *{box-sizing:border-box!important}
#frq14q2 h1{font-size:2em!important;font-weight:800!important;color:#1e3a8a!important;-webkit-text-fill-color:#1e3a8a!important;margin:0 0 8px!important;line-height:1.2!important;border:none!important;padding:0!important}
#frq14q2 h2{font-size:1.5em!important;font-weight:700!important;color:#1e40af!important;-webkit-text-fill-color:#1e40af!important;margin:40px 0 16px!important;padding-left:12px!important;border-left:4px solid #60a5fa!important;border-bottom:none!important;line-height:1.3!important}
#frq14q2 h3{font-size:1.2em!important;font-weight:600!important;color:#1e40af!important;-webkit-text-fill-color:#1e40af!important;margin:24px 0 12px!important;line-height:1.3!important}
#frq14q2 h4{font-size:1.05em!important;font-weight:600!important;color:#334155!important;margin:20px 0 10px!important}
#frq14q2 p{margin:0 0 16px!important;color:#1e293b!important;font-size:16px!important;line-height:1.7!important}
#frq14q2 a{color:#2563eb!important;-webkit-text-fill-color:#2563eb!important;text-decoration:underline!important}
#frq14q2 a:link,#frq14q2 a:visited{color:#2563eb!important;-webkit-text-fill-color:#2563eb!important}
#frq14q2 a:hover{color:#1d4ed8!important;-webkit-text-fill-color:#1d4ed8!important}
#frq14q2 strong{font-weight:700!important;color:#1e293b!important}
#frq14q2 ul,#frq14q2 ol{margin:0 0 16px!important;padding-left:24px!important;color:#1e293b!important}
#frq14q2 li{margin:0 0 8px!important;font-size:16px!important;line-height:1.7!important}
#frq14q2 pre{background:#1e293b!important;color:#e2e8f0!important;padding:20px!important;border-radius:8px!important;overflow-x:auto!important;font-family:'Consolas','Monaco','Courier New',monospace!important;font-size:14px!important;line-height:1.6!important;margin:0 0 20px!important;white-space:pre!important}
#frq14q2 code{font-family:'Consolas','Monaco','Courier New',monospace!important;font-size:0.9em!important;background:#f1f5f9!important;padding:2px 6px!important;border-radius:3px!important;color:#1e293b!important}
#frq14q2 pre code{background:transparent!important;padding:0!important;color:#e2e8f0!important;font-size:inherit!important}
#frq14q2 table{width:100%!important;border-collapse:collapse!important;margin:0 0 20px!important;font-size:15px!important}
#frq14q2 th{background:#f8fafc!important;color:#475569!important;font-weight:600!important;padding:10px 14px!important;text-align:left!important;border-bottom:2px solid #e2e8f0!important;font-size:13px!important;text-transform:uppercase!important;letter-spacing:0.4px!important}
#frq14q2 td{padding:10px 14px!important;border-bottom:1px solid #f1f5f9!important;color:#1e293b!important;vertical-align:top!important}
#frq14q2 tr:last-child td{border-bottom:none!important}
#frq14q2 .frq-breadcrumb{font-size:14px!important;color:#64748b!important;margin-bottom:24px!important;display:block!important}
#frq14q2 .frq-breadcrumb a{color:#2563eb!important;-webkit-text-fill-color:#2563eb!important;text-decoration:none!important;font-size:14px!important}
#frq14q2 .frq-breadcrumb a:link,#frq14q2 .frq-breadcrumb a:visited{color:#2563eb!important;-webkit-text-fill-color:#2563eb!important}
#frq14q2 .frq-year-label{display:inline-block!important;background:#dbeafe!important;color:#1e40af!important;-webkit-text-fill-color:#1e40af!important;font-size:13px!important;font-weight:600!important;padding:4px 12px!important;border-radius:4px!important;margin-bottom:8px!important;letter-spacing:0.5px!important;text-transform:uppercase!important}
#frq14q2 .frq-subtitle{color:#64748b!important;font-size:15px!important;margin:0 0 20px!important;line-height:1.6!important}
#frq14q2 .frq-badges{display:flex!important;flex-wrap:wrap!important;gap:8px!important;margin-bottom:24px!important}
#frq14q2 .frq-badge{display:inline-block!important;padding:6px 14px!important;border-radius:20px!important;font-size:13px!important;font-weight:600!important;line-height:1.4!important}
#frq14q2 .frq-badge-blue{background:#dbeafe!important;color:#1e40af!important;-webkit-text-fill-color:#1e40af!important}
#frq14q2 .frq-badge-green{background:#dcfce7!important;color:#166534!important;-webkit-text-fill-color:#166534!important}
#frq14q2 .frq-badge-purple{background:#ede9fe!important;color:#5b21b6!important;-webkit-text-fill-color:#5b21b6!important}
#frq14q2 .frq-badge-amber{background:#fef3c7!important;color:#92400e!important;-webkit-text-fill-color:#92400e!important}
#frq14q2 .frq-meta-table td{padding:10px 16px!important;border-bottom:1px solid #e5e7eb!important}
#frq14q2 .frq-meta-table td:first-child{font-weight:600!important;color:#475569!important;width:160px!important}
#frq14q2 .frq-jumplinks{display:flex!important;flex-wrap:wrap!important;gap:8px!important;margin:0 0 32px!important;padding:14px 0!important;border-top:1px solid #e5e7eb!important;border-bottom:1px solid #e5e7eb!important}
#frq14q2 .frq-jumplinks a{display:inline-block!important;padding:5px 13px!important;background:#f1f5f9!important;color:#334155!important;-webkit-text-fill-color:#334155!important;border-radius:5px!important;font-size:13px!important;font-weight:600!important;text-decoration:none!important}
#frq14q2 .frq-jumplinks a:link,#frq14q2 .frq-jumplinks a:visited{color:#334155!important;-webkit-text-fill-color:#334155!important;text-decoration:none!important}
#frq14q2 .frq-jumplinks a:hover{background:#e2e8f0!important;color:#1e293b!important;-webkit-text-fill-color:#1e293b!important}
#frq14q2 .frq-timer{display:flex!important;align-items:center!important;gap:12px!important;background:#f8fafc!important;padding:12px 20px!important;border-radius:8px!important;margin:24px 0!important;border:1px solid #e2e8f0!important}
#frq14q2 .frq-timer-label{font-size:13px!important;font-weight:600!important;color:#64748b!important}
#frq14q2 .frq-timer-display{font-size:1.6em!important;font-weight:800!important;color:#1e3a8a!important;-webkit-text-fill-color:#1e3a8a!important;font-family:monospace!important;min-width:60px!important}
#frq14q2 .frq-timer button{padding:6px 16px!important;border:none!important;border-radius:6px!important;font-size:13px!important;font-weight:600!important;cursor:pointer!important;background:#1e3a8a!important;color:#fff!important;-webkit-text-fill-color:#fff!important}
#frq14q2 .frq-timer button:hover{background:#1e40af!important}
#frq14q2 .frq-editor textarea{width:100%!important;min-height:180px!important;font-family:'Consolas','Monaco','Courier New',monospace!important;font-size:14px!important;padding:14px!important;border:2px solid #e2e8f0!important;border-radius:8px!important;resize:vertical!important;background:#1e293b!important;color:#e2e8f0!important;line-height:1.6!important;outline:none!important}
#frq14q2 .frq-editor-hint{display:block!important;font-size:11px!important;color:#94a3b8!important;margin-top:4px!important;text-align:right!important}
#frq14q2 .btn{display:inline-block!important;padding:8px 20px!important;border-radius:7px!important;font-size:14px!important;font-weight:600!important;cursor:pointer!important;border:none!important;text-decoration:none!important;opacity:1!important;visibility:visible!important}
#frq14q2 .btn:link,#frq14q2 .btn:visited{text-decoration:none!important}
#frq14q2 .btn-sm{padding:6px 16px!important;font-size:13px!important}
#frq14q2 .btn-green{background:#16a34a!important;color:#fff!important;-webkit-text-fill-color:#fff!important}
#frq14q2 .btn-green:link,#frq14q2 .btn-green:visited{color:#fff!important;-webkit-text-fill-color:#fff!important}
#frq14q2 .btn-outline{background:#f1f5f9!important;color:#334155!important;-webkit-text-fill-color:#334155!important;border:1px solid #e2e8f0!important}
#frq14q2 .btn-outline:link,#frq14q2 .btn-outline:visited{color:#334155!important;-webkit-text-fill-color:#334155!important}
#frq14q2 .frq-collapsible{width:100%!important;background:#f8fafc!important;border:1px solid #e2e8f0!important;padding:12px 16px!important;text-align:left!important;font-size:15px!important;font-weight:600!important;cursor:pointer!important;border-radius:7px!important;color:#1e40af!important;-webkit-text-fill-color:#1e40af!important;margin:12px 0 0!important}
#frq14q2 .frq-collapsible-content{display:none!important;padding:16px!important;border:1px solid #e2e8f0!important;border-top:none!important;border-radius:0 0 7px 7px!important;background:#fff!important;margin-bottom:16px!important}
#frq14q2 .frq-collapsible-content.open{display:block!important}
#frq14q2 .key-insight{background:#eff6ff!important;border-left:4px solid #3b82f6!important;padding:12px 16px!important;border-radius:0 6px 6px 0!important;margin:12px 0!important;font-size:14px!important;color:#1e40af!important;-webkit-text-fill-color:#1e40af!important}
#frq14q2 .mistake-block{border:1px solid #fecaca!important;border-radius:8px!important;overflow:hidden!important;margin-bottom:16px!important}
#frq14q2 .mistake-header{background:#fef2f2!important;padding:10px 16px!important;font-weight:600!important;font-size:15px!important;color:#991b1b!important;-webkit-text-fill-color:#991b1b!important}
#frq14q2 .mistake-body{padding:14px 16px!important}
#frq14q2 .mistake-label{display:inline-block!important;font-size:12px!important;font-weight:700!important;padding:2px 8px!important;border-radius:4px!important;margin-bottom:4px!important}
#frq14q2 .mistake-wrong{background:#fef2f2!important;color:#991b1b!important;-webkit-text-fill-color:#991b1b!important}
#frq14q2 .mistake-right{background:#dcfce7!important;color:#166534!important;-webkit-text-fill-color:#166534!important}
#frq14q2 .exam-tip{background:#fefce8!important;border-left:4px solid #eab308!important;padding:12px 16px!important;margin-bottom:10px!important;border-radius:0 6px 6px 0!important;font-size:14px!important;color:#713f12!important;-webkit-text-fill-color:#713f12!important}
#frq14q2 .cta-box{background:#eff6ff!important;border:1px solid #bfdbfe!important;border-radius:10px!important;padding:24px!important;margin-top:40px!important;text-align:center!important}
#frq14q2 .cta-box h3{color:#1e3a8a!important;-webkit-text-fill-color:#1e3a8a!important;margin:0 0 8px!important;font-size:1.2em!important}
#frq14q2 .cta-box p{color:#475569!important;margin:0 0 16px!important;font-size:15px!important}
#frq14q2 .frq-nav{display:flex!important;justify-content:space-between!important;margin:40px 0 0!important;padding:16px 0!important;border-top:2px solid #e5e7eb!important;gap:12px!important}
#frq14q2 .frq-nav a{display:inline-block!important;padding:8px 18px!important;background:#f1f5f9!important;color:#1e40af!important;-webkit-text-fill-color:#1e40af!important;border-radius:7px!important;font-size:14px!important;font-weight:700!important;text-decoration:none!important;border:1px solid #e2e8f0!important}
#frq14q2 .frq-nav a:link,#frq14q2 .frq-nav a:visited{color:#1e40af!important;-webkit-text-fill-color:#1e40af!important;text-decoration:none!important}
#frq14q2 .frq-nav a:hover{background:#dbeafe!important}
#frq14q2 .classic-note{background:#fef3c7!important;border:1px solid #f59e0b!important;border-left:4px solid #f59e0b!important;border-radius:8px!important;padding:12px 16px!important;margin:16px 0!important;font-size:14px!important;color:#78350f!important;-webkit-text-fill-color:#78350f!important}
#frq14q2 .skip-banner{background:#fef2f2!important;border:2px solid #ef4444!important;border-radius:8px!important;padding:20px!important;margin:20px 0!important;text-align:center!important}
#frq14q2 .skip-banner p{color:#991b1b!important;-webkit-text-fill-color:#991b1b!important;font-size:16px!important;font-weight:600!important;margin:0 0 8px!important}
#frq14q2 .skip-banner a{color:#2563eb!important;-webkit-text-fill-color:#2563eb!important}
#frq14q2 .frq-pdf-wrap{border:1px solid #e2e8f0!important;border-radius:8px!important;overflow:hidden!important;margin:12px 0!important}
#frq14q2 .frq-pdf-wrap iframe{width:100%!important;height:500px!important;border:none!important;display:block!important}
#frq14q2 .frq-pdf-fallback{padding:20px!important;text-align:center!important;background:#f8fafc!important}
@media(max-width:600px){
  #frq14q2 .frq-nav{flex-direction:column!important}
  #frq14q2 .frq-pdf-wrap iframe{height:350px!important}
}</style>

<div class=""frq-breadcrumb"">
<a href=""/pages/ap-csa-frq-archive"">FRQ Archive</a> ›
<a href=""/pages/ap-csa-frq-2014"">2014 FRQs</a> ›
FRQ 2: GameOfLife
</div>
<div class=""frq-year-label"">2014 AP CSA • GridWorld (Deprecated)</div>
<h1>AP CSA 2014 FRQ 2: GameOfLife</h1>
<div class=""skip-banner"">
<p>This FRQ used the GridWorld framework, which was removed from the AP CSA curriculum after 2014.</p>
<p>Skip this question for current exam preparation. For 2D array practice, see: <a href=""/pages/ap-csa-2019-frq-4-lightboard"">2019 FRQ 4 LightBoard</a>, <a href=""/pages/ap-csa-2022-frq-4-data"">2022 FRQ 4 Data</a>, or <a href=""/pages/ap-csa-2024-frq-4-gridpath"">2024 FRQ 4 GridPath</a>.</p>
</div>
<div class=""classic-note"">
<strong>Classic Exam Note:</strong> <strong>Skip this FRQ.</strong> It uses the GridWorld case study, which was removed from the AP CSA curriculum after 2014. It is not representative of any current exam content.</div>
<p class=""frq-subtitle"">Complete solution, scoring rubric, and walkthrough — verified from the official College Board PDF</p>
<div class=""frq-badges"">
  <span class=""frq-badge frq-badge-blue"">0 Points</span>
  <span class=""frq-badge frq-badge-amber"">N/A — Skip</span>
  <span class=""frq-badge frq-badge-amber"">GridWorld (Deprecated)</span>
  <span class=""frq-badge frq-badge-amber"">Classic Format (Pre-2019)</span>
</div>

<table class=""frq-meta-table"">
<tr>
<td>Question Type</td>
<td>GridWorld (Deprecated)</td>
</tr>
<tr>
<td>Key Skills</td>
<td>Conway's Game of Life implementation using the GridWorld framework. GridWorld was removed from the AP CSA curriculum aft</td>
</tr>
<tr>
<td>Difficulty</td>
<td>N/A — Skip</td>
</tr>
<tr>
<td>AP CSA Units</td>
<td>GridWorld case study — <strong>removed from AP CSA after 2014</strong>. Not relevant to the current exam.</td>
</tr>
</table>

<div class=""frq-jumplinks"">
<a href=""#frq14q2-pdf"">Official PDF</a>
<a href=""#frq14q2-provided"">Provided Code</a>
<a href=""#frq14q2-parta"">This FRQ Is Not Relevant to Current Exams</a>
<a href=""#frq14q2-mistakes"">Mistakes</a>
<a href=""#frq14q2-tips"">Tips</a>
<a href=""#frq14q2-faq"">FAQ</a>
</div>

<h2>What This Problem Asks</h2>
<p>Conway's Game of Life implementation using the GridWorld framework. GridWorld was removed from the AP CSA curriculum after 2014 and is no longer tested. Skip this question for current exam preparation.</p>

<h2 id=""frq14q2-pdf"">Official Question &amp; PDF</h2>
<p><a href=""https://secure-media.collegeboard.org/digitalServices/pdf/ap/ap14_frq_computer_science_a.pdf"" target=""_blank"" rel=""noopener"" class=""btn btn-sm btn-outline"">Download Full 2014 FRQ PDF →</a></p>
<div class=""frq-pdf-wrap"">
  <iframe src=""https://secure-media.collegeboard.org/digitalServices/pdf/ap/ap14_frq_computer_science_a.pdf#page=8"" title=""2014 AP CSA FRQ 2 GameOfLife"" loading=""lazy""></iframe>
  <div class=""frq-pdf-fallback""><p>PDF cannot display here. <a href=""https://secure-media.collegeboard.org/digitalServices/pdf/ap/ap14_frq_computer_science_a.pdf"" target=""_blank"" rel=""noopener"">Open PDF directly →</a></p></div>
</div>

<div id=""frq14q2-provided"">
<h2>Provided Code</h2>
<pre>// This question used the GridWorld framework (BoundedGrid, Actor, Location classes).
// GridWorld was removed from the AP CSA curriculum after 2014.
// Skip this question for current exam preparation.</pre>
</div>

<div class=""frq-timer"">
  <span class=""frq-timer-label"">Timer</span>
  <span class=""frq-timer-display"" id=""frq14q2-timer"">22:00</span>
  <button onclick=""frq14q2Start()"">Start</button>
  <button onclick=""frq14q2Pause()"">Pause</button>
  <button onclick=""frq14q2Reset()"">Reset</button>
</div>


<div id=""frq14q2-parta"">
<h2>This FRQ Is Not Relevant to Current Exams</h2>
<p>GridWorld was removed from the AP CSA curriculum after 2014. This FRQ should not be used for current exam preparation. The neighbor-counting and grid update logic is algorithmically interesting, but the GridWorld framework it depends on is no longer part of the course.</p>

<button class=""frq-collapsible"" onclick=""this.nextElementSibling.classList.toggle('open')"">View Solution and Rubric ▼</button>
<div class=""frq-collapsible-content"" id=""frq14q2-sol-parta"">

<h4>Solution</h4>
<pre>// GridWorld removed from curriculum after 2014.
// See 2019-2025 FRQs for current-format 2D array practice:
// 2019 FRQ 4: LightBoard
// 2021 FRQ 4: ArrayResizer
// 2022 FRQ 4: Data
// 2023 FRQ 4: BoxOfCandy
// 2024 FRQ 4: GridPath
// 2025 FRQ 4: SumOrSameGame</pre>
<div class=""key-insight"">For 2D array practice relevant to today's exam, see the 2019-2025 FRQ 4 problems linked above.</div>
</div>
</div>


<h2>Exam Tips</h2>
<div class=""exam-tip"">Skip this question entirely when studying for the current AP CSA exam.</div>
<div class=""exam-tip"">For equivalent 2D array practice, use 2019 FRQ 4 (LightBoard), 2022 FRQ 4 (Data), or 2024 FRQ 4 (GridPath).</div>

<div id=""frq14q2-faq"">
<h2>Frequently Asked Questions</h2>
<div style=""border-bottom:1px solid #f1f5f9!important;padding:14px 0!important"">
<h3 style=""font-size:15px!important;font-weight:600!important;color:#1e293b!important;-webkit-text-fill-color:#1e293b!important;margin:0 0 6px!important"">What is GridWorld and why is it in 2014 FRQ 2?</h3>
<p style=""font-size:14px!important;color:#475569!important;margin:0!important"">GridWorld was a required case study in AP CSA from 2008 to 2014. It provided a framework of Actor, Critter, and Grid classes that students had to understand. College Board removed it from the curriculum after 2014. FRQ 2 from 2014 should be skipped entirely when studying for the current exam.</p>
</div>
<div style=""border-bottom:1px solid #f1f5f9!important;padding:14px 0!important"">
<h3 style=""font-size:15px!important;font-weight:600!important;color:#1e293b!important;-webkit-text-fill-color:#1e293b!important;margin:0 0 6px!important"">Is there any part of 2014 FRQ 2 useful for current exam prep?</h3>
<p style=""font-size:14px!important;color:#475569!important;margin:0!important"">The underlying algorithm (counting neighbors in a 2D grid, applying rules per cell) appears in similar form in post-2019 FRQ 4 questions. However, since the code in 2014 relies entirely on GridWorld classes, the question itself is not usable. Practice the equivalent logic using 2019 FRQ 4 (LightBoard) instead.</p>
</div>
</div>

<div class=""cta-box"">
<h3>See All 2014 AP CSA FRQs</h3>
<p>View the complete 2014 exam hub with solutions, difficulty analysis, and scoring for all four questions.</p>
<a href=""/pages/ap-csa-frq-2014"" class=""btn"" style=""background:#1e3a8a!important;color:#fff!important;-webkit-text-fill-color:#fff!important;text-decoration:none!important;"">View 2014 FRQ Hub →</a>
</div>

<div class=""frq-nav"">
  <div><a href=""/ap-csa-2014-frq-1-scrambler"">← FRQ 1</a></div>
  <div><a href=""/pages/ap-csa-frq-2014"">2014 Hub</a></div>
  <div><a href=""/pages/ap-csa-2014-frq-3-seatingchart"">FRQ 3 →</a></div>
</div>
</div>
<script>var frq14q2Secs=22*60,frq14q2Int=null;
function frq14q2Start(){if(frq14q2Int)return;frq14q2Int=setInterval(function(){if(frq14q2Secs<=0){clearInterval(frq14q2Int);frq14q2Int=null;return;}frq14q2Secs--;var m=Math.floor(frq14q2Secs/60),s=frq14q2Secs%60;document.getElementById('frq14q2-timer').textContent=(m<10?'0':'')+m+':'+(s<10?'0':'')+s;},1000);}
function frq14q2Pause(){clearInterval(frq14q2Int);frq14q2Int=null;}
function frq14q2Reset(){frq14q2Pause();frq14q2Secs=22*60;document.getElementById('frq14q2-timer').textContent='22:00';}</script>","TRUE","2026-03-01 12:00:00"
"ap-csa-2014-frq-3-seatingchart","MERGE","<style>#frq2026note-ap-csa-2014-frq-3-seatingchart{all:initial!important;display:block!important;box-sizing:border-box!important;font-family:-apple-system,BlinkMacSystemFont,""Segoe UI"",Roboto,Helvetica,Arial,sans-serif!important;background:#fffbeb!important;border:1px solid #fcd34d!important;border-left:5px solid #d97706!important;border-radius:8px!important;margin:0 0 18px 0!important;padding:0!important;overflow:hidden!important;}#frq2026note-ap-csa-2014-frq-3-seatingchart *{box-sizing:border-box!important;font-family:inherit!important;}#frq2026note-ap-csa-2014-frq-3-seatingchart summary{display:block!important;cursor:pointer!important;padding:12px 15px!important;font-size:0.95em!important;line-height:1.5!important;list-style:none!important;color:#78350f!important;-webkit-text-fill-color:#78350f!important;}#frq2026note-ap-csa-2014-frq-3-seatingchart summary::-webkit-details-marker{display:none!important;}#frq2026note-ap-csa-2014-frq-3-seatingchart summary::marker{content:""""!important;}#frq2026note-ap-csa-2014-frq-3-seatingchart summary:hover{background:#fef3c7!important;}#frq2026note-ap-csa-2014-frq-3-seatingchart summary strong{font-weight:700!important;color:#78350f!important;-webkit-text-fill-color:#78350f!important;}#frq2026note-ap-csa-2014-frq-3-seatingchart .n26-body{display:block!important;padding:0 15px 14px!important;font-size:0.92em!important;line-height:1.6!important;color:#78350f!important;-webkit-text-fill-color:#78350f!important;}#frq2026note-ap-csa-2014-frq-3-seatingchart .n26-body p{margin:0 0 10px!important;color:#78350f!important;-webkit-text-fill-color:#78350f!important;}#frq2026note-ap-csa-2014-frq-3-seatingchart .n26-body strong{font-weight:700!important;color:#78350f!important;-webkit-text-fill-color:#78350f!important;}#frq2026note-ap-csa-2014-frq-3-seatingchart table{border-collapse:collapse!important;width:100%!important;margin:0 0 10px!important;font-size:0.95em!important;background:#fffdf5!important;}#frq2026note-ap-csa-2014-frq-3-seatingchart th,#frq2026note-ap-csa-2014-frq-3-seatingchart td{border:1px solid #fcd34d!important;padding:6px 9px!important;text-align:left!important;color:#78350f!important;-webkit-text-fill-color:#78350f!important;}#frq2026note-ap-csa-2014-frq-3-seatingchart th{background:#fef3c7!important;font-weight:700!important;}#frq2026note-ap-csa-2014-frq-3-seatingchart a{color:#92400e!important;-webkit-text-fill-color:#92400e!important;text-decoration:underline!important;}#frq2026note-ap-csa-2014-frq-3-seatingchart .n26-src{font-size:0.85em!important;font-style:italic!important;margin:0!important;}</style>
<details id=""frq2026note-ap-csa-2014-frq-3-seatingchart"">
<summary><strong>Heads up: the May 2027 exam scores free response differently from this one.</strong> Tap for the current point structure.</summary>
<div class=""n26-body"">
<p>Every AP CSA free-response question from 2004 through 2025 was worth <strong>9 points</strong>, and the section was 36. From 2026 the four questions are worth <strong>7, 7, 5 and 6</strong>, the section is <strong>25 points</strong>, and only Question 1 has parts.</p>
<table><tr><th>Question</th><th>Points</th><th>Parts</th><th>Type</th></tr><tr><td>Question 1</td><td><strong>7</strong></td><td>Part A 4 + Part B 3</td><td>Methods and Control Structures</td></tr><tr><td>Question 2</td><td><strong>7</strong></td><td>single part</td><td>Class Design</td></tr><tr><td>Question 3</td><td><strong>5</strong></td><td>single part</td><td>Data Analysis with ArrayList</td></tr><tr><td>Question 4</td><td><strong>6</strong></td><td>single part</td><td>2D Array</td></tr></table>
<p>Section I is now 42 multiple-choice questions at 55% of the score, and Section II is 45%. The question on this page is still worth practising. The 9 points printed below it are not the rubric you will be scored against.</p>
<p class=""n26-src"">Point totals from College Board's 2026 scoring guidelines; section weightings from the AP Computer Science A exam page. See the <a href=""/pages/ap-csa-frq-2026"">2026 questions</a> for the current format.</p>
</div>
</details>
<script type=""application/ld+json"">{""@context"":""https://schema.org"",""@type"":""FAQPage"",""mainEntity"":[{""@type"":""Question"",""name"":""What does 2014 AP CSA FRQ 3 SeatingChart ask?"",""acceptedAnswer"":{""@type"":""Answer"",""text"":""It asks students to write the SeatingChart constructor, which fills a 2D Student array row by row from an ArrayList (stopping if the list runs out), and countAbsentInRow(), which counts absent students in a given row while guarding against null slots.""}},
    {""@type"":""Question"",""name"":""Why must countAbsentInRow check for null?"",""acceptedAnswer"":{""@type"":""Answer"",""text"":""If the student list had fewer students than grid cells, the remaining slots are null (Java default for reference types). Calling isAbsent() on a null reference throws a NullPointerException. The null check must come before the method call using short-circuit &&.""}}]}</script>
<script type=""application/ld+json"">{""@context"":""https://schema.org"",""@type"":""BreadcrumbList"",""itemListElement"":[{""@type"":""ListItem"",""position"":1,""name"":""FRQ Archive"",""item"":""https://www.apcsexamprep.com/pages/ap-csa-frq-archive""},{""@type"":""ListItem"",""position"":2,""name"":""2014 AP CSA FRQs"",""item"":""https://www.apcsexamprep.com/pages/ap-csa-frq-2014""},{""@type"":""ListItem"",""position"":3,""name"":""FRQ 3: SeatingChart"",""item"":""https://www.apcsexamprep.com/pages/ap-csa-2014-frq-3-seatingchart""}]}</script>
<script type=""application/ld+json"">{""@context"":""https://schema.org"",""@type"":""Article"",""headline"":""AP CSA 2014 FRQ 3: SeatingChart — Complete Solution & Scoring"",""description"":""Complete solution for 2014 AP CSA FRQ 3 SeatingChart. Rubric, common mistakes & exam tips from College Board PDF."",""author"":{""@type"":""Person"",""name"":""Tanner Crow"",""url"":""https://www.wyzant.com/tutors/tannerc12""},""publisher"":{""@type"":""Organization"",""name"":""AP CS Exam Prep"",""url"":""https://www.apcsexamprep.com""},""datePublished"":""2014-09-01"",""dateModified"":""2026-03-17"",""educationalLevel"":""AP""}</script>
<div id=""frq14q3"">
<style>
.page-title,.article__title,.page__title,.template-page h1:first-of-type{display:none!important}
#frq14q3{all:initial!important;display:block!important;font-family:-apple-system,BlinkMacSystemFont,'Segoe UI',Roboto,Oxygen,Ubuntu,Cantarell,sans-serif!important;line-height:1.7!important;color:#1e293b!important;max-width:880px!important;margin:0 auto!important;padding:24px 20px 60px!important;-webkit-font-smoothing:antialiased!important;background:#ffffff!important}
#frq14q3 *{box-sizing:border-box!important}
#frq14q3 h1{font-size:2em!important;font-weight:800!important;color:#1e3a8a!important;-webkit-text-fill-color:#1e3a8a!important;margin:0 0 8px!important;line-height:1.2!important;border:none!important;padding:0!important}
#frq14q3 h2{font-size:1.5em!important;font-weight:700!important;color:#1e40af!important;-webkit-text-fill-color:#1e40af!important;margin:40px 0 16px!important;padding-left:12px!important;border-left:4px solid #60a5fa!important;border-bottom:none!important;line-height:1.3!important}
#frq14q3 h3{font-size:1.2em!important;font-weight:600!important;color:#1e40af!important;-webkit-text-fill-color:#1e40af!important;margin:24px 0 12px!important;line-height:1.3!important}
#frq14q3 h4{font-size:1.05em!important;font-weight:600!important;color:#334155!important;margin:20px 0 10px!important}
#frq14q3 p{margin:0 0 16px!important;color:#1e293b!important;font-size:16px!important;line-height:1.7!important}
#frq14q3 a{color:#2563eb!important;-webkit-text-fill-color:#2563eb!important;text-decoration:underline!important}
#frq14q3 a:link,#frq14q3 a:visited{color:#2563eb!important;-webkit-text-fill-color:#2563eb!important}
#frq14q3 a:hover{color:#1d4ed8!important;-webkit-text-fill-color:#1d4ed8!important}
#frq14q3 strong{font-weight:700!important;color:#1e293b!important}
#frq14q3 ul,#frq14q3 ol{margin:0 0 16px!important;padding-left:24px!important;color:#1e293b!important}
#frq14q3 li{margin:0 0 8px!important;font-size:16px!important;line-height:1.7!important}
#frq14q3 pre{background:#1e293b!important;color:#e2e8f0!important;padding:20px!important;border-radius:8px!important;overflow-x:auto!important;font-family:'Consolas','Monaco','Courier New',monospace!important;font-size:14px!important;line-height:1.6!important;margin:0 0 20px!important;white-space:pre!important}
#frq14q3 code{font-family:'Consolas','Monaco','Courier New',monospace!important;font-size:0.9em!important;background:#f1f5f9!important;padding:2px 6px!important;border-radius:3px!important;color:#1e293b!important}
#frq14q3 pre code{background:transparent!important;padding:0!important;color:#e2e8f0!important;font-size:inherit!important}
#frq14q3 table{width:100%!important;border-collapse:collapse!important;margin:0 0 20px!important;font-size:15px!important}
#frq14q3 th{background:#f8fafc!important;color:#475569!important;font-weight:600!important;padding:10px 14px!important;text-align:left!important;border-bottom:2px solid #e2e8f0!important;font-size:13px!important;text-transform:uppercase!important;letter-spacing:0.4px!important}
#frq14q3 td{padding:10px 14px!important;border-bottom:1px solid #f1f5f9!important;color:#1e293b!important;vertical-align:top!important}
#frq14q3 tr:last-child td{border-bottom:none!important}
#frq14q3 .frq-breadcrumb{font-size:14px!important;color:#64748b!important;margin-bottom:24px!important;display:block!important}
#frq14q3 .frq-breadcrumb a{color:#2563eb!important;-webkit-text-fill-color:#2563eb!important;text-decoration:none!important;font-size:14px!important}
#frq14q3 .frq-breadcrumb a:link,#frq14q3 .frq-breadcrumb a:visited{color:#2563eb!important;-webkit-text-fill-color:#2563eb!important}
#frq14q3 .frq-year-label{display:inline-block!important;background:#dbeafe!important;color:#1e40af!important;-webkit-text-fill-color:#1e40af!important;font-size:13px!important;font-weight:600!important;padding:4px 12px!important;border-radius:4px!important;margin-bottom:8px!important;letter-spacing:0.5px!important;text-transform:uppercase!important}
#frq14q3 .frq-subtitle{color:#64748b!important;font-size:15px!important;margin:0 0 20px!important;line-height:1.6!important}
#frq14q3 .frq-badges{display:flex!important;flex-wrap:wrap!important;gap:8px!important;margin-bottom:24px!important}
#frq14q3 .frq-badge{display:inline-block!important;padding:6px 14px!important;border-radius:20px!important;font-size:13px!important;font-weight:600!important;line-height:1.4!important}
#frq14q3 .frq-badge-blue{background:#dbeafe!important;color:#1e40af!important;-webkit-text-fill-color:#1e40af!important}
#frq14q3 .frq-badge-green{background:#dcfce7!important;color:#166534!important;-webkit-text-fill-color:#166534!important}
#frq14q3 .frq-badge-purple{background:#ede9fe!important;color:#5b21b6!important;-webkit-text-fill-color:#5b21b6!important}
#frq14q3 .frq-badge-amber{background:#fef3c7!important;color:#92400e!important;-webkit-text-fill-color:#92400e!important}
#frq14q3 .frq-meta-table td{padding:10px 16px!important;border-bottom:1px solid #e5e7eb!important}
#frq14q3 .frq-meta-table td:first-child{font-weight:600!important;color:#475569!important;width:160px!important}
#frq14q3 .frq-jumplinks{display:flex!important;flex-wrap:wrap!important;gap:8px!important;margin:0 0 32px!important;padding:14px 0!important;border-top:1px solid #e5e7eb!important;border-bottom:1px solid #e5e7eb!important}
#frq14q3 .frq-jumplinks a{display:inline-block!important;padding:5px 13px!important;background:#f1f5f9!important;color:#334155!important;-webkit-text-fill-color:#334155!important;border-radius:5px!important;font-size:13px!important;font-weight:600!important;text-decoration:none!important}
#frq14q3 .frq-jumplinks a:link,#frq14q3 .frq-jumplinks a:visited{color:#334155!important;-webkit-text-fill-color:#334155!important;text-decoration:none!important}
#frq14q3 .frq-jumplinks a:hover{background:#e2e8f0!important;color:#1e293b!important;-webkit-text-fill-color:#1e293b!important}
#frq14q3 .frq-timer{display:flex!important;align-items:center!important;gap:12px!important;background:#f8fafc!important;padding:12px 20px!important;border-radius:8px!important;margin:24px 0!important;border:1px solid #e2e8f0!important}
#frq14q3 .frq-timer-label{font-size:13px!important;font-weight:600!important;color:#64748b!important}
#frq14q3 .frq-timer-display{font-size:1.6em!important;font-weight:800!important;color:#1e3a8a!important;-webkit-text-fill-color:#1e3a8a!important;font-family:monospace!important;min-width:60px!important}
#frq14q3 .frq-timer button{padding:6px 16px!important;border:none!important;border-radius:6px!important;font-size:13px!important;font-weight:600!important;cursor:pointer!important;background:#1e3a8a!important;color:#fff!important;-webkit-text-fill-color:#fff!important}
#frq14q3 .frq-timer button:hover{background:#1e40af!important}
#frq14q3 .frq-editor textarea{width:100%!important;min-height:180px!important;font-family:'Consolas','Monaco','Courier New',monospace!important;font-size:14px!important;padding:14px!important;border:2px solid #e2e8f0!important;border-radius:8px!important;resize:vertical!important;background:#1e293b!important;color:#e2e8f0!important;line-height:1.6!important;outline:none!important}
#frq14q3 .frq-editor-hint{display:block!important;font-size:11px!important;color:#94a3b8!important;margin-top:4px!important;text-align:right!important}
#frq14q3 .btn{display:inline-block!important;padding:8px 20px!important;border-radius:7px!important;font-size:14px!important;font-weight:600!important;cursor:pointer!important;border:none!important;text-decoration:none!important;opacity:1!important;visibility:visible!important}
#frq14q3 .btn:link,#frq14q3 .btn:visited{text-decoration:none!important}
#frq14q3 .btn-sm{padding:6px 16px!important;font-size:13px!important}
#frq14q3 .btn-green{background:#16a34a!important;color:#fff!important;-webkit-text-fill-color:#fff!important}
#frq14q3 .btn-green:link,#frq14q3 .btn-green:visited{color:#fff!important;-webkit-text-fill-color:#fff!important}
#frq14q3 .btn-outline{background:#f1f5f9!important;color:#334155!important;-webkit-text-fill-color:#334155!important;border:1px solid #e2e8f0!important}
#frq14q3 .btn-outline:link,#frq14q3 .btn-outline:visited{color:#334155!important;-webkit-text-fill-color:#334155!important}
#frq14q3 .frq-collapsible{width:100%!important;background:#f8fafc!important;border:1px solid #e2e8f0!important;padding:12px 16px!important;text-align:left!important;font-size:15px!important;font-weight:600!important;cursor:pointer!important;border-radius:7px!important;color:#1e40af!important;-webkit-text-fill-color:#1e40af!important;margin:12px 0 0!important}
#frq14q3 .frq-collapsible-content{display:none!important;padding:16px!important;border:1px solid #e2e8f0!important;border-top:none!important;border-radius:0 0 7px 7px!important;background:#fff!important;margin-bottom:16px!important}
#frq14q3 .frq-collapsible-content.open{display:block!important}
#frq14q3 .key-insight{background:#eff6ff!important;border-left:4px solid #3b82f6!important;padding:12px 16px!important;border-radius:0 6px 6px 0!important;margin:12px 0!important;font-size:14px!important;color:#1e40af!important;-webkit-text-fill-color:#1e40af!important}
#frq14q3 .mistake-block{border:1px solid #fecaca!important;border-radius:8px!important;overflow:hidden!important;margin-bottom:16px!important}
#frq14q3 .mistake-header{background:#fef2f2!important;padding:10px 16px!important;font-weight:600!important;font-size:15px!important;color:#991b1b!important;-webkit-text-fill-color:#991b1b!important}
#frq14q3 .mistake-body{padding:14px 16px!important}
#frq14q3 .mistake-label{display:inline-block!important;font-size:12px!important;font-weight:700!important;padding:2px 8px!important;border-radius:4px!important;margin-bottom:4px!important}
#frq14q3 .mistake-wrong{background:#fef2f2!important;color:#991b1b!important;-webkit-text-fill-color:#991b1b!important}
#frq14q3 .mistake-right{background:#dcfce7!important;color:#166534!important;-webkit-text-fill-color:#166534!important}
#frq14q3 .exam-tip{background:#fefce8!important;border-left:4px solid #eab308!important;padding:12px 16px!important;margin-bottom:10px!important;border-radius:0 6px 6px 0!important;font-size:14px!important;color:#713f12!important;-webkit-text-fill-color:#713f12!important}
#frq14q3 .cta-box{background:#eff6ff!important;border:1px solid #bfdbfe!important;border-radius:10px!important;padding:24px!important;margin-top:40px!important;text-align:center!important}
#frq14q3 .cta-box h3{color:#1e3a8a!important;-webkit-text-fill-color:#1e3a8a!important;margin:0 0 8px!important;font-size:1.2em!important}
#frq14q3 .cta-box p{color:#475569!important;margin:0 0 16px!important;font-size:15px!important}
#frq14q3 .frq-nav{display:flex!important;justify-content:space-between!important;margin:40px 0 0!important;padding:16px 0!important;border-top:2px solid #e5e7eb!important;gap:12px!important}
#frq14q3 .frq-nav a{display:inline-block!important;padding:8px 18px!important;background:#f1f5f9!important;color:#1e40af!important;-webkit-text-fill-color:#1e40af!important;border-radius:7px!important;font-size:14px!important;font-weight:700!important;text-decoration:none!important;border:1px solid #e2e8f0!important}
#frq14q3 .frq-nav a:link,#frq14q3 .frq-nav a:visited{color:#1e40af!important;-webkit-text-fill-color:#1e40af!important;text-decoration:none!important}
#frq14q3 .frq-nav a:hover{background:#dbeafe!important}
#frq14q3 .classic-note{background:#fef3c7!important;border:1px solid #f59e0b!important;border-left:4px solid #f59e0b!important;border-radius:8px!important;padding:12px 16px!important;margin:16px 0!important;font-size:14px!important;color:#78350f!important;-webkit-text-fill-color:#78350f!important}
#frq14q3 .skip-banner{background:#fef2f2!important;border:2px solid #ef4444!important;border-radius:8px!important;padding:20px!important;margin:20px 0!important;text-align:center!important}
#frq14q3 .skip-banner p{color:#991b1b!important;-webkit-text-fill-color:#991b1b!important;font-size:16px!important;font-weight:600!important;margin:0 0 8px!important}
#frq14q3 .skip-banner a{color:#2563eb!important;-webkit-text-fill-color:#2563eb!important}
#frq14q3 .frq-pdf-wrap{border:1px solid #e2e8f0!important;border-radius:8px!important;overflow:hidden!important;margin:12px 0!important}
#frq14q3 .frq-pdf-wrap iframe{width:100%!important;height:500px!important;border:none!important;display:block!important}
#frq14q3 .frq-pdf-fallback{padding:20px!important;text-align:center!important;background:#f8fafc!important}
@media(max-width:600px){
  #frq14q3 .frq-nav{flex-direction:column!important}
  #frq14q3 .frq-pdf-wrap iframe{height:350px!important}
}</style>

<div class=""frq-breadcrumb"">
<a href=""/pages/ap-csa-frq-archive"">FRQ Archive</a> ›
<a href=""/pages/ap-csa-frq-2014"">2014 FRQs</a> ›
FRQ 3: SeatingChart
</div>
<div class=""frq-year-label"">2014 AP CSA • Class Writing</div>
<h1>AP CSA 2014 FRQ 3: SeatingChart</h1>


<p class=""frq-subtitle"">Complete solution, scoring rubric, and walkthrough — verified from the official College Board PDF</p>
<div class=""frq-badges"">
  <span class=""frq-badge frq-badge-blue"">9 Points</span>
  <span class=""frq-badge frq-badge-amber"">Medium</span>
  <span class=""frq-badge frq-badge-purple"">Class Writing</span>
  <span class=""frq-badge frq-badge-amber"">Classic Format (Pre-2019)</span>
</div>

<table class=""frq-meta-table"">
<tr>
<td>Question Type</td>
<td>Class Writing</td>
</tr>
<tr>
<td>Key Skills</td>
<td>Write the SeatingChart constructor (fill a 2D Student array from an ArrayList of students, row by row, leaving empty slo</td>
</tr>
<tr>
<td>Difficulty</td>
<td>Medium</td>
</tr>
<tr>
<td>AP CSA Units</td>
<td>
<a href=""/pages/ap-csa-unit-4-data-collections-study-guide""><strong>Unit 4: Data Collections</strong></a> (2D array construction from ArrayList, row traversal) and <a href=""/pages/ap-csa-unit-3-class-creation-study-guide""><strong>Unit 3: Class Creation</strong></a> (constructor with 2D array field).</td>
</tr>
</table>

<div class=""frq-jumplinks"">
<a href=""#frq14q3-pdf"">Official PDF</a>
<a href=""#frq14q3-provided"">Provided Code</a>
<a href=""#frq14q3-parta"">Part A — SeatingChart constructor</a><a href=""#frq14q3-partb"">Part B — countAbsentInRow</a>
<a href=""#frq14q3-mistakes"">Mistakes</a>
<a href=""#frq14q3-tips"">Tips</a>
<a href=""#frq14q3-faq"">FAQ</a>
</div>

<h2>What This Problem Asks</h2>
<p>Write the SeatingChart constructor (fill a 2D Student array from an ArrayList of students, row by row, leaving empty slots as null if the list runs out) and countAbsentInRow() (count students in a given row whose isAbsent() returns true).</p>

<h2 id=""frq14q3-pdf"">Official Question &amp; PDF</h2>
<p><a href=""https://secure-media.collegeboard.org/digitalServices/pdf/ap/ap14_frq_computer_science_a.pdf"" target=""_blank"" rel=""noopener"" class=""btn btn-sm btn-outline"">Download Full 2014 FRQ PDF →</a></p>
<div class=""frq-pdf-wrap"">
  <iframe src=""https://secure-media.collegeboard.org/digitalServices/pdf/ap/ap14_frq_computer_science_a.pdf#page=14"" title=""2014 AP CSA FRQ 3 SeatingChart"" loading=""lazy""></iframe>
  <div class=""frq-pdf-fallback""><p>PDF cannot display here. <a href=""https://secure-media.collegeboard.org/digitalServices/pdf/ap/ap14_frq_computer_science_a.pdf"" target=""_blank"" rel=""noopener"">Open PDF directly →</a></p></div>
</div>

<div id=""frq14q3-provided"">
<h2>Provided Code</h2>
<pre>public class SeatingChart
{
    private Student[][] seats;

    public SeatingChart(ArrayList<student> studentList, int rows, int cols)
    { /* to be implemented in part (a) */ }

    public int countAbsentInRow(int row)
    { /* to be implemented in part (b) */ }
}

// Student class (provided):
// public boolean isAbsent() { ... }</student></pre>
</div>

<div class=""frq-timer"">
  <span class=""frq-timer-label"">Timer</span>
  <span class=""frq-timer-display"" id=""frq14q3-timer"">22:00</span>
  <button onclick=""frq14q3Start()"">Start</button>
  <button onclick=""frq14q3Pause()"">Pause</button>
  <button onclick=""frq14q3Reset()"">Reset</button>
</div>


<div id=""frq14q3-parta"">
<h2>Part A — SeatingChart constructor (6 Points)</h2>
<p>Write the constructor. Fill the 2D seats array row by row from studentList. If the list is exhausted before the array is full, remaining slots are null (Java default).</p>
<div class=""frq-editor"">
<textarea id=""frq14q3-parta-ea"" placeholder=""// Write your solution here...""></textarea><span class=""frq-editor-hint"">Drag corner to expand ▽</span>
</div>
<p><button class=""btn btn-sm btn-green"" onclick=""document.getElementById('frq14q3-sol-parta').classList.add('open')"">Check Answer</button> <button class=""btn btn-sm btn-outline"" onclick=""document.getElementById('frq14q3-parta-ea').value=''"">Clear</button></p>
<button class=""frq-collapsible"" onclick=""this.nextElementSibling.classList.toggle('open')"">View Solution and Rubric ▼</button>
<div class=""frq-collapsible-content"" id=""frq14q3-sol-parta"">
<h4>Scoring Rubric</h4>
<table>
<tr>
<td><strong>+1</strong></td>
<td>Creates seats as a new 2D array of size rows x cols</td>
</tr>
<tr>
<td><strong>+1</strong></td>
<td>Uses a variable to track the current position in studentList</td>
</tr>
<tr>
<td><strong>+1</strong></td>
<td>Fills seats in row-major order (row by row)</td>
</tr>
<tr>
<td><strong>+1</strong></td>
<td>Stops filling when studentList is exhausted</td>
</tr>
<tr>
<td><strong>+1</strong></td>
<td>Does not go out of bounds on studentList</td>
</tr>
<tr>
<td><strong>+1</strong></td>
<td>Correctly maps list index to 2D position (algorithm)</td>
</tr>
</table>
<h4>Solution</h4>
<pre>public SeatingChart(ArrayList<student> studentList, int rows, int cols)
{
    seats = new Student[rows][cols];
    int studentIndex = 0;

    for (int r = 0; r &lt; rows; r++)
    {
        for (int c = 0; c &lt; cols; c++)
        {
            if (studentIndex &lt; studentList.size())
            {
                seats[r][c] = studentList.get(studentIndex);
                studentIndex++;
            }
        }
    }
}</student></pre>
<div class=""key-insight"">Use a single index variable that increments each time a student is placed. The guard condition studentIndex &lt; studentList.size() prevents going out of bounds. Remaining cells default to null automatically.</div>
</div>
</div>
<div id=""frq14q3-partb"">
<h2>Part B — countAbsentInRow (3 Points)</h2>
<p>Write countAbsentInRow(). Count and return the number of absent students in the given row. Null slots should not be counted (guard against NullPointerException).</p>
<div class=""frq-editor"">
<textarea id=""frq14q3-partb-ea"" placeholder=""// Write your solution here...""></textarea><span class=""frq-editor-hint"">Drag corner to expand ▽</span>
</div>
<p><button class=""btn btn-sm btn-green"" onclick=""document.getElementById('frq14q3-sol-partb').classList.add('open')"">Check Answer</button> <button class=""btn btn-sm btn-outline"" onclick=""document.getElementById('frq14q3-partb-ea').value=''"">Clear</button></p>
<button class=""frq-collapsible"" onclick=""this.nextElementSibling.classList.toggle('open')"">View Solution and Rubric ▼</button>
<div class=""frq-collapsible-content"" id=""frq14q3-sol-partb"">
<h4>Scoring Rubric</h4>
<table>
<tr>
<td><strong>+1</strong></td>
<td>Accesses all columns in the given row</td>
</tr>
<tr>
<td><strong>+1</strong></td>
<td>Calls isAbsent() to check each student</td>
</tr>
<tr>
<td><strong>+1</strong></td>
<td>Returns correct count (algorithm)</td>
</tr>
</table>
<h4>Solution</h4>
<pre>public int countAbsentInRow(int row)
{
    int count = 0;

    for (int c = 0; c &lt; seats[row].length; c++)
    {
        if (seats[row][c] != null &amp;&amp; seats[row][c].isAbsent())
        {
            count++;
        }
    }

    return count;
}</pre>
<div class=""key-insight"">Guard against null slots with seats[row][c] != null before calling isAbsent(). Calling isAbsent() on null throws a NullPointerException.</div>
</div>
</div>

<h2>Common Mistakes to Avoid</h2>
<div class=""mistake-block"">
<div class=""mistake-header"">Going out of bounds on studentList</div>
<div class=""mistake-body"">
<p><span class=""mistake-label mistake-wrong"">Wrong</span></p>
<pre>seats[r][c] = studentList.get(studentIndex++); // throws if list exhausted</pre>
<p><span class=""mistake-label mistake-right"">Correct</span></p>
<pre>if (studentIndex &lt; studentList.size()) {
    seats[r][c] = studentList.get(studentIndex++);
}</pre>
<p>If the list has fewer students than grid cells, get() on an out-of-range index throws IndexOutOfBoundsException. Always check studentIndex &lt; studentList.size() before accessing.</p>
</div>
</div>
<div class=""mistake-block"">
<div class=""mistake-header"">Calling isAbsent() on null slots</div>
<div class=""mistake-body"">
<p><span class=""mistake-label mistake-wrong"">Wrong</span></p>
<pre>if (seats[row][c].isAbsent()) // NullPointerException if slot is null</pre>
<p><span class=""mistake-label mistake-right"">Correct</span></p>
<pre>if (seats[row][c] != null &amp;&amp; seats[row][c].isAbsent()) // null guard first</pre>
<p>When the list doesn't fill the grid, some seats are null. Calling any method on null throws NullPointerException. Always check != null first.</p>
</div>
</div>
<h2>Exam Tips</h2>
<div class=""exam-tip"">The index variable pattern (single int tracking ArrayList position) is reusable for any 2D fill from a 1D source.</div>
<div class=""exam-tip"">This FRQ is directly applicable to the current exam — 2D array construction from a list is a classic FRQ 4 pattern.</div>

<div id=""frq14q3-faq"">
<h2>Frequently Asked Questions</h2>
<div style=""border-bottom:1px solid #f1f5f9!important;padding:14px 0!important"">
<h3 style=""font-size:15px!important;font-weight:600!important;color:#1e293b!important;-webkit-text-fill-color:#1e293b!important;margin:0 0 6px!important"">What does 2014 AP CSA FRQ 3 SeatingChart ask?</h3>
<p style=""font-size:14px!important;color:#475569!important;margin:0!important"">It asks students to write the SeatingChart constructor, which fills a 2D Student array row by row from an ArrayList (stopping if the list runs out), and countAbsentInRow(), which counts absent students in a given row while guarding against null slots.</p>
</div>
<div style=""border-bottom:1px solid #f1f5f9!important;padding:14px 0!important"">
<h3 style=""font-size:15px!important;font-weight:600!important;color:#1e293b!important;-webkit-text-fill-color:#1e293b!important;margin:0 0 6px!important"">Why must countAbsentInRow check for null?</h3>
<p style=""font-size:14px!important;color:#475569!important;margin:0!important"">If the student list had fewer students than grid cells, the remaining slots are null (Java default for reference types). Calling isAbsent() on a null reference throws a NullPointerException. The null check must come before the method call using short-circuit &amp;&amp;.</p>
</div>
</div>

<div class=""cta-box"">
<h3>See All 2014 AP CSA FRQs</h3>
<p>View the complete 2014 exam hub with solutions, difficulty analysis, and scoring for all four questions.</p>
<a href=""/pages/ap-csa-frq-2014"" class=""btn"" style=""background:#1e3a8a!important;color:#fff!important;-webkit-text-fill-color:#fff!important;text-decoration:none!important;"">View 2014 FRQ Hub →</a>
</div>

<div class=""frq-nav"">
  <div><a href=""/ap-csa-2014-frq-2-gameoflife"">← FRQ 2</a></div>
  <div><a href=""/pages/ap-csa-frq-2014"">2014 Hub</a></div>
  <div><a href=""/pages/ap-csa-2014-frq-4-trio"">FRQ 4 →</a></div>
</div>
</div>
<script>var frq14q3Secs=22*60,frq14q3Int=null;
function frq14q3Start(){if(frq14q3Int)return;frq14q3Int=setInterval(function(){if(frq14q3Secs<=0){clearInterval(frq14q3Int);frq14q3Int=null;return;}frq14q3Secs--;var m=Math.floor(frq14q3Secs/60),s=frq14q3Secs%60;document.getElementById('frq14q3-timer').textContent=(m<10?'0':'')+m+':'+(s<10?'0':'')+s;},1000);}
function frq14q3Pause(){clearInterval(frq14q3Int);frq14q3Int=null;}
function frq14q3Reset(){frq14q3Pause();frq14q3Secs=22*60;document.getElementById('frq14q3-timer').textContent='22:00';}</script>","TRUE","2026-03-01 12:00:00"
"ap-csa-2014-frq-4-trio","MERGE","<style>#frq2026note-ap-csa-2014-frq-4-trio{all:initial!important;display:block!important;box-sizing:border-box!important;font-family:-apple-system,BlinkMacSystemFont,""Segoe UI"",Roboto,Helvetica,Arial,sans-serif!important;background:#fffbeb!important;border:1px solid #fcd34d!important;border-left:5px solid #d97706!important;border-radius:8px!important;margin:0 0 18px 0!important;padding:0!important;overflow:hidden!important;}#frq2026note-ap-csa-2014-frq-4-trio *{box-sizing:border-box!important;font-family:inherit!important;}#frq2026note-ap-csa-2014-frq-4-trio summary{display:block!important;cursor:pointer!important;padding:12px 15px!important;font-size:0.95em!important;line-height:1.5!important;list-style:none!important;color:#78350f!important;-webkit-text-fill-color:#78350f!important;}#frq2026note-ap-csa-2014-frq-4-trio summary::-webkit-details-marker{display:none!important;}#frq2026note-ap-csa-2014-frq-4-trio summary::marker{content:""""!important;}#frq2026note-ap-csa-2014-frq-4-trio summary:hover{background:#fef3c7!important;}#frq2026note-ap-csa-2014-frq-4-trio summary strong{font-weight:700!important;color:#78350f!important;-webkit-text-fill-color:#78350f!important;}#frq2026note-ap-csa-2014-frq-4-trio .n26-body{display:block!important;padding:0 15px 14px!important;font-size:0.92em!important;line-height:1.6!important;color:#78350f!important;-webkit-text-fill-color:#78350f!important;}#frq2026note-ap-csa-2014-frq-4-trio .n26-body p{margin:0 0 10px!important;color:#78350f!important;-webkit-text-fill-color:#78350f!important;}#frq2026note-ap-csa-2014-frq-4-trio .n26-body strong{font-weight:700!important;color:#78350f!important;-webkit-text-fill-color:#78350f!important;}#frq2026note-ap-csa-2014-frq-4-trio table{border-collapse:collapse!important;width:100%!important;margin:0 0 10px!important;font-size:0.95em!important;background:#fffdf5!important;}#frq2026note-ap-csa-2014-frq-4-trio th,#frq2026note-ap-csa-2014-frq-4-trio td{border:1px solid #fcd34d!important;padding:6px 9px!important;text-align:left!important;color:#78350f!important;-webkit-text-fill-color:#78350f!important;}#frq2026note-ap-csa-2014-frq-4-trio th{background:#fef3c7!important;font-weight:700!important;}#frq2026note-ap-csa-2014-frq-4-trio a{color:#92400e!important;-webkit-text-fill-color:#92400e!important;text-decoration:underline!important;}#frq2026note-ap-csa-2014-frq-4-trio .n26-src{font-size:0.85em!important;font-style:italic!important;margin:0!important;}</style>
<details id=""frq2026note-ap-csa-2014-frq-4-trio"">
<summary><strong>Heads up: the May 2027 exam scores free response differently from this one.</strong> Tap for the current point structure.</summary>
<div class=""n26-body"">
<p>Every AP CSA free-response question from 2004 through 2025 was worth <strong>9 points</strong>, and the section was 36. From 2026 the four questions are worth <strong>7, 7, 5 and 6</strong>, the section is <strong>25 points</strong>, and only Question 1 has parts.</p>
<table><tr><th>Question</th><th>Points</th><th>Parts</th><th>Type</th></tr><tr><td>Question 1</td><td><strong>7</strong></td><td>Part A 4 + Part B 3</td><td>Methods and Control Structures</td></tr><tr><td>Question 2</td><td><strong>7</strong></td><td>single part</td><td>Class Design</td></tr><tr><td>Question 3</td><td><strong>5</strong></td><td>single part</td><td>Data Analysis with ArrayList</td></tr><tr><td>Question 4</td><td><strong>6</strong></td><td>single part</td><td>2D Array</td></tr></table>
<p>Section I is now 42 multiple-choice questions at 55% of the score, and Section II is 45%. The question on this page is still worth practising. The 9 points printed below it are not the rubric you will be scored against.</p>
<p class=""n26-src"">Point totals from College Board's 2026 scoring guidelines; section weightings from the AP Computer Science A exam page. See the <a href=""/pages/ap-csa-frq-2026"">2026 questions</a> for the current format.</p>
</div>
</details>
<script type=""application/ld+json"">{""@context"":""https://schema.org"",""@type"":""FAQPage"",""mainEntity"":[{""@type"":""Question"",""name"":""What does 2014 AP CSA FRQ 4 Trio ask?"",""acceptedAnswer"":{""@type"":""Answer"",""text"":""It asks students to write a class implementing the Trio interface with a constructor storing three strings, three accessor methods, and two sameTrio() methods: an instance version comparing two Trios, and a static version comparing three.""}},
    {""@type"":""Question"",""name"":""Is Trio interface implementation still tested on the current AP CSA exam?"",""acceptedAnswer"":{""@type"":""Answer"",""text"":""No. Interface implementation with implements was removed from the AP CSA curriculum in the 2019 redesign. The accessor method pattern (getFirst/getSecond/getThird) and String comparison with .equals() are still tested, but the interface keyword itself is not.""}}]}</script>
<script type=""application/ld+json"">{""@context"":""https://schema.org"",""@type"":""BreadcrumbList"",""itemListElement"":[{""@type"":""ListItem"",""position"":1,""name"":""FRQ Archive"",""item"":""https://www.apcsexamprep.com/pages/ap-csa-frq-archive""},{""@type"":""ListItem"",""position"":2,""name"":""2014 AP CSA FRQs"",""item"":""https://www.apcsexamprep.com/pages/ap-csa-frq-2014""},{""@type"":""ListItem"",""position"":3,""name"":""FRQ 4: Trio"",""item"":""https://www.apcsexamprep.com/pages/ap-csa-2014-frq-4-trio""}]}</script>
<script type=""application/ld+json"">{""@context"":""https://schema.org"",""@type"":""Article"",""headline"":""AP CSA 2014 FRQ 4: Trio — Complete Solution & Scoring"",""description"":""Complete solution for 2014 AP CSA FRQ 4 Trio. Rubric, common mistakes & exam tips from College Board PDF."",""author"":{""@type"":""Person"",""name"":""Tanner Crow"",""url"":""https://www.wyzant.com/tutors/tannerc12""},""publisher"":{""@type"":""Organization"",""name"":""AP CS Exam Prep"",""url"":""https://www.apcsexamprep.com""},""datePublished"":""2014-09-01"",""dateModified"":""2026-03-17"",""educationalLevel"":""AP""}</script>
<div id=""frq14q4"">
<style>
.page-title,.article__title,.page__title,.template-page h1:first-of-type{display:none!important}
#frq14q4{all:initial!important;display:block!important;font-family:-apple-system,BlinkMacSystemFont,'Segoe UI',Roboto,Oxygen,Ubuntu,Cantarell,sans-serif!important;line-height:1.7!important;color:#1e293b!important;max-width:880px!important;margin:0 auto!important;padding:24px 20px 60px!important;-webkit-font-smoothing:antialiased!important;background:#ffffff!important}
#frq14q4 *{box-sizing:border-box!important}
#frq14q4 h1{font-size:2em!important;font-weight:800!important;color:#1e3a8a!important;-webkit-text-fill-color:#1e3a8a!important;margin:0 0 8px!important;line-height:1.2!important;border:none!important;padding:0!important}
#frq14q4 h2{font-size:1.5em!important;font-weight:700!important;color:#1e40af!important;-webkit-text-fill-color:#1e40af!important;margin:40px 0 16px!important;padding-left:12px!important;border-left:4px solid #60a5fa!important;border-bottom:none!important;line-height:1.3!important}
#frq14q4 h3{font-size:1.2em!important;font-weight:600!important;color:#1e40af!important;-webkit-text-fill-color:#1e40af!important;margin:24px 0 12px!important;line-height:1.3!important}
#frq14q4 h4{font-size:1.05em!important;font-weight:600!important;color:#334155!important;margin:20px 0 10px!important}
#frq14q4 p{margin:0 0 16px!important;color:#1e293b!important;font-size:16px!important;line-height:1.7!important}
#frq14q4 a{color:#2563eb!important;-webkit-text-fill-color:#2563eb!important;text-decoration:underline!important}
#frq14q4 a:link,#frq14q4 a:visited{color:#2563eb!important;-webkit-text-fill-color:#2563eb!important}
#frq14q4 a:hover{color:#1d4ed8!important;-webkit-text-fill-color:#1d4ed8!important}
#frq14q4 strong{font-weight:700!important;color:#1e293b!important}
#frq14q4 ul,#frq14q4 ol{margin:0 0 16px!important;padding-left:24px!important;color:#1e293b!important}
#frq14q4 li{margin:0 0 8px!important;font-size:16px!important;line-height:1.7!important}
#frq14q4 pre{background:#1e293b!important;color:#e2e8f0!important;padding:20px!important;border-radius:8px!important;overflow-x:auto!important;font-family:'Consolas','Monaco','Courier New',monospace!important;font-size:14px!important;line-height:1.6!important;margin:0 0 20px!important;white-space:pre!important}
#frq14q4 code{font-family:'Consolas','Monaco','Courier New',monospace!important;font-size:0.9em!important;background:#f1f5f9!important;padding:2px 6px!important;border-radius:3px!important;color:#1e293b!important}
#frq14q4 pre code{background:transparent!important;padding:0!important;color:#e2e8f0!important;font-size:inherit!important}
#frq14q4 table{width:100%!important;border-collapse:collapse!important;margin:0 0 20px!important;font-size:15px!important}
#frq14q4 th{background:#f8fafc!important;color:#475569!important;font-weight:600!important;padding:10px 14px!important;text-align:left!important;border-bottom:2px solid #e2e8f0!important;font-size:13px!important;text-transform:uppercase!important;letter-spacing:0.4px!important}
#frq14q4 td{padding:10px 14px!important;border-bottom:1px solid #f1f5f9!important;color:#1e293b!important;vertical-align:top!important}
#frq14q4 tr:last-child td{border-bottom:none!important}
#frq14q4 .frq-breadcrumb{font-size:14px!important;color:#64748b!important;margin-bottom:24px!important;display:block!important}
#frq14q4 .frq-breadcrumb a{color:#2563eb!important;-webkit-text-fill-color:#2563eb!important;text-decoration:none!important;font-size:14px!important}
#frq14q4 .frq-breadcrumb a:link,#frq14q4 .frq-breadcrumb a:visited{color:#2563eb!important;-webkit-text-fill-color:#2563eb!important}
#frq14q4 .frq-year-label{display:inline-block!important;background:#dbeafe!important;color:#1e40af!important;-webkit-text-fill-color:#1e40af!important;font-size:13px!important;font-weight:600!important;padding:4px 12px!important;border-radius:4px!important;margin-bottom:8px!important;letter-spacing:0.5px!important;text-transform:uppercase!important}
#frq14q4 .frq-subtitle{color:#64748b!important;font-size:15px!important;margin:0 0 20px!important;line-height:1.6!important}
#frq14q4 .frq-badges{display:flex!important;flex-wrap:wrap!important;gap:8px!important;margin-bottom:24px!important}
#frq14q4 .frq-badge{display:inline-block!important;padding:6px 14px!important;border-radius:20px!important;font-size:13px!important;font-weight:600!important;line-height:1.4!important}
#frq14q4 .frq-badge-blue{background:#dbeafe!important;color:#1e40af!important;-webkit-text-fill-color:#1e40af!important}
#frq14q4 .frq-badge-green{background:#dcfce7!important;color:#166534!important;-webkit-text-fill-color:#166534!important}
#frq14q4 .frq-badge-purple{background:#ede9fe!important;color:#5b21b6!important;-webkit-text-fill-color:#5b21b6!important}
#frq14q4 .frq-badge-amber{background:#fef3c7!important;color:#92400e!important;-webkit-text-fill-color:#92400e!important}
#frq14q4 .frq-meta-table td{padding:10px 16px!important;border-bottom:1px solid #e5e7eb!important}
#frq14q4 .frq-meta-table td:first-child{font-weight:600!important;color:#475569!important;width:160px!important}
#frq14q4 .frq-jumplinks{display:flex!important;flex-wrap:wrap!important;gap:8px!important;margin:0 0 32px!important;padding:14px 0!important;border-top:1px solid #e5e7eb!important;border-bottom:1px solid #e5e7eb!important}
#frq14q4 .frq-jumplinks a{display:inline-block!important;padding:5px 13px!important;background:#f1f5f9!important;color:#334155!important;-webkit-text-fill-color:#334155!important;border-radius:5px!important;font-size:13px!important;font-weight:600!important;text-decoration:none!important}
#frq14q4 .frq-jumplinks a:link,#frq14q4 .frq-jumplinks a:visited{color:#334155!important;-webkit-text-fill-color:#334155!important;text-decoration:none!important}
#frq14q4 .frq-jumplinks a:hover{background:#e2e8f0!important;color:#1e293b!important;-webkit-text-fill-color:#1e293b!important}
#frq14q4 .frq-timer{display:flex!important;align-items:center!important;gap:12px!important;background:#f8fafc!important;padding:12px 20px!important;border-radius:8px!important;margin:24px 0!important;border:1px solid #e2e8f0!important}
#frq14q4 .frq-timer-label{font-size:13px!important;font-weight:600!important;color:#64748b!important}
#frq14q4 .frq-timer-display{font-size:1.6em!important;font-weight:800!important;color:#1e3a8a!important;-webkit-text-fill-color:#1e3a8a!important;font-family:monospace!important;min-width:60px!important}
#frq14q4 .frq-timer button{padding:6px 16px!important;border:none!important;border-radius:6px!important;font-size:13px!important;font-weight:600!important;cursor:pointer!important;background:#1e3a8a!important;color:#fff!important;-webkit-text-fill-color:#fff!important}
#frq14q4 .frq-timer button:hover{background:#1e40af!important}
#frq14q4 .frq-editor textarea{width:100%!important;min-height:180px!important;font-family:'Consolas','Monaco','Courier New',monospace!important;font-size:14px!important;padding:14px!important;border:2px solid #e2e8f0!important;border-radius:8px!important;resize:vertical!important;background:#1e293b!important;color:#e2e8f0!important;line-height:1.6!important;outline:none!important}
#frq14q4 .frq-editor-hint{display:block!important;font-size:11px!important;color:#94a3b8!important;margin-top:4px!important;text-align:right!important}
#frq14q4 .btn{display:inline-block!important;padding:8px 20px!important;border-radius:7px!important;font-size:14px!important;font-weight:600!important;cursor:pointer!important;border:none!important;text-decoration:none!important;opacity:1!important;visibility:visible!important}
#frq14q4 .btn:link,#frq14q4 .btn:visited{text-decoration:none!important}
#frq14q4 .btn-sm{padding:6px 16px!important;font-size:13px!important}
#frq14q4 .btn-green{background:#16a34a!important;color:#fff!important;-webkit-text-fill-color:#fff!important}
#frq14q4 .btn-green:link,#frq14q4 .btn-green:visited{color:#fff!important;-webkit-text-fill-color:#fff!important}
#frq14q4 .btn-outline{background:#f1f5f9!important;color:#334155!important;-webkit-text-fill-color:#334155!important;border:1px solid #e2e8f0!important}
#frq14q4 .btn-outline:link,#frq14q4 .btn-outline:visited{color:#334155!important;-webkit-text-fill-color:#334155!important}
#frq14q4 .frq-collapsible{width:100%!important;background:#f8fafc!important;border:1px solid #e2e8f0!important;padding:12px 16px!important;text-align:left!important;font-size:15px!important;font-weight:600!important;cursor:pointer!important;border-radius:7px!important;color:#1e40af!important;-webkit-text-fill-color:#1e40af!important;margin:12px 0 0!important}
#frq14q4 .frq-collapsible-content{display:none!important;padding:16px!important;border:1px solid #e2e8f0!important;border-top:none!important;border-radius:0 0 7px 7px!important;background:#fff!important;margin-bottom:16px!important}
#frq14q4 .frq-collapsible-content.open{display:block!important}
#frq14q4 .key-insight{background:#eff6ff!important;border-left:4px solid #3b82f6!important;padding:12px 16px!important;border-radius:0 6px 6px 0!important;margin:12px 0!important;font-size:14px!important;color:#1e40af!important;-webkit-text-fill-color:#1e40af!important}
#frq14q4 .mistake-block{border:1px solid #fecaca!important;border-radius:8px!important;overflow:hidden!important;margin-bottom:16px!important}
#frq14q4 .mistake-header{background:#fef2f2!important;padding:10px 16px!important;font-weight:600!important;font-size:15px!important;color:#991b1b!important;-webkit-text-fill-color:#991b1b!important}
#frq14q4 .mistake-body{padding:14px 16px!important}
#frq14q4 .mistake-label{display:inline-block!important;font-size:12px!important;font-weight:700!important;padding:2px 8px!important;border-radius:4px!important;margin-bottom:4px!important}
#frq14q4 .mistake-wrong{background:#fef2f2!important;color:#991b1b!important;-webkit-text-fill-color:#991b1b!important}
#frq14q4 .mistake-right{background:#dcfce7!important;color:#166534!important;-webkit-text-fill-color:#166534!important}
#frq14q4 .exam-tip{background:#fefce8!important;border-left:4px solid #eab308!important;padding:12px 16px!important;margin-bottom:10px!important;border-radius:0 6px 6px 0!important;font-size:14px!important;color:#713f12!important;-webkit-text-fill-color:#713f12!important}
#frq14q4 .cta-box{background:#eff6ff!important;border:1px solid #bfdbfe!important;border-radius:10px!important;padding:24px!important;margin-top:40px!important;text-align:center!important}
#frq14q4 .cta-box h3{color:#1e3a8a!important;-webkit-text-fill-color:#1e3a8a!important;margin:0 0 8px!important;font-size:1.2em!important}
#frq14q4 .cta-box p{color:#475569!important;margin:0 0 16px!important;font-size:15px!important}
#frq14q4 .frq-nav{display:flex!important;justify-content:space-between!important;margin:40px 0 0!important;padding:16px 0!important;border-top:2px solid #e5e7eb!important;gap:12px!important}
#frq14q4 .frq-nav a{display:inline-block!important;padding:8px 18px!important;background:#f1f5f9!important;color:#1e40af!important;-webkit-text-fill-color:#1e40af!important;border-radius:7px!important;font-size:14px!important;font-weight:700!important;text-decoration:none!important;border:1px solid #e2e8f0!important}
#frq14q4 .frq-nav a:link,#frq14q4 .frq-nav a:visited{color:#1e40af!important;-webkit-text-fill-color:#1e40af!important;text-decoration:none!important}
#frq14q4 .frq-nav a:hover{background:#dbeafe!important}
#frq14q4 .classic-note{background:#fef3c7!important;border:1px solid #f59e0b!important;border-left:4px solid #f59e0b!important;border-radius:8px!important;padding:12px 16px!important;margin:16px 0!important;font-size:14px!important;color:#78350f!important;-webkit-text-fill-color:#78350f!important}
#frq14q4 .skip-banner{background:#fef2f2!important;border:2px solid #ef4444!important;border-radius:8px!important;padding:20px!important;margin:20px 0!important;text-align:center!important}
#frq14q4 .skip-banner p{color:#991b1b!important;-webkit-text-fill-color:#991b1b!important;font-size:16px!important;font-weight:600!important;margin:0 0 8px!important}
#frq14q4 .skip-banner a{color:#2563eb!important;-webkit-text-fill-color:#2563eb!important}
#frq14q4 .frq-pdf-wrap{border:1px solid #e2e8f0!important;border-radius:8px!important;overflow:hidden!important;margin:12px 0!important}
#frq14q4 .frq-pdf-wrap iframe{width:100%!important;height:500px!important;border:none!important;display:block!important}
#frq14q4 .frq-pdf-fallback{padding:20px!important;text-align:center!important;background:#f8fafc!important}
@media(max-width:600px){
  #frq14q4 .frq-nav{flex-direction:column!important}
  #frq14q4 .frq-pdf-wrap iframe{height:350px!important}
}</style>

<div class=""frq-breadcrumb"">
<a href=""/pages/ap-csa-frq-archive"">FRQ Archive</a> ›
<a href=""/pages/ap-csa-frq-2014"">2014 FRQs</a> ›
FRQ 4: Trio
</div>
<div class=""frq-year-label"">2014 AP CSA • Interface Implementation</div>
<h1>AP CSA 2014 FRQ 4: Trio</h1>

<div class=""classic-note"">
<strong>Classic Exam Note:</strong> This FRQ requires implementing a Trio interface. Interface implementation with <code>implements</code> is no longer tested on the current AP CSA exam.</div>
<p class=""frq-subtitle"">Complete solution, scoring rubric, and walkthrough — verified from the official College Board PDF</p>
<div class=""frq-badges"">
  <span class=""frq-badge frq-badge-blue"">9 Points</span>
  <span class=""frq-badge frq-badge-amber"">Hard</span>
  <span class=""frq-badge frq-badge-purple"">Interface Implementation</span>
  <span class=""frq-badge frq-badge-amber"">Classic Format (Pre-2019)</span>
</div>

<table class=""frq-meta-table"">
<tr>
<td>Question Type</td>
<td>Interface Implementation</td>
</tr>
<tr>
<td>Key Skills</td>
<td>Write the Trio class implementing the NumberGroup-style Trio interface: stores three strings, provides getFirst/getSecon</td>
</tr>
<tr>
<td>Difficulty</td>
<td>Hard</td>
</tr>
<tr>
<td>AP CSA Units</td>
<td>
<a href=""/pages/ap-csa-unit-3-class-creation-study-guide""><strong>Unit 3: Class Creation</strong></a> (interface implementation, accessor methods) and <a href=""/pages/ap-csa-unit-1-complete-study-guide""><strong>Unit 1</strong></a> (String comparison with .equals()).</td>
</tr>
</table>

<div class=""frq-jumplinks"">
<a href=""#frq14q4-pdf"">Official PDF</a>
<a href=""#frq14q4-provided"">Provided Code</a>
<a href=""#frq14q4-parta"">Entire Trio Implementation</a>
<a href=""#frq14q4-mistakes"">Mistakes</a>
<a href=""#frq14q4-tips"">Tips</a>
<a href=""#frq14q4-faq"">FAQ</a>
</div>

<h2>What This Problem Asks</h2>
<p>Write the Trio class implementing the NumberGroup-style Trio interface: stores three strings, provides getFirst/getSecond/getThird accessors, and implements sameTrio() which checks if three Trio objects contain the same three strings in the same order.</p>

<h2 id=""frq14q4-pdf"">Official Question &amp; PDF</h2>
<p><a href=""https://secure-media.collegeboard.org/digitalServices/pdf/ap/ap14_frq_computer_science_a.pdf"" target=""_blank"" rel=""noopener"" class=""btn btn-sm btn-outline"">Download Full 2014 FRQ PDF →</a></p>
<div class=""frq-pdf-wrap"">
  <iframe src=""https://secure-media.collegeboard.org/digitalServices/pdf/ap/ap14_frq_computer_science_a.pdf#page=20"" title=""2014 AP CSA FRQ 4 Trio"" loading=""lazy""></iframe>
  <div class=""frq-pdf-fallback""><p>PDF cannot display here. <a href=""https://secure-media.collegeboard.org/digitalServices/pdf/ap/ap14_frq_computer_science_a.pdf"" target=""_blank"" rel=""noopener"">Open PDF directly →</a></p></div>
</div>

<div id=""frq14q4-provided"">
<h2>Provided Code</h2>
<pre>public interface Trio
{
    String getFirst();
    String getSecond();
    String getThird();
}

// Write a class implementing Trio that also has:
// sameTrio(Trio other) — returns true if this and other have the same three values
// static sameTrio(Trio t1, Trio t2, Trio t3) — true if all three Trios match</pre>
</div>

<div class=""frq-timer"">
  <span class=""frq-timer-label"">Timer</span>
  <span class=""frq-timer-display"" id=""frq14q4-timer"">22:00</span>
  <button onclick=""frq14q4Start()"">Start</button>
  <button onclick=""frq14q4Pause()"">Pause</button>
  <button onclick=""frq14q4Reset()"">Reset</button>
</div>


<div id=""frq14q4-parta"">
<h2>Entire Trio Implementation (9 Points)</h2>
<p>Write a class that implements Trio: store three strings, provide the three accessors, and implement both sameTrio() methods (instance version comparing two Trios, and static version comparing three Trios).</p>
<div class=""frq-editor"">
<textarea id=""frq14q4-parta-ea"" placeholder=""// Write your solution here...""></textarea><span class=""frq-editor-hint"">Drag corner to expand ▽</span>
</div>
<p><button class=""btn btn-sm btn-green"" onclick=""document.getElementById('frq14q4-sol-parta').classList.add('open')"">Check Answer</button> <button class=""btn btn-sm btn-outline"" onclick=""document.getElementById('frq14q4-parta-ea').value=''"">Clear</button></p>
<button class=""frq-collapsible"" onclick=""this.nextElementSibling.classList.toggle('open')"">View Solution and Rubric ▼</button>
<div class=""frq-collapsible-content"" id=""frq14q4-sol-parta"">
<h4>Scoring Rubric</h4>
<table>
<tr>
<td><strong>+1</strong></td>
<td>Declares class with implements Trio</td>
</tr>
<tr>
<td><strong>+1</strong></td>
<td>Constructor stores three String fields</td>
</tr>
<tr>
<td><strong>+1</strong></td>
<td>getFirst() returns first value</td>
</tr>
<tr>
<td><strong>+1</strong></td>
<td>getSecond() returns second value</td>
</tr>
<tr>
<td><strong>+1</strong></td>
<td>getThird() returns third value</td>
</tr>
<tr>
<td><strong>+1</strong></td>
<td>Instance sameTrio() compares all three values with other using .equals()</td>
</tr>
<tr>
<td><strong>+1</strong></td>
<td>Static sameTrio() calls instance sameTrio() or equivalent</td>
</tr>
<tr>
<td><strong>+1</strong></td>
<td>All comparisons use .equals() (not ==)</td>
</tr>
<tr>
<td><strong>+1</strong></td>
<td>Algorithm: both sameTrio methods return correct boolean</td>
</tr>
</table>
<h4>Solution</h4>
<pre>public class BaseTrio implements Trio
{
    private String first;
    private String second;
    private String third;

    public BaseTrio(String a, String b, String c)
    {
        first = a;
        second = b;
        third = c;
    }

        public String getFirst() {
        return first;
    }
        public String getSecond() {
        return second;
    }
        public String getThird() {
        return third;
    }

    public boolean sameTrio(Trio other)
    {
        return getFirst().equals(other.getFirst())
            &amp;&amp; getSecond().equals(other.getSecond())
            &amp;&amp; getThird().equals(other.getThird());
    }

    public static boolean sameTrio(Trio t1, Trio t2, Trio t3)
    {
        return t1.getFirst().equals(t2.getFirst())
            &amp;&amp; t1.getFirst().equals(t3.getFirst())
            &amp;&amp; t1.getSecond().equals(t2.getSecond())
            &amp;&amp; t1.getSecond().equals(t3.getSecond())
            &amp;&amp; t1.getThird().equals(t2.getThird())
            &amp;&amp; t1.getThird().equals(t3.getThird());
    }
}</pre>
<div class=""key-insight"">Use the accessor methods (getFirst() etc.) rather than accessing fields directly — this is especially important in sameTrio() where the parameter is typed as Trio (the interface), not the concrete class.</div>
</div>
</div>

<h2>Common Mistakes to Avoid</h2>
<div class=""mistake-block"">
<div class=""mistake-header"">Using == instead of .equals() for String comparison</div>
<div class=""mistake-body"">
<p><span class=""mistake-label mistake-wrong"">Wrong</span></p>
<pre>if (getFirst() == other.getFirst()) // reference comparison — unreliable</pre>
<p><span class=""mistake-label mistake-right"">Correct</span></p>
<pre>if (getFirst().equals(other.getFirst())) // content comparison — correct</pre>
<p>String comparison with == checks if both variables point to the same object in memory. Two Strings with the same content may be different objects. Always use .equals() for String value comparison.</p>
</div>
</div>
<div class=""mistake-block"">
<div class=""mistake-header"">Accessing fields directly in sameTrio() instead of using accessors</div>
<div class=""mistake-body"">
<p><span class=""mistake-label mistake-wrong"">Wrong</span></p>
<pre>return first.equals(other.first) // error: other is typed as Trio interface, has no .first field</pre>
<p><span class=""mistake-label mistake-right"">Correct</span></p>
<pre>return getFirst().equals(other.getFirst()) // use interface methods</pre>
<p>The parameter type is Trio (the interface). Interfaces don't have fields — only methods. You must use the accessor methods.</p>
</div>
</div>
<h2>Exam Tips</h2>
<div class=""exam-tip"">Note: Interface implementation is no longer on the current AP CSA exam. The accessor method pattern (getFirst/getSecond/getThird) remains directly relevant.</div>
<div class=""exam-tip"">When implementing an interface, use the interface's method signatures exactly as declared — same name, same parameter types, same return type.</div>

<div id=""frq14q4-faq"">
<h2>Frequently Asked Questions</h2>
<div style=""border-bottom:1px solid #f1f5f9!important;padding:14px 0!important"">
<h3 style=""font-size:15px!important;font-weight:600!important;color:#1e293b!important;-webkit-text-fill-color:#1e293b!important;margin:0 0 6px!important"">What does 2014 AP CSA FRQ 4 Trio ask?</h3>
<p style=""font-size:14px!important;color:#475569!important;margin:0!important"">It asks students to write a class implementing the Trio interface with a constructor storing three strings, three accessor methods, and two sameTrio() methods: an instance version comparing two Trios, and a static version comparing three.</p>
</div>
<div style=""border-bottom:1px solid #f1f5f9!important;padding:14px 0!important"">
<h3 style=""font-size:15px!important;font-weight:600!important;color:#1e293b!important;-webkit-text-fill-color:#1e293b!important;margin:0 0 6px!important"">Is Trio interface implementation still tested on the current AP CSA exam?</h3>
<p style=""font-size:14px!important;color:#475569!important;margin:0!important"">No. Interface implementation with implements was removed from the AP CSA curriculum in the 2019 redesign. The accessor method pattern (getFirst/getSecond/getThird) and String comparison with .equals() are still tested, but the interface keyword itself is not.</p>
</div>
</div>

<div class=""cta-box"">
<h3>See All 2014 AP CSA FRQs</h3>
<p>View the complete 2014 exam hub with solutions, difficulty analysis, and scoring for all four questions.</p>
<a href=""/pages/ap-csa-frq-2014"" class=""btn"" style=""background:#1e3a8a!important;color:#fff!important;-webkit-text-fill-color:#fff!important;text-decoration:none!important;"">View 2014 FRQ Hub →</a>
</div>

<div class=""frq-nav"">
  <div><a href=""/ap-csa-2014-frq-3-seatingchart"">← FRQ 3</a></div>
  <div><a href=""/pages/ap-csa-frq-2014"">2014 Hub</a></div>
  <div><a href=""/pages/ap-csa-frq-2014"">2014 Hub →</a></div>
</div>
</div>
<script>var frq14q4Secs=22*60,frq14q4Int=null;
function frq14q4Start(){if(frq14q4Int)return;frq14q4Int=setInterval(function(){if(frq14q4Secs<=0){clearInterval(frq14q4Int);frq14q4Int=null;return;}frq14q4Secs--;var m=Math.floor(frq14q4Secs/60),s=frq14q4Secs%60;document.getElementById('frq14q4-timer').textContent=(m<10?'0':'')+m+':'+(s<10?'0':'')+s;},1000);}
function frq14q4Pause(){clearInterval(frq14q4Int);frq14q4Int=null;}
function frq14q4Reset(){frq14q4Pause();frq14q4Secs=22*60;document.getElementById('frq14q4-timer').textContent='22:00';}</script>","TRUE","2026-03-01 12:00:00"
"ap-csa-2015-frq-1-diversearray","MERGE","<style>#frq2026note-ap-csa-2015-frq-1-diversearray{all:initial!important;display:block!important;box-sizing:border-box!important;font-family:-apple-system,BlinkMacSystemFont,""Segoe UI"",Roboto,Helvetica,Arial,sans-serif!important;background:#fffbeb!important;border:1px solid #fcd34d!important;border-left:5px solid #d97706!important;border-radius:8px!important;margin:0 0 18px 0!important;padding:0!important;overflow:hidden!important;}#frq2026note-ap-csa-2015-frq-1-diversearray *{box-sizing:border-box!important;font-family:inherit!important;}#frq2026note-ap-csa-2015-frq-1-diversearray summary{display:block!important;cursor:pointer!important;padding:12px 15px!important;font-size:0.95em!important;line-height:1.5!important;list-style:none!important;color:#78350f!important;-webkit-text-fill-color:#78350f!important;}#frq2026note-ap-csa-2015-frq-1-diversearray summary::-webkit-details-marker{display:none!important;}#frq2026note-ap-csa-2015-frq-1-diversearray summary::marker{content:""""!important;}#frq2026note-ap-csa-2015-frq-1-diversearray summary:hover{background:#fef3c7!important;}#frq2026note-ap-csa-2015-frq-1-diversearray summary strong{font-weight:700!important;color:#78350f!important;-webkit-text-fill-color:#78350f!important;}#frq2026note-ap-csa-2015-frq-1-diversearray .n26-body{display:block!important;padding:0 15px 14px!important;font-size:0.92em!important;line-height:1.6!important;color:#78350f!important;-webkit-text-fill-color:#78350f!important;}#frq2026note-ap-csa-2015-frq-1-diversearray .n26-body p{margin:0 0 10px!important;color:#78350f!important;-webkit-text-fill-color:#78350f!important;}#frq2026note-ap-csa-2015-frq-1-diversearray .n26-body strong{font-weight:700!important;color:#78350f!important;-webkit-text-fill-color:#78350f!important;}#frq2026note-ap-csa-2015-frq-1-diversearray table{border-collapse:collapse!important;width:100%!important;margin:0 0 10px!important;font-size:0.95em!important;background:#fffdf5!important;}#frq2026note-ap-csa-2015-frq-1-diversearray th,#frq2026note-ap-csa-2015-frq-1-diversearray td{border:1px solid #fcd34d!important;padding:6px 9px!important;text-align:left!important;color:#78350f!important;-webkit-text-fill-color:#78350f!important;}#frq2026note-ap-csa-2015-frq-1-diversearray th{background:#fef3c7!important;font-weight:700!important;}#frq2026note-ap-csa-2015-frq-1-diversearray a{color:#92400e!important;-webkit-text-fill-color:#92400e!important;text-decoration:underline!important;}#frq2026note-ap-csa-2015-frq-1-diversearray .n26-src{font-size:0.85em!important;font-style:italic!important;margin:0!important;}</style>
<details id=""frq2026note-ap-csa-2015-frq-1-diversearray"">
<summary><strong>Heads up: the May 2027 exam scores free response differently from this one.</strong> Tap for the current point structure.</summary>
<div class=""n26-body"">
<p>Every AP CSA free-response question from 2004 through 2025 was worth <strong>9 points</strong>, and the section was 36. From 2026 the four questions are worth <strong>7, 7, 5 and 6</strong>, the section is <strong>25 points</strong>, and only Question 1 has parts.</p>
<table><tr><th>Question</th><th>Points</th><th>Parts</th><th>Type</th></tr><tr><td>Question 1</td><td><strong>7</strong></td><td>Part A 4 + Part B 3</td><td>Methods and Control Structures</td></tr><tr><td>Question 2</td><td><strong>7</strong></td><td>single part</td><td>Class Design</td></tr><tr><td>Question 3</td><td><strong>5</strong></td><td>single part</td><td>Data Analysis with ArrayList</td></tr><tr><td>Question 4</td><td><strong>6</strong></td><td>single part</td><td>2D Array</td></tr></table>
<p>Section I is now 42 multiple-choice questions at 55% of the score, and Section II is 45%. The question on this page is still worth practising. The 9 points printed below it are not the rubric you will be scored against.</p>
<p class=""n26-src"">Point totals from College Board's 2026 scoring guidelines; section weightings from the AP Computer Science A exam page. See the <a href=""/pages/ap-csa-frq-2026"">2026 questions</a> for the current format.</p>
</div>
</details>
<script type=""application/ld+json"">{""@context"":""https://schema.org"",""@type"":""FAQPage"",""mainEntity"":[{""@type"":""Question"",""name"":""What does 2015 AP CSA FRQ 1 DiverseArray ask?"",""acceptedAnswer"":{""@type"":""Answer"",""text"":""It asks students to write three static methods in a method-composition chain: arraySum() sums a 1D array, rowSums() calls arraySum() for each row and returns the sums, and isDiverse() calls rowSums() and checks that no two row sums are equal.""}},
    {""@type"":""Question"",""name"":""Why does the rubric require calling the helper methods?"",""acceptedAnswer"":{""@type"":""Answer"",""text"":""The problem explicitly states to use the provided methods. This tests method composition — a core AP CSA skill. Reimplementing the logic instead of calling the existing method loses the dependency rubric point even if the output is correct.""}}]}</script>
<script type=""application/ld+json"">{""@context"":""https://schema.org"",""@type"":""BreadcrumbList"",""itemListElement"":[{""@type"":""ListItem"",""position"":1,""name"":""FRQ Archive"",""item"":""https://www.apcsexamprep.com/pages/ap-csa-frq-archive""},{""@type"":""ListItem"",""position"":2,""name"":""2015 AP CSA FRQs"",""item"":""https://www.apcsexamprep.com/pages/ap-csa-frq-2015""},{""@type"":""ListItem"",""position"":3,""name"":""FRQ 1: DiverseArray"",""item"":""https://www.apcsexamprep.com/pages/ap-csa-2015-frq-1-diversearray""}]}</script>
<script type=""application/ld+json"">{""@context"":""https://schema.org"",""@type"":""Article"",""headline"":""AP CSA 2015 FRQ 1: DiverseArray — Complete Solution & Scoring"",""description"":""Complete solution for 2015 AP CSA FRQ 1 DiverseArray. Rubric, common mistakes & exam tips from College Board PDF."",""author"":{""@type"":""Person"",""name"":""Tanner Crow"",""url"":""https://www.wyzant.com/tutors/tannerc12""},""publisher"":{""@type"":""Organization"",""name"":""AP CS Exam Prep"",""url"":""https://www.apcsexamprep.com""},""datePublished"":""2015-09-01"",""dateModified"":""2026-03-17"",""educationalLevel"":""AP""}</script>
<div id=""frq15q1"">
<style>
.page-title,.article__title,.page__title,.template-page h1:first-of-type{display:none!important}
#frq15q1{all:initial!important;display:block!important;font-family:-apple-system,BlinkMacSystemFont,'Segoe UI',Roboto,Oxygen,Ubuntu,Cantarell,sans-serif!important;line-height:1.7!important;color:#1e293b!important;max-width:880px!important;margin:0 auto!important;padding:24px 20px 60px!important;-webkit-font-smoothing:antialiased!important;background:#ffffff!important}
#frq15q1 *{box-sizing:border-box!important}
#frq15q1 h1{font-size:2em!important;font-weight:800!important;color:#1e3a8a!important;-webkit-text-fill-color:#1e3a8a!important;margin:0 0 8px!important;line-height:1.2!important;border:none!important;padding:0!important}
#frq15q1 h2{font-size:1.5em!important;font-weight:700!important;color:#1e40af!important;-webkit-text-fill-color:#1e40af!important;margin:40px 0 16px!important;padding-left:12px!important;border-left:4px solid #60a5fa!important;border-bottom:none!important;line-height:1.3!important}
#frq15q1 h3{font-size:1.2em!important;font-weight:600!important;color:#1e40af!important;-webkit-text-fill-color:#1e40af!important;margin:24px 0 12px!important;line-height:1.3!important}
#frq15q1 h4{font-size:1.05em!important;font-weight:600!important;color:#334155!important;margin:20px 0 10px!important}
#frq15q1 p{margin:0 0 16px!important;color:#1e293b!important;font-size:16px!important;line-height:1.7!important}
#frq15q1 a{color:#2563eb!important;-webkit-text-fill-color:#2563eb!important;text-decoration:underline!important}
#frq15q1 a:link,#frq15q1 a:visited{color:#2563eb!important;-webkit-text-fill-color:#2563eb!important}
#frq15q1 a:hover{color:#1d4ed8!important;-webkit-text-fill-color:#1d4ed8!important}
#frq15q1 strong{font-weight:700!important;color:#1e293b!important}
#frq15q1 ul,#frq15q1 ol{margin:0 0 16px!important;padding-left:24px!important;color:#1e293b!important}
#frq15q1 li{margin:0 0 8px!important;font-size:16px!important;line-height:1.7!important}
#frq15q1 pre{background:#1e293b!important;color:#e2e8f0!important;padding:20px!important;border-radius:8px!important;overflow-x:auto!important;font-family:'Consolas','Monaco','Courier New',monospace!important;font-size:14px!important;line-height:1.6!important;margin:0 0 20px!important;white-space:pre!important}
#frq15q1 code{font-family:'Consolas','Monaco','Courier New',monospace!important;font-size:0.9em!important;background:#f1f5f9!important;padding:2px 6px!important;border-radius:3px!important;color:#1e293b!important}
#frq15q1 pre code{background:transparent!important;padding:0!important;color:#e2e8f0!important;font-size:inherit!important}
#frq15q1 table{width:100%!important;border-collapse:collapse!important;margin:0 0 20px!important;font-size:15px!important}
#frq15q1 th{background:#f8fafc!important;color:#475569!important;font-weight:600!important;padding:10px 14px!important;text-align:left!important;border-bottom:2px solid #e2e8f0!important;font-size:13px!important;text-transform:uppercase!important;letter-spacing:0.4px!important}
#frq15q1 td{padding:10px 14px!important;border-bottom:1px solid #f1f5f9!important;color:#1e293b!important;vertical-align:top!important}
#frq15q1 tr:last-child td{border-bottom:none!important}
#frq15q1 .frq-breadcrumb{font-size:14px!important;color:#64748b!important;margin-bottom:24px!important;display:block!important}
#frq15q1 .frq-breadcrumb a{color:#2563eb!important;-webkit-text-fill-color:#2563eb!important;text-decoration:none!important;font-size:14px!important}
#frq15q1 .frq-breadcrumb a:link,#frq15q1 .frq-breadcrumb a:visited{color:#2563eb!important;-webkit-text-fill-color:#2563eb!important}
#frq15q1 .frq-year-label{display:inline-block!important;background:#dbeafe!important;color:#1e40af!important;-webkit-text-fill-color:#1e40af!important;font-size:13px!important;font-weight:600!important;padding:4px 12px!important;border-radius:4px!important;margin-bottom:8px!important;letter-spacing:0.5px!important;text-transform:uppercase!important}
#frq15q1 .frq-subtitle{color:#64748b!important;font-size:15px!important;margin:0 0 20px!important;line-height:1.6!important}
#frq15q1 .frq-badges{display:flex!important;flex-wrap:wrap!important;gap:8px!important;margin-bottom:24px!important}
#frq15q1 .frq-badge{display:inline-block!important;padding:6px 14px!important;border-radius:20px!important;font-size:13px!important;font-weight:600!important;line-height:1.4!important}
#frq15q1 .frq-badge-blue{background:#dbeafe!important;color:#1e40af!important;-webkit-text-fill-color:#1e40af!important}
#frq15q1 .frq-badge-green{background:#dcfce7!important;color:#166534!important;-webkit-text-fill-color:#166534!important}
#frq15q1 .frq-badge-purple{background:#ede9fe!important;color:#5b21b6!important;-webkit-text-fill-color:#5b21b6!important}
#frq15q1 .frq-badge-amber{background:#fef3c7!important;color:#92400e!important;-webkit-text-fill-color:#92400e!important}
#frq15q1 .frq-meta-table td{padding:10px 16px!important;border-bottom:1px solid #e5e7eb!important}
#frq15q1 .frq-meta-table td:first-child{font-weight:600!important;color:#475569!important;width:160px!important}
#frq15q1 .frq-jumplinks{display:flex!important;flex-wrap:wrap!important;gap:8px!important;margin:0 0 32px!important;padding:14px 0!important;border-top:1px solid #e5e7eb!important;border-bottom:1px solid #e5e7eb!important}
#frq15q1 .frq-jumplinks a{display:inline-block!important;padding:5px 13px!important;background:#f1f5f9!important;color:#334155!important;-webkit-text-fill-color:#334155!important;border-radius:5px!important;font-size:13px!important;font-weight:600!important;text-decoration:none!important}
#frq15q1 .frq-jumplinks a:link,#frq15q1 .frq-jumplinks a:visited{color:#334155!important;-webkit-text-fill-color:#334155!important;text-decoration:none!important}
#frq15q1 .frq-jumplinks a:hover{background:#e2e8f0!important;color:#1e293b!important;-webkit-text-fill-color:#1e293b!important}
#frq15q1 .frq-timer{display:flex!important;align-items:center!important;gap:12px!important;background:#f8fafc!important;padding:12px 20px!important;border-radius:8px!important;margin:24px 0!important;border:1px solid #e2e8f0!important}
#frq15q1 .frq-timer-label{font-size:13px!important;font-weight:600!important;color:#64748b!important}
#frq15q1 .frq-timer-display{font-size:1.6em!important;font-weight:800!important;color:#1e3a8a!important;-webkit-text-fill-color:#1e3a8a!important;font-family:monospace!important;min-width:60px!important}
#frq15q1 .frq-timer button{padding:6px 16px!important;border:none!important;border-radius:6px!important;font-size:13px!important;font-weight:600!important;cursor:pointer!important;background:#1e3a8a!important;color:#fff!important;-webkit-text-fill-color:#fff!important}
#frq15q1 .frq-timer button:hover{background:#1e40af!important}
#frq15q1 .frq-editor textarea{width:100%!important;min-height:180px!important;font-family:'Consolas','Monaco','Courier New',monospace!important;font-size:14px!important;padding:14px!important;border:2px solid #e2e8f0!important;border-radius:8px!important;resize:vertical!important;background:#1e293b!important;color:#e2e8f0!important;line-height:1.6!important;outline:none!important}
#frq15q1 .frq-editor-hint{display:block!important;font-size:11px!important;color:#94a3b8!important;margin-top:4px!important;text-align:right!important}
#frq15q1 .btn{display:inline-block!important;padding:8px 20px!important;border-radius:7px!important;font-size:14px!important;font-weight:600!important;cursor:pointer!important;border:none!important;text-decoration:none!important;opacity:1!important;visibility:visible!important}
#frq15q1 .btn:link,#frq15q1 .btn:visited{text-decoration:none!important}
#frq15q1 .btn-sm{padding:6px 16px!important;font-size:13px!important}
#frq15q1 .btn-green{background:#16a34a!important;color:#fff!important;-webkit-text-fill-color:#fff!important}
#frq15q1 .btn-green:link,#frq15q1 .btn-green:visited{color:#fff!important;-webkit-text-fill-color:#fff!important}
#frq15q1 .btn-outline{background:#f1f5f9!important;color:#334155!important;-webkit-text-fill-color:#334155!important;border:1px solid #e2e8f0!important}
#frq15q1 .btn-outline:link,#frq15q1 .btn-outline:visited{color:#334155!important;-webkit-text-fill-color:#334155!important}
#frq15q1 .frq-collapsible{width:100%!important;background:#f8fafc!important;border:1px solid #e2e8f0!important;padding:12px 16px!important;text-align:left!important;font-size:15px!important;font-weight:600!important;cursor:pointer!important;border-radius:7px!important;color:#1e40af!important;-webkit-text-fill-color:#1e40af!important;margin:12px 0 0!important}
#frq15q1 .frq-collapsible-content{display:none!important;padding:16px!important;border:1px solid #e2e8f0!important;border-top:none!important;border-radius:0 0 7px 7px!important;background:#fff!important;margin-bottom:16px!important}
#frq15q1 .frq-collapsible-content.open{display:block!important}
#frq15q1 .key-insight{background:#eff6ff!important;border-left:4px solid #3b82f6!important;padding:12px 16px!important;border-radius:0 6px 6px 0!important;margin:12px 0!important;font-size:14px!important;color:#1e40af!important;-webkit-text-fill-color:#1e40af!important}
#frq15q1 .mistake-block{border:1px solid #fecaca!important;border-radius:8px!important;overflow:hidden!important;margin-bottom:16px!important}
#frq15q1 .mistake-header{background:#fef2f2!important;padding:10px 16px!important;font-weight:600!important;font-size:15px!important;color:#991b1b!important;-webkit-text-fill-color:#991b1b!important}
#frq15q1 .mistake-body{padding:14px 16px!important}
#frq15q1 .mistake-label{display:inline-block!important;font-size:12px!important;font-weight:700!important;padding:2px 8px!important;border-radius:4px!important;margin-bottom:4px!important}
#frq15q1 .mistake-wrong{background:#fef2f2!important;color:#991b1b!important;-webkit-text-fill-color:#991b1b!important}
#frq15q1 .mistake-right{background:#dcfce7!important;color:#166534!important;-webkit-text-fill-color:#166534!important}
#frq15q1 .exam-tip{background:#fefce8!important;border-left:4px solid #eab308!important;padding:12px 16px!important;margin-bottom:10px!important;border-radius:0 6px 6px 0!important;font-size:14px!important;color:#713f12!important;-webkit-text-fill-color:#713f12!important}
#frq15q1 .cta-box{background:#eff6ff!important;border:1px solid #bfdbfe!important;border-radius:10px!important;padding:24px!important;margin-top:40px!important;text-align:center!important}
#frq15q1 .cta-box h3{color:#1e3a8a!important;-webkit-text-fill-color:#1e3a8a!important;margin:0 0 8px!important;font-size:1.2em!important}
#frq15q1 .cta-box p{color:#475569!important;margin:0 0 16px!important;font-size:15px!important}
#frq15q1 .frq-nav{display:flex!important;justify-content:space-between!important;margin:40px 0 0!important;padding:16px 0!important;border-top:2px solid #e5e7eb!important;gap:12px!important}
#frq15q1 .frq-nav a{display:inline-block!important;padding:8px 18px!important;background:#f1f5f9!important;color:#1e40af!important;-webkit-text-fill-color:#1e40af!important;border-radius:7px!important;font-size:14px!important;font-weight:700!important;text-decoration:none!important;border:1px solid #e2e8f0!important}
#frq15q1 .frq-nav a:link,#frq15q1 .frq-nav a:visited{color:#1e40af!important;-webkit-text-fill-color:#1e40af!important;text-decoration:none!important}
#frq15q1 .frq-nav a:hover{background:#dbeafe!important}
#frq15q1 .classic-note{background:#fef3c7!important;border:1px solid #f59e0b!important;border-left:4px solid #f59e0b!important;border-radius:8px!important;padding:12px 16px!important;margin:16px 0!important;font-size:14px!important;color:#78350f!important;-webkit-text-fill-color:#78350f!important}
#frq15q1 .skip-banner{background:#fef2f2!important;border:2px solid #ef4444!important;border-radius:8px!important;padding:20px!important;margin:20px 0!important;text-align:center!important}
#frq15q1 .skip-banner p{color:#991b1b!important;-webkit-text-fill-color:#991b1b!important;font-size:16px!important;font-weight:600!important;margin:0 0 8px!important}
#frq15q1 .skip-banner a{color:#2563eb!important;-webkit-text-fill-color:#2563eb!important}
#frq15q1 .frq-pdf-wrap{border:1px solid #e2e8f0!important;border-radius:8px!important;overflow:hidden!important;margin:12px 0!important}
#frq15q1 .frq-pdf-wrap iframe{width:100%!important;height:500px!important;border:none!important;display:block!important}
#frq15q1 .frq-pdf-fallback{padding:20px!important;text-align:center!important;background:#f8fafc!important}
@media(max-width:600px){
  #frq15q1 .frq-nav{flex-direction:column!important}
  #frq15q1 .frq-pdf-wrap iframe{height:350px!important}
}</style>

<div class=""frq-breadcrumb"">
<a href=""/pages/ap-csa-frq-archive"">FRQ Archive</a> ›
<a href=""/pages/ap-csa-frq-2015"">2015 FRQs</a> ›
FRQ 1: DiverseArray
</div>
<div class=""frq-year-label"">2015 AP CSA • 2D Array Operations</div>
<h1>AP CSA 2015 FRQ 1: DiverseArray</h1>


<p class=""frq-subtitle"">Complete solution, scoring rubric, and walkthrough — verified from the official College Board PDF</p>
<div class=""frq-badges"">
  <span class=""frq-badge frq-badge-blue"">9 Points</span>
  <span class=""frq-badge frq-badge-amber"">Medium</span>
  <span class=""frq-badge frq-badge-amber"">2D Array Operations</span>
  <span class=""frq-badge frq-badge-amber"">Classic Format (Pre-2019)</span>
</div>

<table class=""frq-meta-table"">
<tr>
<td>Question Type</td>
<td>2D Array Operations</td>
</tr>
<tr>
<td>Key Skills</td>
<td>Write three static methods: arraySum() (sum a 1D int array), rowSums() (return an array of row sums for a 2D array by ca</td>
</tr>
<tr>
<td>Difficulty</td>
<td>Medium</td>
</tr>
<tr>
<td>AP CSA Units</td>
<td>
<a href=""/pages/ap-csa-unit-4-data-collections-study-guide""><strong>Unit 4: Data Collections</strong></a> (1D and 2D array traversal, accumulation) and <a href=""/pages/ap-csa-unit-3-class-creation-study-guide""><strong>Unit 3</strong></a> (static methods, method composition).</td>
</tr>
</table>

<div class=""frq-jumplinks"">
<a href=""#frq15q1-pdf"">Official PDF</a>
<a href=""#frq15q1-provided"">Provided Code</a>
<a href=""#frq15q1-parta"">Part A — arraySum</a><a href=""#frq15q1-partb"">Part B — rowSums</a><a href=""#frq15q1-partc"">Part C — isDiverse</a>
<a href=""#frq15q1-mistakes"">Mistakes</a>
<a href=""#frq15q1-tips"">Tips</a>
<a href=""#frq15q1-faq"">FAQ</a>
</div>

<h2>What This Problem Asks</h2>
<p>Write three static methods: arraySum() (sum a 1D int array), rowSums() (return an array of row sums for a 2D array by calling arraySum()), and isDiverse() (return true if all row sums are unique, using rowSums()).</p>

<h2 id=""frq15q1-pdf"">Official Question &amp; PDF</h2>
<p><a href=""https://secure-media.collegeboard.org/digitalServices/pdf/ap/ap15_frq_computer_science_a.pdf"" target=""_blank"" rel=""noopener"" class=""btn btn-sm btn-outline"">Download Full 2015 FRQ PDF →</a></p>
<div class=""frq-pdf-wrap"">
  <iframe src=""https://secure-media.collegeboard.org/digitalServices/pdf/ap/ap15_frq_computer_science_a.pdf#page=2"" title=""2015 AP CSA FRQ 1 DiverseArray"" loading=""lazy""></iframe>
  <div class=""frq-pdf-fallback""><p>PDF cannot display here. <a href=""https://secure-media.collegeboard.org/digitalServices/pdf/ap/ap15_frq_computer_science_a.pdf"" target=""_blank"" rel=""noopener"">Open PDF directly →</a></p></div>
</div>

<div id=""frq15q1-provided"">
<h2>Provided Code</h2>
<pre>// All three methods are static in a class named DiverseArray (not shown)
public static int arraySum(int[] arr) {
    /* part (a) */
}
public static int[] rowSums(int[][] arr2D) {
    /* part (b) */
}
public static boolean isDiverse(int[][] arr2D) {
    /* part (c) */
}</pre>
</div>

<div class=""frq-timer"">
  <span class=""frq-timer-label"">Timer</span>
  <span class=""frq-timer-display"" id=""frq15q1-timer"">22:00</span>
  <button onclick=""frq15q1Start()"">Start</button>
  <button onclick=""frq15q1Pause()"">Pause</button>
  <button onclick=""frq15q1Reset()"">Reset</button>
</div>


<div id=""frq15q1-parta"">
<h2>Part A — arraySum (2 Points)</h2>
<p>Write arraySum(). Return the sum of all values in the 1D array arr.</p>
<div class=""frq-editor"">
<textarea id=""frq15q1-parta-ea"" placeholder=""// Write your solution here...""></textarea><span class=""frq-editor-hint"">Drag corner to expand ▽</span>
</div>
<p><button class=""btn btn-sm btn-green"" onclick=""document.getElementById('frq15q1-sol-parta').classList.add('open')"">Check Answer</button> <button class=""btn btn-sm btn-outline"" onclick=""document.getElementById('frq15q1-parta-ea').value=''"">Clear</button></p>
<button class=""frq-collapsible"" onclick=""this.nextElementSibling.classList.toggle('open')"">View Solution and Rubric ▼</button>
<div class=""frq-collapsible-content"" id=""frq15q1-sol-parta"">
<h4>Scoring Rubric</h4>
<table>
<tr>
<td><strong>+1</strong></td>
<td>Iterates over all elements of arr</td>
</tr>
<tr>
<td><strong>+1</strong></td>
<td>Returns correct sum (algorithm)</td>
</tr>
</table>
<h4>Solution</h4>
<pre>public static int arraySum(int[] arr)
{
    int sum = 0;
    for (int val : arr)
    {
        sum += val;
    }
    return sum;
}</pre>
<div class=""key-insight"">Simple accumulation. Use an enhanced for loop for clarity. Must call this in rowSums() to earn the dependency point.</div>
</div>
</div>
<div id=""frq15q1-partb"">
<h2>Part B — rowSums (3 Points)</h2>
<p>Write rowSums(). Return a 1D array where element k is the sum of row k of arr2D. Must call arraySum().</p>
<div class=""frq-editor"">
<textarea id=""frq15q1-partb-ea"" placeholder=""// Write your solution here...""></textarea><span class=""frq-editor-hint"">Drag corner to expand ▽</span>
</div>
<p><button class=""btn btn-sm btn-green"" onclick=""document.getElementById('frq15q1-sol-partb').classList.add('open')"">Check Answer</button> <button class=""btn btn-sm btn-outline"" onclick=""document.getElementById('frq15q1-partb-ea').value=''"">Clear</button></p>
<button class=""frq-collapsible"" onclick=""this.nextElementSibling.classList.toggle('open')"">View Solution and Rubric ▼</button>
<div class=""frq-collapsible-content"" id=""frq15q1-sol-partb"">
<h4>Scoring Rubric</h4>
<table>
<tr>
<td><strong>+1</strong></td>
<td>Creates result array of correct length (arr2D.length)</td>
</tr>
<tr>
<td><strong>+1</strong></td>
<td>Calls arraySum() for each row</td>
</tr>
<tr>
<td><strong>+1</strong></td>
<td>Returns the complete sums array (algorithm)</td>
</tr>
</table>
<h4>Solution</h4>
<pre>public static int[] rowSums(int[][] arr2D)
{
    int[] sums = new int[arr2D.length];
    for (int r = 0; r &lt; arr2D.length; r++)
    {
        sums[r] = arraySum(arr2D[r]);
    }
    return sums;
}</pre>
<div class=""key-insight"">arr2D[r] passes row r as a 1D array directly to arraySum(). The result array has arr2D.length elements — one per row. Must call arraySum() for rubric credit.</div>
</div>
</div>
<div id=""frq15q1-partc"">
<h2>Part C — isDiverse (4 Points)</h2>
<p>Write isDiverse(). Return true if no two rows have the same sum. Must call rowSums().</p>
<div class=""frq-editor"">
<textarea id=""frq15q1-partc-ea"" placeholder=""// Write your solution here...""></textarea><span class=""frq-editor-hint"">Drag corner to expand ▽</span>
</div>
<p><button class=""btn btn-sm btn-green"" onclick=""document.getElementById('frq15q1-sol-partc').classList.add('open')"">Check Answer</button> <button class=""btn btn-sm btn-outline"" onclick=""document.getElementById('frq15q1-partc-ea').value=''"">Clear</button></p>
<button class=""frq-collapsible"" onclick=""this.nextElementSibling.classList.toggle('open')"">View Solution and Rubric ▼</button>
<div class=""frq-collapsible-content"" id=""frq15q1-sol-partc"">
<h4>Scoring Rubric</h4>
<table>
<tr>
<td><strong>+1</strong></td>
<td>Calls rowSums() to get the sums array</td>
</tr>
<tr>
<td><strong>+1</strong></td>
<td>Compares each pair of sums</td>
</tr>
<tr>
<td><strong>+1</strong></td>
<td>Returns false if any duplicate found</td>
</tr>
<tr>
<td><strong>+1</strong></td>
<td>Returns true if all unique (algorithm)</td>
</tr>
</table>
<h4>Solution</h4>
<pre>public static boolean isDiverse(int[][] arr2D)
{
    int[] sums = rowSums(arr2D);

    for (int i = 0; i &lt; sums.length - 1; i++)
    {
        for (int j = i + 1; j &lt; sums.length; j++)
        {
            if (sums[i] == sums[j])
                return false;
        }
    }
    return true;
}</pre>
<div class=""key-insight"">Must call rowSums() for the dependency point. Then check all pairs (i, j) where i &lt; j for equality — return false immediately on any duplicate, true only after all pairs pass.</div>
</div>
</div>

<h2>Common Mistakes to Avoid</h2>
<div class=""mistake-block"">
<div class=""mistake-header"">Reimplementing arraySum inside rowSums instead of calling it</div>
<div class=""mistake-body"">
<p><span class=""mistake-label mistake-wrong"">Wrong</span></p>
<pre>for (int c = 0; c &lt; arr2D[r].length; c++) sums[r] += arr2D[r][c]; // no call</pre>
<p><span class=""mistake-label mistake-right"">Correct</span></p>
<pre>sums[r] = arraySum(arr2D[r]); // required call</pre>
<p>The rubric explicitly requires calling the helper methods. Reimplementing the logic instead of calling them loses the dependency point.</p>
</div>
</div>
<div class=""mistake-block"">
<div class=""mistake-header"">Using arr.length instead of arr2D.length for the result array size</div>
<div class=""mistake-body"">
<p><span class=""mistake-label mistake-wrong"">Wrong</span></p>
<pre>int[] sums = new int[arr.length]; // arr is not defined here</pre>
<p><span class=""mistake-label mistake-right"">Correct</span></p>
<pre>int[] sums = new int[arr2D.length]; // correct — one sum per row</pre>
<p>The result array needs arr2D.length elements, one for each row of the 2D input.</p>
</div>
</div>
<h2>Exam Tips</h2>
<div class=""exam-tip"">The explicit instruction to call the helper methods is a free rubric point — don't miss it.</div>
<div class=""exam-tip"">For isDiverse(), use a nested loop comparing all pairs rather than sorting, since sorting isn't needed and introduces extra complexity.</div>

<div id=""frq15q1-faq"">
<h2>Frequently Asked Questions</h2>
<div style=""border-bottom:1px solid #f1f5f9!important;padding:14px 0!important"">
<h3 style=""font-size:15px!important;font-weight:600!important;color:#1e293b!important;-webkit-text-fill-color:#1e293b!important;margin:0 0 6px!important"">What does 2015 AP CSA FRQ 1 DiverseArray ask?</h3>
<p style=""font-size:14px!important;color:#475569!important;margin:0!important"">It asks students to write three static methods in a method-composition chain: arraySum() sums a 1D array, rowSums() calls arraySum() for each row and returns the sums, and isDiverse() calls rowSums() and checks that no two row sums are equal.</p>
</div>
<div style=""border-bottom:1px solid #f1f5f9!important;padding:14px 0!important"">
<h3 style=""font-size:15px!important;font-weight:600!important;color:#1e293b!important;-webkit-text-fill-color:#1e293b!important;margin:0 0 6px!important"">Why does the rubric require calling the helper methods?</h3>
<p style=""font-size:14px!important;color:#475569!important;margin:0!important"">The problem explicitly states to use the provided methods. This tests method composition — a core AP CSA skill. Reimplementing the logic instead of calling the existing method loses the dependency rubric point even if the output is correct.</p>
</div>
</div>

<div class=""cta-box"">
<h3>See All 2015 AP CSA FRQs</h3>
<p>View the complete 2015 exam hub with solutions, difficulty analysis, and scoring for all four questions.</p>
<a href=""/pages/ap-csa-frq-2015"" class=""btn"" style=""background:#1e3a8a!important;color:#fff!important;-webkit-text-fill-color:#fff!important;text-decoration:none!important;"">View 2015 FRQ Hub →</a>
</div>

<div class=""frq-nav"">
  <div><a href=""/pages/ap-csa-frq-2015"">← 2015 Hub</a></div>
  <div><a href=""/pages/ap-csa-frq-2015"">2015 Hub</a></div>
  <div><a href=""/pages/ap-csa-2015-frq-2-hiddenword"">FRQ 2 →</a></div>
</div>
</div>
<script>var frq15q1Secs=22*60,frq15q1Int=null;
function frq15q1Start(){if(frq15q1Int)return;frq15q1Int=setInterval(function(){if(frq15q1Secs<=0){clearInterval(frq15q1Int);frq15q1Int=null;return;}frq15q1Secs--;var m=Math.floor(frq15q1Secs/60),s=frq15q1Secs%60;document.getElementById('frq15q1-timer').textContent=(m<10?'0':'')+m+':'+(s<10?'0':'')+s;},1000);}
function frq15q1Pause(){clearInterval(frq15q1Int);frq15q1Int=null;}
function frq15q1Reset(){frq15q1Pause();frq15q1Secs=22*60;document.getElementById('frq15q1-timer').textContent='22:00';}</script>","TRUE","2026-03-01 12:00:00"
"ap-csa-2015-frq-2-hiddenword","MERGE","<style>#frq2026note-ap-csa-2015-frq-2-hiddenword{all:initial!important;display:block!important;box-sizing:border-box!important;font-family:-apple-system,BlinkMacSystemFont,""Segoe UI"",Roboto,Helvetica,Arial,sans-serif!important;background:#fffbeb!important;border:1px solid #fcd34d!important;border-left:5px solid #d97706!important;border-radius:8px!important;margin:0 0 18px 0!important;padding:0!important;overflow:hidden!important;}#frq2026note-ap-csa-2015-frq-2-hiddenword *{box-sizing:border-box!important;font-family:inherit!important;}#frq2026note-ap-csa-2015-frq-2-hiddenword summary{display:block!important;cursor:pointer!important;padding:12px 15px!important;font-size:0.95em!important;line-height:1.5!important;list-style:none!important;color:#78350f!important;-webkit-text-fill-color:#78350f!important;}#frq2026note-ap-csa-2015-frq-2-hiddenword summary::-webkit-details-marker{display:none!important;}#frq2026note-ap-csa-2015-frq-2-hiddenword summary::marker{content:""""!important;}#frq2026note-ap-csa-2015-frq-2-hiddenword summary:hover{background:#fef3c7!important;}#frq2026note-ap-csa-2015-frq-2-hiddenword summary strong{font-weight:700!important;color:#78350f!important;-webkit-text-fill-color:#78350f!important;}#frq2026note-ap-csa-2015-frq-2-hiddenword .n26-body{display:block!important;padding:0 15px 14px!important;font-size:0.92em!important;line-height:1.6!important;color:#78350f!important;-webkit-text-fill-color:#78350f!important;}#frq2026note-ap-csa-2015-frq-2-hiddenword .n26-body p{margin:0 0 10px!important;color:#78350f!important;-webkit-text-fill-color:#78350f!important;}#frq2026note-ap-csa-2015-frq-2-hiddenword .n26-body strong{font-weight:700!important;color:#78350f!important;-webkit-text-fill-color:#78350f!important;}#frq2026note-ap-csa-2015-frq-2-hiddenword table{border-collapse:collapse!important;width:100%!important;margin:0 0 10px!important;font-size:0.95em!important;background:#fffdf5!important;}#frq2026note-ap-csa-2015-frq-2-hiddenword th,#frq2026note-ap-csa-2015-frq-2-hiddenword td{border:1px solid #fcd34d!important;padding:6px 9px!important;text-align:left!important;color:#78350f!important;-webkit-text-fill-color:#78350f!important;}#frq2026note-ap-csa-2015-frq-2-hiddenword th{background:#fef3c7!important;font-weight:700!important;}#frq2026note-ap-csa-2015-frq-2-hiddenword a{color:#92400e!important;-webkit-text-fill-color:#92400e!important;text-decoration:underline!important;}#frq2026note-ap-csa-2015-frq-2-hiddenword .n26-src{font-size:0.85em!important;font-style:italic!important;margin:0!important;}</style>
<details id=""frq2026note-ap-csa-2015-frq-2-hiddenword"">
<summary><strong>Heads up: the May 2027 exam scores free response differently from this one.</strong> Tap for the current point structure.</summary>
<div class=""n26-body"">
<p>Every AP CSA free-response question from 2004 through 2025 was worth <strong>9 points</strong>, and the section was 36. From 2026 the four questions are worth <strong>7, 7, 5 and 6</strong>, the section is <strong>25 points</strong>, and only Question 1 has parts.</p>
<table><tr><th>Question</th><th>Points</th><th>Parts</th><th>Type</th></tr><tr><td>Question 1</td><td><strong>7</strong></td><td>Part A 4 + Part B 3</td><td>Methods and Control Structures</td></tr><tr><td>Question 2</td><td><strong>7</strong></td><td>single part</td><td>Class Design</td></tr><tr><td>Question 3</td><td><strong>5</strong></td><td>single part</td><td>Data Analysis with ArrayList</td></tr><tr><td>Question 4</td><td><strong>6</strong></td><td>single part</td><td>2D Array</td></tr></table>
<p>Section I is now 42 multiple-choice questions at 55% of the score, and Section II is 45%. The question on this page is still worth practising. The 9 points printed below it are not the rubric you will be scored against.</p>
<p class=""n26-src"">Point totals from College Board's 2026 scoring guidelines; section weightings from the AP Computer Science A exam page. See the <a href=""/pages/ap-csa-frq-2026"">2026 questions</a> for the current format.</p>
</div>
</details>
<script type=""application/ld+json"">{""@context"":""https://schema.org"",""@type"":""FAQPage"",""mainEntity"":[{""@type"":""Question"",""name"":""What does 2015 AP CSA FRQ 2 HiddenWord ask?"",""acceptedAnswer"":{""@type"":""Answer"",""text"":""It asks students to write a complete HiddenWord class with a constructor and getHint() method. getHint() returns a hint string where '+' means correct position, '*' means letter is in the word at a different position, and '?' means letter is not in the word.""}},
    {""@type"":""Question"",""name"":""What is the most common mistake on HiddenWord?"",""acceptedAnswer"":{""@type"":""Answer"",""text"":""Checking whether the letter is anywhere in the hidden word before checking if it's in the exact position. This causes exact matches to be reported as '*' instead of '+'. Always check for exact position match first.""}}]}</script>
<script type=""application/ld+json"">{""@context"":""https://schema.org"",""@type"":""BreadcrumbList"",""itemListElement"":[{""@type"":""ListItem"",""position"":1,""name"":""FRQ Archive"",""item"":""https://www.apcsexamprep.com/pages/ap-csa-frq-archive""},{""@type"":""ListItem"",""position"":2,""name"":""2015 AP CSA FRQs"",""item"":""https://www.apcsexamprep.com/pages/ap-csa-frq-2015""},{""@type"":""ListItem"",""position"":3,""name"":""FRQ 2: HiddenWord"",""item"":""https://www.apcsexamprep.com/pages/ap-csa-2015-frq-2-hiddenword""}]}</script>
<script type=""application/ld+json"">{""@context"":""https://schema.org"",""@type"":""Article"",""headline"":""AP CSA 2015 FRQ 2: HiddenWord — Complete Solution & Scoring"",""description"":""Complete solution for 2015 AP CSA FRQ 2 HiddenWord. Rubric, common mistakes & exam tips from College Board PDF."",""author"":{""@type"":""Person"",""name"":""Tanner Crow"",""url"":""https://www.wyzant.com/tutors/tannerc12""},""publisher"":{""@type"":""Organization"",""name"":""AP CS Exam Prep"",""url"":""https://www.apcsexamprep.com""},""datePublished"":""2015-09-01"",""dateModified"":""2026-03-17"",""educationalLevel"":""AP""}</script>
<div id=""frq15q2"">
<style>
.page-title,.article__title,.page__title,.template-page h1:first-of-type{display:none!important}
#frq15q2{all:initial!important;display:block!important;font-family:-apple-system,BlinkMacSystemFont,'Segoe UI',Roboto,Oxygen,Ubuntu,Cantarell,sans-serif!important;line-height:1.7!important;color:#1e293b!important;max-width:880px!important;margin:0 auto!important;padding:24px 20px 60px!important;-webkit-font-smoothing:antialiased!important;background:#ffffff!important}
#frq15q2 *{box-sizing:border-box!important}
#frq15q2 h1{font-size:2em!important;font-weight:800!important;color:#1e3a8a!important;-webkit-text-fill-color:#1e3a8a!important;margin:0 0 8px!important;line-height:1.2!important;border:none!important;padding:0!important}
#frq15q2 h2{font-size:1.5em!important;font-weight:700!important;color:#1e40af!important;-webkit-text-fill-color:#1e40af!important;margin:40px 0 16px!important;padding-left:12px!important;border-left:4px solid #60a5fa!important;border-bottom:none!important;line-height:1.3!important}
#frq15q2 h3{font-size:1.2em!important;font-weight:600!important;color:#1e40af!important;-webkit-text-fill-color:#1e40af!important;margin:24px 0 12px!important;line-height:1.3!important}
#frq15q2 h4{font-size:1.05em!important;font-weight:600!important;color:#334155!important;margin:20px 0 10px!important}
#frq15q2 p{margin:0 0 16px!important;color:#1e293b!important;font-size:16px!important;line-height:1.7!important}
#frq15q2 a{color:#2563eb!important;-webkit-text-fill-color:#2563eb!important;text-decoration:underline!important}
#frq15q2 a:link,#frq15q2 a:visited{color:#2563eb!important;-webkit-text-fill-color:#2563eb!important}
#frq15q2 a:hover{color:#1d4ed8!important;-webkit-text-fill-color:#1d4ed8!important}
#frq15q2 strong{font-weight:700!important;color:#1e293b!important}
#frq15q2 ul,#frq15q2 ol{margin:0 0 16px!important;padding-left:24px!important;color:#1e293b!important}
#frq15q2 li{margin:0 0 8px!important;font-size:16px!important;line-height:1.7!important}
#frq15q2 pre{background:#1e293b!important;color:#e2e8f0!important;padding:20px!important;border-radius:8px!important;overflow-x:auto!important;font-family:'Consolas','Monaco','Courier New',monospace!important;font-size:14px!important;line-height:1.6!important;margin:0 0 20px!important;white-space:pre!important}
#frq15q2 code{font-family:'Consolas','Monaco','Courier New',monospace!important;font-size:0.9em!important;background:#f1f5f9!important;padding:2px 6px!important;border-radius:3px!important;color:#1e293b!important}
#frq15q2 pre code{background:transparent!important;padding:0!important;color:#e2e8f0!important;font-size:inherit!important}
#frq15q2 table{width:100%!important;border-collapse:collapse!important;margin:0 0 20px!important;font-size:15px!important}
#frq15q2 th{background:#f8fafc!important;color:#475569!important;font-weight:600!important;padding:10px 14px!important;text-align:left!important;border-bottom:2px solid #e2e8f0!important;font-size:13px!important;text-transform:uppercase!important;letter-spacing:0.4px!important}
#frq15q2 td{padding:10px 14px!important;border-bottom:1px solid #f1f5f9!important;color:#1e293b!important;vertical-align:top!important}
#frq15q2 tr:last-child td{border-bottom:none!important}
#frq15q2 .frq-breadcrumb{font-size:14px!important;color:#64748b!important;margin-bottom:24px!important;display:block!important}
#frq15q2 .frq-breadcrumb a{color:#2563eb!important;-webkit-text-fill-color:#2563eb!important;text-decoration:none!important;font-size:14px!important}
#frq15q2 .frq-breadcrumb a:link,#frq15q2 .frq-breadcrumb a:visited{color:#2563eb!important;-webkit-text-fill-color:#2563eb!important}
#frq15q2 .frq-year-label{display:inline-block!important;background:#dbeafe!important;color:#1e40af!important;-webkit-text-fill-color:#1e40af!important;font-size:13px!important;font-weight:600!important;padding:4px 12px!important;border-radius:4px!important;margin-bottom:8px!important;letter-spacing:0.5px!important;text-transform:uppercase!important}
#frq15q2 .frq-subtitle{color:#64748b!important;font-size:15px!important;margin:0 0 20px!important;line-height:1.6!important}
#frq15q2 .frq-badges{display:flex!important;flex-wrap:wrap!important;gap:8px!important;margin-bottom:24px!important}
#frq15q2 .frq-badge{display:inline-block!important;padding:6px 14px!important;border-radius:20px!important;font-size:13px!important;font-weight:600!important;line-height:1.4!important}
#frq15q2 .frq-badge-blue{background:#dbeafe!important;color:#1e40af!important;-webkit-text-fill-color:#1e40af!important}
#frq15q2 .frq-badge-green{background:#dcfce7!important;color:#166534!important;-webkit-text-fill-color:#166534!important}
#frq15q2 .frq-badge-purple{background:#ede9fe!important;color:#5b21b6!important;-webkit-text-fill-color:#5b21b6!important}
#frq15q2 .frq-badge-amber{background:#fef3c7!important;color:#92400e!important;-webkit-text-fill-color:#92400e!important}
#frq15q2 .frq-meta-table td{padding:10px 16px!important;border-bottom:1px solid #e5e7eb!important}
#frq15q2 .frq-meta-table td:first-child{font-weight:600!important;color:#475569!important;width:160px!important}
#frq15q2 .frq-jumplinks{display:flex!important;flex-wrap:wrap!important;gap:8px!important;margin:0 0 32px!important;padding:14px 0!important;border-top:1px solid #e5e7eb!important;border-bottom:1px solid #e5e7eb!important}
#frq15q2 .frq-jumplinks a{display:inline-block!important;padding:5px 13px!important;background:#f1f5f9!important;color:#334155!important;-webkit-text-fill-color:#334155!important;border-radius:5px!important;font-size:13px!important;font-weight:600!important;text-decoration:none!important}
#frq15q2 .frq-jumplinks a:link,#frq15q2 .frq-jumplinks a:visited{color:#334155!important;-webkit-text-fill-color:#334155!important;text-decoration:none!important}
#frq15q2 .frq-jumplinks a:hover{background:#e2e8f0!important;color:#1e293b!important;-webkit-text-fill-color:#1e293b!important}
#frq15q2 .frq-timer{display:flex!important;align-items:center!important;gap:12px!important;background:#f8fafc!important;padding:12px 20px!important;border-radius:8px!important;margin:24px 0!important;border:1px solid #e2e8f0!important}
#frq15q2 .frq-timer-label{font-size:13px!important;font-weight:600!important;color:#64748b!important}
#frq15q2 .frq-timer-display{font-size:1.6em!important;font-weight:800!important;color:#1e3a8a!important;-webkit-text-fill-color:#1e3a8a!important;font-family:monospace!important;min-width:60px!important}
#frq15q2 .frq-timer button{padding:6px 16px!important;border:none!important;border-radius:6px!important;font-size:13px!important;font-weight:600!important;cursor:pointer!important;background:#1e3a8a!important;color:#fff!important;-webkit-text-fill-color:#fff!important}
#frq15q2 .frq-timer button:hover{background:#1e40af!important}
#frq15q2 .frq-editor textarea{width:100%!important;min-height:180px!important;font-family:'Consolas','Monaco','Courier New',monospace!important;font-size:14px!important;padding:14px!important;border:2px solid #e2e8f0!important;border-radius:8px!important;resize:vertical!important;background:#1e293b!important;color:#e2e8f0!important;line-height:1.6!important;outline:none!important}
#frq15q2 .frq-editor-hint{display:block!important;font-size:11px!important;color:#94a3b8!important;margin-top:4px!important;text-align:right!important}
#frq15q2 .btn{display:inline-block!important;padding:8px 20px!important;border-radius:7px!important;font-size:14px!important;font-weight:600!important;cursor:pointer!important;border:none!important;text-decoration:none!important;opacity:1!important;visibility:visible!important}
#frq15q2 .btn:link,#frq15q2 .btn:visited{text-decoration:none!important}
#frq15q2 .btn-sm{padding:6px 16px!important;font-size:13px!important}
#frq15q2 .btn-green{background:#16a34a!important;color:#fff!important;-webkit-text-fill-color:#fff!important}
#frq15q2 .btn-green:link,#frq15q2 .btn-green:visited{color:#fff!important;-webkit-text-fill-color:#fff!important}
#frq15q2 .btn-outline{background:#f1f5f9!important;color:#334155!important;-webkit-text-fill-color:#334155!important;border:1px solid #e2e8f0!important}
#frq15q2 .btn-outline:link,#frq15q2 .btn-outline:visited{color:#334155!important;-webkit-text-fill-color:#334155!important}
#frq15q2 .frq-collapsible{width:100%!important;background:#f8fafc!important;border:1px solid #e2e8f0!important;padding:12px 16px!important;text-align:left!important;font-size:15px!important;font-weight:600!important;cursor:pointer!important;border-radius:7px!important;color:#1e40af!important;-webkit-text-fill-color:#1e40af!important;margin:12px 0 0!important}
#frq15q2 .frq-collapsible-content{display:none!important;padding:16px!important;border:1px solid #e2e8f0!important;border-top:none!important;border-radius:0 0 7px 7px!important;background:#fff!important;margin-bottom:16px!important}
#frq15q2 .frq-collapsible-content.open{display:block!important}
#frq15q2 .key-insight{background:#eff6ff!important;border-left:4px solid #3b82f6!important;padding:12px 16px!important;border-radius:0 6px 6px 0!important;margin:12px 0!important;font-size:14px!important;color:#1e40af!important;-webkit-text-fill-color:#1e40af!important}
#frq15q2 .mistake-block{border:1px solid #fecaca!important;border-radius:8px!important;overflow:hidden!important;margin-bottom:16px!important}
#frq15q2 .mistake-header{background:#fef2f2!important;padding:10px 16px!important;font-weight:600!important;font-size:15px!important;color:#991b1b!important;-webkit-text-fill-color:#991b1b!important}
#frq15q2 .mistake-body{padding:14px 16px!important}
#frq15q2 .mistake-label{display:inline-block!important;font-size:12px!important;font-weight:700!important;padding:2px 8px!important;border-radius:4px!important;margin-bottom:4px!important}
#frq15q2 .mistake-wrong{background:#fef2f2!important;color:#991b1b!important;-webkit-text-fill-color:#991b1b!important}
#frq15q2 .mistake-right{background:#dcfce7!important;color:#166534!important;-webkit-text-fill-color:#166534!important}
#frq15q2 .exam-tip{background:#fefce8!important;border-left:4px solid #eab308!important;padding:12px 16px!important;margin-bottom:10px!important;border-radius:0 6px 6px 0!important;font-size:14px!important;color:#713f12!important;-webkit-text-fill-color:#713f12!important}
#frq15q2 .cta-box{background:#eff6ff!important;border:1px solid #bfdbfe!important;border-radius:10px!important;padding:24px!important;margin-top:40px!important;text-align:center!important}
#frq15q2 .cta-box h3{color:#1e3a8a!important;-webkit-text-fill-color:#1e3a8a!important;margin:0 0 8px!important;font-size:1.2em!important}
#frq15q2 .cta-box p{color:#475569!important;margin:0 0 16px!important;font-size:15px!important}
#frq15q2 .frq-nav{display:flex!important;justify-content:space-between!important;margin:40px 0 0!important;padding:16px 0!important;border-top:2px solid #e5e7eb!important;gap:12px!important}
#frq15q2 .frq-nav a{display:inline-block!important;padding:8px 18px!important;background:#f1f5f9!important;color:#1e40af!important;-webkit-text-fill-color:#1e40af!important;border-radius:7px!important;font-size:14px!important;font-weight:700!important;text-decoration:none!important;border:1px solid #e2e8f0!important}
#frq15q2 .frq-nav a:link,#frq15q2 .frq-nav a:visited{color:#1e40af!important;-webkit-text-fill-color:#1e40af!important;text-decoration:none!important}
#frq15q2 .frq-nav a:hover{background:#dbeafe!important}
#frq15q2 .classic-note{background:#fef3c7!important;border:1px solid #f59e0b!important;border-left:4px solid #f59e0b!important;border-radius:8px!important;padding:12px 16px!important;margin:16px 0!important;font-size:14px!important;color:#78350f!important;-webkit-text-fill-color:#78350f!important}
#frq15q2 .skip-banner{background:#fef2f2!important;border:2px solid #ef4444!important;border-radius:8px!important;padding:20px!important;margin:20px 0!important;text-align:center!important}
#frq15q2 .skip-banner p{color:#991b1b!important;-webkit-text-fill-color:#991b1b!important;font-size:16px!important;font-weight:600!important;margin:0 0 8px!important}
#frq15q2 .skip-banner a{color:#2563eb!important;-webkit-text-fill-color:#2563eb!important}
#frq15q2 .frq-pdf-wrap{border:1px solid #e2e8f0!important;border-radius:8px!important;overflow:hidden!important;margin:12px 0!important}
#frq15q2 .frq-pdf-wrap iframe{width:100%!important;height:500px!important;border:none!important;display:block!important}
#frq15q2 .frq-pdf-fallback{padding:20px!important;text-align:center!important;background:#f8fafc!important}
@media(max-width:600px){
  #frq15q2 .frq-nav{flex-direction:column!important}
  #frq15q2 .frq-pdf-wrap iframe{height:350px!important}
}</style>

<div class=""frq-breadcrumb"">
<a href=""/pages/ap-csa-frq-archive"">FRQ Archive</a> ›
<a href=""/pages/ap-csa-frq-2015"">2015 FRQs</a> ›
FRQ 2: HiddenWord
</div>
<div class=""frq-year-label"">2015 AP CSA • Class Writing</div>
<h1>AP CSA 2015 FRQ 2: HiddenWord</h1>


<p class=""frq-subtitle"">Complete solution, scoring rubric, and walkthrough — verified from the official College Board PDF</p>
<div class=""frq-badges"">
  <span class=""frq-badge frq-badge-blue"">9 Points</span>
  <span class=""frq-badge frq-badge-amber"">Medium</span>
  <span class=""frq-badge frq-badge-purple"">Class Writing</span>
  <span class=""frq-badge frq-badge-amber"">Classic Format (Pre-2019)</span>
</div>

<table class=""frq-meta-table"">
<tr>
<td>Question Type</td>
<td>Class Writing</td>
</tr>
<tr>
<td>Key Skills</td>
<td>Write the complete HiddenWord class for a word-guessing game. The getHint() method returns a hint string: '+' for a lett</td>
</tr>
<tr>
<td>Difficulty</td>
<td>Medium</td>
</tr>
<tr>
<td>AP CSA Units</td>
<td>
<a href=""/pages/ap-csa-unit-3-class-creation-study-guide""><strong>Unit 3: Class Creation</strong></a> (complete class, constructor) and <a href=""/pages/ap-csa-unit-1-complete-study-guide""><strong>Unit 1</strong></a> (String methods: charAt(), indexOf(), length()).</td>
</tr>
</table>

<div class=""frq-jumplinks"">
<a href=""#frq15q2-pdf"">Official PDF</a>
<a href=""#frq15q2-provided"">Provided Code</a>
<a href=""#frq15q2-parta"">Entire HiddenWord Class</a>
<a href=""#frq15q2-mistakes"">Mistakes</a>
<a href=""#frq15q2-tips"">Tips</a>
<a href=""#frq15q2-faq"">FAQ</a>
</div>

<h2>What This Problem Asks</h2>
<p>Write the complete HiddenWord class for a word-guessing game. The getHint() method returns a hint string: '+' for a letter in the correct position, '*' for a letter present in the word but wrong position, '?' for a letter not in the word at all.</p>

<h2 id=""frq15q2-pdf"">Official Question &amp; PDF</h2>
<p><a href=""https://secure-media.collegeboard.org/digitalServices/pdf/ap/ap15_frq_computer_science_a.pdf"" target=""_blank"" rel=""noopener"" class=""btn btn-sm btn-outline"">Download Full 2015 FRQ PDF →</a></p>
<div class=""frq-pdf-wrap"">
  <iframe src=""https://secure-media.collegeboard.org/digitalServices/pdf/ap/ap15_frq_computer_science_a.pdf#page=8"" title=""2015 AP CSA FRQ 2 HiddenWord"" loading=""lazy""></iframe>
  <div class=""frq-pdf-fallback""><p>PDF cannot display here. <a href=""https://secure-media.collegeboard.org/digitalServices/pdf/ap/ap15_frq_computer_science_a.pdf"" target=""_blank"" rel=""noopener"">Open PDF directly →</a></p></div>
</div>

<div id=""frq15q2-provided"">
<h2>Provided Code</h2>
<pre>// Write the entire HiddenWord class
// It must have: private String hidden, a constructor, and getHint(String guess)</pre>
</div>

<div class=""frq-timer"">
  <span class=""frq-timer-label"">Timer</span>
  <span class=""frq-timer-display"" id=""frq15q2-timer"">22:00</span>
  <button onclick=""frq15q2Start()"">Start</button>
  <button onclick=""frq15q2Pause()"">Pause</button>
  <button onclick=""frq15q2Reset()"">Reset</button>
</div>


<div id=""frq15q2-parta"">
<h2>Entire HiddenWord Class (9 Points)</h2>
<p>Write the complete HiddenWord class with a constructor that stores the hidden word and a getHint() method that builds and returns the hint string.</p>
<div class=""frq-editor"">
<textarea id=""frq15q2-parta-ea"" placeholder=""// Write your solution here...""></textarea><span class=""frq-editor-hint"">Drag corner to expand ▽</span>
</div>
<p><button class=""btn btn-sm btn-green"" onclick=""document.getElementById('frq15q2-sol-parta').classList.add('open')"">Check Answer</button> <button class=""btn btn-sm btn-outline"" onclick=""document.getElementById('frq15q2-parta-ea').value=''"">Clear</button></p>
<button class=""frq-collapsible"" onclick=""this.nextElementSibling.classList.toggle('open')"">View Solution and Rubric ▼</button>
<div class=""frq-collapsible-content"" id=""frq15q2-sol-parta"">
<h4>Scoring Rubric</h4>
<table>
<tr>
<td><strong>+1</strong></td>
<td>Declares private instance variable for the hidden word</td>
</tr>
<tr>
<td><strong>+1</strong></td>
<td>Constructor stores the hidden word</td>
</tr>
<tr>
<td><strong>+1</strong></td>
<td>getHint() loops over all positions of guess</td>
</tr>
<tr>
<td><strong>+1</strong></td>
<td>Correct '+' for exact position match</td>
</tr>
<tr>
<td><strong>+1</strong></td>
<td>Correct '*' for letter in word but wrong position</td>
</tr>
<tr>
<td><strong>+1</strong></td>
<td>Correct '?' for letter not in word</td>
</tr>
<tr>
<td><strong>+1</strong></td>
<td>Builds hint string of same length as guess</td>
</tr>
<tr>
<td><strong>+1</strong></td>
<td>Handles all three cases correctly together (no overlap errors)</td>
</tr>
<tr>
<td><strong>+1</strong></td>
<td>Algorithm: returns correct hint string</td>
</tr>
</table>
<h4>Solution</h4>
<pre>public class HiddenWord
{
    private String hidden;

    public HiddenWord(String word)
    {
        hidden = word;
    }

    public String getHint(String guess)
    {
        String hint = """";

        for (int i = 0; i &lt; guess.length(); i++)
        {
            String letter = guess.substring(i, i + 1);

            if (letter.equals(hidden.substring(i, i + 1)))
            {
                hint += ""+"";
            }
            else if (hidden.indexOf(letter) &gt;= 0)
            {
                hint += ""*"";
            }
            else
            {
                hint += ""?"";
            }
        }

        return hint;
    }
}</pre>
<div class=""key-insight"">Check the exact position first ('+'), then check if the letter appears anywhere in the hidden word ('*'), and only use '?' if neither applies. Use String.indexOf() to check presence, or charAt() with == for char comparison.</div>
</div>
</div>

<h2>Common Mistakes to Avoid</h2>
<div class=""mistake-block"">
<div class=""mistake-header"">Checking '*' before '+' (wrong priority)</div>
<div class=""mistake-body"">
<p><span class=""mistake-label mistake-wrong"">Wrong</span></p>
<pre>if (hidden.contains(letter)) {
    hint += '*'; // marks exact match as *
}</pre>
<p><span class=""mistake-label mistake-right"">Correct</span></p>
<pre>if (letter.equals(hidden.substring(i,i+1))) {
    hint += '+'; // check exact first
}</pre>
<p>Always check for exact position match ('+') first. If you check for general presence ('*') first, exact matches get marked as '*' instead of '+'.</p>
</div>
</div>
<div class=""mistake-block"">
<div class=""mistake-header"">Using == for char comparison instead of .equals() for String</div>
<div class=""mistake-body"">
<p><span class=""mistake-label mistake-wrong"">Wrong</span></p>
<pre>if (guess.charAt(i) == hidden.charAt(i)) // works for char but be careful</pre>
<p><span class=""mistake-label mistake-right"">Correct</span></p>
<pre>if (letter.equals(hidden.substring(i, i+1))) // String comparison — safer</pre>
<p>If using charAt() (which returns char), == is correct. If using substring() (which returns String), use .equals(). Mixing them produces compilation errors or incorrect results.</p>
</div>
</div>
<h2>Exam Tips</h2>
<div class=""exam-tip"">The three cases are mutually exclusive and must be checked in order: exact match (+), present elsewhere (*), absent (?).</div>
<div class=""exam-tip"">String.indexOf(letter) returns -1 if not found, &gt;= 0 if found anywhere. This handles the '*' check cleanly.</div>
<div class=""exam-tip"">The hint has the same length as the guess word — your loop runs guess.length() times.</div>

<div id=""frq15q2-faq"">
<h2>Frequently Asked Questions</h2>
<div style=""border-bottom:1px solid #f1f5f9!important;padding:14px 0!important"">
<h3 style=""font-size:15px!important;font-weight:600!important;color:#1e293b!important;-webkit-text-fill-color:#1e293b!important;margin:0 0 6px!important"">What does 2015 AP CSA FRQ 2 HiddenWord ask?</h3>
<p style=""font-size:14px!important;color:#475569!important;margin:0!important"">It asks students to write a complete HiddenWord class with a constructor and getHint() method. getHint() returns a hint string where '+' means correct position, '*' means letter is in the word at a different position, and '?' means letter is not in the word.</p>
</div>
<div style=""border-bottom:1px solid #f1f5f9!important;padding:14px 0!important"">
<h3 style=""font-size:15px!important;font-weight:600!important;color:#1e293b!important;-webkit-text-fill-color:#1e293b!important;margin:0 0 6px!important"">What is the most common mistake on HiddenWord?</h3>
<p style=""font-size:14px!important;color:#475569!important;margin:0!important"">Checking whether the letter is anywhere in the hidden word before checking if it's in the exact position. This causes exact matches to be reported as '*' instead of '+'. Always check for exact position match first.</p>
</div>
</div>

<div class=""cta-box"">
<h3>See All 2015 AP CSA FRQs</h3>
<p>View the complete 2015 exam hub with solutions, difficulty analysis, and scoring for all four questions.</p>
<a href=""/pages/ap-csa-frq-2015"" class=""btn"" style=""background:#1e3a8a!important;color:#fff!important;-webkit-text-fill-color:#fff!important;text-decoration:none!important;"">View 2015 FRQ Hub →</a>
</div>

<div class=""frq-nav"">
  <div><a href=""/ap-csa-2015-frq-1-diversearray"">← FRQ 1</a></div>
  <div><a href=""/pages/ap-csa-frq-2015"">2015 Hub</a></div>
  <div><a href=""/pages/ap-csa-2015-frq-3-sparsearray"">FRQ 3 →</a></div>
</div>
</div>
<script>var frq15q2Secs=22*60,frq15q2Int=null;
function frq15q2Start(){if(frq15q2Int)return;frq15q2Int=setInterval(function(){if(frq15q2Secs<=0){clearInterval(frq15q2Int);frq15q2Int=null;return;}frq15q2Secs--;var m=Math.floor(frq15q2Secs/60),s=frq15q2Secs%60;document.getElementById('frq15q2-timer').textContent=(m<10?'0':'')+m+':'+(s<10?'0':'')+s;},1000);}
function frq15q2Pause(){clearInterval(frq15q2Int);frq15q2Int=null;}
function frq15q2Reset(){frq15q2Pause();frq15q2Secs=22*60;document.getElementById('frq15q2-timer').textContent='22:00';}</script>","TRUE","2026-03-01 12:00:00"
"ap-csa-2015-frq-3-sparsearray","MERGE","<style>#frq2026note-ap-csa-2015-frq-3-sparsearray{all:initial!important;display:block!important;box-sizing:border-box!important;font-family:-apple-system,BlinkMacSystemFont,""Segoe UI"",Roboto,Helvetica,Arial,sans-serif!important;background:#fffbeb!important;border:1px solid #fcd34d!important;border-left:5px solid #d97706!important;border-radius:8px!important;margin:0 0 18px 0!important;padding:0!important;overflow:hidden!important;}#frq2026note-ap-csa-2015-frq-3-sparsearray *{box-sizing:border-box!important;font-family:inherit!important;}#frq2026note-ap-csa-2015-frq-3-sparsearray summary{display:block!important;cursor:pointer!important;padding:12px 15px!important;font-size:0.95em!important;line-height:1.5!important;list-style:none!important;color:#78350f!important;-webkit-text-fill-color:#78350f!important;}#frq2026note-ap-csa-2015-frq-3-sparsearray summary::-webkit-details-marker{display:none!important;}#frq2026note-ap-csa-2015-frq-3-sparsearray summary::marker{content:""""!important;}#frq2026note-ap-csa-2015-frq-3-sparsearray summary:hover{background:#fef3c7!important;}#frq2026note-ap-csa-2015-frq-3-sparsearray summary strong{font-weight:700!important;color:#78350f!important;-webkit-text-fill-color:#78350f!important;}#frq2026note-ap-csa-2015-frq-3-sparsearray .n26-body{display:block!important;padding:0 15px 14px!important;font-size:0.92em!important;line-height:1.6!important;color:#78350f!important;-webkit-text-fill-color:#78350f!important;}#frq2026note-ap-csa-2015-frq-3-sparsearray .n26-body p{margin:0 0 10px!important;color:#78350f!important;-webkit-text-fill-color:#78350f!important;}#frq2026note-ap-csa-2015-frq-3-sparsearray .n26-body strong{font-weight:700!important;color:#78350f!important;-webkit-text-fill-color:#78350f!important;}#frq2026note-ap-csa-2015-frq-3-sparsearray table{border-collapse:collapse!important;width:100%!important;margin:0 0 10px!important;font-size:0.95em!important;background:#fffdf5!important;}#frq2026note-ap-csa-2015-frq-3-sparsearray th,#frq2026note-ap-csa-2015-frq-3-sparsearray td{border:1px solid #fcd34d!important;padding:6px 9px!important;text-align:left!important;color:#78350f!important;-webkit-text-fill-color:#78350f!important;}#frq2026note-ap-csa-2015-frq-3-sparsearray th{background:#fef3c7!important;font-weight:700!important;}#frq2026note-ap-csa-2015-frq-3-sparsearray a{color:#92400e!important;-webkit-text-fill-color:#92400e!important;text-decoration:underline!important;}#frq2026note-ap-csa-2015-frq-3-sparsearray .n26-src{font-size:0.85em!important;font-style:italic!important;margin:0!important;}</style>
<details id=""frq2026note-ap-csa-2015-frq-3-sparsearray"">
<summary><strong>Heads up: the May 2027 exam scores free response differently from this one.</strong> Tap for the current point structure.</summary>
<div class=""n26-body"">
<p>Every AP CSA free-response question from 2004 through 2025 was worth <strong>9 points</strong>, and the section was 36. From 2026 the four questions are worth <strong>7, 7, 5 and 6</strong>, the section is <strong>25 points</strong>, and only Question 1 has parts.</p>
<table><tr><th>Question</th><th>Points</th><th>Parts</th><th>Type</th></tr><tr><td>Question 1</td><td><strong>7</strong></td><td>Part A 4 + Part B 3</td><td>Methods and Control Structures</td></tr><tr><td>Question 2</td><td><strong>7</strong></td><td>single part</td><td>Class Design</td></tr><tr><td>Question 3</td><td><strong>5</strong></td><td>single part</td><td>Data Analysis with ArrayList</td></tr><tr><td>Question 4</td><td><strong>6</strong></td><td>single part</td><td>2D Array</td></tr></table>
<p>Section I is now 42 multiple-choice questions at 55% of the score, and Section II is 45%. The question on this page is still worth practising. The 9 points printed below it are not the rubric you will be scored against.</p>
<p class=""n26-src"">Point totals from College Board's 2026 scoring guidelines; section weightings from the AP Computer Science A exam page. See the <a href=""/pages/ap-csa-frq-2026"">2026 questions</a> for the current format.</p>
</div>
</details>
<script type=""application/ld+json"">{""@context"":""https://schema.org"",""@type"":""FAQPage"",""mainEntity"":[{""@type"":""Question"",""name"":""What does 2015 AP CSA FRQ 3 SparseArray ask?"",""acceptedAnswer"":{""@type"":""Answer"",""text"":""It asks students to write getValueAt() (find an entry at a specific row/column or return 0) and removeColumn() (remove all entries in a given column, then decrement the column value of all entries in higher columns and update numCols).""}},
    {""@type"":""Question"",""name"":""Why does removeColumn need to update column indices?"",""acceptedAnswer"":{""@type"":""Answer"",""text"":""A sparse array represents a 2D grid. When a column is removed, all columns to its right logically shift left by one. Entries that were in column k (where k > removed col) must update their stored column value to k-1 to remain correctly positioned in the grid.""}}]}</script>
<script type=""application/ld+json"">{""@context"":""https://schema.org"",""@type"":""BreadcrumbList"",""itemListElement"":[{""@type"":""ListItem"",""position"":1,""name"":""FRQ Archive"",""item"":""https://www.apcsexamprep.com/pages/ap-csa-frq-archive""},{""@type"":""ListItem"",""position"":2,""name"":""2015 AP CSA FRQs"",""item"":""https://www.apcsexamprep.com/pages/ap-csa-frq-2015""},{""@type"":""ListItem"",""position"":3,""name"":""FRQ 3: SparseArray"",""item"":""https://www.apcsexamprep.com/pages/ap-csa-2015-frq-3-sparsearray""}]}</script>
<script type=""application/ld+json"">{""@context"":""https://schema.org"",""@type"":""Article"",""headline"":""AP CSA 2015 FRQ 3: SparseArray — Complete Solution & Scoring"",""description"":""Complete solution for 2015 AP CSA FRQ 3 SparseArray. Rubric, common mistakes & exam tips from College Board PDF."",""author"":{""@type"":""Person"",""name"":""Tanner Crow"",""url"":""https://www.wyzant.com/tutors/tannerc12""},""publisher"":{""@type"":""Organization"",""name"":""AP CS Exam Prep"",""url"":""https://www.apcsexamprep.com""},""datePublished"":""2015-09-01"",""dateModified"":""2026-03-17"",""educationalLevel"":""AP""}</script>
<div id=""frq15q3"">
<style>
.page-title,.article__title,.page__title,.template-page h1:first-of-type{display:none!important}
#frq15q3{all:initial!important;display:block!important;font-family:-apple-system,BlinkMacSystemFont,'Segoe UI',Roboto,Oxygen,Ubuntu,Cantarell,sans-serif!important;line-height:1.7!important;color:#1e293b!important;max-width:880px!important;margin:0 auto!important;padding:24px 20px 60px!important;-webkit-font-smoothing:antialiased!important;background:#ffffff!important}
#frq15q3 *{box-sizing:border-box!important}
#frq15q3 h1{font-size:2em!important;font-weight:800!important;color:#1e3a8a!important;-webkit-text-fill-color:#1e3a8a!important;margin:0 0 8px!important;line-height:1.2!important;border:none!important;padding:0!important}
#frq15q3 h2{font-size:1.5em!important;font-weight:700!important;color:#1e40af!important;-webkit-text-fill-color:#1e40af!important;margin:40px 0 16px!important;padding-left:12px!important;border-left:4px solid #60a5fa!important;border-bottom:none!important;line-height:1.3!important}
#frq15q3 h3{font-size:1.2em!important;font-weight:600!important;color:#1e40af!important;-webkit-text-fill-color:#1e40af!important;margin:24px 0 12px!important;line-height:1.3!important}
#frq15q3 h4{font-size:1.05em!important;font-weight:600!important;color:#334155!important;margin:20px 0 10px!important}
#frq15q3 p{margin:0 0 16px!important;color:#1e293b!important;font-size:16px!important;line-height:1.7!important}
#frq15q3 a{color:#2563eb!important;-webkit-text-fill-color:#2563eb!important;text-decoration:underline!important}
#frq15q3 a:link,#frq15q3 a:visited{color:#2563eb!important;-webkit-text-fill-color:#2563eb!important}
#frq15q3 a:hover{color:#1d4ed8!important;-webkit-text-fill-color:#1d4ed8!important}
#frq15q3 strong{font-weight:700!important;color:#1e293b!important}
#frq15q3 ul,#frq15q3 ol{margin:0 0 16px!important;padding-left:24px!important;color:#1e293b!important}
#frq15q3 li{margin:0 0 8px!important;font-size:16px!important;line-height:1.7!important}
#frq15q3 pre{background:#1e293b!important;color:#e2e8f0!important;padding:20px!important;border-radius:8px!important;overflow-x:auto!important;font-family:'Consolas','Monaco','Courier New',monospace!important;font-size:14px!important;line-height:1.6!important;margin:0 0 20px!important;white-space:pre!important}
#frq15q3 code{font-family:'Consolas','Monaco','Courier New',monospace!important;font-size:0.9em!important;background:#f1f5f9!important;padding:2px 6px!important;border-radius:3px!important;color:#1e293b!important}
#frq15q3 pre code{background:transparent!important;padding:0!important;color:#e2e8f0!important;font-size:inherit!important}
#frq15q3 table{width:100%!important;border-collapse:collapse!important;margin:0 0 20px!important;font-size:15px!important}
#frq15q3 th{background:#f8fafc!important;color:#475569!important;font-weight:600!important;padding:10px 14px!important;text-align:left!important;border-bottom:2px solid #e2e8f0!important;font-size:13px!important;text-transform:uppercase!important;letter-spacing:0.4px!important}
#frq15q3 td{padding:10px 14px!important;border-bottom:1px solid #f1f5f9!important;color:#1e293b!important;vertical-align:top!important}
#frq15q3 tr:last-child td{border-bottom:none!important}
#frq15q3 .frq-breadcrumb{font-size:14px!important;color:#64748b!important;margin-bottom:24px!important;display:block!important}
#frq15q3 .frq-breadcrumb a{color:#2563eb!important;-webkit-text-fill-color:#2563eb!important;text-decoration:none!important;font-size:14px!important}
#frq15q3 .frq-breadcrumb a:link,#frq15q3 .frq-breadcrumb a:visited{color:#2563eb!important;-webkit-text-fill-color:#2563eb!important}
#frq15q3 .frq-year-label{display:inline-block!important;background:#dbeafe!important;color:#1e40af!important;-webkit-text-fill-color:#1e40af!important;font-size:13px!important;font-weight:600!important;padding:4px 12px!important;border-radius:4px!important;margin-bottom:8px!important;letter-spacing:0.5px!important;text-transform:uppercase!important}
#frq15q3 .frq-subtitle{color:#64748b!important;font-size:15px!important;margin:0 0 20px!important;line-height:1.6!important}
#frq15q3 .frq-badges{display:flex!important;flex-wrap:wrap!important;gap:8px!important;margin-bottom:24px!important}
#frq15q3 .frq-badge{display:inline-block!important;padding:6px 14px!important;border-radius:20px!important;font-size:13px!important;font-weight:600!important;line-height:1.4!important}
#frq15q3 .frq-badge-blue{background:#dbeafe!important;color:#1e40af!important;-webkit-text-fill-color:#1e40af!important}
#frq15q3 .frq-badge-green{background:#dcfce7!important;color:#166534!important;-webkit-text-fill-color:#166534!important}
#frq15q3 .frq-badge-purple{background:#ede9fe!important;color:#5b21b6!important;-webkit-text-fill-color:#5b21b6!important}
#frq15q3 .frq-badge-amber{background:#fef3c7!important;color:#92400e!important;-webkit-text-fill-color:#92400e!important}
#frq15q3 .frq-meta-table td{padding:10px 16px!important;border-bottom:1px solid #e5e7eb!important}
#frq15q3 .frq-meta-table td:first-child{font-weight:600!important;color:#475569!important;width:160px!important}
#frq15q3 .frq-jumplinks{display:flex!important;flex-wrap:wrap!important;gap:8px!important;margin:0 0 32px!important;padding:14px 0!important;border-top:1px solid #e5e7eb!important;border-bottom:1px solid #e5e7eb!important}
#frq15q3 .frq-jumplinks a{display:inline-block!important;padding:5px 13px!important;background:#f1f5f9!important;color:#334155!important;-webkit-text-fill-color:#334155!important;border-radius:5px!important;font-size:13px!important;font-weight:600!important;text-decoration:none!important}
#frq15q3 .frq-jumplinks a:link,#frq15q3 .frq-jumplinks a:visited{color:#334155!important;-webkit-text-fill-color:#334155!important;text-decoration:none!important}
#frq15q3 .frq-jumplinks a:hover{background:#e2e8f0!important;color:#1e293b!important;-webkit-text-fill-color:#1e293b!important}
#frq15q3 .frq-timer{display:flex!important;align-items:center!important;gap:12px!important;background:#f8fafc!important;padding:12px 20px!important;border-radius:8px!important;margin:24px 0!important;border:1px solid #e2e8f0!important}
#frq15q3 .frq-timer-label{font-size:13px!important;font-weight:600!important;color:#64748b!important}
#frq15q3 .frq-timer-display{font-size:1.6em!important;font-weight:800!important;color:#1e3a8a!important;-webkit-text-fill-color:#1e3a8a!important;font-family:monospace!important;min-width:60px!important}
#frq15q3 .frq-timer button{padding:6px 16px!important;border:none!important;border-radius:6px!important;font-size:13px!important;font-weight:600!important;cursor:pointer!important;background:#1e3a8a!important;color:#fff!important;-webkit-text-fill-color:#fff!important}
#frq15q3 .frq-timer button:hover{background:#1e40af!important}
#frq15q3 .frq-editor textarea{width:100%!important;min-height:180px!important;font-family:'Consolas','Monaco','Courier New',monospace!important;font-size:14px!important;padding:14px!important;border:2px solid #e2e8f0!important;border-radius:8px!important;resize:vertical!important;background:#1e293b!important;color:#e2e8f0!important;line-height:1.6!important;outline:none!important}
#frq15q3 .frq-editor-hint{display:block!important;font-size:11px!important;color:#94a3b8!important;margin-top:4px!important;text-align:right!important}
#frq15q3 .btn{display:inline-block!important;padding:8px 20px!important;border-radius:7px!important;font-size:14px!important;font-weight:600!important;cursor:pointer!important;border:none!important;text-decoration:none!important;opacity:1!important;visibility:visible!important}
#frq15q3 .btn:link,#frq15q3 .btn:visited{text-decoration:none!important}
#frq15q3 .btn-sm{padding:6px 16px!important;font-size:13px!important}
#frq15q3 .btn-green{background:#16a34a!important;color:#fff!important;-webkit-text-fill-color:#fff!important}
#frq15q3 .btn-green:link,#frq15q3 .btn-green:visited{color:#fff!important;-webkit-text-fill-color:#fff!important}
#frq15q3 .btn-outline{background:#f1f5f9!important;color:#334155!important;-webkit-text-fill-color:#334155!important;border:1px solid #e2e8f0!important}
#frq15q3 .btn-outline:link,#frq15q3 .btn-outline:visited{color:#334155!important;-webkit-text-fill-color:#334155!important}
#frq15q3 .frq-collapsible{width:100%!important;background:#f8fafc!important;border:1px solid #e2e8f0!important;padding:12px 16px!important;text-align:left!important;font-size:15px!important;font-weight:600!important;cursor:pointer!important;border-radius:7px!important;color:#1e40af!important;-webkit-text-fill-color:#1e40af!important;margin:12px 0 0!important}
#frq15q3 .frq-collapsible-content{display:none!important;padding:16px!important;border:1px solid #e2e8f0!important;border-top:none!important;border-radius:0 0 7px 7px!important;background:#fff!important;margin-bottom:16px!important}
#frq15q3 .frq-collapsible-content.open{display:block!important}
#frq15q3 .key-insight{background:#eff6ff!important;border-left:4px solid #3b82f6!important;padding:12px 16px!important;border-radius:0 6px 6px 0!important;margin:12px 0!important;font-size:14px!important;color:#1e40af!important;-webkit-text-fill-color:#1e40af!important}
#frq15q3 .mistake-block{border:1px solid #fecaca!important;border-radius:8px!important;overflow:hidden!important;margin-bottom:16px!important}
#frq15q3 .mistake-header{background:#fef2f2!important;padding:10px 16px!important;font-weight:600!important;font-size:15px!important;color:#991b1b!important;-webkit-text-fill-color:#991b1b!important}
#frq15q3 .mistake-body{padding:14px 16px!important}
#frq15q3 .mistake-label{display:inline-block!important;font-size:12px!important;font-weight:700!important;padding:2px 8px!important;border-radius:4px!important;margin-bottom:4px!important}
#frq15q3 .mistake-wrong{background:#fef2f2!important;color:#991b1b!important;-webkit-text-fill-color:#991b1b!important}
#frq15q3 .mistake-right{background:#dcfce7!important;color:#166534!important;-webkit-text-fill-color:#166534!important}
#frq15q3 .exam-tip{background:#fefce8!important;border-left:4px solid #eab308!important;padding:12px 16px!important;margin-bottom:10px!important;border-radius:0 6px 6px 0!important;font-size:14px!important;color:#713f12!important;-webkit-text-fill-color:#713f12!important}
#frq15q3 .cta-box{background:#eff6ff!important;border:1px solid #bfdbfe!important;border-radius:10px!important;padding:24px!important;margin-top:40px!important;text-align:center!important}
#frq15q3 .cta-box h3{color:#1e3a8a!important;-webkit-text-fill-color:#1e3a8a!important;margin:0 0 8px!important;font-size:1.2em!important}
#frq15q3 .cta-box p{color:#475569!important;margin:0 0 16px!important;font-size:15px!important}
#frq15q3 .frq-nav{display:flex!important;justify-content:space-between!important;margin:40px 0 0!important;padding:16px 0!important;border-top:2px solid #e5e7eb!important;gap:12px!important}
#frq15q3 .frq-nav a{display:inline-block!important;padding:8px 18px!important;background:#f1f5f9!important;color:#1e40af!important;-webkit-text-fill-color:#1e40af!important;border-radius:7px!important;font-size:14px!important;font-weight:700!important;text-decoration:none!important;border:1px solid #e2e8f0!important}
#frq15q3 .frq-nav a:link,#frq15q3 .frq-nav a:visited{color:#1e40af!important;-webkit-text-fill-color:#1e40af!important;text-decoration:none!important}
#frq15q3 .frq-nav a:hover{background:#dbeafe!important}
#frq15q3 .classic-note{background:#fef3c7!important;border:1px solid #f59e0b!important;border-left:4px solid #f59e0b!important;border-radius:8px!important;padding:12px 16px!important;margin:16px 0!important;font-size:14px!important;color:#78350f!important;-webkit-text-fill-color:#78350f!important}
#frq15q3 .skip-banner{background:#fef2f2!important;border:2px solid #ef4444!important;border-radius:8px!important;padding:20px!important;margin:20px 0!important;text-align:center!important}
#frq15q3 .skip-banner p{color:#991b1b!important;-webkit-text-fill-color:#991b1b!important;font-size:16px!important;font-weight:600!important;margin:0 0 8px!important}
#frq15q3 .skip-banner a{color:#2563eb!important;-webkit-text-fill-color:#2563eb!important}
#frq15q3 .frq-pdf-wrap{border:1px solid #e2e8f0!important;border-radius:8px!important;overflow:hidden!important;margin:12px 0!important}
#frq15q3 .frq-pdf-wrap iframe{width:100%!important;height:500px!important;border:none!important;display:block!important}
#frq15q3 .frq-pdf-fallback{padding:20px!important;text-align:center!important;background:#f8fafc!important}
@media(max-width:600px){
  #frq15q3 .frq-nav{flex-direction:column!important}
  #frq15q3 .frq-pdf-wrap iframe{height:350px!important}
}</style>

<div class=""frq-breadcrumb"">
<a href=""/pages/ap-csa-frq-archive"">FRQ Archive</a> ›
<a href=""/pages/ap-csa-frq-2015"">2015 FRQs</a> ›
FRQ 3: SparseArray
</div>
<div class=""frq-year-label"">2015 AP CSA • Interface Implementation</div>
<h1>AP CSA 2015 FRQ 3: SparseArray</h1>

<div class=""classic-note"">
<strong>Classic Exam Note:</strong> This FRQ originally involved implementing an interface. Interface implementation is no longer tested on the current AP CSA exam, but the ArrayList manipulation and class design skills here are fully applicable today.</div>
<p class=""frq-subtitle"">Complete solution, scoring rubric, and walkthrough — verified from the official College Board PDF</p>
<div class=""frq-badges"">
  <span class=""frq-badge frq-badge-blue"">9 Points</span>
  <span class=""frq-badge frq-badge-amber"">Hard</span>
  <span class=""frq-badge frq-badge-purple"">Interface Implementation</span>
  <span class=""frq-badge frq-badge-amber"">Classic Format (Pre-2019)</span>
</div>

<table class=""frq-meta-table"">
<tr>
<td>Question Type</td>
<td>Interface Implementation</td>
</tr>
<tr>
<td>Key Skills</td>
<td>Implement getValueAt() (search an ArrayList of SparseArrayEntry objects for a given row/column, return the value or 0 if</td>
</tr>
<tr>
<td>Difficulty</td>
<td>Hard</td>
</tr>
<tr>
<td>AP CSA Units</td>
<td>
<a href=""/pages/ap-csa-unit-4-data-collections-study-guide""><strong>Unit 4: Data Collections</strong></a> (ArrayList search, backward traversal for removal, index updating).</td>
</tr>
</table>

<div class=""frq-jumplinks"">
<a href=""#frq15q3-pdf"">Official PDF</a>
<a href=""#frq15q3-provided"">Provided Code</a>
<a href=""#frq15q3-parta"">Part A — getValueAt</a><a href=""#frq15q3-partb"">Part B — removeColumn</a>
<a href=""#frq15q3-mistakes"">Mistakes</a>
<a href=""#frq15q3-tips"">Tips</a>
<a href=""#frq15q3-faq"">FAQ</a>
</div>

<h2>What This Problem Asks</h2>
<p>Implement getValueAt() (search an ArrayList of SparseArrayEntry objects for a given row/column, return the value or 0 if not found) and removeColumn() (remove all entries in a given column AND decrement the column field of all surviving entries that were in higher columns).</p>

<h2 id=""frq15q3-pdf"">Official Question &amp; PDF</h2>
<p><a href=""https://secure-media.collegeboard.org/digitalServices/pdf/ap/ap15_frq_computer_science_a.pdf"" target=""_blank"" rel=""noopener"" class=""btn btn-sm btn-outline"">Download Full 2015 FRQ PDF →</a></p>
<div class=""frq-pdf-wrap"">
  <iframe src=""https://secure-media.collegeboard.org/digitalServices/pdf/ap/ap15_frq_computer_science_a.pdf#page=14"" title=""2015 AP CSA FRQ 3 SparseArray"" loading=""lazy""></iframe>
  <div class=""frq-pdf-fallback""><p>PDF cannot display here. <a href=""https://secure-media.collegeboard.org/digitalServices/pdf/ap/ap15_frq_computer_science_a.pdf"" target=""_blank"" rel=""noopener"">Open PDF directly →</a></p></div>
</div>

<div id=""frq15q3-provided"">
<h2>Provided Code</h2>
<pre>public class SparseArrayEntry
{
        public SparseArrayEntry(int r, int c, int v) {
        /* given */
    }
        public int getRow() {
        /* given */
    }
        public int getCol() {
        /* given */
    }
        public int getValue() {
        /* given */
    }
}

public class SparseArray
{
    private int numRows, numCols;
    private ArrayList<sparsearrayentry> entries;

        public int getValueAt(int row, int col) {
        /* part (a) */
    }
        public void removeColumn(int col) {
        /* part (b) */
    }
}</sparsearrayentry></pre>
</div>

<div class=""frq-timer"">
  <span class=""frq-timer-label"">Timer</span>
  <span class=""frq-timer-display"" id=""frq15q3-timer"">22:00</span>
  <button onclick=""frq15q3Start()"">Start</button>
  <button onclick=""frq15q3Pause()"">Pause</button>
  <button onclick=""frq15q3Reset()"">Reset</button>
</div>


<div id=""frq15q3-parta"">
<h2>Part A — getValueAt (3 Points)</h2>
<p>Write getValueAt(). Return the value of the entry at (row, col), or 0 if no entry exists at that position.</p>
<div class=""frq-editor"">
<textarea id=""frq15q3-parta-ea"" placeholder=""// Write your solution here...""></textarea><span class=""frq-editor-hint"">Drag corner to expand ▽</span>
</div>
<p><button class=""btn btn-sm btn-green"" onclick=""document.getElementById('frq15q3-sol-parta').classList.add('open')"">Check Answer</button> <button class=""btn btn-sm btn-outline"" onclick=""document.getElementById('frq15q3-parta-ea').value=''"">Clear</button></p>
<button class=""frq-collapsible"" onclick=""this.nextElementSibling.classList.toggle('open')"">View Solution and Rubric ▼</button>
<div class=""frq-collapsible-content"" id=""frq15q3-sol-parta"">
<h4>Scoring Rubric</h4>
<table>
<tr>
<td><strong>+1</strong></td>
<td>Iterates over entries</td>
</tr>
<tr>
<td><strong>+1</strong></td>
<td>Checks getRow() and getCol() for both matching</td>
</tr>
<tr>
<td><strong>+1</strong></td>
<td>Returns getValue() on match; returns 0 if no match found</td>
</tr>
</table>
<h4>Solution</h4>
<pre>public int getValueAt(int row, int col)
{
    for (SparseArrayEntry e : entries)
    {
        if (e.getRow() == row &amp;&amp; e.getCol() == col)
        {
            return e.getValue();
        }
    }
    return 0;
}</pre>
<div class=""key-insight"">Linear search through entries. Return the value immediately on match. Return 0 (the default for absent entries in a sparse array) only after the loop completes without a match.</div>
</div>
</div>
<div id=""frq15q3-partb"">
<h2>Part B — removeColumn (6 Points)</h2>
<p>Write removeColumn(). Remove all entries in column col. Then decrement the column value of all remaining entries that were in a column greater than col (since those columns shift left by one).</p>
<div class=""frq-editor"">
<textarea id=""frq15q3-partb-ea"" placeholder=""// Write your solution here...""></textarea><span class=""frq-editor-hint"">Drag corner to expand ▽</span>
</div>
<p><button class=""btn btn-sm btn-green"" onclick=""document.getElementById('frq15q3-sol-partb').classList.add('open')"">Check Answer</button> <button class=""btn btn-sm btn-outline"" onclick=""document.getElementById('frq15q3-partb-ea').value=''"">Clear</button></p>
<button class=""frq-collapsible"" onclick=""this.nextElementSibling.classList.toggle('open')"">View Solution and Rubric ▼</button>
<div class=""frq-collapsible-content"" id=""frq15q3-sol-partb"">
<h4>Scoring Rubric</h4>
<table>
<tr>
<td><strong>+1</strong></td>
<td>Iterates over entries list</td>
</tr>
<tr>
<td><strong>+1</strong></td>
<td>Removes entries where getCol() == col</td>
</tr>
<tr>
<td><strong>+1</strong></td>
<td>Uses backward traversal (or equivalent) to avoid index issues</td>
</tr>
<tr>
<td><strong>+1</strong></td>
<td>Decrements column value for entries with getCol() &gt; col</td>
</tr>
<tr>
<td><strong>+1</strong></td>
<td>Updates numCols by decrementing by 1</td>
</tr>
<tr>
<td><strong>+1</strong></td>
<td>Algorithm: correctly handles both removal and column adjustment</td>
</tr>
</table>
<h4>Solution</h4>
<pre>public void removeColumn(int col)
{
    for (int i = entries.size() - 1; i &gt;= 0; i--)
    {
        SparseArrayEntry e = entries.get(i);

        if (e.getCol() == col)
        {
            entries.remove(i);
        }
        else if (e.getCol() &gt; col)
        {
            entries.set(i, new SparseArrayEntry(
                e.getRow(), e.getCol() - 1, e.getValue()));
        }
    }
    numCols--;
}</pre>
<div class=""key-insight"">Two things must happen: (1) remove entries in the target column (backward traversal for safe removal), and (2) decrement the column index of entries in columns to the RIGHT of the removed column. Don't forget numCols--.</div>
</div>
</div>

<h2>Common Mistakes to Avoid</h2>
<div class=""mistake-block"">
<div class=""mistake-header"">Forgetting to decrement column indices of surviving entries</div>
<div class=""mistake-body"">
<p><span class=""mistake-label mistake-wrong"">Wrong</span></p>
<pre>// Only removes entries in col — doesn't adjust entries in col+1, col+2, ...</pre>
<p><span class=""mistake-label mistake-right"">Correct</span></p>
<pre>else if (e.getCol() &gt; col) {
        entries.set(i, new SparseArrayEntry(r, c-1, v));
}</pre>
<p>When column col is removed, all entries originally in columns col+1, col+2, ... must shift left by one. Forgetting this adjustment corrupts the array representation.</p>
</div>
</div>
<div class=""mistake-block"">
<div class=""mistake-header"">Forgetting numCols--</div>
<div class=""mistake-body"">
<p><span class=""mistake-label mistake-wrong"">Wrong</span></p>
<pre>// Removes entries and adjusts columns but numCols still reports wrong size</pre>
<p><span class=""mistake-label mistake-right"">Correct</span></p>
<pre>numCols--;  // must decrement after removing the column</pre>
<p>numCols must reflect the actual number of columns after removal. Forgetting to decrement it leaves the array reporting a stale column count.</p>
</div>
</div>
<h2>Exam Tips</h2>
<div class=""exam-tip"">SparseArrayEntry is immutable — to change a column value, create a new SparseArrayEntry and use entries.set(i, newEntry).</div>
<div class=""exam-tip"">The backward traversal handles both operations (remove and adjust) safely in one pass.</div>
<div class=""exam-tip"">Note: Interface implementation context (this class may implement an interface) is no longer tested on the current exam, but the ArrayList manipulation here is directly applicable.</div>

<div id=""frq15q3-faq"">
<h2>Frequently Asked Questions</h2>
<div style=""border-bottom:1px solid #f1f5f9!important;padding:14px 0!important"">
<h3 style=""font-size:15px!important;font-weight:600!important;color:#1e293b!important;-webkit-text-fill-color:#1e293b!important;margin:0 0 6px!important"">What does 2015 AP CSA FRQ 3 SparseArray ask?</h3>
<p style=""font-size:14px!important;color:#475569!important;margin:0!important"">It asks students to write getValueAt() (find an entry at a specific row/column or return 0) and removeColumn() (remove all entries in a given column, then decrement the column value of all entries in higher columns and update numCols).</p>
</div>
<div style=""border-bottom:1px solid #f1f5f9!important;padding:14px 0!important"">
<h3 style=""font-size:15px!important;font-weight:600!important;color:#1e293b!important;-webkit-text-fill-color:#1e293b!important;margin:0 0 6px!important"">Why does removeColumn need to update column indices?</h3>
<p style=""font-size:14px!important;color:#475569!important;margin:0!important"">A sparse array represents a 2D grid. When a column is removed, all columns to its right logically shift left by one. Entries that were in column k (where k &gt; removed col) must update their stored column value to k-1 to remain correctly positioned in the grid.</p>
</div>
</div>

<div class=""cta-box"">
<h3>See All 2015 AP CSA FRQs</h3>
<p>View the complete 2015 exam hub with solutions, difficulty analysis, and scoring for all four questions.</p>
<a href=""/pages/ap-csa-frq-2015"" class=""btn"" style=""background:#1e3a8a!important;color:#fff!important;-webkit-text-fill-color:#fff!important;text-decoration:none!important;"">View 2015 FRQ Hub →</a>
</div>

<div class=""frq-nav"">
  <div><a href=""/ap-csa-2015-frq-2-hiddenword"">← FRQ 2</a></div>
  <div><a href=""/pages/ap-csa-frq-2015"">2015 Hub</a></div>
  <div><a href=""/pages/ap-csa-2015-frq-4-numbergroup"">FRQ 4 →</a></div>
</div>
</div>
<script>var frq15q3Secs=22*60,frq15q3Int=null;
function frq15q3Start(){if(frq15q3Int)return;frq15q3Int=setInterval(function(){if(frq15q3Secs<=0){clearInterval(frq15q3Int);frq15q3Int=null;return;}frq15q3Secs--;var m=Math.floor(frq15q3Secs/60),s=frq15q3Secs%60;document.getElementById('frq15q3-timer').textContent=(m<10?'0':'')+m+':'+(s<10?'0':'')+s;},1000);}
function frq15q3Pause(){clearInterval(frq15q3Int);frq15q3Int=null;}
function frq15q3Reset(){frq15q3Pause();frq15q3Secs=22*60;document.getElementById('frq15q3-timer').textContent='22:00';}</script>","TRUE","2026-03-01 12:00:00"
"ap-csa-2015-frq-4-numbergroup","MERGE","<style>#frq2026note-ap-csa-2015-frq-4-numbergroup{all:initial!important;display:block!important;box-sizing:border-box!important;font-family:-apple-system,BlinkMacSystemFont,""Segoe UI"",Roboto,Helvetica,Arial,sans-serif!important;background:#fffbeb!important;border:1px solid #fcd34d!important;border-left:5px solid #d97706!important;border-radius:8px!important;margin:0 0 18px 0!important;padding:0!important;overflow:hidden!important;}#frq2026note-ap-csa-2015-frq-4-numbergroup *{box-sizing:border-box!important;font-family:inherit!important;}#frq2026note-ap-csa-2015-frq-4-numbergroup summary{display:block!important;cursor:pointer!important;padding:12px 15px!important;font-size:0.95em!important;line-height:1.5!important;list-style:none!important;color:#78350f!important;-webkit-text-fill-color:#78350f!important;}#frq2026note-ap-csa-2015-frq-4-numbergroup summary::-webkit-details-marker{display:none!important;}#frq2026note-ap-csa-2015-frq-4-numbergroup summary::marker{content:""""!important;}#frq2026note-ap-csa-2015-frq-4-numbergroup summary:hover{background:#fef3c7!important;}#frq2026note-ap-csa-2015-frq-4-numbergroup summary strong{font-weight:700!important;color:#78350f!important;-webkit-text-fill-color:#78350f!important;}#frq2026note-ap-csa-2015-frq-4-numbergroup .n26-body{display:block!important;padding:0 15px 14px!important;font-size:0.92em!important;line-height:1.6!important;color:#78350f!important;-webkit-text-fill-color:#78350f!important;}#frq2026note-ap-csa-2015-frq-4-numbergroup .n26-body p{margin:0 0 10px!important;color:#78350f!important;-webkit-text-fill-color:#78350f!important;}#frq2026note-ap-csa-2015-frq-4-numbergroup .n26-body strong{font-weight:700!important;color:#78350f!important;-webkit-text-fill-color:#78350f!important;}#frq2026note-ap-csa-2015-frq-4-numbergroup table{border-collapse:collapse!important;width:100%!important;margin:0 0 10px!important;font-size:0.95em!important;background:#fffdf5!important;}#frq2026note-ap-csa-2015-frq-4-numbergroup th,#frq2026note-ap-csa-2015-frq-4-numbergroup td{border:1px solid #fcd34d!important;padding:6px 9px!important;text-align:left!important;color:#78350f!important;-webkit-text-fill-color:#78350f!important;}#frq2026note-ap-csa-2015-frq-4-numbergroup th{background:#fef3c7!important;font-weight:700!important;}#frq2026note-ap-csa-2015-frq-4-numbergroup a{color:#92400e!important;-webkit-text-fill-color:#92400e!important;text-decoration:underline!important;}#frq2026note-ap-csa-2015-frq-4-numbergroup .n26-src{font-size:0.85em!important;font-style:italic!important;margin:0!important;}</style>
<details id=""frq2026note-ap-csa-2015-frq-4-numbergroup"">
<summary><strong>Heads up: the May 2027 exam scores free response differently from this one.</strong> Tap for the current point structure.</summary>
<div class=""n26-body"">
<p>Every AP CSA free-response question from 2004 through 2025 was worth <strong>9 points</strong>, and the section was 36. From 2026 the four questions are worth <strong>7, 7, 5 and 6</strong>, the section is <strong>25 points</strong>, and only Question 1 has parts.</p>
<table><tr><th>Question</th><th>Points</th><th>Parts</th><th>Type</th></tr><tr><td>Question 1</td><td><strong>7</strong></td><td>Part A 4 + Part B 3</td><td>Methods and Control Structures</td></tr><tr><td>Question 2</td><td><strong>7</strong></td><td>single part</td><td>Class Design</td></tr><tr><td>Question 3</td><td><strong>5</strong></td><td>single part</td><td>Data Analysis with ArrayList</td></tr><tr><td>Question 4</td><td><strong>6</strong></td><td>single part</td><td>2D Array</td></tr></table>
<p>Section I is now 42 multiple-choice questions at 55% of the score, and Section II is 45%. The question on this page is still worth practising. The 9 points printed below it are not the rubric you will be scored against.</p>
<p class=""n26-src"">Point totals from College Board's 2026 scoring guidelines; section weightings from the AP Computer Science A exam page. See the <a href=""/pages/ap-csa-frq-2026"">2026 questions</a> for the current format.</p>
</div>
</details>
<script type=""application/ld+json"">{""@context"":""https://schema.org"",""@type"":""FAQPage"",""mainEntity"":[{""@type"":""Question"",""name"":""What does 2015 AP CSA FRQ 4 NumberGroup ask?"",""acceptedAnswer"":{""@type"":""Answer"",""text"":""It asks students to write the Range class (implements NumberGroup with inclusive bounds check) and the MultipleGroups class (implements NumberGroup by delegating contains() to a list of NumberGroup objects, returning true if any sub-group matches).""}},
    {""@type"":""Question"",""name"":""Is interface implementation still tested on the current AP CSA exam?"",""acceptedAnswer"":{""@type"":""Answer"",""text"":""No. Interfaces and the implements keyword were removed from the AP CSA curriculum in the 2019 redesign. The composite delegation pattern in MultipleGroups is algorithmically interesting but not directly testable on the current exam.""}}]}</script>
<script type=""application/ld+json"">{""@context"":""https://schema.org"",""@type"":""BreadcrumbList"",""itemListElement"":[{""@type"":""ListItem"",""position"":1,""name"":""FRQ Archive"",""item"":""https://www.apcsexamprep.com/pages/ap-csa-frq-archive""},{""@type"":""ListItem"",""position"":2,""name"":""2015 AP CSA FRQs"",""item"":""https://www.apcsexamprep.com/pages/ap-csa-frq-2015""},{""@type"":""ListItem"",""position"":3,""name"":""FRQ 4: NumberGroup"",""item"":""https://www.apcsexamprep.com/pages/ap-csa-2015-frq-4-numbergroup""}]}</script>
<script type=""application/ld+json"">{""@context"":""https://schema.org"",""@type"":""Article"",""headline"":""AP CSA 2015 FRQ 4: NumberGroup — Complete Solution & Scoring"",""description"":""Complete solution for 2015 AP CSA FRQ 4 NumberGroup. Rubric, common mistakes & exam tips from College Board PDF."",""author"":{""@type"":""Person"",""name"":""Tanner Crow"",""url"":""https://www.wyzant.com/tutors/tannerc12""},""publisher"":{""@type"":""Organization"",""name"":""AP CS Exam Prep"",""url"":""https://www.apcsexamprep.com""},""datePublished"":""2015-09-01"",""dateModified"":""2026-03-17"",""educationalLevel"":""AP""}</script>
<div id=""frq15q4"">
<style>
.page-title,.article__title,.page__title,.template-page h1:first-of-type{display:none!important}
#frq15q4{all:initial!important;display:block!important;font-family:-apple-system,BlinkMacSystemFont,'Segoe UI',Roboto,Oxygen,Ubuntu,Cantarell,sans-serif!important;line-height:1.7!important;color:#1e293b!important;max-width:880px!important;margin:0 auto!important;padding:24px 20px 60px!important;-webkit-font-smoothing:antialiased!important;background:#ffffff!important}
#frq15q4 *{box-sizing:border-box!important}
#frq15q4 h1{font-size:2em!important;font-weight:800!important;color:#1e3a8a!important;-webkit-text-fill-color:#1e3a8a!important;margin:0 0 8px!important;line-height:1.2!important;border:none!important;padding:0!important}
#frq15q4 h2{font-size:1.5em!important;font-weight:700!important;color:#1e40af!important;-webkit-text-fill-color:#1e40af!important;margin:40px 0 16px!important;padding-left:12px!important;border-left:4px solid #60a5fa!important;border-bottom:none!important;line-height:1.3!important}
#frq15q4 h3{font-size:1.2em!important;font-weight:600!important;color:#1e40af!important;-webkit-text-fill-color:#1e40af!important;margin:24px 0 12px!important;line-height:1.3!important}
#frq15q4 h4{font-size:1.05em!important;font-weight:600!important;color:#334155!important;margin:20px 0 10px!important}
#frq15q4 p{margin:0 0 16px!important;color:#1e293b!important;font-size:16px!important;line-height:1.7!important}
#frq15q4 a{color:#2563eb!important;-webkit-text-fill-color:#2563eb!important;text-decoration:underline!important}
#frq15q4 a:link,#frq15q4 a:visited{color:#2563eb!important;-webkit-text-fill-color:#2563eb!important}
#frq15q4 a:hover{color:#1d4ed8!important;-webkit-text-fill-color:#1d4ed8!important}
#frq15q4 strong{font-weight:700!important;color:#1e293b!important}
#frq15q4 ul,#frq15q4 ol{margin:0 0 16px!important;padding-left:24px!important;color:#1e293b!important}
#frq15q4 li{margin:0 0 8px!important;font-size:16px!important;line-height:1.7!important}
#frq15q4 pre{background:#1e293b!important;color:#e2e8f0!important;padding:20px!important;border-radius:8px!important;overflow-x:auto!important;font-family:'Consolas','Monaco','Courier New',monospace!important;font-size:14px!important;line-height:1.6!important;margin:0 0 20px!important;white-space:pre!important}
#frq15q4 code{font-family:'Consolas','Monaco','Courier New',monospace!important;font-size:0.9em!important;background:#f1f5f9!important;padding:2px 6px!important;border-radius:3px!important;color:#1e293b!important}
#frq15q4 pre code{background:transparent!important;padding:0!important;color:#e2e8f0!important;font-size:inherit!important}
#frq15q4 table{width:100%!important;border-collapse:collapse!important;margin:0 0 20px!important;font-size:15px!important}
#frq15q4 th{background:#f8fafc!important;color:#475569!important;font-weight:600!important;padding:10px 14px!important;text-align:left!important;border-bottom:2px solid #e2e8f0!important;font-size:13px!important;text-transform:uppercase!important;letter-spacing:0.4px!important}
#frq15q4 td{padding:10px 14px!important;border-bottom:1px solid #f1f5f9!important;color:#1e293b!important;vertical-align:top!important}
#frq15q4 tr:last-child td{border-bottom:none!important}
#frq15q4 .frq-breadcrumb{font-size:14px!important;color:#64748b!important;margin-bottom:24px!important;display:block!important}
#frq15q4 .frq-breadcrumb a{color:#2563eb!important;-webkit-text-fill-color:#2563eb!important;text-decoration:none!important;font-size:14px!important}
#frq15q4 .frq-breadcrumb a:link,#frq15q4 .frq-breadcrumb a:visited{color:#2563eb!important;-webkit-text-fill-color:#2563eb!important}
#frq15q4 .frq-year-label{display:inline-block!important;background:#dbeafe!important;color:#1e40af!important;-webkit-text-fill-color:#1e40af!important;font-size:13px!important;font-weight:600!important;padding:4px 12px!important;border-radius:4px!important;margin-bottom:8px!important;letter-spacing:0.5px!important;text-transform:uppercase!important}
#frq15q4 .frq-subtitle{color:#64748b!important;font-size:15px!important;margin:0 0 20px!important;line-height:1.6!important}
#frq15q4 .frq-badges{display:flex!important;flex-wrap:wrap!important;gap:8px!important;margin-bottom:24px!important}
#frq15q4 .frq-badge{display:inline-block!important;padding:6px 14px!important;border-radius:20px!important;font-size:13px!important;font-weight:600!important;line-height:1.4!important}
#frq15q4 .frq-badge-blue{background:#dbeafe!important;color:#1e40af!important;-webkit-text-fill-color:#1e40af!important}
#frq15q4 .frq-badge-green{background:#dcfce7!important;color:#166534!important;-webkit-text-fill-color:#166534!important}
#frq15q4 .frq-badge-purple{background:#ede9fe!important;color:#5b21b6!important;-webkit-text-fill-color:#5b21b6!important}
#frq15q4 .frq-badge-amber{background:#fef3c7!important;color:#92400e!important;-webkit-text-fill-color:#92400e!important}
#frq15q4 .frq-meta-table td{padding:10px 16px!important;border-bottom:1px solid #e5e7eb!important}
#frq15q4 .frq-meta-table td:first-child{font-weight:600!important;color:#475569!important;width:160px!important}
#frq15q4 .frq-jumplinks{display:flex!important;flex-wrap:wrap!important;gap:8px!important;margin:0 0 32px!important;padding:14px 0!important;border-top:1px solid #e5e7eb!important;border-bottom:1px solid #e5e7eb!important}
#frq15q4 .frq-jumplinks a{display:inline-block!important;padding:5px 13px!important;background:#f1f5f9!important;color:#334155!important;-webkit-text-fill-color:#334155!important;border-radius:5px!important;font-size:13px!important;font-weight:600!important;text-decoration:none!important}
#frq15q4 .frq-jumplinks a:link,#frq15q4 .frq-jumplinks a:visited{color:#334155!important;-webkit-text-fill-color:#334155!important;text-decoration:none!important}
#frq15q4 .frq-jumplinks a:hover{background:#e2e8f0!important;color:#1e293b!important;-webkit-text-fill-color:#1e293b!important}
#frq15q4 .frq-timer{display:flex!important;align-items:center!important;gap:12px!important;background:#f8fafc!important;padding:12px 20px!important;border-radius:8px!important;margin:24px 0!important;border:1px solid #e2e8f0!important}
#frq15q4 .frq-timer-label{font-size:13px!important;font-weight:600!important;color:#64748b!important}
#frq15q4 .frq-timer-display{font-size:1.6em!important;font-weight:800!important;color:#1e3a8a!important;-webkit-text-fill-color:#1e3a8a!important;font-family:monospace!important;min-width:60px!important}
#frq15q4 .frq-timer button{padding:6px 16px!important;border:none!important;border-radius:6px!important;font-size:13px!important;font-weight:600!important;cursor:pointer!important;background:#1e3a8a!important;color:#fff!important;-webkit-text-fill-color:#fff!important}
#frq15q4 .frq-timer button:hover{background:#1e40af!important}
#frq15q4 .frq-editor textarea{width:100%!important;min-height:180px!important;font-family:'Consolas','Monaco','Courier New',monospace!important;font-size:14px!important;padding:14px!important;border:2px solid #e2e8f0!important;border-radius:8px!important;resize:vertical!important;background:#1e293b!important;color:#e2e8f0!important;line-height:1.6!important;outline:none!important}
#frq15q4 .frq-editor-hint{display:block!important;font-size:11px!important;color:#94a3b8!important;margin-top:4px!important;text-align:right!important}
#frq15q4 .btn{display:inline-block!important;padding:8px 20px!important;border-radius:7px!important;font-size:14px!important;font-weight:600!important;cursor:pointer!important;border:none!important;text-decoration:none!important;opacity:1!important;visibility:visible!important}
#frq15q4 .btn:link,#frq15q4 .btn:visited{text-decoration:none!important}
#frq15q4 .btn-sm{padding:6px 16px!important;font-size:13px!important}
#frq15q4 .btn-green{background:#16a34a!important;color:#fff!important;-webkit-text-fill-color:#fff!important}
#frq15q4 .btn-green:link,#frq15q4 .btn-green:visited{color:#fff!important;-webkit-text-fill-color:#fff!important}
#frq15q4 .btn-outline{background:#f1f5f9!important;color:#334155!important;-webkit-text-fill-color:#334155!important;border:1px solid #e2e8f0!important}
#frq15q4 .btn-outline:link,#frq15q4 .btn-outline:visited{color:#334155!important;-webkit-text-fill-color:#334155!important}
#frq15q4 .frq-collapsible{width:100%!important;background:#f8fafc!important;border:1px solid #e2e8f0!important;padding:12px 16px!important;text-align:left!important;font-size:15px!important;font-weight:600!important;cursor:pointer!important;border-radius:7px!important;color:#1e40af!important;-webkit-text-fill-color:#1e40af!important;margin:12px 0 0!important}
#frq15q4 .frq-collapsible-content{display:none!important;padding:16px!important;border:1px solid #e2e8f0!important;border-top:none!important;border-radius:0 0 7px 7px!important;background:#fff!important;margin-bottom:16px!important}
#frq15q4 .frq-collapsible-content.open{display:block!important}
#frq15q4 .key-insight{background:#eff6ff!important;border-left:4px solid #3b82f6!important;padding:12px 16px!important;border-radius:0 6px 6px 0!important;margin:12px 0!important;font-size:14px!important;color:#1e40af!important;-webkit-text-fill-color:#1e40af!important}
#frq15q4 .mistake-block{border:1px solid #fecaca!important;border-radius:8px!important;overflow:hidden!important;margin-bottom:16px!important}
#frq15q4 .mistake-header{background:#fef2f2!important;padding:10px 16px!important;font-weight:600!important;font-size:15px!important;color:#991b1b!important;-webkit-text-fill-color:#991b1b!important}
#frq15q4 .mistake-body{padding:14px 16px!important}
#frq15q4 .mistake-label{display:inline-block!important;font-size:12px!important;font-weight:700!important;padding:2px 8px!important;border-radius:4px!important;margin-bottom:4px!important}
#frq15q4 .mistake-wrong{background:#fef2f2!important;color:#991b1b!important;-webkit-text-fill-color:#991b1b!important}
#frq15q4 .mistake-right{background:#dcfce7!important;color:#166534!important;-webkit-text-fill-color:#166534!important}
#frq15q4 .exam-tip{background:#fefce8!important;border-left:4px solid #eab308!important;padding:12px 16px!important;margin-bottom:10px!important;border-radius:0 6px 6px 0!important;font-size:14px!important;color:#713f12!important;-webkit-text-fill-color:#713f12!important}
#frq15q4 .cta-box{background:#eff6ff!important;border:1px solid #bfdbfe!important;border-radius:10px!important;padding:24px!important;margin-top:40px!important;text-align:center!important}
#frq15q4 .cta-box h3{color:#1e3a8a!important;-webkit-text-fill-color:#1e3a8a!important;margin:0 0 8px!important;font-size:1.2em!important}
#frq15q4 .cta-box p{color:#475569!important;margin:0 0 16px!important;font-size:15px!important}
#frq15q4 .frq-nav{display:flex!important;justify-content:space-between!important;margin:40px 0 0!important;padding:16px 0!important;border-top:2px solid #e5e7eb!important;gap:12px!important}
#frq15q4 .frq-nav a{display:inline-block!important;padding:8px 18px!important;background:#f1f5f9!important;color:#1e40af!important;-webkit-text-fill-color:#1e40af!important;border-radius:7px!important;font-size:14px!important;font-weight:700!important;text-decoration:none!important;border:1px solid #e2e8f0!important}
#frq15q4 .frq-nav a:link,#frq15q4 .frq-nav a:visited{color:#1e40af!important;-webkit-text-fill-color:#1e40af!important;text-decoration:none!important}
#frq15q4 .frq-nav a:hover{background:#dbeafe!important}
#frq15q4 .classic-note{background:#fef3c7!important;border:1px solid #f59e0b!important;border-left:4px solid #f59e0b!important;border-radius:8px!important;padding:12px 16px!important;margin:16px 0!important;font-size:14px!important;color:#78350f!important;-webkit-text-fill-color:#78350f!important}
#frq15q4 .skip-banner{background:#fef2f2!important;border:2px solid #ef4444!important;border-radius:8px!important;padding:20px!important;margin:20px 0!important;text-align:center!important}
#frq15q4 .skip-banner p{color:#991b1b!important;-webkit-text-fill-color:#991b1b!important;font-size:16px!important;font-weight:600!important;margin:0 0 8px!important}
#frq15q4 .skip-banner a{color:#2563eb!important;-webkit-text-fill-color:#2563eb!important}
#frq15q4 .frq-pdf-wrap{border:1px solid #e2e8f0!important;border-radius:8px!important;overflow:hidden!important;margin:12px 0!important}
#frq15q4 .frq-pdf-wrap iframe{width:100%!important;height:500px!important;border:none!important;display:block!important}
#frq15q4 .frq-pdf-fallback{padding:20px!important;text-align:center!important;background:#f8fafc!important}
@media(max-width:600px){
  #frq15q4 .frq-nav{flex-direction:column!important}
  #frq15q4 .frq-pdf-wrap iframe{height:350px!important}
}</style>

<div class=""frq-breadcrumb"">
<a href=""/pages/ap-csa-frq-archive"">FRQ Archive</a> ›
<a href=""/pages/ap-csa-frq-2015"">2015 FRQs</a> ›
FRQ 4: NumberGroup
</div>
<div class=""frq-year-label"">2015 AP CSA • Interface Implementation</div>
<h1>AP CSA 2015 FRQ 4: NumberGroup</h1>

<div class=""classic-note"">
<strong>Classic Exam Note:</strong> This FRQ requires writing classes that implement the NumberGroup interface. Interface implementation is no longer tested on the current AP CSA exam.</div>
<p class=""frq-subtitle"">Complete solution, scoring rubric, and walkthrough — verified from the official College Board PDF</p>
<div class=""frq-badges"">
  <span class=""frq-badge frq-badge-blue"">9 Points</span>
  <span class=""frq-badge frq-badge-amber"">Hard</span>
  <span class=""frq-badge frq-badge-purple"">Interface Implementation</span>
  <span class=""frq-badge frq-badge-amber"">Classic Format (Pre-2019)</span>
</div>

<table class=""frq-meta-table"">
<tr>
<td>Question Type</td>
<td>Interface Implementation</td>
</tr>
<tr>
<td>Key Skills</td>
<td>Write a Range class implementing the NumberGroup interface (contains() checks if a value is within min..max bounds), the</td>
</tr>
<tr>
<td>Difficulty</td>
<td>Hard</td>
</tr>
<tr>
<td>AP CSA Units</td>
<td>
<a href=""/pages/ap-csa-unit-3-class-creation-study-guide""><strong>Unit 3: Class Creation</strong></a> (interface implementation, class design) and <a href=""/pages/ap-csa-unit-4-data-collections-study-guide""><strong>Unit 4</strong></a> (ArrayList of interface-typed objects, composite delegation).</td>
</tr>
</table>

<div class=""frq-jumplinks"">
<a href=""#frq15q4-pdf"">Official PDF</a>
<a href=""#frq15q4-provided"">Provided Code</a>
<a href=""#frq15q4-parta"">Part A — Range class</a><a href=""#frq15q4-partb"">Part B — MultipleGroups class</a>
<a href=""#frq15q4-mistakes"">Mistakes</a>
<a href=""#frq15q4-tips"">Tips</a>
<a href=""#frq15q4-faq"">FAQ</a>
</div>

<h2>What This Problem Asks</h2>
<p>Write a Range class implementing the NumberGroup interface (contains() checks if a value is within min..max bounds), then write MultipleGroups (holds an ArrayList of NumberGroup objects; contains() returns true if any sub-group contains the value).</p>

<h2 id=""frq15q4-pdf"">Official Question &amp; PDF</h2>
<p><a href=""https://secure-media.collegeboard.org/digitalServices/pdf/ap/ap15_frq_computer_science_a.pdf"" target=""_blank"" rel=""noopener"" class=""btn btn-sm btn-outline"">Download Full 2015 FRQ PDF →</a></p>
<div class=""frq-pdf-wrap"">
  <iframe src=""https://secure-media.collegeboard.org/digitalServices/pdf/ap/ap15_frq_computer_science_a.pdf#page=20"" title=""2015 AP CSA FRQ 4 NumberGroup"" loading=""lazy""></iframe>
  <div class=""frq-pdf-fallback""><p>PDF cannot display here. <a href=""https://secure-media.collegeboard.org/digitalServices/pdf/ap/ap15_frq_computer_science_a.pdf"" target=""_blank"" rel=""noopener"">Open PDF directly →</a></p></div>
</div>

<div id=""frq15q4-provided"">
<h2>Provided Code</h2>
<pre>public interface NumberGroup
{
    boolean contains(int number);
}

// Write the Range class:
// Range(int min, int max) — stores bounds
// contains(int number) — true if min &lt;= number &lt;= max

// Write the MultipleGroups class:
// MultipleGroups(ArrayList<numbergroup> groups) — stores groups
// contains(int number) — true if ANY group contains number</numbergroup></pre>
</div>

<div class=""frq-timer"">
  <span class=""frq-timer-label"">Timer</span>
  <span class=""frq-timer-display"" id=""frq15q4-timer"">22:00</span>
  <button onclick=""frq15q4Start()"">Start</button>
  <button onclick=""frq15q4Pause()"">Pause</button>
  <button onclick=""frq15q4Reset()"">Reset</button>
</div>


<div id=""frq15q4-parta"">
<h2>Part A — Range class (4 Points)</h2>
<p>Write the Range class that implements NumberGroup. Its constructor takes min and max (inclusive bounds); contains() returns true if number is within the range.</p>
<div class=""frq-editor"">
<textarea id=""frq15q4-parta-ea"" placeholder=""// Write your solution here...""></textarea><span class=""frq-editor-hint"">Drag corner to expand ▽</span>
</div>
<p><button class=""btn btn-sm btn-green"" onclick=""document.getElementById('frq15q4-sol-parta').classList.add('open')"">Check Answer</button> <button class=""btn btn-sm btn-outline"" onclick=""document.getElementById('frq15q4-parta-ea').value=''"">Clear</button></p>
<button class=""frq-collapsible"" onclick=""this.nextElementSibling.classList.toggle('open')"">View Solution and Rubric ▼</button>
<div class=""frq-collapsible-content"" id=""frq15q4-sol-parta"">
<h4>Scoring Rubric</h4>
<table>
<tr>
<td><strong>+1</strong></td>
<td>Declares class with implements NumberGroup</td>
</tr>
<tr>
<td><strong>+1</strong></td>
<td>Constructor stores min and max in instance variables</td>
</tr>
<tr>
<td><strong>+1</strong></td>
<td>contains() checks number &gt;= min</td>
</tr>
<tr>
<td><strong>+1</strong></td>
<td>contains() checks number &lt;= max and returns correct boolean</td>
</tr>
</table>
<h4>Solution</h4>
<pre>public class Range implements NumberGroup
{
    private int minVal;
    private int maxVal;

    public Range(int min, int max)
    {
        minVal = min;
        maxVal = max;
    }

    public boolean contains(int number)
    {
        return number &gt;= minVal &amp;&amp; number &lt;= maxVal;
    }
}</pre>
<div class=""key-insight"">Simple range check. Both bounds are INCLUSIVE (&gt;= and &lt;=). Declare implements NumberGroup in the class header.</div>
</div>
</div>
<div id=""frq15q4-partb"">
<h2>Part B — MultipleGroups class (5 Points)</h2>
<p>Write the MultipleGroups class that implements NumberGroup. Its constructor takes an ArrayList of NumberGroup objects; contains() returns true if any group in the list contains the number.</p>
<div class=""frq-editor"">
<textarea id=""frq15q4-partb-ea"" placeholder=""// Write your solution here...""></textarea><span class=""frq-editor-hint"">Drag corner to expand ▽</span>
</div>
<p><button class=""btn btn-sm btn-green"" onclick=""document.getElementById('frq15q4-sol-partb').classList.add('open')"">Check Answer</button> <button class=""btn btn-sm btn-outline"" onclick=""document.getElementById('frq15q4-partb-ea').value=''"">Clear</button></p>
<button class=""frq-collapsible"" onclick=""this.nextElementSibling.classList.toggle('open')"">View Solution and Rubric ▼</button>
<div class=""frq-collapsible-content"" id=""frq15q4-sol-partb"">
<h4>Scoring Rubric</h4>
<table>
<tr>
<td><strong>+1</strong></td>
<td>Declares class with implements NumberGroup</td>
</tr>
<tr>
<td><strong>+1</strong></td>
<td>Constructor stores the ArrayList of NumberGroup objects</td>
</tr>
<tr>
<td><strong>+1</strong></td>
<td>contains() iterates over all groups</td>
</tr>
<tr>
<td><strong>+1</strong></td>
<td>contains() calls contains() on each group</td>
</tr>
<tr>
<td><strong>+1</strong></td>
<td>Returns true if any group contains the number, false otherwise (algorithm)</td>
</tr>
</table>
<h4>Solution</h4>
<pre>public class MultipleGroups implements NumberGroup
{
    private ArrayList<numbergroup> groupList;

    public MultipleGroups(ArrayList<numbergroup> groups)
    {
        groupList = groups;
    }

    public boolean contains(int number)
    {
        for (NumberGroup g : groupList)
        {
            if (g.contains(number))
                return true;
        }
        return false;
    }
}</numbergroup></numbergroup></pre>
<div class=""key-insight"">The composite pattern: MultipleGroups delegates contains() to each sub-group. Return true immediately when any group matches; return false only after checking all groups.</div>
</div>
</div>

<h2>Common Mistakes to Avoid</h2>
<div class=""mistake-block"">
<div class=""mistake-header"">Using strict inequality in Range.contains()</div>
<div class=""mistake-body"">
<p><span class=""mistake-label mistake-wrong"">Wrong</span></p>
<pre>return number &gt; minVal &amp;&amp; number &lt; maxVal; // excludes boundary values</pre>
<p><span class=""mistake-label mistake-right"">Correct</span></p>
<pre>return number &gt;= minVal &amp;&amp; number &lt;= maxVal; // inclusive bounds</pre>
<p>The problem specifies INCLUSIVE bounds. A value equal to min or max IS in the range.</p>
</div>
</div>
<div class=""mistake-block"">
<div class=""mistake-header"">Not implementing NumberGroup in the class declaration</div>
<div class=""mistake-body"">
<p><span class=""mistake-label mistake-wrong"">Wrong</span></p>
<pre>public class Range { ... } // missing implements</pre>
<p><span class=""mistake-label mistake-right"">Correct</span></p>
<pre>public class Range implements NumberGroup { ... }</pre>
<p>Both Range and MultipleGroups must declare implements NumberGroup. Without it they do not satisfy the interface and cannot be stored in an ArrayList<numbergroup>.</numbergroup></p>
</div>
</div>
<h2>Exam Tips</h2>
<div class=""exam-tip"">Interface implementation is no longer on the current AP CSA exam, but the composite pattern here — an object that holds a list of same-typed objects and delegates a method call to each — is a useful design pattern to understand.</div>
<div class=""exam-tip"">Return true early in MultipleGroups.contains() — no need to check remaining groups once a match is found.</div>

<div id=""frq15q4-faq"">
<h2>Frequently Asked Questions</h2>
<div style=""border-bottom:1px solid #f1f5f9!important;padding:14px 0!important"">
<h3 style=""font-size:15px!important;font-weight:600!important;color:#1e293b!important;-webkit-text-fill-color:#1e293b!important;margin:0 0 6px!important"">What does 2015 AP CSA FRQ 4 NumberGroup ask?</h3>
<p style=""font-size:14px!important;color:#475569!important;margin:0!important"">It asks students to write the Range class (implements NumberGroup with inclusive bounds check) and the MultipleGroups class (implements NumberGroup by delegating contains() to a list of NumberGroup objects, returning true if any sub-group matches).</p>
</div>
<div style=""border-bottom:1px solid #f1f5f9!important;padding:14px 0!important"">
<h3 style=""font-size:15px!important;font-weight:600!important;color:#1e293b!important;-webkit-text-fill-color:#1e293b!important;margin:0 0 6px!important"">Is interface implementation still tested on the current AP CSA exam?</h3>
<p style=""font-size:14px!important;color:#475569!important;margin:0!important"">No. Interfaces and the implements keyword were removed from the AP CSA curriculum in the 2019 redesign. The composite delegation pattern in MultipleGroups is algorithmically interesting but not directly testable on the current exam.</p>
</div>
</div>

<div class=""cta-box"">
<h3>See All 2015 AP CSA FRQs</h3>
<p>View the complete 2015 exam hub with solutions, difficulty analysis, and scoring for all four questions.</p>
<a href=""/pages/ap-csa-frq-2015"" class=""btn"" style=""background:#1e3a8a!important;color:#fff!important;-webkit-text-fill-color:#fff!important;text-decoration:none!important;"">View 2015 FRQ Hub →</a>
</div>

<div class=""frq-nav"">
  <div><a href=""/ap-csa-2015-frq-3-sparsearray"">← FRQ 3</a></div>
  <div><a href=""/pages/ap-csa-frq-2015"">2015 Hub</a></div>
  <div><a href=""/pages/ap-csa-frq-2015"">2015 Hub →</a></div>
</div>
</div>
<script>var frq15q4Secs=22*60,frq15q4Int=null;
function frq15q4Start(){if(frq15q4Int)return;frq15q4Int=setInterval(function(){if(frq15q4Secs<=0){clearInterval(frq15q4Int);frq15q4Int=null;return;}frq15q4Secs--;var m=Math.floor(frq15q4Secs/60),s=frq15q4Secs%60;document.getElementById('frq15q4-timer').textContent=(m<10?'0':'')+m+':'+(s<10?'0':'')+s;},1000);}
function frq15q4Pause(){clearInterval(frq15q4Int);frq15q4Int=null;}
function frq15q4Reset(){frq15q4Pause();frq15q4Secs=22*60;document.getElementById('frq15q4-timer').textContent='22:00';}</script>","TRUE","2026-03-01 12:00:00"
"ap-csa-2016-frq-1-randomstringchooser","MERGE","<style>#frq2026note-ap-csa-2016-frq-1-randomstringchooser{all:initial!important;display:block!important;box-sizing:border-box!important;font-family:-apple-system,BlinkMacSystemFont,""Segoe UI"",Roboto,Helvetica,Arial,sans-serif!important;background:#fffbeb!important;border:1px solid #fcd34d!important;border-left:5px solid #d97706!important;border-radius:8px!important;margin:0 0 18px 0!important;padding:0!important;overflow:hidden!important;}#frq2026note-ap-csa-2016-frq-1-randomstringchooser *{box-sizing:border-box!important;font-family:inherit!important;}#frq2026note-ap-csa-2016-frq-1-randomstringchooser summary{display:block!important;cursor:pointer!important;padding:12px 15px!important;font-size:0.95em!important;line-height:1.5!important;list-style:none!important;color:#78350f!important;-webkit-text-fill-color:#78350f!important;}#frq2026note-ap-csa-2016-frq-1-randomstringchooser summary::-webkit-details-marker{display:none!important;}#frq2026note-ap-csa-2016-frq-1-randomstringchooser summary::marker{content:""""!important;}#frq2026note-ap-csa-2016-frq-1-randomstringchooser summary:hover{background:#fef3c7!important;}#frq2026note-ap-csa-2016-frq-1-randomstringchooser summary strong{font-weight:700!important;color:#78350f!important;-webkit-text-fill-color:#78350f!important;}#frq2026note-ap-csa-2016-frq-1-randomstringchooser .n26-body{display:block!important;padding:0 15px 14px!important;font-size:0.92em!important;line-height:1.6!important;color:#78350f!important;-webkit-text-fill-color:#78350f!important;}#frq2026note-ap-csa-2016-frq-1-randomstringchooser .n26-body p{margin:0 0 10px!important;color:#78350f!important;-webkit-text-fill-color:#78350f!important;}#frq2026note-ap-csa-2016-frq-1-randomstringchooser .n26-body strong{font-weight:700!important;color:#78350f!important;-webkit-text-fill-color:#78350f!important;}#frq2026note-ap-csa-2016-frq-1-randomstringchooser table{border-collapse:collapse!important;width:100%!important;margin:0 0 10px!important;font-size:0.95em!important;background:#fffdf5!important;}#frq2026note-ap-csa-2016-frq-1-randomstringchooser th,#frq2026note-ap-csa-2016-frq-1-randomstringchooser td{border:1px solid #fcd34d!important;padding:6px 9px!important;text-align:left!important;color:#78350f!important;-webkit-text-fill-color:#78350f!important;}#frq2026note-ap-csa-2016-frq-1-randomstringchooser th{background:#fef3c7!important;font-weight:700!important;}#frq2026note-ap-csa-2016-frq-1-randomstringchooser a{color:#92400e!important;-webkit-text-fill-color:#92400e!important;text-decoration:underline!important;}#frq2026note-ap-csa-2016-frq-1-randomstringchooser .n26-src{font-size:0.85em!important;font-style:italic!important;margin:0!important;}</style>
<details id=""frq2026note-ap-csa-2016-frq-1-randomstringchooser"">
<summary><strong>Heads up: the May 2027 exam scores free response differently from this one.</strong> Tap for the current point structure.</summary>
<div class=""n26-body"">
<p>Every AP CSA free-response question from 2004 through 2025 was worth <strong>9 points</strong>, and the section was 36. From 2026 the four questions are worth <strong>7, 7, 5 and 6</strong>, the section is <strong>25 points</strong>, and only Question 1 has parts.</p>
<table><tr><th>Question</th><th>Points</th><th>Parts</th><th>Type</th></tr><tr><td>Question 1</td><td><strong>7</strong></td><td>Part A 4 + Part B 3</td><td>Methods and Control Structures</td></tr><tr><td>Question 2</td><td><strong>7</strong></td><td>single part</td><td>Class Design</td></tr><tr><td>Question 3</td><td><strong>5</strong></td><td>single part</td><td>Data Analysis with ArrayList</td></tr><tr><td>Question 4</td><td><strong>6</strong></td><td>single part</td><td>2D Array</td></tr></table>
<p>Section I is now 42 multiple-choice questions at 55% of the score, and Section II is 45%. The question on this page is still worth practising. The 9 points printed below it are not the rubric you will be scored against.</p>
<p class=""n26-src"">Point totals from College Board's 2026 scoring guidelines; section weightings from the AP Computer Science A exam page. See the <a href=""/pages/ap-csa-frq-2026"">2026 questions</a> for the current format.</p>
</div>
</details>
<script type=""application/ld+json"">{""@context"":""https://schema.org"",""@type"":""FAQPage"",""mainEntity"":[{""@type"":""Question"",""name"":""What does 2016 AP CSA FRQ 1 RandomStringChooser ask?"",""acceptedAnswer"":{""@type"":""Answer"",""text"":""Part A asks students to write the complete RandomStringChooser class with an ArrayList constructor and a getNext() method that picks and removes a random element (returning 'NONE' when empty). Part B asks for a subclass constructor using super().""}},
    {""@type"":""Question"",""name"":""Is the RandomLetterChooser subclass relevant to the current exam?"",""acceptedAnswer"":{""@type"":""Answer"",""text"":""No. The subclass part uses extends and super(), which are no longer part of the AP CSA curriculum. Part A (the base class) is directly applicable — ArrayList construction and random removal are tested on every current exam.""}}]}</script>
<script type=""application/ld+json"">{""@context"":""https://schema.org"",""@type"":""BreadcrumbList"",""itemListElement"":[{""@type"":""ListItem"",""position"":1,""name"":""FRQ Archive"",""item"":""https://www.apcsexamprep.com/pages/ap-csa-frq-archive""},{""@type"":""ListItem"",""position"":2,""name"":""2016 AP CSA FRQs"",""item"":""https://www.apcsexamprep.com/pages/ap-csa-frq-2016""},{""@type"":""ListItem"",""position"":3,""name"":""FRQ 1: RandomStringChooser"",""item"":""https://www.apcsexamprep.com/pages/ap-csa-2016-frq-1-randomstringchooser""}]}</script>
<script type=""application/ld+json"">{""@context"":""https://schema.org"",""@type"":""Article"",""headline"":""AP CSA 2016 FRQ 1: RandomStringChooser — Complete Solution & Scoring"",""description"":""Complete solution for 2016 AP CSA FRQ 1 RandomStringChooser. Rubric, common mistakes & exam tips from College Board PDF."",""author"":{""@type"":""Person"",""name"":""Tanner Crow"",""url"":""https://www.wyzant.com/tutors/tannerc12""},""publisher"":{""@type"":""Organization"",""name"":""AP CS Exam Prep"",""url"":""https://www.apcsexamprep.com""},""datePublished"":""2016-09-01"",""dateModified"":""2026-03-17"",""educationalLevel"":""AP""}</script>
<div id=""frq16q1"">
<style>
.page-title,.article__title,.page__title,.template-page h1:first-of-type{display:none!important}
#frq16q1{all:initial!important;display:block!important;font-family:-apple-system,BlinkMacSystemFont,'Segoe UI',Roboto,Oxygen,Ubuntu,Cantarell,sans-serif!important;line-height:1.7!important;color:#1e293b!important;max-width:880px!important;margin:0 auto!important;padding:24px 20px 60px!important;-webkit-font-smoothing:antialiased!important;background:#ffffff!important}
#frq16q1 *{box-sizing:border-box!important}
#frq16q1 h1{font-size:2em!important;font-weight:800!important;color:#1e3a8a!important;-webkit-text-fill-color:#1e3a8a!important;margin:0 0 8px!important;line-height:1.2!important;border:none!important;padding:0!important}
#frq16q1 h2{font-size:1.5em!important;font-weight:700!important;color:#1e40af!important;-webkit-text-fill-color:#1e40af!important;margin:40px 0 16px!important;padding-left:12px!important;border-left:4px solid #60a5fa!important;border-bottom:none!important;line-height:1.3!important}
#frq16q1 h3{font-size:1.2em!important;font-weight:600!important;color:#1e40af!important;-webkit-text-fill-color:#1e40af!important;margin:24px 0 12px!important;line-height:1.3!important}
#frq16q1 h4{font-size:1.05em!important;font-weight:600!important;color:#334155!important;margin:20px 0 10px!important}
#frq16q1 p{margin:0 0 16px!important;color:#1e293b!important;font-size:16px!important;line-height:1.7!important}
#frq16q1 a{color:#2563eb!important;-webkit-text-fill-color:#2563eb!important;text-decoration:underline!important}
#frq16q1 a:link,#frq16q1 a:visited{color:#2563eb!important;-webkit-text-fill-color:#2563eb!important}
#frq16q1 a:hover{color:#1d4ed8!important;-webkit-text-fill-color:#1d4ed8!important}
#frq16q1 strong{font-weight:700!important;color:#1e293b!important}
#frq16q1 ul,#frq16q1 ol{margin:0 0 16px!important;padding-left:24px!important;color:#1e293b!important}
#frq16q1 li{margin:0 0 8px!important;font-size:16px!important;line-height:1.7!important}
#frq16q1 pre{background:#1e293b!important;color:#e2e8f0!important;padding:20px!important;border-radius:8px!important;overflow-x:auto!important;font-family:'Consolas','Monaco','Courier New',monospace!important;font-size:14px!important;line-height:1.6!important;margin:0 0 20px!important;white-space:pre!important}
#frq16q1 code{font-family:'Consolas','Monaco','Courier New',monospace!important;font-size:0.9em!important;background:#f1f5f9!important;padding:2px 6px!important;border-radius:3px!important;color:#1e293b!important}
#frq16q1 pre code{background:transparent!important;padding:0!important;color:#e2e8f0!important;font-size:inherit!important}
#frq16q1 table{width:100%!important;border-collapse:collapse!important;margin:0 0 20px!important;font-size:15px!important}
#frq16q1 th{background:#f8fafc!important;color:#475569!important;font-weight:600!important;padding:10px 14px!important;text-align:left!important;border-bottom:2px solid #e2e8f0!important;font-size:13px!important;text-transform:uppercase!important;letter-spacing:0.4px!important}
#frq16q1 td{padding:10px 14px!important;border-bottom:1px solid #f1f5f9!important;color:#1e293b!important;vertical-align:top!important}
#frq16q1 tr:last-child td{border-bottom:none!important}
#frq16q1 .frq-breadcrumb{font-size:14px!important;color:#64748b!important;margin-bottom:24px!important;display:block!important}
#frq16q1 .frq-breadcrumb a{color:#2563eb!important;-webkit-text-fill-color:#2563eb!important;text-decoration:none!important;font-size:14px!important}
#frq16q1 .frq-breadcrumb a:link,#frq16q1 .frq-breadcrumb a:visited{color:#2563eb!important;-webkit-text-fill-color:#2563eb!important}
#frq16q1 .frq-year-label{display:inline-block!important;background:#dbeafe!important;color:#1e40af!important;-webkit-text-fill-color:#1e40af!important;font-size:13px!important;font-weight:600!important;padding:4px 12px!important;border-radius:4px!important;margin-bottom:8px!important;letter-spacing:0.5px!important;text-transform:uppercase!important}
#frq16q1 .frq-subtitle{color:#64748b!important;font-size:15px!important;margin:0 0 20px!important;line-height:1.6!important}
#frq16q1 .frq-badges{display:flex!important;flex-wrap:wrap!important;gap:8px!important;margin-bottom:24px!important}
#frq16q1 .frq-badge{display:inline-block!important;padding:6px 14px!important;border-radius:20px!important;font-size:13px!important;font-weight:600!important;line-height:1.4!important}
#frq16q1 .frq-badge-blue{background:#dbeafe!important;color:#1e40af!important;-webkit-text-fill-color:#1e40af!important}
#frq16q1 .frq-badge-green{background:#dcfce7!important;color:#166534!important;-webkit-text-fill-color:#166534!important}
#frq16q1 .frq-badge-purple{background:#ede9fe!important;color:#5b21b6!important;-webkit-text-fill-color:#5b21b6!important}
#frq16q1 .frq-badge-amber{background:#fef3c7!important;color:#92400e!important;-webkit-text-fill-color:#92400e!important}
#frq16q1 .frq-meta-table td{padding:10px 16px!important;border-bottom:1px solid #e5e7eb!important}
#frq16q1 .frq-meta-table td:first-child{font-weight:600!important;color:#475569!important;width:160px!important}
#frq16q1 .frq-jumplinks{display:flex!important;flex-wrap:wrap!important;gap:8px!important;margin:0 0 32px!important;padding:14px 0!important;border-top:1px solid #e5e7eb!important;border-bottom:1px solid #e5e7eb!important}
#frq16q1 .frq-jumplinks a{display:inline-block!important;padding:5px 13px!important;background:#f1f5f9!important;color:#334155!important;-webkit-text-fill-color:#334155!important;border-radius:5px!important;font-size:13px!important;font-weight:600!important;text-decoration:none!important}
#frq16q1 .frq-jumplinks a:link,#frq16q1 .frq-jumplinks a:visited{color:#334155!important;-webkit-text-fill-color:#334155!important;text-decoration:none!important}
#frq16q1 .frq-jumplinks a:hover{background:#e2e8f0!important;color:#1e293b!important;-webkit-text-fill-color:#1e293b!important}
#frq16q1 .frq-timer{display:flex!important;align-items:center!important;gap:12px!important;background:#f8fafc!important;padding:12px 20px!important;border-radius:8px!important;margin:24px 0!important;border:1px solid #e2e8f0!important}
#frq16q1 .frq-timer-label{font-size:13px!important;font-weight:600!important;color:#64748b!important}
#frq16q1 .frq-timer-display{font-size:1.6em!important;font-weight:800!important;color:#1e3a8a!important;-webkit-text-fill-color:#1e3a8a!important;font-family:monospace!important;min-width:60px!important}
#frq16q1 .frq-timer button{padding:6px 16px!important;border:none!important;border-radius:6px!important;font-size:13px!important;font-weight:600!important;cursor:pointer!important;background:#1e3a8a!important;color:#fff!important;-webkit-text-fill-color:#fff!important}
#frq16q1 .frq-timer button:hover{background:#1e40af!important}
#frq16q1 .frq-editor textarea{width:100%!important;min-height:180px!important;font-family:'Consolas','Monaco','Courier New',monospace!important;font-size:14px!important;padding:14px!important;border:2px solid #e2e8f0!important;border-radius:8px!important;resize:vertical!important;background:#1e293b!important;color:#e2e8f0!important;line-height:1.6!important;outline:none!important}
#frq16q1 .frq-editor-hint{display:block!important;font-size:11px!important;color:#94a3b8!important;margin-top:4px!important;text-align:right!important}
#frq16q1 .btn{display:inline-block!important;padding:8px 20px!important;border-radius:7px!important;font-size:14px!important;font-weight:600!important;cursor:pointer!important;border:none!important;text-decoration:none!important;opacity:1!important;visibility:visible!important}
#frq16q1 .btn:link,#frq16q1 .btn:visited{text-decoration:none!important}
#frq16q1 .btn-sm{padding:6px 16px!important;font-size:13px!important}
#frq16q1 .btn-green{background:#16a34a!important;color:#fff!important;-webkit-text-fill-color:#fff!important}
#frq16q1 .btn-green:link,#frq16q1 .btn-green:visited{color:#fff!important;-webkit-text-fill-color:#fff!important}
#frq16q1 .btn-outline{background:#f1f5f9!important;color:#334155!important;-webkit-text-fill-color:#334155!important;border:1px solid #e2e8f0!important}
#frq16q1 .btn-outline:link,#frq16q1 .btn-outline:visited{color:#334155!important;-webkit-text-fill-color:#334155!important}
#frq16q1 .frq-collapsible{width:100%!important;background:#f8fafc!important;border:1px solid #e2e8f0!important;padding:12px 16px!important;text-align:left!important;font-size:15px!important;font-weight:600!important;cursor:pointer!important;border-radius:7px!important;color:#1e40af!important;-webkit-text-fill-color:#1e40af!important;margin:12px 0 0!important}
#frq16q1 .frq-collapsible-content{display:none!important;padding:16px!important;border:1px solid #e2e8f0!important;border-top:none!important;border-radius:0 0 7px 7px!important;background:#fff!important;margin-bottom:16px!important}
#frq16q1 .frq-collapsible-content.open{display:block!important}
#frq16q1 .key-insight{background:#eff6ff!important;border-left:4px solid #3b82f6!important;padding:12px 16px!important;border-radius:0 6px 6px 0!important;margin:12px 0!important;font-size:14px!important;color:#1e40af!important;-webkit-text-fill-color:#1e40af!important}
#frq16q1 .mistake-block{border:1px solid #fecaca!important;border-radius:8px!important;overflow:hidden!important;margin-bottom:16px!important}
#frq16q1 .mistake-header{background:#fef2f2!important;padding:10px 16px!important;font-weight:600!important;font-size:15px!important;color:#991b1b!important;-webkit-text-fill-color:#991b1b!important}
#frq16q1 .mistake-body{padding:14px 16px!important}
#frq16q1 .mistake-label{display:inline-block!important;font-size:12px!important;font-weight:700!important;padding:2px 8px!important;border-radius:4px!important;margin-bottom:4px!important}
#frq16q1 .mistake-wrong{background:#fef2f2!important;color:#991b1b!important;-webkit-text-fill-color:#991b1b!important}
#frq16q1 .mistake-right{background:#dcfce7!important;color:#166534!important;-webkit-text-fill-color:#166534!important}
#frq16q1 .exam-tip{background:#fefce8!important;border-left:4px solid #eab308!important;padding:12px 16px!important;margin-bottom:10px!important;border-radius:0 6px 6px 0!important;font-size:14px!important;color:#713f12!important;-webkit-text-fill-color:#713f12!important}
#frq16q1 .cta-box{background:#eff6ff!important;border:1px solid #bfdbfe!important;border-radius:10px!important;padding:24px!important;margin-top:40px!important;text-align:center!important}
#frq16q1 .cta-box h3{color:#1e3a8a!important;-webkit-text-fill-color:#1e3a8a!important;margin:0 0 8px!important;font-size:1.2em!important}
#frq16q1 .cta-box p{color:#475569!important;margin:0 0 16px!important;font-size:15px!important}
#frq16q1 .frq-nav{display:flex!important;justify-content:space-between!important;margin:40px 0 0!important;padding:16px 0!important;border-top:2px solid #e5e7eb!important;gap:12px!important}
#frq16q1 .frq-nav a{display:inline-block!important;padding:8px 18px!important;background:#f1f5f9!important;color:#1e40af!important;-webkit-text-fill-color:#1e40af!important;border-radius:7px!important;font-size:14px!important;font-weight:700!important;text-decoration:none!important;border:1px solid #e2e8f0!important}
#frq16q1 .frq-nav a:link,#frq16q1 .frq-nav a:visited{color:#1e40af!important;-webkit-text-fill-color:#1e40af!important;text-decoration:none!important}
#frq16q1 .frq-nav a:hover{background:#dbeafe!important}
#frq16q1 .classic-note{background:#fef3c7!important;border:1px solid #f59e0b!important;border-left:4px solid #f59e0b!important;border-radius:8px!important;padding:12px 16px!important;margin:16px 0!important;font-size:14px!important;color:#78350f!important;-webkit-text-fill-color:#78350f!important}
#frq16q1 .skip-banner{background:#fef2f2!important;border:2px solid #ef4444!important;border-radius:8px!important;padding:20px!important;margin:20px 0!important;text-align:center!important}
#frq16q1 .skip-banner p{color:#991b1b!important;-webkit-text-fill-color:#991b1b!important;font-size:16px!important;font-weight:600!important;margin:0 0 8px!important}
#frq16q1 .skip-banner a{color:#2563eb!important;-webkit-text-fill-color:#2563eb!important}
#frq16q1 .frq-pdf-wrap{border:1px solid #e2e8f0!important;border-radius:8px!important;overflow:hidden!important;margin:12px 0!important}
#frq16q1 .frq-pdf-wrap iframe{width:100%!important;height:500px!important;border:none!important;display:block!important}
#frq16q1 .frq-pdf-fallback{padding:20px!important;text-align:center!important;background:#f8fafc!important}
@media(max-width:600px){
  #frq16q1 .frq-nav{flex-direction:column!important}
  #frq16q1 .frq-pdf-wrap iframe{height:350px!important}
}</style>

<div class=""frq-breadcrumb"">
<a href=""/pages/ap-csa-frq-archive"">FRQ Archive</a> ›
<a href=""/pages/ap-csa-frq-2016"">2016 FRQs</a> ›
FRQ 1: RandomStringChooser
</div>
<div class=""frq-year-label"">2016 AP CSA • Class Writing</div>
<h1>AP CSA 2016 FRQ 1: RandomStringChooser</h1>

<div class=""classic-note"">
<strong>Classic Exam Note:</strong> Part B uses <code>extends</code> and <code>super()</code>, which are no longer tested on the current AP CSA exam. Part A is fully applicable today.</div>
<p class=""frq-subtitle"">Complete solution, scoring rubric, and walkthrough — verified from the official College Board PDF</p>
<div class=""frq-badges"">
  <span class=""frq-badge frq-badge-blue"">9 Points</span>
  <span class=""frq-badge frq-badge-amber"">Medium</span>
  <span class=""frq-badge frq-badge-purple"">Class Writing</span>
  <span class=""frq-badge frq-badge-amber"">Classic Format (Pre-2019)</span>
</div>

<table class=""frq-meta-table"">
<tr>
<td>Question Type</td>
<td>Class Writing</td>
</tr>
<tr>
<td>Key Skills</td>
<td>Write the complete RandomStringChooser class (stores strings in an ArrayList, removes one randomly via getNext(), return</td>
</tr>
<tr>
<td>Difficulty</td>
<td>Medium</td>
</tr>
<tr>
<td>AP CSA Units</td>
<td>
<a href=""/pages/ap-csa-unit-3-class-creation-study-guide""><strong>Unit 3: Class Creation</strong></a> (complete class), <a href=""/pages/ap-csa-unit-4-data-collections-study-guide""><strong>Unit 4: Data Collections</strong></a> (ArrayList with random removal).</td>
</tr>
</table>

<div class=""frq-jumplinks"">
<a href=""#frq16q1-pdf"">Official PDF</a>
<a href=""#frq16q1-provided"">Provided Code</a>
<a href=""#frq16q1-parta"">Part A — RandomStringChooser class</a><a href=""#frq16q1-partb"">Part B — RandomLetterChooser subclass</a>
<a href=""#frq16q1-mistakes"">Mistakes</a>
<a href=""#frq16q1-tips"">Tips</a>
<a href=""#frq16q1-faq"">FAQ</a>
</div>

<h2>What This Problem Asks</h2>
<p>Write the complete RandomStringChooser class (stores strings in an ArrayList, removes one randomly via getNext(), returns 'NONE' when empty), then write the RandomLetterChooser subclass constructor using super() and getSingleLetters().</p>

<h2 id=""frq16q1-pdf"">Official Question &amp; PDF</h2>
<p><a href=""https://secure-media.collegeboard.org/digitalServices/pdf/ap/ap16_frq_computer_science_a.pdf"" target=""_blank"" rel=""noopener"" class=""btn btn-sm btn-outline"">Download Full 2016 FRQ PDF →</a></p>
<div class=""frq-pdf-wrap"">
  <iframe src=""https://secure-media.collegeboard.org/digitalServices/pdf/ap/ap16_frq_computer_science_a.pdf#page=2"" title=""2016 AP CSA FRQ 1 RandomStringChooser"" loading=""lazy""></iframe>
  <div class=""frq-pdf-fallback""><p>PDF cannot display here. <a href=""https://secure-media.collegeboard.org/digitalServices/pdf/ap/ap16_frq_computer_science_a.pdf"" target=""_blank"" rel=""noopener"">Open PDF directly →</a></p></div>
</div>

<div id=""frq16q1-provided"">
<h2>Provided Code</h2>
<pre>// Part A: write entire RandomStringChooser class
// Part B: given skeleton:
public class RandomLetterChooser extends RandomStringChooser
{
    public RandomLetterChooser(String str)
    { /* to be implemented in part (b) */ }

    public static String[] getSingleLetters(String str)
    { /* provided — splits str into array of 1-char strings */ }
}</pre>
</div>

<div class=""frq-timer"">
  <span class=""frq-timer-label"">Timer</span>
  <span class=""frq-timer-display"" id=""frq16q1-timer"">22:00</span>
  <button onclick=""frq16q1Start()"">Start</button>
  <button onclick=""frq16q1Pause()"">Pause</button>
  <button onclick=""frq16q1Reset()"">Reset</button>
</div>


<div id=""frq16q1-parta"">
<h2>Part A — RandomStringChooser class (7 Points)</h2>
<p>Write the entire RandomStringChooser class: constructor takes a String array and populates an ArrayList; getNext() picks and removes a random element, returning 'NONE' if empty.</p>
<div class=""frq-editor"">
<textarea id=""frq16q1-parta-ea"" placeholder=""// Write your solution here...""></textarea><span class=""frq-editor-hint"">Drag corner to expand ▽</span>
</div>
<p><button class=""btn btn-sm btn-green"" onclick=""document.getElementById('frq16q1-sol-parta').classList.add('open')"">Check Answer</button> <button class=""btn btn-sm btn-outline"" onclick=""document.getElementById('frq16q1-parta-ea').value=''"">Clear</button></p>
<button class=""frq-collapsible"" onclick=""this.nextElementSibling.classList.toggle('open')"">View Solution and Rubric ▼</button>
<div class=""frq-collapsible-content"" id=""frq16q1-sol-parta"">
<h4>Scoring Rubric</h4>
<table>
<tr>
<td><strong>+1</strong></td>
<td>Declares ArrayList instance variable</td>
</tr>
<tr>
<td><strong>+1</strong></td>
<td>Constructor populates ArrayList from array parameter</td>
</tr>
<tr>
<td><strong>+1</strong></td>
<td>Constructor does not modify the original array</td>
</tr>
<tr>
<td><strong>+1</strong></td>
<td>getNext() returns 'NONE' when list is empty</td>
</tr>
<tr>
<td><strong>+1</strong></td>
<td>getNext() generates a valid random index</td>
</tr>
<tr>
<td><strong>+1</strong></td>
<td>getNext() removes the selected element</td>
</tr>
<tr>
<td><strong>+1</strong></td>
<td>getNext() returns the selected string (algorithm)</td>
</tr>
</table>
<h4>Solution</h4>
<pre>public class RandomStringChooser
{
    private ArrayList<string> words;

    public RandomStringChooser(String[] wordArray)
    {
        words = new ArrayList<string>();
        for (String w : wordArray)
        {
            words.add(w);
        }
    }

    public String getNext()
    {
        if (words.isEmpty())
            return ""NONE"";

        int index = (int)(Math.random() * words.size());
        return words.remove(index);
    }
}</string></string></pre>
<div class=""key-insight"">remove(int index) both removes the element AND returns it — use it directly as the return value. Never modify the constructor's array parameter.</div>
</div>
</div>
<div id=""frq16q1-partb"">
<h2>Part B — RandomLetterChooser subclass (2 Points)</h2>
<p>Write the RandomLetterChooser constructor. It receives a String of letters and must call the parent constructor with getSingleLetters(str).</p>
<div class=""frq-editor"">
<textarea id=""frq16q1-partb-ea"" placeholder=""// Write your solution here...""></textarea><span class=""frq-editor-hint"">Drag corner to expand ▽</span>
</div>
<p><button class=""btn btn-sm btn-green"" onclick=""document.getElementById('frq16q1-sol-partb').classList.add('open')"">Check Answer</button> <button class=""btn btn-sm btn-outline"" onclick=""document.getElementById('frq16q1-partb-ea').value=''"">Clear</button></p>
<button class=""frq-collapsible"" onclick=""this.nextElementSibling.classList.toggle('open')"">View Solution and Rubric ▼</button>
<div class=""frq-collapsible-content"" id=""frq16q1-sol-partb"">
<h4>Scoring Rubric</h4>
<table>
<tr>
<td><strong>+1</strong></td>
<td>Calls super() with getSingleLetters(str)</td>
</tr>
<tr>
<td><strong>+1</strong></td>
<td>super() is the first statement in the constructor</td>
</tr>
</table>
<h4>Solution</h4>
<pre>public RandomLetterChooser(String str)
{
    super(getSingleLetters(str));
}</pre>
<div class=""key-insight"">This is a one-line constructor: super() must be the first statement, and getSingleLetters(str) provides the String array the parent constructor needs.</div>
</div>
</div>

<h2>Common Mistakes to Avoid</h2>
<div class=""mistake-block"">
<div class=""mistake-header"">Modifying the original array in the constructor</div>
<div class=""mistake-body"">
<p><span class=""mistake-label mistake-wrong"">Wrong</span></p>
<pre>words = Arrays.asList(wordArray); // shares backing array</pre>
<p><span class=""mistake-label mistake-right"">Correct</span></p>
<pre>for (String w : wordArray)  // copy to new ArrayList
{
    words.add(w);
}</pre>
<p>The problem specifies the constructor must not alter the parameter array. Copy elements into a new ArrayList individually.</p>
</div>
</div>
<div class=""mistake-block"">
<div class=""mistake-header"">Using Math.random() without casting to int</div>
<div class=""mistake-body"">
<p><span class=""mistake-label mistake-wrong"">Wrong</span></p>
<pre>int index = Math.random() * words.size(); // compile error</pre>
<p><span class=""mistake-label mistake-right"">Correct</span></p>
<pre>int index = (int)(Math.random() * words.size()); // correct</pre>
<p>Math.random() returns a double. It must be cast to int for use as a list index. Alternatively, use (int)(Math.random() * words.size()).</p>
</div>
</div>
<h2>Exam Tips</h2>
<div class=""exam-tip"">Part B is worth only 2 points but is free credit — just one line: super(getSingleLetters(str));</div>
<div class=""exam-tip"">Note: inheritance with extends/super is no longer on the current AP CSA exam. Focus on Part A's ArrayList construction for current exam prep.</div>

<div id=""frq16q1-faq"">
<h2>Frequently Asked Questions</h2>
<div style=""border-bottom:1px solid #f1f5f9!important;padding:14px 0!important"">
<h3 style=""font-size:15px!important;font-weight:600!important;color:#1e293b!important;-webkit-text-fill-color:#1e293b!important;margin:0 0 6px!important"">What does 2016 AP CSA FRQ 1 RandomStringChooser ask?</h3>
<p style=""font-size:14px!important;color:#475569!important;margin:0!important"">Part A asks students to write the complete RandomStringChooser class with an ArrayList constructor and a getNext() method that picks and removes a random element (returning 'NONE' when empty). Part B asks for a subclass constructor using super().</p>
</div>
<div style=""border-bottom:1px solid #f1f5f9!important;padding:14px 0!important"">
<h3 style=""font-size:15px!important;font-weight:600!important;color:#1e293b!important;-webkit-text-fill-color:#1e293b!important;margin:0 0 6px!important"">Is the RandomLetterChooser subclass relevant to the current exam?</h3>
<p style=""font-size:14px!important;color:#475569!important;margin:0!important"">No. The subclass part uses extends and super(), which are no longer part of the AP CSA curriculum. Part A (the base class) is directly applicable — ArrayList construction and random removal are tested on every current exam.</p>
</div>
</div>

<div class=""cta-box"">
<h3>See All 2016 AP CSA FRQs</h3>
<p>View the complete 2016 exam hub with solutions, difficulty analysis, and scoring for all four questions.</p>
<a href=""/pages/ap-csa-frq-2016"" class=""btn"" style=""background:#1e3a8a!important;color:#fff!important;-webkit-text-fill-color:#fff!important;text-decoration:none!important;"">View 2016 FRQ Hub →</a>
</div>

<div class=""frq-nav"">
  <div><a href=""/pages/ap-csa-frq-2016"">← 2016 Hub</a></div>
  <div><a href=""/pages/ap-csa-frq-2016"">2016 Hub</a></div>
  <div><a href=""/pages/ap-csa-2016-frq-2-systemlog"">FRQ 2 →</a></div>
</div>
</div>
<script>var frq16q1Secs=22*60,frq16q1Int=null;
function frq16q1Start(){if(frq16q1Int)return;frq16q1Int=setInterval(function(){if(frq16q1Secs<=0){clearInterval(frq16q1Int);frq16q1Int=null;return;}frq16q1Secs--;var m=Math.floor(frq16q1Secs/60),s=frq16q1Secs%60;document.getElementById('frq16q1-timer').textContent=(m<10?'0':'')+m+':'+(s<10?'0':'')+s;},1000);}
function frq16q1Pause(){clearInterval(frq16q1Int);frq16q1Int=null;}
function frq16q1Reset(){frq16q1Pause();frq16q1Secs=22*60;document.getElementById('frq16q1-timer').textContent='22:00';}</script>","TRUE","2026-03-01 12:00:00"
"ap-csa-2016-frq-2-systemlog","MERGE","<style>#frq2026note-ap-csa-2016-frq-2-systemlog{all:initial!important;display:block!important;box-sizing:border-box!important;font-family:-apple-system,BlinkMacSystemFont,""Segoe UI"",Roboto,Helvetica,Arial,sans-serif!important;background:#fffbeb!important;border:1px solid #fcd34d!important;border-left:5px solid #d97706!important;border-radius:8px!important;margin:0 0 18px 0!important;padding:0!important;overflow:hidden!important;}#frq2026note-ap-csa-2016-frq-2-systemlog *{box-sizing:border-box!important;font-family:inherit!important;}#frq2026note-ap-csa-2016-frq-2-systemlog summary{display:block!important;cursor:pointer!important;padding:12px 15px!important;font-size:0.95em!important;line-height:1.5!important;list-style:none!important;color:#78350f!important;-webkit-text-fill-color:#78350f!important;}#frq2026note-ap-csa-2016-frq-2-systemlog summary::-webkit-details-marker{display:none!important;}#frq2026note-ap-csa-2016-frq-2-systemlog summary::marker{content:""""!important;}#frq2026note-ap-csa-2016-frq-2-systemlog summary:hover{background:#fef3c7!important;}#frq2026note-ap-csa-2016-frq-2-systemlog summary strong{font-weight:700!important;color:#78350f!important;-webkit-text-fill-color:#78350f!important;}#frq2026note-ap-csa-2016-frq-2-systemlog .n26-body{display:block!important;padding:0 15px 14px!important;font-size:0.92em!important;line-height:1.6!important;color:#78350f!important;-webkit-text-fill-color:#78350f!important;}#frq2026note-ap-csa-2016-frq-2-systemlog .n26-body p{margin:0 0 10px!important;color:#78350f!important;-webkit-text-fill-color:#78350f!important;}#frq2026note-ap-csa-2016-frq-2-systemlog .n26-body strong{font-weight:700!important;color:#78350f!important;-webkit-text-fill-color:#78350f!important;}#frq2026note-ap-csa-2016-frq-2-systemlog table{border-collapse:collapse!important;width:100%!important;margin:0 0 10px!important;font-size:0.95em!important;background:#fffdf5!important;}#frq2026note-ap-csa-2016-frq-2-systemlog th,#frq2026note-ap-csa-2016-frq-2-systemlog td{border:1px solid #fcd34d!important;padding:6px 9px!important;text-align:left!important;color:#78350f!important;-webkit-text-fill-color:#78350f!important;}#frq2026note-ap-csa-2016-frq-2-systemlog th{background:#fef3c7!important;font-weight:700!important;}#frq2026note-ap-csa-2016-frq-2-systemlog a{color:#92400e!important;-webkit-text-fill-color:#92400e!important;text-decoration:underline!important;}#frq2026note-ap-csa-2016-frq-2-systemlog .n26-src{font-size:0.85em!important;font-style:italic!important;margin:0!important;}</style>
<details id=""frq2026note-ap-csa-2016-frq-2-systemlog"">
<summary><strong>Heads up: the May 2027 exam scores free response differently from this one.</strong> Tap for the current point structure.</summary>
<div class=""n26-body"">
<p>Every AP CSA free-response question from 2004 through 2025 was worth <strong>9 points</strong>, and the section was 36. From 2026 the four questions are worth <strong>7, 7, 5 and 6</strong>, the section is <strong>25 points</strong>, and only Question 1 has parts.</p>
<table><tr><th>Question</th><th>Points</th><th>Parts</th><th>Type</th></tr><tr><td>Question 1</td><td><strong>7</strong></td><td>Part A 4 + Part B 3</td><td>Methods and Control Structures</td></tr><tr><td>Question 2</td><td><strong>7</strong></td><td>single part</td><td>Class Design</td></tr><tr><td>Question 3</td><td><strong>5</strong></td><td>single part</td><td>Data Analysis with ArrayList</td></tr><tr><td>Question 4</td><td><strong>6</strong></td><td>single part</td><td>2D Array</td></tr></table>
<p>Section I is now 42 multiple-choice questions at 55% of the score, and Section II is 45%. The question on this page is still worth practising. The 9 points printed below it are not the rubric you will be scored against.</p>
<p class=""n26-src"">Point totals from College Board's 2026 scoring guidelines; section weightings from the AP Computer Science A exam page. See the <a href=""/pages/ap-csa-frq-2026"">2026 questions</a> for the current format.</p>
</div>
</details>
<script type=""application/ld+json"">{""@context"":""https://schema.org"",""@type"":""FAQPage"",""mainEntity"":[{""@type"":""Question"",""name"":""What does 2016 AP CSA FRQ 2 SystemLog ask?"",""acceptedAnswer"":{""@type"":""Answer"",""text"":""It asks students to write the LogMessage constructor and getMachineName() accessor, then two SystemLog methods: removeEarlierThan() (removes old messages using backward traversal) and getLastHackerMessages() (returns all hacker messages in reverse order).""}},
    {""@type"":""Question"",""name"":""Why must removeEarlierThan use backward traversal?"",""acceptedAnswer"":{""@type"":""Answer"",""text"":""When you remove an element from an ArrayList during a forward loop, all subsequent elements shift left by one index. The loop counter then skips over the element that shifted into the removed position. Iterating backward avoids this because removing index i only affects indices greater than i, which have already been processed.""}}]}</script>
<script type=""application/ld+json"">{""@context"":""https://schema.org"",""@type"":""BreadcrumbList"",""itemListElement"":[{""@type"":""ListItem"",""position"":1,""name"":""FRQ Archive"",""item"":""https://www.apcsexamprep.com/pages/ap-csa-frq-archive""},{""@type"":""ListItem"",""position"":2,""name"":""2016 AP CSA FRQs"",""item"":""https://www.apcsexamprep.com/pages/ap-csa-frq-2016""},{""@type"":""ListItem"",""position"":3,""name"":""FRQ 2: SystemLog"",""item"":""https://www.apcsexamprep.com/pages/ap-csa-2016-frq-2-systemlog""}]}</script>
<script type=""application/ld+json"">{""@context"":""https://schema.org"",""@type"":""Article"",""headline"":""AP CSA 2016 FRQ 2: SystemLog — Complete Solution & Scoring"",""description"":""Complete solution for 2016 AP CSA FRQ 2 SystemLog. Rubric, common mistakes & exam tips from College Board PDF."",""author"":{""@type"":""Person"",""name"":""Tanner Crow"",""url"":""https://www.wyzant.com/tutors/tannerc12""},""publisher"":{""@type"":""Organization"",""name"":""AP CS Exam Prep"",""url"":""https://www.apcsexamprep.com""},""datePublished"":""2016-09-01"",""dateModified"":""2026-03-17"",""educationalLevel"":""AP""}</script>
<div id=""frq16q2"">
<style>
.page-title,.article__title,.page__title,.template-page h1:first-of-type{display:none!important}
#frq16q2{all:initial!important;display:block!important;font-family:-apple-system,BlinkMacSystemFont,'Segoe UI',Roboto,Oxygen,Ubuntu,Cantarell,sans-serif!important;line-height:1.7!important;color:#1e293b!important;max-width:880px!important;margin:0 auto!important;padding:24px 20px 60px!important;-webkit-font-smoothing:antialiased!important;background:#ffffff!important}
#frq16q2 *{box-sizing:border-box!important}
#frq16q2 h1{font-size:2em!important;font-weight:800!important;color:#1e3a8a!important;-webkit-text-fill-color:#1e3a8a!important;margin:0 0 8px!important;line-height:1.2!important;border:none!important;padding:0!important}
#frq16q2 h2{font-size:1.5em!important;font-weight:700!important;color:#1e40af!important;-webkit-text-fill-color:#1e40af!important;margin:40px 0 16px!important;padding-left:12px!important;border-left:4px solid #60a5fa!important;border-bottom:none!important;line-height:1.3!important}
#frq16q2 h3{font-size:1.2em!important;font-weight:600!important;color:#1e40af!important;-webkit-text-fill-color:#1e40af!important;margin:24px 0 12px!important;line-height:1.3!important}
#frq16q2 h4{font-size:1.05em!important;font-weight:600!important;color:#334155!important;margin:20px 0 10px!important}
#frq16q2 p{margin:0 0 16px!important;color:#1e293b!important;font-size:16px!important;line-height:1.7!important}
#frq16q2 a{color:#2563eb!important;-webkit-text-fill-color:#2563eb!important;text-decoration:underline!important}
#frq16q2 a:link,#frq16q2 a:visited{color:#2563eb!important;-webkit-text-fill-color:#2563eb!important}
#frq16q2 a:hover{color:#1d4ed8!important;-webkit-text-fill-color:#1d4ed8!important}
#frq16q2 strong{font-weight:700!important;color:#1e293b!important}
#frq16q2 ul,#frq16q2 ol{margin:0 0 16px!important;padding-left:24px!important;color:#1e293b!important}
#frq16q2 li{margin:0 0 8px!important;font-size:16px!important;line-height:1.7!important}
#frq16q2 pre{background:#1e293b!important;color:#e2e8f0!important;padding:20px!important;border-radius:8px!important;overflow-x:auto!important;font-family:'Consolas','Monaco','Courier New',monospace!important;font-size:14px!important;line-height:1.6!important;margin:0 0 20px!important;white-space:pre!important}
#frq16q2 code{font-family:'Consolas','Monaco','Courier New',monospace!important;font-size:0.9em!important;background:#f1f5f9!important;padding:2px 6px!important;border-radius:3px!important;color:#1e293b!important}
#frq16q2 pre code{background:transparent!important;padding:0!important;color:#e2e8f0!important;font-size:inherit!important}
#frq16q2 table{width:100%!important;border-collapse:collapse!important;margin:0 0 20px!important;font-size:15px!important}
#frq16q2 th{background:#f8fafc!important;color:#475569!important;font-weight:600!important;padding:10px 14px!important;text-align:left!important;border-bottom:2px solid #e2e8f0!important;font-size:13px!important;text-transform:uppercase!important;letter-spacing:0.4px!important}
#frq16q2 td{padding:10px 14px!important;border-bottom:1px solid #f1f5f9!important;color:#1e293b!important;vertical-align:top!important}
#frq16q2 tr:last-child td{border-bottom:none!important}
#frq16q2 .frq-breadcrumb{font-size:14px!important;color:#64748b!important;margin-bottom:24px!important;display:block!important}
#frq16q2 .frq-breadcrumb a{color:#2563eb!important;-webkit-text-fill-color:#2563eb!important;text-decoration:none!important;font-size:14px!important}
#frq16q2 .frq-breadcrumb a:link,#frq16q2 .frq-breadcrumb a:visited{color:#2563eb!important;-webkit-text-fill-color:#2563eb!important}
#frq16q2 .frq-year-label{display:inline-block!important;background:#dbeafe!important;color:#1e40af!important;-webkit-text-fill-color:#1e40af!important;font-size:13px!important;font-weight:600!important;padding:4px 12px!important;border-radius:4px!important;margin-bottom:8px!important;letter-spacing:0.5px!important;text-transform:uppercase!important}
#frq16q2 .frq-subtitle{color:#64748b!important;font-size:15px!important;margin:0 0 20px!important;line-height:1.6!important}
#frq16q2 .frq-badges{display:flex!important;flex-wrap:wrap!important;gap:8px!important;margin-bottom:24px!important}
#frq16q2 .frq-badge{display:inline-block!important;padding:6px 14px!important;border-radius:20px!important;font-size:13px!important;font-weight:600!important;line-height:1.4!important}
#frq16q2 .frq-badge-blue{background:#dbeafe!important;color:#1e40af!important;-webkit-text-fill-color:#1e40af!important}
#frq16q2 .frq-badge-green{background:#dcfce7!important;color:#166534!important;-webkit-text-fill-color:#166534!important}
#frq16q2 .frq-badge-purple{background:#ede9fe!important;color:#5b21b6!important;-webkit-text-fill-color:#5b21b6!important}
#frq16q2 .frq-badge-amber{background:#fef3c7!important;color:#92400e!important;-webkit-text-fill-color:#92400e!important}
#frq16q2 .frq-meta-table td{padding:10px 16px!important;border-bottom:1px solid #e5e7eb!important}
#frq16q2 .frq-meta-table td:first-child{font-weight:600!important;color:#475569!important;width:160px!important}
#frq16q2 .frq-jumplinks{display:flex!important;flex-wrap:wrap!important;gap:8px!important;margin:0 0 32px!important;padding:14px 0!important;border-top:1px solid #e5e7eb!important;border-bottom:1px solid #e5e7eb!important}
#frq16q2 .frq-jumplinks a{display:inline-block!important;padding:5px 13px!important;background:#f1f5f9!important;color:#334155!important;-webkit-text-fill-color:#334155!important;border-radius:5px!important;font-size:13px!important;font-weight:600!important;text-decoration:none!important}
#frq16q2 .frq-jumplinks a:link,#frq16q2 .frq-jumplinks a:visited{color:#334155!important;-webkit-text-fill-color:#334155!important;text-decoration:none!important}
#frq16q2 .frq-jumplinks a:hover{background:#e2e8f0!important;color:#1e293b!important;-webkit-text-fill-color:#1e293b!important}
#frq16q2 .frq-timer{display:flex!important;align-items:center!important;gap:12px!important;background:#f8fafc!important;padding:12px 20px!important;border-radius:8px!important;margin:24px 0!important;border:1px solid #e2e8f0!important}
#frq16q2 .frq-timer-label{font-size:13px!important;font-weight:600!important;color:#64748b!important}
#frq16q2 .frq-timer-display{font-size:1.6em!important;font-weight:800!important;color:#1e3a8a!important;-webkit-text-fill-color:#1e3a8a!important;font-family:monospace!important;min-width:60px!important}
#frq16q2 .frq-timer button{padding:6px 16px!important;border:none!important;border-radius:6px!important;font-size:13px!important;font-weight:600!important;cursor:pointer!important;background:#1e3a8a!important;color:#fff!important;-webkit-text-fill-color:#fff!important}
#frq16q2 .frq-timer button:hover{background:#1e40af!important}
#frq16q2 .frq-editor textarea{width:100%!important;min-height:180px!important;font-family:'Consolas','Monaco','Courier New',monospace!important;font-size:14px!important;padding:14px!important;border:2px solid #e2e8f0!important;border-radius:8px!important;resize:vertical!important;background:#1e293b!important;color:#e2e8f0!important;line-height:1.6!important;outline:none!important}
#frq16q2 .frq-editor-hint{display:block!important;font-size:11px!important;color:#94a3b8!important;margin-top:4px!important;text-align:right!important}
#frq16q2 .btn{display:inline-block!important;padding:8px 20px!important;border-radius:7px!important;font-size:14px!important;font-weight:600!important;cursor:pointer!important;border:none!important;text-decoration:none!important;opacity:1!important;visibility:visible!important}
#frq16q2 .btn:link,#frq16q2 .btn:visited{text-decoration:none!important}
#frq16q2 .btn-sm{padding:6px 16px!important;font-size:13px!important}
#frq16q2 .btn-green{background:#16a34a!important;color:#fff!important;-webkit-text-fill-color:#fff!important}
#frq16q2 .btn-green:link,#frq16q2 .btn-green:visited{color:#fff!important;-webkit-text-fill-color:#fff!important}
#frq16q2 .btn-outline{background:#f1f5f9!important;color:#334155!important;-webkit-text-fill-color:#334155!important;border:1px solid #e2e8f0!important}
#frq16q2 .btn-outline:link,#frq16q2 .btn-outline:visited{color:#334155!important;-webkit-text-fill-color:#334155!important}
#frq16q2 .frq-collapsible{width:100%!important;background:#f8fafc!important;border:1px solid #e2e8f0!important;padding:12px 16px!important;text-align:left!important;font-size:15px!important;font-weight:600!important;cursor:pointer!important;border-radius:7px!important;color:#1e40af!important;-webkit-text-fill-color:#1e40af!important;margin:12px 0 0!important}
#frq16q2 .frq-collapsible-content{display:none!important;padding:16px!important;border:1px solid #e2e8f0!important;border-top:none!important;border-radius:0 0 7px 7px!important;background:#fff!important;margin-bottom:16px!important}
#frq16q2 .frq-collapsible-content.open{display:block!important}
#frq16q2 .key-insight{background:#eff6ff!important;border-left:4px solid #3b82f6!important;padding:12px 16px!important;border-radius:0 6px 6px 0!important;margin:12px 0!important;font-size:14px!important;color:#1e40af!important;-webkit-text-fill-color:#1e40af!important}
#frq16q2 .mistake-block{border:1px solid #fecaca!important;border-radius:8px!important;overflow:hidden!important;margin-bottom:16px!important}
#frq16q2 .mistake-header{background:#fef2f2!important;padding:10px 16px!important;font-weight:600!important;font-size:15px!important;color:#991b1b!important;-webkit-text-fill-color:#991b1b!important}
#frq16q2 .mistake-body{padding:14px 16px!important}
#frq16q2 .mistake-label{display:inline-block!important;font-size:12px!important;font-weight:700!important;padding:2px 8px!important;border-radius:4px!important;margin-bottom:4px!important}
#frq16q2 .mistake-wrong{background:#fef2f2!important;color:#991b1b!important;-webkit-text-fill-color:#991b1b!important}
#frq16q2 .mistake-right{background:#dcfce7!important;color:#166534!important;-webkit-text-fill-color:#166534!important}
#frq16q2 .exam-tip{background:#fefce8!important;border-left:4px solid #eab308!important;padding:12px 16px!important;margin-bottom:10px!important;border-radius:0 6px 6px 0!important;font-size:14px!important;color:#713f12!important;-webkit-text-fill-color:#713f12!important}
#frq16q2 .cta-box{background:#eff6ff!important;border:1px solid #bfdbfe!important;border-radius:10px!important;padding:24px!important;margin-top:40px!important;text-align:center!important}
#frq16q2 .cta-box h3{color:#1e3a8a!important;-webkit-text-fill-color:#1e3a8a!important;margin:0 0 8px!important;font-size:1.2em!important}
#frq16q2 .cta-box p{color:#475569!important;margin:0 0 16px!important;font-size:15px!important}
#frq16q2 .frq-nav{display:flex!important;justify-content:space-between!important;margin:40px 0 0!important;padding:16px 0!important;border-top:2px solid #e5e7eb!important;gap:12px!important}
#frq16q2 .frq-nav a{display:inline-block!important;padding:8px 18px!important;background:#f1f5f9!important;color:#1e40af!important;-webkit-text-fill-color:#1e40af!important;border-radius:7px!important;font-size:14px!important;font-weight:700!important;text-decoration:none!important;border:1px solid #e2e8f0!important}
#frq16q2 .frq-nav a:link,#frq16q2 .frq-nav a:visited{color:#1e40af!important;-webkit-text-fill-color:#1e40af!important;text-decoration:none!important}
#frq16q2 .frq-nav a:hover{background:#dbeafe!important}
#frq16q2 .classic-note{background:#fef3c7!important;border:1px solid #f59e0b!important;border-left:4px solid #f59e0b!important;border-radius:8px!important;padding:12px 16px!important;margin:16px 0!important;font-size:14px!important;color:#78350f!important;-webkit-text-fill-color:#78350f!important}
#frq16q2 .skip-banner{background:#fef2f2!important;border:2px solid #ef4444!important;border-radius:8px!important;padding:20px!important;margin:20px 0!important;text-align:center!important}
#frq16q2 .skip-banner p{color:#991b1b!important;-webkit-text-fill-color:#991b1b!important;font-size:16px!important;font-weight:600!important;margin:0 0 8px!important}
#frq16q2 .skip-banner a{color:#2563eb!important;-webkit-text-fill-color:#2563eb!important}
#frq16q2 .frq-pdf-wrap{border:1px solid #e2e8f0!important;border-radius:8px!important;overflow:hidden!important;margin:12px 0!important}
#frq16q2 .frq-pdf-wrap iframe{width:100%!important;height:500px!important;border:none!important;display:block!important}
#frq16q2 .frq-pdf-fallback{padding:20px!important;text-align:center!important;background:#f8fafc!important}
@media(max-width:600px){
  #frq16q2 .frq-nav{flex-direction:column!important}
  #frq16q2 .frq-pdf-wrap iframe{height:350px!important}
}</style>

<div class=""frq-breadcrumb"">
<a href=""/pages/ap-csa-frq-archive"">FRQ Archive</a> ›
<a href=""/pages/ap-csa-frq-2016"">2016 FRQs</a> ›
FRQ 2: SystemLog
</div>
<div class=""frq-year-label"">2016 AP CSA • ArrayList Manipulation</div>
<h1>AP CSA 2016 FRQ 2: SystemLog</h1>


<p class=""frq-subtitle"">Complete solution, scoring rubric, and walkthrough — verified from the official College Board PDF</p>
<div class=""frq-badges"">
  <span class=""frq-badge frq-badge-blue"">9 Points</span>
  <span class=""frq-badge frq-badge-amber"">Medium-Hard</span>
  <span class=""frq-badge frq-badge-green"">ArrayList Manipulation</span>
  <span class=""frq-badge frq-badge-amber"">Classic Format (Pre-2019)</span>
</div>

<table class=""frq-meta-table"">
<tr>
<td>Question Type</td>
<td>ArrayList Manipulation</td>
</tr>
<tr>
<td>Key Skills</td>
<td>Implement the LogMessage class (parse and store a log string's machine name and description) and two SystemLog methods: </td>
</tr>
<tr>
<td>Difficulty</td>
<td>Medium-Hard</td>
</tr>
<tr>
<td>AP CSA Units</td>
<td>
<a href=""/pages/ap-csa-unit-4-data-collections-study-guide""><strong>Unit 4: Data Collections</strong></a> (ArrayList traversal, backward removal, building result list) and <a href=""/pages/ap-csa-unit-3-class-creation-study-guide""><strong>Unit 3: Class Creation</strong></a> (LogMessage class).</td>
</tr>
</table>

<div class=""frq-jumplinks"">
<a href=""#frq16q2-pdf"">Official PDF</a>
<a href=""#frq16q2-provided"">Provided Code</a>
<a href=""#frq16q2-parta"">Part A — LogMessage class</a><a href=""#frq16q2-partb"">Part B — removeEarlierThan</a><a href=""#frq16q2-partc"">Part C — getLastHackerMessages</a>
<a href=""#frq16q2-mistakes"">Mistakes</a>
<a href=""#frq16q2-tips"">Tips</a>
<a href=""#frq16q2-faq"">FAQ</a>
</div>

<h2>What This Problem Asks</h2>
<p>Implement the LogMessage class (parse and store a log string's machine name and description) and two SystemLog methods: removeEarlierThan() (remove all messages with timestamps before a given time using backward traversal) and getLastHackerMessages() (return all 'hacker' level messages in reverse order).</p>

<h2 id=""frq16q2-pdf"">Official Question &amp; PDF</h2>
<p><a href=""https://secure-media.collegeboard.org/digitalServices/pdf/ap/ap16_frq_computer_science_a.pdf"" target=""_blank"" rel=""noopener"" class=""btn btn-sm btn-outline"">Download Full 2016 FRQ PDF →</a></p>
<div class=""frq-pdf-wrap"">
  <iframe src=""https://secure-media.collegeboard.org/digitalServices/pdf/ap/ap16_frq_computer_science_a.pdf#page=8"" title=""2016 AP CSA FRQ 2 SystemLog"" loading=""lazy""></iframe>
  <div class=""frq-pdf-fallback""><p>PDF cannot display here. <a href=""https://secure-media.collegeboard.org/digitalServices/pdf/ap/ap16_frq_computer_science_a.pdf"" target=""_blank"" rel=""noopener"">Open PDF directly →</a></p></div>
</div>

<div id=""frq16q2-provided"">
<h2>Provided Code</h2>
<pre>public class LogMessage
{
    public LogMessage(String str) { /* to be implemented in part (a) */ }
    public String getMachineName() { /* to be implemented in part (a) */ }
        public boolean isAfter(int time) {
        /* provided */
    }
        public String toString() {
        /* provided */
    }
}

public class SystemLog
{
    private ArrayList<logmessage> messageList;
    // constructor and other methods provided

    public void removeEarlierThan(int time) { /* to be implemented in part (b) */ }
    public ArrayList<logmessage> getLastHackerMessages() { /* to be implemented in part (c) */ }
}</logmessage></logmessage></pre>
</div>

<div class=""frq-timer"">
  <span class=""frq-timer-label"">Timer</span>
  <span class=""frq-timer-display"" id=""frq16q2-timer"">22:00</span>
  <button onclick=""frq16q2Start()"">Start</button>
  <button onclick=""frq16q2Pause()"">Pause</button>
  <button onclick=""frq16q2Reset()"">Reset</button>
</div>


<div id=""frq16q2-parta"">
<h2>Part A — LogMessage class (4 Points)</h2>
<p>Write the LogMessage constructor (parse the log string to extract machine name and description) and getMachineName() accessor.</p>
<div class=""frq-editor"">
<textarea id=""frq16q2-parta-ea"" placeholder=""// Write your solution here...""></textarea><span class=""frq-editor-hint"">Drag corner to expand ▽</span>
</div>
<p><button class=""btn btn-sm btn-green"" onclick=""document.getElementById('frq16q2-sol-parta').classList.add('open')"">Check Answer</button> <button class=""btn btn-sm btn-outline"" onclick=""document.getElementById('frq16q2-parta-ea').value=''"">Clear</button></p>
<button class=""frq-collapsible"" onclick=""this.nextElementSibling.classList.toggle('open')"">View Solution and Rubric ▼</button>
<div class=""frq-collapsible-content"" id=""frq16q2-sol-parta"">
<h4>Scoring Rubric</h4>
<table>
<tr>
<td><strong>+1</strong></td>
<td>Identifies machine name as text before first ':' </td>
</tr>
<tr>
<td><strong>+1</strong></td>
<td>Stores machine name in an instance variable</td>
</tr>
<tr>
<td><strong>+1</strong></td>
<td>Stores the rest of the string (description) in an instance variable</td>
</tr>
<tr>
<td><strong>+1</strong></td>
<td>getMachineName() returns the stored machine name</td>
</tr>
</table>
<h4>Solution</h4>
<pre>public class LogMessage
{
    private String machineName;
    private String description;

    public LogMessage(String str)
    {
        int colonIndex = str.indexOf("":"");
        machineName = str.substring(0, colonIndex);
        description = str.substring(colonIndex + 1);
    }

    public String getMachineName()
    {
        return machineName;
    }
}</pre>
<div class=""key-insight"">The log format is 'machineName:description'. indexOf(':') finds the separator; substring(0, colonIndex) extracts the machine name; substring(colonIndex + 1) gets the rest.</div>
</div>
</div>
<div id=""frq16q2-partb"">
<h2>Part B — removeEarlierThan (3 Points)</h2>
<p>Write removeEarlierThan(). Remove all LogMessage objects from messageList whose timestamp is earlier than (i.e., not after) the given time.</p>
<div class=""frq-editor"">
<textarea id=""frq16q2-partb-ea"" placeholder=""// Write your solution here...""></textarea><span class=""frq-editor-hint"">Drag corner to expand ▽</span>
</div>
<p><button class=""btn btn-sm btn-green"" onclick=""document.getElementById('frq16q2-sol-partb').classList.add('open')"">Check Answer</button> <button class=""btn btn-sm btn-outline"" onclick=""document.getElementById('frq16q2-partb-ea').value=''"">Clear</button></p>
<button class=""frq-collapsible"" onclick=""this.nextElementSibling.classList.toggle('open')"">View Solution and Rubric ▼</button>
<div class=""frq-collapsible-content"" id=""frq16q2-sol-partb"">
<h4>Scoring Rubric</h4>
<table>
<tr>
<td><strong>+1</strong></td>
<td>Iterates over messageList</td>
</tr>
<tr>
<td><strong>+1</strong></td>
<td>Removes messages where isAfter(time) is false</td>
</tr>
<tr>
<td><strong>+1</strong></td>
<td>Correctly handles removal without skipping elements (backward loop or index adjustment)</td>
</tr>
</table>
<h4>Solution</h4>
<pre>public void removeEarlierThan(int time)
{
    for (int i = messageList.size() - 1; i &gt;= 0; i--)
    {
        if (!messageList.get(i).isAfter(time))
        {
            messageList.remove(i);
        }
    }
}</pre>
<div class=""key-insight"">Iterate BACKWARD (from size()-1 down to 0). Removing an element while iterating forward shifts all subsequent indices, causing elements to be skipped. Backward traversal avoids this entirely.</div>
</div>
</div>
<div id=""frq16q2-partc"">
<h2>Part C — getLastHackerMessages (2 Points)</h2>
<p>Write getLastHackerMessages(). Return a new ArrayList containing all messages from machine 'hacker' in the reverse order they appear in messageList (most recent first).</p>
<div class=""frq-editor"">
<textarea id=""frq16q2-partc-ea"" placeholder=""// Write your solution here...""></textarea><span class=""frq-editor-hint"">Drag corner to expand ▽</span>
</div>
<p><button class=""btn btn-sm btn-green"" onclick=""document.getElementById('frq16q2-sol-partc').classList.add('open')"">Check Answer</button> <button class=""btn btn-sm btn-outline"" onclick=""document.getElementById('frq16q2-partc-ea').value=''"">Clear</button></p>
<button class=""frq-collapsible"" onclick=""this.nextElementSibling.classList.toggle('open')"">View Solution and Rubric ▼</button>
<div class=""frq-collapsible-content"" id=""frq16q2-sol-partc"">
<h4>Scoring Rubric</h4>
<table>
<tr>
<td><strong>+1</strong></td>
<td>Collects messages where getMachineName() equals 'hacker'</td>
</tr>
<tr>
<td><strong>+1</strong></td>
<td>Returns them in reverse order (most recent first)</td>
</tr>
</table>
<h4>Solution</h4>
<pre>public ArrayList<logmessage> getLastHackerMessages()
{
    ArrayList<logmessage> result = new ArrayList<logmessage>();

    for (int i = messageList.size() - 1; i &gt;= 0; i--)
    {
        if (messageList.get(i).getMachineName().equals(""hacker""))
        {
            result.add(messageList.get(i));
        }
    }

    return result;
}</logmessage></logmessage></logmessage></pre>
<div class=""key-insight"">Iterate backward through messageList and add matching messages in that order — this naturally produces reverse-chronological output without needing to reverse the result list afterward.</div>
</div>
</div>

<h2>Common Mistakes to Avoid</h2>
<div class=""mistake-block"">
<div class=""mistake-header"">Forward iteration while removing in removeEarlierThan</div>
<div class=""mistake-body"">
<p><span class=""mistake-label mistake-wrong"">Wrong</span></p>
<pre>for (int i = 0; i &lt; messageList.size(); i++) {
    if (...) {
        messageList.remove(i);
    }
}</pre>
<p><span class=""mistake-label mistake-right"">Correct</span></p>
<pre>for (int i = messageList.size()-1; i &gt;= 0; i--) {
    if (...) {
        messageList.remove(i);
    }
}</pre>
<p>Removing element i in a forward loop shifts element i+1 into position i, which is then skipped. Backward traversal avoids this: removing index i does not affect any index &lt; i.</p>
</div>
</div>
<h2>Exam Tips</h2>
<div class=""exam-tip"">The backward-traversal-for-removal pattern is the key skill in this FRQ and appears frequently on all years.</div>
<div class=""exam-tip"">For getMachineName(), the comparison must be 'hacker'.equals(...) or .equals('hacker') — exact case-sensitive match.</div>

<div id=""frq16q2-faq"">
<h2>Frequently Asked Questions</h2>
<div style=""border-bottom:1px solid #f1f5f9!important;padding:14px 0!important"">
<h3 style=""font-size:15px!important;font-weight:600!important;color:#1e293b!important;-webkit-text-fill-color:#1e293b!important;margin:0 0 6px!important"">What does 2016 AP CSA FRQ 2 SystemLog ask?</h3>
<p style=""font-size:14px!important;color:#475569!important;margin:0!important"">It asks students to write the LogMessage constructor and getMachineName() accessor, then two SystemLog methods: removeEarlierThan() (removes old messages using backward traversal) and getLastHackerMessages() (returns all hacker messages in reverse order).</p>
</div>
<div style=""border-bottom:1px solid #f1f5f9!important;padding:14px 0!important"">
<h3 style=""font-size:15px!important;font-weight:600!important;color:#1e293b!important;-webkit-text-fill-color:#1e293b!important;margin:0 0 6px!important"">Why must removeEarlierThan use backward traversal?</h3>
<p style=""font-size:14px!important;color:#475569!important;margin:0!important"">When you remove an element from an ArrayList during a forward loop, all subsequent elements shift left by one index. The loop counter then skips over the element that shifted into the removed position. Iterating backward avoids this because removing index i only affects indices greater than i, which have already been processed.</p>
</div>
</div>

<div class=""cta-box"">
<h3>See All 2016 AP CSA FRQs</h3>
<p>View the complete 2016 exam hub with solutions, difficulty analysis, and scoring for all four questions.</p>
<a href=""/pages/ap-csa-frq-2016"" class=""btn"" style=""background:#1e3a8a!important;color:#fff!important;-webkit-text-fill-color:#fff!important;text-decoration:none!important;"">View 2016 FRQ Hub →</a>
</div>

<div class=""frq-nav"">
  <div><a href=""/ap-csa-2016-frq-1-randomstringchooser"">← FRQ 1</a></div>
  <div><a href=""/pages/ap-csa-frq-2016"">2016 Hub</a></div>
  <div><a href=""/pages/ap-csa-2016-frq-3-crossword"">FRQ 3 →</a></div>
</div>
</div>
<script>var frq16q2Secs=22*60,frq16q2Int=null;
function frq16q2Start(){if(frq16q2Int)return;frq16q2Int=setInterval(function(){if(frq16q2Secs<=0){clearInterval(frq16q2Int);frq16q2Int=null;return;}frq16q2Secs--;var m=Math.floor(frq16q2Secs/60),s=frq16q2Secs%60;document.getElementById('frq16q2-timer').textContent=(m<10?'0':'')+m+':'+(s<10?'0':'')+s;},1000);}
function frq16q2Pause(){clearInterval(frq16q2Int);frq16q2Int=null;}
function frq16q2Reset(){frq16q2Pause();frq16q2Secs=22*60;document.getElementById('frq16q2-timer').textContent='22:00';}</script>","TRUE","2026-03-01 12:00:00"
"ap-csa-2016-frq-3-crossword","MERGE","<style>#frq2026note-ap-csa-2016-frq-3-crossword{all:initial!important;display:block!important;box-sizing:border-box!important;font-family:-apple-system,BlinkMacSystemFont,""Segoe UI"",Roboto,Helvetica,Arial,sans-serif!important;background:#fffbeb!important;border:1px solid #fcd34d!important;border-left:5px solid #d97706!important;border-radius:8px!important;margin:0 0 18px 0!important;padding:0!important;overflow:hidden!important;}#frq2026note-ap-csa-2016-frq-3-crossword *{box-sizing:border-box!important;font-family:inherit!important;}#frq2026note-ap-csa-2016-frq-3-crossword summary{display:block!important;cursor:pointer!important;padding:12px 15px!important;font-size:0.95em!important;line-height:1.5!important;list-style:none!important;color:#78350f!important;-webkit-text-fill-color:#78350f!important;}#frq2026note-ap-csa-2016-frq-3-crossword summary::-webkit-details-marker{display:none!important;}#frq2026note-ap-csa-2016-frq-3-crossword summary::marker{content:""""!important;}#frq2026note-ap-csa-2016-frq-3-crossword summary:hover{background:#fef3c7!important;}#frq2026note-ap-csa-2016-frq-3-crossword summary strong{font-weight:700!important;color:#78350f!important;-webkit-text-fill-color:#78350f!important;}#frq2026note-ap-csa-2016-frq-3-crossword .n26-body{display:block!important;padding:0 15px 14px!important;font-size:0.92em!important;line-height:1.6!important;color:#78350f!important;-webkit-text-fill-color:#78350f!important;}#frq2026note-ap-csa-2016-frq-3-crossword .n26-body p{margin:0 0 10px!important;color:#78350f!important;-webkit-text-fill-color:#78350f!important;}#frq2026note-ap-csa-2016-frq-3-crossword .n26-body strong{font-weight:700!important;color:#78350f!important;-webkit-text-fill-color:#78350f!important;}#frq2026note-ap-csa-2016-frq-3-crossword table{border-collapse:collapse!important;width:100%!important;margin:0 0 10px!important;font-size:0.95em!important;background:#fffdf5!important;}#frq2026note-ap-csa-2016-frq-3-crossword th,#frq2026note-ap-csa-2016-frq-3-crossword td{border:1px solid #fcd34d!important;padding:6px 9px!important;text-align:left!important;color:#78350f!important;-webkit-text-fill-color:#78350f!important;}#frq2026note-ap-csa-2016-frq-3-crossword th{background:#fef3c7!important;font-weight:700!important;}#frq2026note-ap-csa-2016-frq-3-crossword a{color:#92400e!important;-webkit-text-fill-color:#92400e!important;text-decoration:underline!important;}#frq2026note-ap-csa-2016-frq-3-crossword .n26-src{font-size:0.85em!important;font-style:italic!important;margin:0!important;}</style>
<details id=""frq2026note-ap-csa-2016-frq-3-crossword"">
<summary><strong>Heads up: the May 2027 exam scores free response differently from this one.</strong> Tap for the current point structure.</summary>
<div class=""n26-body"">
<p>Every AP CSA free-response question from 2004 through 2025 was worth <strong>9 points</strong>, and the section was 36. From 2026 the four questions are worth <strong>7, 7, 5 and 6</strong>, the section is <strong>25 points</strong>, and only Question 1 has parts.</p>
<table><tr><th>Question</th><th>Points</th><th>Parts</th><th>Type</th></tr><tr><td>Question 1</td><td><strong>7</strong></td><td>Part A 4 + Part B 3</td><td>Methods and Control Structures</td></tr><tr><td>Question 2</td><td><strong>7</strong></td><td>single part</td><td>Class Design</td></tr><tr><td>Question 3</td><td><strong>5</strong></td><td>single part</td><td>Data Analysis with ArrayList</td></tr><tr><td>Question 4</td><td><strong>6</strong></td><td>single part</td><td>2D Array</td></tr></table>
<p>Section I is now 42 multiple-choice questions at 55% of the score, and Section II is 45%. The question on this page is still worth practising. The 9 points printed below it are not the rubric you will be scored against.</p>
<p class=""n26-src"">Point totals from College Board's 2026 scoring guidelines; section weightings from the AP Computer Science A exam page. See the <a href=""/pages/ap-csa-frq-2026"">2026 questions</a> for the current format.</p>
</div>
</details>
<script type=""application/ld+json"">{""@context"":""https://schema.org"",""@type"":""FAQPage"",""mainEntity"":[{""@type"":""Question"",""name"":""What does 2016 AP CSA FRQ 3 Crossword ask?"",""acceptedAnswer"":{""@type"":""Answer"",""text"":""It asks students to write canPlaceWordAt() (check that a word fits at a position in a given direction without conflicting with existing chars) and placeWord() (fill those cells with the word's characters), handling both horizontal and vertical placement.""}},
    {""@type"":""Question"",""name"":""What is the default value of a char in a Java char array?"",""acceptedAnswer"":{""@type"":""Answer"",""text"":""The default value is '\\0' (the null character, Unicode value 0). It is not a space ' '. Checking for space instead of '\\0' is the most common error on this FRQ.""}}]}</script>
<script type=""application/ld+json"">{""@context"":""https://schema.org"",""@type"":""BreadcrumbList"",""itemListElement"":[{""@type"":""ListItem"",""position"":1,""name"":""FRQ Archive"",""item"":""https://www.apcsexamprep.com/pages/ap-csa-frq-archive""},{""@type"":""ListItem"",""position"":2,""name"":""2016 AP CSA FRQs"",""item"":""https://www.apcsexamprep.com/pages/ap-csa-frq-2016""},{""@type"":""ListItem"",""position"":3,""name"":""FRQ 3: Crossword"",""item"":""https://www.apcsexamprep.com/pages/ap-csa-2016-frq-3-crossword""}]}</script>
<script type=""application/ld+json"">{""@context"":""https://schema.org"",""@type"":""Article"",""headline"":""AP CSA 2016 FRQ 3: Crossword — Complete Solution & Scoring"",""description"":""Complete solution for 2016 AP CSA FRQ 3 Crossword. Rubric, common mistakes & exam tips from College Board PDF."",""author"":{""@type"":""Person"",""name"":""Tanner Crow"",""url"":""https://www.wyzant.com/tutors/tannerc12""},""publisher"":{""@type"":""Organization"",""name"":""AP CS Exam Prep"",""url"":""https://www.apcsexamprep.com""},""datePublished"":""2016-09-01"",""dateModified"":""2026-03-17"",""educationalLevel"":""AP""}</script>
<div id=""frq16q3"">
<style>
.page-title,.article__title,.page__title,.template-page h1:first-of-type{display:none!important}
#frq16q3{all:initial!important;display:block!important;font-family:-apple-system,BlinkMacSystemFont,'Segoe UI',Roboto,Oxygen,Ubuntu,Cantarell,sans-serif!important;line-height:1.7!important;color:#1e293b!important;max-width:880px!important;margin:0 auto!important;padding:24px 20px 60px!important;-webkit-font-smoothing:antialiased!important;background:#ffffff!important}
#frq16q3 *{box-sizing:border-box!important}
#frq16q3 h1{font-size:2em!important;font-weight:800!important;color:#1e3a8a!important;-webkit-text-fill-color:#1e3a8a!important;margin:0 0 8px!important;line-height:1.2!important;border:none!important;padding:0!important}
#frq16q3 h2{font-size:1.5em!important;font-weight:700!important;color:#1e40af!important;-webkit-text-fill-color:#1e40af!important;margin:40px 0 16px!important;padding-left:12px!important;border-left:4px solid #60a5fa!important;border-bottom:none!important;line-height:1.3!important}
#frq16q3 h3{font-size:1.2em!important;font-weight:600!important;color:#1e40af!important;-webkit-text-fill-color:#1e40af!important;margin:24px 0 12px!important;line-height:1.3!important}
#frq16q3 h4{font-size:1.05em!important;font-weight:600!important;color:#334155!important;margin:20px 0 10px!important}
#frq16q3 p{margin:0 0 16px!important;color:#1e293b!important;font-size:16px!important;line-height:1.7!important}
#frq16q3 a{color:#2563eb!important;-webkit-text-fill-color:#2563eb!important;text-decoration:underline!important}
#frq16q3 a:link,#frq16q3 a:visited{color:#2563eb!important;-webkit-text-fill-color:#2563eb!important}
#frq16q3 a:hover{color:#1d4ed8!important;-webkit-text-fill-color:#1d4ed8!important}
#frq16q3 strong{font-weight:700!important;color:#1e293b!important}
#frq16q3 ul,#frq16q3 ol{margin:0 0 16px!important;padding-left:24px!important;color:#1e293b!important}
#frq16q3 li{margin:0 0 8px!important;font-size:16px!important;line-height:1.7!important}
#frq16q3 pre{background:#1e293b!important;color:#e2e8f0!important;padding:20px!important;border-radius:8px!important;overflow-x:auto!important;font-family:'Consolas','Monaco','Courier New',monospace!important;font-size:14px!important;line-height:1.6!important;margin:0 0 20px!important;white-space:pre!important}
#frq16q3 code{font-family:'Consolas','Monaco','Courier New',monospace!important;font-size:0.9em!important;background:#f1f5f9!important;padding:2px 6px!important;border-radius:3px!important;color:#1e293b!important}
#frq16q3 pre code{background:transparent!important;padding:0!important;color:#e2e8f0!important;font-size:inherit!important}
#frq16q3 table{width:100%!important;border-collapse:collapse!important;margin:0 0 20px!important;font-size:15px!important}
#frq16q3 th{background:#f8fafc!important;color:#475569!important;font-weight:600!important;padding:10px 14px!important;text-align:left!important;border-bottom:2px solid #e2e8f0!important;font-size:13px!important;text-transform:uppercase!important;letter-spacing:0.4px!important}
#frq16q3 td{padding:10px 14px!important;border-bottom:1px solid #f1f5f9!important;color:#1e293b!important;vertical-align:top!important}
#frq16q3 tr:last-child td{border-bottom:none!important}
#frq16q3 .frq-breadcrumb{font-size:14px!important;color:#64748b!important;margin-bottom:24px!important;display:block!important}
#frq16q3 .frq-breadcrumb a{color:#2563eb!important;-webkit-text-fill-color:#2563eb!important;text-decoration:none!important;font-size:14px!important}
#frq16q3 .frq-breadcrumb a:link,#frq16q3 .frq-breadcrumb a:visited{color:#2563eb!important;-webkit-text-fill-color:#2563eb!important}
#frq16q3 .frq-year-label{display:inline-block!important;background:#dbeafe!important;color:#1e40af!important;-webkit-text-fill-color:#1e40af!important;font-size:13px!important;font-weight:600!important;padding:4px 12px!important;border-radius:4px!important;margin-bottom:8px!important;letter-spacing:0.5px!important;text-transform:uppercase!important}
#frq16q3 .frq-subtitle{color:#64748b!important;font-size:15px!important;margin:0 0 20px!important;line-height:1.6!important}
#frq16q3 .frq-badges{display:flex!important;flex-wrap:wrap!important;gap:8px!important;margin-bottom:24px!important}
#frq16q3 .frq-badge{display:inline-block!important;padding:6px 14px!important;border-radius:20px!important;font-size:13px!important;font-weight:600!important;line-height:1.4!important}
#frq16q3 .frq-badge-blue{background:#dbeafe!important;color:#1e40af!important;-webkit-text-fill-color:#1e40af!important}
#frq16q3 .frq-badge-green{background:#dcfce7!important;color:#166534!important;-webkit-text-fill-color:#166534!important}
#frq16q3 .frq-badge-purple{background:#ede9fe!important;color:#5b21b6!important;-webkit-text-fill-color:#5b21b6!important}
#frq16q3 .frq-badge-amber{background:#fef3c7!important;color:#92400e!important;-webkit-text-fill-color:#92400e!important}
#frq16q3 .frq-meta-table td{padding:10px 16px!important;border-bottom:1px solid #e5e7eb!important}
#frq16q3 .frq-meta-table td:first-child{font-weight:600!important;color:#475569!important;width:160px!important}
#frq16q3 .frq-jumplinks{display:flex!important;flex-wrap:wrap!important;gap:8px!important;margin:0 0 32px!important;padding:14px 0!important;border-top:1px solid #e5e7eb!important;border-bottom:1px solid #e5e7eb!important}
#frq16q3 .frq-jumplinks a{display:inline-block!important;padding:5px 13px!important;background:#f1f5f9!important;color:#334155!important;-webkit-text-fill-color:#334155!important;border-radius:5px!important;font-size:13px!important;font-weight:600!important;text-decoration:none!important}
#frq16q3 .frq-jumplinks a:link,#frq16q3 .frq-jumplinks a:visited{color:#334155!important;-webkit-text-fill-color:#334155!important;text-decoration:none!important}
#frq16q3 .frq-jumplinks a:hover{background:#e2e8f0!important;color:#1e293b!important;-webkit-text-fill-color:#1e293b!important}
#frq16q3 .frq-timer{display:flex!important;align-items:center!important;gap:12px!important;background:#f8fafc!important;padding:12px 20px!important;border-radius:8px!important;margin:24px 0!important;border:1px solid #e2e8f0!important}
#frq16q3 .frq-timer-label{font-size:13px!important;font-weight:600!important;color:#64748b!important}
#frq16q3 .frq-timer-display{font-size:1.6em!important;font-weight:800!important;color:#1e3a8a!important;-webkit-text-fill-color:#1e3a8a!important;font-family:monospace!important;min-width:60px!important}
#frq16q3 .frq-timer button{padding:6px 16px!important;border:none!important;border-radius:6px!important;font-size:13px!important;font-weight:600!important;cursor:pointer!important;background:#1e3a8a!important;color:#fff!important;-webkit-text-fill-color:#fff!important}
#frq16q3 .frq-timer button:hover{background:#1e40af!important}
#frq16q3 .frq-editor textarea{width:100%!important;min-height:180px!important;font-family:'Consolas','Monaco','Courier New',monospace!important;font-size:14px!important;padding:14px!important;border:2px solid #e2e8f0!important;border-radius:8px!important;resize:vertical!important;background:#1e293b!important;color:#e2e8f0!important;line-height:1.6!important;outline:none!important}
#frq16q3 .frq-editor-hint{display:block!important;font-size:11px!important;color:#94a3b8!important;margin-top:4px!important;text-align:right!important}
#frq16q3 .btn{display:inline-block!important;padding:8px 20px!important;border-radius:7px!important;font-size:14px!important;font-weight:600!important;cursor:pointer!important;border:none!important;text-decoration:none!important;opacity:1!important;visibility:visible!important}
#frq16q3 .btn:link,#frq16q3 .btn:visited{text-decoration:none!important}
#frq16q3 .btn-sm{padding:6px 16px!important;font-size:13px!important}
#frq16q3 .btn-green{background:#16a34a!important;color:#fff!important;-webkit-text-fill-color:#fff!important}
#frq16q3 .btn-green:link,#frq16q3 .btn-green:visited{color:#fff!important;-webkit-text-fill-color:#fff!important}
#frq16q3 .btn-outline{background:#f1f5f9!important;color:#334155!important;-webkit-text-fill-color:#334155!important;border:1px solid #e2e8f0!important}
#frq16q3 .btn-outline:link,#frq16q3 .btn-outline:visited{color:#334155!important;-webkit-text-fill-color:#334155!important}
#frq16q3 .frq-collapsible{width:100%!important;background:#f8fafc!important;border:1px solid #e2e8f0!important;padding:12px 16px!important;text-align:left!important;font-size:15px!important;font-weight:600!important;cursor:pointer!important;border-radius:7px!important;color:#1e40af!important;-webkit-text-fill-color:#1e40af!important;margin:12px 0 0!important}
#frq16q3 .frq-collapsible-content{display:none!important;padding:16px!important;border:1px solid #e2e8f0!important;border-top:none!important;border-radius:0 0 7px 7px!important;background:#fff!important;margin-bottom:16px!important}
#frq16q3 .frq-collapsible-content.open{display:block!important}
#frq16q3 .key-insight{background:#eff6ff!important;border-left:4px solid #3b82f6!important;padding:12px 16px!important;border-radius:0 6px 6px 0!important;margin:12px 0!important;font-size:14px!important;color:#1e40af!important;-webkit-text-fill-color:#1e40af!important}
#frq16q3 .mistake-block{border:1px solid #fecaca!important;border-radius:8px!important;overflow:hidden!important;margin-bottom:16px!important}
#frq16q3 .mistake-header{background:#fef2f2!important;padding:10px 16px!important;font-weight:600!important;font-size:15px!important;color:#991b1b!important;-webkit-text-fill-color:#991b1b!important}
#frq16q3 .mistake-body{padding:14px 16px!important}
#frq16q3 .mistake-label{display:inline-block!important;font-size:12px!important;font-weight:700!important;padding:2px 8px!important;border-radius:4px!important;margin-bottom:4px!important}
#frq16q3 .mistake-wrong{background:#fef2f2!important;color:#991b1b!important;-webkit-text-fill-color:#991b1b!important}
#frq16q3 .mistake-right{background:#dcfce7!important;color:#166534!important;-webkit-text-fill-color:#166534!important}
#frq16q3 .exam-tip{background:#fefce8!important;border-left:4px solid #eab308!important;padding:12px 16px!important;margin-bottom:10px!important;border-radius:0 6px 6px 0!important;font-size:14px!important;color:#713f12!important;-webkit-text-fill-color:#713f12!important}
#frq16q3 .cta-box{background:#eff6ff!important;border:1px solid #bfdbfe!important;border-radius:10px!important;padding:24px!important;margin-top:40px!important;text-align:center!important}
#frq16q3 .cta-box h3{color:#1e3a8a!important;-webkit-text-fill-color:#1e3a8a!important;margin:0 0 8px!important;font-size:1.2em!important}
#frq16q3 .cta-box p{color:#475569!important;margin:0 0 16px!important;font-size:15px!important}
#frq16q3 .frq-nav{display:flex!important;justify-content:space-between!important;margin:40px 0 0!important;padding:16px 0!important;border-top:2px solid #e5e7eb!important;gap:12px!important}
#frq16q3 .frq-nav a{display:inline-block!important;padding:8px 18px!important;background:#f1f5f9!important;color:#1e40af!important;-webkit-text-fill-color:#1e40af!important;border-radius:7px!important;font-size:14px!important;font-weight:700!important;text-decoration:none!important;border:1px solid #e2e8f0!important}
#frq16q3 .frq-nav a:link,#frq16q3 .frq-nav a:visited{color:#1e40af!important;-webkit-text-fill-color:#1e40af!important;text-decoration:none!important}
#frq16q3 .frq-nav a:hover{background:#dbeafe!important}
#frq16q3 .classic-note{background:#fef3c7!important;border:1px solid #f59e0b!important;border-left:4px solid #f59e0b!important;border-radius:8px!important;padding:12px 16px!important;margin:16px 0!important;font-size:14px!important;color:#78350f!important;-webkit-text-fill-color:#78350f!important}
#frq16q3 .skip-banner{background:#fef2f2!important;border:2px solid #ef4444!important;border-radius:8px!important;padding:20px!important;margin:20px 0!important;text-align:center!important}
#frq16q3 .skip-banner p{color:#991b1b!important;-webkit-text-fill-color:#991b1b!important;font-size:16px!important;font-weight:600!important;margin:0 0 8px!important}
#frq16q3 .skip-banner a{color:#2563eb!important;-webkit-text-fill-color:#2563eb!important}
#frq16q3 .frq-pdf-wrap{border:1px solid #e2e8f0!important;border-radius:8px!important;overflow:hidden!important;margin:12px 0!important}
#frq16q3 .frq-pdf-wrap iframe{width:100%!important;height:500px!important;border:none!important;display:block!important}
#frq16q3 .frq-pdf-fallback{padding:20px!important;text-align:center!important;background:#f8fafc!important}
@media(max-width:600px){
  #frq16q3 .frq-nav{flex-direction:column!important}
  #frq16q3 .frq-pdf-wrap iframe{height:350px!important}
}</style>

<div class=""frq-breadcrumb"">
<a href=""/pages/ap-csa-frq-archive"">FRQ Archive</a> ›
<a href=""/pages/ap-csa-frq-2016"">2016 FRQs</a> ›
FRQ 3: Crossword
</div>
<div class=""frq-year-label"">2016 AP CSA • 2D Array Operations</div>
<h1>AP CSA 2016 FRQ 3: Crossword</h1>


<p class=""frq-subtitle"">Complete solution, scoring rubric, and walkthrough — verified from the official College Board PDF</p>
<div class=""frq-badges"">
  <span class=""frq-badge frq-badge-blue"">9 Points</span>
  <span class=""frq-badge frq-badge-amber"">Hard</span>
  <span class=""frq-badge frq-badge-amber"">2D Array Operations</span>
  <span class=""frq-badge frq-badge-amber"">Classic Format (Pre-2019)</span>
</div>

<table class=""frq-meta-table"">
<tr>
<td>Question Type</td>
<td>2D Array Operations</td>
</tr>
<tr>
<td>Key Skills</td>
<td>Write the Crossword class: canPlaceWordAt() checks whether a word fits in a given direction without conflicting with exi</td>
</tr>
<tr>
<td>Difficulty</td>
<td>Hard</td>
</tr>
<tr>
<td>AP CSA Units</td>
<td>
<a href=""/pages/ap-csa-unit-4-data-collections-study-guide""><strong>Unit 4: Data Collections</strong></a> (2D array mutation, char comparison, boundary conditions).</td>
</tr>
</table>

<div class=""frq-jumplinks"">
<a href=""#frq16q3-pdf"">Official PDF</a>
<a href=""#frq16q3-provided"">Provided Code</a>
<a href=""#frq16q3-parta"">canPlaceWordAt &amp; placeWord</a>
<a href=""#frq16q3-mistakes"">Mistakes</a>
<a href=""#frq16q3-tips"">Tips</a>
<a href=""#frq16q3-faq"">FAQ</a>
</div>

<h2>What This Problem Asks</h2>
<p>Write the Crossword class: canPlaceWordAt() checks whether a word fits in a given direction without conflicting with existing filled cells; placeWord() fills the cells; and the constructor uses both to build the board.</p>

<h2 id=""frq16q3-pdf"">Official Question &amp; PDF</h2>
<p><a href=""https://secure-media.collegeboard.org/digitalServices/pdf/ap/ap16_frq_computer_science_a.pdf"" target=""_blank"" rel=""noopener"" class=""btn btn-sm btn-outline"">Download Full 2016 FRQ PDF →</a></p>
<div class=""frq-pdf-wrap"">
  <iframe src=""https://secure-media.collegeboard.org/digitalServices/pdf/ap/ap16_frq_computer_science_a.pdf#page=14"" title=""2016 AP CSA FRQ 3 Crossword"" loading=""lazy""></iframe>
  <div class=""frq-pdf-fallback""><p>PDF cannot display here. <a href=""https://secure-media.collegeboard.org/digitalServices/pdf/ap/ap16_frq_computer_science_a.pdf"" target=""_blank"" rel=""noopener"">Open PDF directly →</a></p></div>
</div>

<div id=""frq16q3-provided"">
<h2>Provided Code</h2>
<pre>public class Crossword
{
    private char[][] grid;

        public Crossword(int rows, int cols) {
        grid = new char[rows][cols];
    }

    public boolean canPlaceWordAt(String word, int row, int col, boolean across)
    { /* to be implemented */ }

    public void placeWord(String word, int row, int col, boolean across)
    { /* to be implemented */ }
}</pre>
</div>

<div class=""frq-timer"">
  <span class=""frq-timer-label"">Timer</span>
  <span class=""frq-timer-display"" id=""frq16q3-timer"">22:00</span>
  <button onclick=""frq16q3Start()"">Start</button>
  <button onclick=""frq16q3Pause()"">Pause</button>
  <button onclick=""frq16q3Reset()"">Reset</button>
</div>


<div id=""frq16q3-parta"">
<h2>canPlaceWordAt &amp; placeWord (9 Points)</h2>
<p>Write canPlaceWordAt() (return true if the word fits without char conflict: each cell is either empty or already has the correct letter) and placeWord() (fill the cells with the word's characters).</p>
<div class=""frq-editor"">
<textarea id=""frq16q3-parta-ea"" placeholder=""// Write your solution here...""></textarea><span class=""frq-editor-hint"">Drag corner to expand ▽</span>
</div>
<p><button class=""btn btn-sm btn-green"" onclick=""document.getElementById('frq16q3-sol-parta').classList.add('open')"">Check Answer</button> <button class=""btn btn-sm btn-outline"" onclick=""document.getElementById('frq16q3-parta-ea').value=''"">Clear</button></p>
<button class=""frq-collapsible"" onclick=""this.nextElementSibling.classList.toggle('open')"">View Solution and Rubric ▼</button>
<div class=""frq-collapsible-content"" id=""frq16q3-sol-parta"">
<h4>Scoring Rubric</h4>
<table>
<tr>
<td><strong>+1</strong></td>
<td>Checks bounds: word fits within grid dimensions</td>
</tr>
<tr>
<td><strong>+1</strong></td>
<td>Handles across=true: checks/fills row cells</td>
</tr>
<tr>
<td><strong>+1</strong></td>
<td>Handles across=false: checks/fills column cells</td>
</tr>
<tr>
<td><strong>+1</strong></td>
<td>Returns false if a cell has a different non-empty char</td>
</tr>
<tr>
<td><strong>+1</strong></td>
<td>Returns true if all cells are empty or matching</td>
</tr>
<tr>
<td><strong>+1</strong></td>
<td>placeWord fills each cell with the correct char</td>
</tr>
<tr>
<td><strong>+1</strong></td>
<td>placeWord handles across vs. down correctly</td>
</tr>
<tr>
<td><strong>+1</strong></td>
<td>placeWord does not write outside array bounds</td>
</tr>
<tr>
<td><strong>+1</strong></td>
<td>Algorithm: canPlaceWordAt and placeWord both correct</td>
</tr>
</table>
<h4>Solution</h4>
<pre>public boolean canPlaceWordAt(String word, int row, int col, boolean across)
{
    for (int i = 0; i &lt; word.length(); i++)
    {
        int r = across ? row : row + i;
        int c = across ? col + i : col;

        if (r &gt;= grid.length || c &gt;= grid[0].length)
            return false;

        char cell = grid[r][c];
        if (cell != '\0' &amp;&amp; cell != word.charAt(i))
            return false;
    }
    return true;
}

public void placeWord(String word, int row, int col, boolean across)
{
    for (int i = 0; i &lt; word.length(); i++)
    {
        int r = across ? row : row + i;
        int c = across ? col + i : col;
        grid[r][c] = word.charAt(i);
    }
}</pre>
<div class=""key-insight"">Use the across flag to determine which index changes: for across, only the column increments; for down, only the row increments. The empty-cell value for a char array is '\0' (the null character, not a space).</div>
</div>
</div>

<h2>Common Mistakes to Avoid</h2>
<div class=""mistake-block"">
<div class=""mistake-header"">Checking for space ' ' instead of null char '\0'</div>
<div class=""mistake-body"">
<p><span class=""mistake-label mistake-wrong"">Wrong</span></p>
<pre>if (cell != ' ' &amp;&amp; cell != word.charAt(i)) // wrong — empty cells are '\0'</pre>
<p><span class=""mistake-label mistake-right"">Correct</span></p>
<pre>if (cell != '\0' &amp;&amp; cell != word.charAt(i)) // correct</pre>
<p>char arrays are initialized to '\0' (null character, value 0), not ' ' (space, value 32). Checking for space misses empty cells entirely.</p>
</div>
</div>
<div class=""mistake-block"">
<div class=""mistake-header"">Not checking bounds before accessing the cell</div>
<div class=""mistake-body"">
<p><span class=""mistake-label mistake-wrong"">Wrong</span></p>
<pre>char cell = grid[r][c]; // may throw ArrayIndexOutOfBoundsException</pre>
<p><span class=""mistake-label mistake-right"">Correct</span></p>
<pre>if (r &gt;= grid.length || c &gt;= grid[0].length) {
    return false; // check first
}</pre>
<p>Always verify the computed row and column are within grid bounds before accessing the cell.</p>
</div>
</div>
<h2>Exam Tips</h2>
<div class=""exam-tip"">The ternary expressions for r and c keep the method clean: r = across ? row : row+i and c = across ? col+i : col.</div>
<div class=""exam-tip"">placeWord can reuse the same loop structure as canPlaceWordAt — just replace the check with an assignment.</div>

<div id=""frq16q3-faq"">
<h2>Frequently Asked Questions</h2>
<div style=""border-bottom:1px solid #f1f5f9!important;padding:14px 0!important"">
<h3 style=""font-size:15px!important;font-weight:600!important;color:#1e293b!important;-webkit-text-fill-color:#1e293b!important;margin:0 0 6px!important"">What does 2016 AP CSA FRQ 3 Crossword ask?</h3>
<p style=""font-size:14px!important;color:#475569!important;margin:0!important"">It asks students to write canPlaceWordAt() (check that a word fits at a position in a given direction without conflicting with existing chars) and placeWord() (fill those cells with the word's characters), handling both horizontal and vertical placement.</p>
</div>
<div style=""border-bottom:1px solid #f1f5f9!important;padding:14px 0!important"">
<h3 style=""font-size:15px!important;font-weight:600!important;color:#1e293b!important;-webkit-text-fill-color:#1e293b!important;margin:0 0 6px!important"">What is the default value of a char in a Java char array?</h3>
<p style=""font-size:14px!important;color:#475569!important;margin:0!important"">The default value is '\0' (the null character, Unicode value 0). It is not a space ' '. Checking for space instead of '\0' is the most common error on this FRQ.</p>
</div>
</div>

<div class=""cta-box"">
<h3>See All 2016 AP CSA FRQs</h3>
<p>View the complete 2016 exam hub with solutions, difficulty analysis, and scoring for all four questions.</p>
<a href=""/pages/ap-csa-frq-2016"" class=""btn"" style=""background:#1e3a8a!important;color:#fff!important;-webkit-text-fill-color:#fff!important;text-decoration:none!important;"">View 2016 FRQ Hub →</a>
</div>

<div class=""frq-nav"">
  <div><a href=""/ap-csa-2016-frq-2-systemlog"">← FRQ 2</a></div>
  <div><a href=""/pages/ap-csa-frq-2016"">2016 Hub</a></div>
  <div><a href=""/pages/ap-csa-2016-frq-4-stringformatter"">FRQ 4 →</a></div>
</div>
</div>
<script>var frq16q3Secs=22*60,frq16q3Int=null;
function frq16q3Start(){if(frq16q3Int)return;frq16q3Int=setInterval(function(){if(frq16q3Secs<=0){clearInterval(frq16q3Int);frq16q3Int=null;return;}frq16q3Secs--;var m=Math.floor(frq16q3Secs/60),s=frq16q3Secs%60;document.getElementById('frq16q3-timer').textContent=(m<10?'0':'')+m+':'+(s<10?'0':'')+s;},1000);}
function frq16q3Pause(){clearInterval(frq16q3Int);frq16q3Int=null;}
function frq16q3Reset(){frq16q3Pause();frq16q3Secs=22*60;document.getElementById('frq16q3-timer').textContent='22:00';}</script>","TRUE","2026-03-01 12:00:00"
"ap-csa-2016-frq-4-stringformatter","MERGE","<style>#frq2026note-ap-csa-2016-frq-4-stringformatter{all:initial!important;display:block!important;box-sizing:border-box!important;font-family:-apple-system,BlinkMacSystemFont,""Segoe UI"",Roboto,Helvetica,Arial,sans-serif!important;background:#fffbeb!important;border:1px solid #fcd34d!important;border-left:5px solid #d97706!important;border-radius:8px!important;margin:0 0 18px 0!important;padding:0!important;overflow:hidden!important;}#frq2026note-ap-csa-2016-frq-4-stringformatter *{box-sizing:border-box!important;font-family:inherit!important;}#frq2026note-ap-csa-2016-frq-4-stringformatter summary{display:block!important;cursor:pointer!important;padding:12px 15px!important;font-size:0.95em!important;line-height:1.5!important;list-style:none!important;color:#78350f!important;-webkit-text-fill-color:#78350f!important;}#frq2026note-ap-csa-2016-frq-4-stringformatter summary::-webkit-details-marker{display:none!important;}#frq2026note-ap-csa-2016-frq-4-stringformatter summary::marker{content:""""!important;}#frq2026note-ap-csa-2016-frq-4-stringformatter summary:hover{background:#fef3c7!important;}#frq2026note-ap-csa-2016-frq-4-stringformatter summary strong{font-weight:700!important;color:#78350f!important;-webkit-text-fill-color:#78350f!important;}#frq2026note-ap-csa-2016-frq-4-stringformatter .n26-body{display:block!important;padding:0 15px 14px!important;font-size:0.92em!important;line-height:1.6!important;color:#78350f!important;-webkit-text-fill-color:#78350f!important;}#frq2026note-ap-csa-2016-frq-4-stringformatter .n26-body p{margin:0 0 10px!important;color:#78350f!important;-webkit-text-fill-color:#78350f!important;}#frq2026note-ap-csa-2016-frq-4-stringformatter .n26-body strong{font-weight:700!important;color:#78350f!important;-webkit-text-fill-color:#78350f!important;}#frq2026note-ap-csa-2016-frq-4-stringformatter table{border-collapse:collapse!important;width:100%!important;margin:0 0 10px!important;font-size:0.95em!important;background:#fffdf5!important;}#frq2026note-ap-csa-2016-frq-4-stringformatter th,#frq2026note-ap-csa-2016-frq-4-stringformatter td{border:1px solid #fcd34d!important;padding:6px 9px!important;text-align:left!important;color:#78350f!important;-webkit-text-fill-color:#78350f!important;}#frq2026note-ap-csa-2016-frq-4-stringformatter th{background:#fef3c7!important;font-weight:700!important;}#frq2026note-ap-csa-2016-frq-4-stringformatter a{color:#92400e!important;-webkit-text-fill-color:#92400e!important;text-decoration:underline!important;}#frq2026note-ap-csa-2016-frq-4-stringformatter .n26-src{font-size:0.85em!important;font-style:italic!important;margin:0!important;}</style>
<details id=""frq2026note-ap-csa-2016-frq-4-stringformatter"">
<summary><strong>Heads up: the May 2027 exam scores free response differently from this one.</strong> Tap for the current point structure.</summary>
<div class=""n26-body"">
<p>Every AP CSA free-response question from 2004 through 2025 was worth <strong>9 points</strong>, and the section was 36. From 2026 the four questions are worth <strong>7, 7, 5 and 6</strong>, the section is <strong>25 points</strong>, and only Question 1 has parts.</p>
<table><tr><th>Question</th><th>Points</th><th>Parts</th><th>Type</th></tr><tr><td>Question 1</td><td><strong>7</strong></td><td>Part A 4 + Part B 3</td><td>Methods and Control Structures</td></tr><tr><td>Question 2</td><td><strong>7</strong></td><td>single part</td><td>Class Design</td></tr><tr><td>Question 3</td><td><strong>5</strong></td><td>single part</td><td>Data Analysis with ArrayList</td></tr><tr><td>Question 4</td><td><strong>6</strong></td><td>single part</td><td>2D Array</td></tr></table>
<p>Section I is now 42 multiple-choice questions at 55% of the score, and Section II is 45%. The question on this page is still worth practising. The 9 points printed below it are not the rubric you will be scored against.</p>
<p class=""n26-src"">Point totals from College Board's 2026 scoring guidelines; section weightings from the AP Computer Science A exam page. See the <a href=""/pages/ap-csa-frq-2026"">2026 questions</a> for the current format.</p>
</div>
</details>
<script type=""application/ld+json"">{""@context"":""https://schema.org"",""@type"":""FAQPage"",""mainEntity"":[{""@type"":""Question"",""name"":""What does 2016 AP CSA FRQ 4 StringFormatter ask?"",""acceptedAnswer"":{""@type"":""Answer"",""text"":""It asks students to write three static methods: totalLetters() (sum of word lengths), leftoverSpaces() (spaces needed to fill the line), and format() (distribute spaces evenly with leftmost gaps getting extra space when the total is not evenly divisible).""}},
    {""@type"":""Question"",""name"":""What is the hardest part of format()?"",""acceptedAnswer"":{""@type"":""Answer"",""text"":""Correctly distributing the remainder spaces to the leftmost gaps. The formula is: each of the first (total % numGaps) gaps gets one extra space on top of the base (total / numGaps) spaces. The remainder must be tracked and decremented as gaps are filled left-to-right.""}}]}</script>
<script type=""application/ld+json"">{""@context"":""https://schema.org"",""@type"":""BreadcrumbList"",""itemListElement"":[{""@type"":""ListItem"",""position"":1,""name"":""FRQ Archive"",""item"":""https://www.apcsexamprep.com/pages/ap-csa-frq-archive""},{""@type"":""ListItem"",""position"":2,""name"":""2016 AP CSA FRQs"",""item"":""https://www.apcsexamprep.com/pages/ap-csa-frq-2016""},{""@type"":""ListItem"",""position"":3,""name"":""FRQ 4: StringFormatter"",""item"":""https://www.apcsexamprep.com/pages/ap-csa-2016-frq-4-stringformatter""}]}</script>
<script type=""application/ld+json"">{""@context"":""https://schema.org"",""@type"":""Article"",""headline"":""AP CSA 2016 FRQ 4: StringFormatter — Complete Solution & Scoring"",""description"":""Complete solution for 2016 AP CSA FRQ 4 StringFormatter. Rubric, common mistakes & exam tips from College Board PDF."",""author"":{""@type"":""Person"",""name"":""Tanner Crow"",""url"":""https://www.wyzant.com/tutors/tannerc12""},""publisher"":{""@type"":""Organization"",""name"":""AP CS Exam Prep"",""url"":""https://www.apcsexamprep.com""},""datePublished"":""2016-09-01"",""dateModified"":""2026-03-17"",""educationalLevel"":""AP""}</script>
<div id=""frq16q4"">
<style>
.page-title,.article__title,.page__title,.template-page h1:first-of-type{display:none!important}
#frq16q4{all:initial!important;display:block!important;font-family:-apple-system,BlinkMacSystemFont,'Segoe UI',Roboto,Oxygen,Ubuntu,Cantarell,sans-serif!important;line-height:1.7!important;color:#1e293b!important;max-width:880px!important;margin:0 auto!important;padding:24px 20px 60px!important;-webkit-font-smoothing:antialiased!important;background:#ffffff!important}
#frq16q4 *{box-sizing:border-box!important}
#frq16q4 h1{font-size:2em!important;font-weight:800!important;color:#1e3a8a!important;-webkit-text-fill-color:#1e3a8a!important;margin:0 0 8px!important;line-height:1.2!important;border:none!important;padding:0!important}
#frq16q4 h2{font-size:1.5em!important;font-weight:700!important;color:#1e40af!important;-webkit-text-fill-color:#1e40af!important;margin:40px 0 16px!important;padding-left:12px!important;border-left:4px solid #60a5fa!important;border-bottom:none!important;line-height:1.3!important}
#frq16q4 h3{font-size:1.2em!important;font-weight:600!important;color:#1e40af!important;-webkit-text-fill-color:#1e40af!important;margin:24px 0 12px!important;line-height:1.3!important}
#frq16q4 h4{font-size:1.05em!important;font-weight:600!important;color:#334155!important;margin:20px 0 10px!important}
#frq16q4 p{margin:0 0 16px!important;color:#1e293b!important;font-size:16px!important;line-height:1.7!important}
#frq16q4 a{color:#2563eb!important;-webkit-text-fill-color:#2563eb!important;text-decoration:underline!important}
#frq16q4 a:link,#frq16q4 a:visited{color:#2563eb!important;-webkit-text-fill-color:#2563eb!important}
#frq16q4 a:hover{color:#1d4ed8!important;-webkit-text-fill-color:#1d4ed8!important}
#frq16q4 strong{font-weight:700!important;color:#1e293b!important}
#frq16q4 ul,#frq16q4 ol{margin:0 0 16px!important;padding-left:24px!important;color:#1e293b!important}
#frq16q4 li{margin:0 0 8px!important;font-size:16px!important;line-height:1.7!important}
#frq16q4 pre{background:#1e293b!important;color:#e2e8f0!important;padding:20px!important;border-radius:8px!important;overflow-x:auto!important;font-family:'Consolas','Monaco','Courier New',monospace!important;font-size:14px!important;line-height:1.6!important;margin:0 0 20px!important;white-space:pre!important}
#frq16q4 code{font-family:'Consolas','Monaco','Courier New',monospace!important;font-size:0.9em!important;background:#f1f5f9!important;padding:2px 6px!important;border-radius:3px!important;color:#1e293b!important}
#frq16q4 pre code{background:transparent!important;padding:0!important;color:#e2e8f0!important;font-size:inherit!important}
#frq16q4 table{width:100%!important;border-collapse:collapse!important;margin:0 0 20px!important;font-size:15px!important}
#frq16q4 th{background:#f8fafc!important;color:#475569!important;font-weight:600!important;padding:10px 14px!important;text-align:left!important;border-bottom:2px solid #e2e8f0!important;font-size:13px!important;text-transform:uppercase!important;letter-spacing:0.4px!important}
#frq16q4 td{padding:10px 14px!important;border-bottom:1px solid #f1f5f9!important;color:#1e293b!important;vertical-align:top!important}
#frq16q4 tr:last-child td{border-bottom:none!important}
#frq16q4 .frq-breadcrumb{font-size:14px!important;color:#64748b!important;margin-bottom:24px!important;display:block!important}
#frq16q4 .frq-breadcrumb a{color:#2563eb!important;-webkit-text-fill-color:#2563eb!important;text-decoration:none!important;font-size:14px!important}
#frq16q4 .frq-breadcrumb a:link,#frq16q4 .frq-breadcrumb a:visited{color:#2563eb!important;-webkit-text-fill-color:#2563eb!important}
#frq16q4 .frq-year-label{display:inline-block!important;background:#dbeafe!important;color:#1e40af!important;-webkit-text-fill-color:#1e40af!important;font-size:13px!important;font-weight:600!important;padding:4px 12px!important;border-radius:4px!important;margin-bottom:8px!important;letter-spacing:0.5px!important;text-transform:uppercase!important}
#frq16q4 .frq-subtitle{color:#64748b!important;font-size:15px!important;margin:0 0 20px!important;line-height:1.6!important}
#frq16q4 .frq-badges{display:flex!important;flex-wrap:wrap!important;gap:8px!important;margin-bottom:24px!important}
#frq16q4 .frq-badge{display:inline-block!important;padding:6px 14px!important;border-radius:20px!important;font-size:13px!important;font-weight:600!important;line-height:1.4!important}
#frq16q4 .frq-badge-blue{background:#dbeafe!important;color:#1e40af!important;-webkit-text-fill-color:#1e40af!important}
#frq16q4 .frq-badge-green{background:#dcfce7!important;color:#166534!important;-webkit-text-fill-color:#166534!important}
#frq16q4 .frq-badge-purple{background:#ede9fe!important;color:#5b21b6!important;-webkit-text-fill-color:#5b21b6!important}
#frq16q4 .frq-badge-amber{background:#fef3c7!important;color:#92400e!important;-webkit-text-fill-color:#92400e!important}
#frq16q4 .frq-meta-table td{padding:10px 16px!important;border-bottom:1px solid #e5e7eb!important}
#frq16q4 .frq-meta-table td:first-child{font-weight:600!important;color:#475569!important;width:160px!important}
#frq16q4 .frq-jumplinks{display:flex!important;flex-wrap:wrap!important;gap:8px!important;margin:0 0 32px!important;padding:14px 0!important;border-top:1px solid #e5e7eb!important;border-bottom:1px solid #e5e7eb!important}
#frq16q4 .frq-jumplinks a{display:inline-block!important;padding:5px 13px!important;background:#f1f5f9!important;color:#334155!important;-webkit-text-fill-color:#334155!important;border-radius:5px!important;font-size:13px!important;font-weight:600!important;text-decoration:none!important}
#frq16q4 .frq-jumplinks a:link,#frq16q4 .frq-jumplinks a:visited{color:#334155!important;-webkit-text-fill-color:#334155!important;text-decoration:none!important}
#frq16q4 .frq-jumplinks a:hover{background:#e2e8f0!important;color:#1e293b!important;-webkit-text-fill-color:#1e293b!important}
#frq16q4 .frq-timer{display:flex!important;align-items:center!important;gap:12px!important;background:#f8fafc!important;padding:12px 20px!important;border-radius:8px!important;margin:24px 0!important;border:1px solid #e2e8f0!important}
#frq16q4 .frq-timer-label{font-size:13px!important;font-weight:600!important;color:#64748b!important}
#frq16q4 .frq-timer-display{font-size:1.6em!important;font-weight:800!important;color:#1e3a8a!important;-webkit-text-fill-color:#1e3a8a!important;font-family:monospace!important;min-width:60px!important}
#frq16q4 .frq-timer button{padding:6px 16px!important;border:none!important;border-radius:6px!important;font-size:13px!important;font-weight:600!important;cursor:pointer!important;background:#1e3a8a!important;color:#fff!important;-webkit-text-fill-color:#fff!important}
#frq16q4 .frq-timer button:hover{background:#1e40af!important}
#frq16q4 .frq-editor textarea{width:100%!important;min-height:180px!important;font-family:'Consolas','Monaco','Courier New',monospace!important;font-size:14px!important;padding:14px!important;border:2px solid #e2e8f0!important;border-radius:8px!important;resize:vertical!important;background:#1e293b!important;color:#e2e8f0!important;line-height:1.6!important;outline:none!important}
#frq16q4 .frq-editor-hint{display:block!important;font-size:11px!important;color:#94a3b8!important;margin-top:4px!important;text-align:right!important}
#frq16q4 .btn{display:inline-block!important;padding:8px 20px!important;border-radius:7px!important;font-size:14px!important;font-weight:600!important;cursor:pointer!important;border:none!important;text-decoration:none!important;opacity:1!important;visibility:visible!important}
#frq16q4 .btn:link,#frq16q4 .btn:visited{text-decoration:none!important}
#frq16q4 .btn-sm{padding:6px 16px!important;font-size:13px!important}
#frq16q4 .btn-green{background:#16a34a!important;color:#fff!important;-webkit-text-fill-color:#fff!important}
#frq16q4 .btn-green:link,#frq16q4 .btn-green:visited{color:#fff!important;-webkit-text-fill-color:#fff!important}
#frq16q4 .btn-outline{background:#f1f5f9!important;color:#334155!important;-webkit-text-fill-color:#334155!important;border:1px solid #e2e8f0!important}
#frq16q4 .btn-outline:link,#frq16q4 .btn-outline:visited{color:#334155!important;-webkit-text-fill-color:#334155!important}
#frq16q4 .frq-collapsible{width:100%!important;background:#f8fafc!important;border:1px solid #e2e8f0!important;padding:12px 16px!important;text-align:left!important;font-size:15px!important;font-weight:600!important;cursor:pointer!important;border-radius:7px!important;color:#1e40af!important;-webkit-text-fill-color:#1e40af!important;margin:12px 0 0!important}
#frq16q4 .frq-collapsible-content{display:none!important;padding:16px!important;border:1px solid #e2e8f0!important;border-top:none!important;border-radius:0 0 7px 7px!important;background:#fff!important;margin-bottom:16px!important}
#frq16q4 .frq-collapsible-content.open{display:block!important}
#frq16q4 .key-insight{background:#eff6ff!important;border-left:4px solid #3b82f6!important;padding:12px 16px!important;border-radius:0 6px 6px 0!important;margin:12px 0!important;font-size:14px!important;color:#1e40af!important;-webkit-text-fill-color:#1e40af!important}
#frq16q4 .mistake-block{border:1px solid #fecaca!important;border-radius:8px!important;overflow:hidden!important;margin-bottom:16px!important}
#frq16q4 .mistake-header{background:#fef2f2!important;padding:10px 16px!important;font-weight:600!important;font-size:15px!important;color:#991b1b!important;-webkit-text-fill-color:#991b1b!important}
#frq16q4 .mistake-body{padding:14px 16px!important}
#frq16q4 .mistake-label{display:inline-block!important;font-size:12px!important;font-weight:700!important;padding:2px 8px!important;border-radius:4px!important;margin-bottom:4px!important}
#frq16q4 .mistake-wrong{background:#fef2f2!important;color:#991b1b!important;-webkit-text-fill-color:#991b1b!important}
#frq16q4 .mistake-right{background:#dcfce7!important;color:#166534!important;-webkit-text-fill-color:#166534!important}
#frq16q4 .exam-tip{background:#fefce8!important;border-left:4px solid #eab308!important;padding:12px 16px!important;margin-bottom:10px!important;border-radius:0 6px 6px 0!important;font-size:14px!important;color:#713f12!important;-webkit-text-fill-color:#713f12!important}
#frq16q4 .cta-box{background:#eff6ff!important;border:1px solid #bfdbfe!important;border-radius:10px!important;padding:24px!important;margin-top:40px!important;text-align:center!important}
#frq16q4 .cta-box h3{color:#1e3a8a!important;-webkit-text-fill-color:#1e3a8a!important;margin:0 0 8px!important;font-size:1.2em!important}
#frq16q4 .cta-box p{color:#475569!important;margin:0 0 16px!important;font-size:15px!important}
#frq16q4 .frq-nav{display:flex!important;justify-content:space-between!important;margin:40px 0 0!important;padding:16px 0!important;border-top:2px solid #e5e7eb!important;gap:12px!important}
#frq16q4 .frq-nav a{display:inline-block!important;padding:8px 18px!important;background:#f1f5f9!important;color:#1e40af!important;-webkit-text-fill-color:#1e40af!important;border-radius:7px!important;font-size:14px!important;font-weight:700!important;text-decoration:none!important;border:1px solid #e2e8f0!important}
#frq16q4 .frq-nav a:link,#frq16q4 .frq-nav a:visited{color:#1e40af!important;-webkit-text-fill-color:#1e40af!important;text-decoration:none!important}
#frq16q4 .frq-nav a:hover{background:#dbeafe!important}
#frq16q4 .classic-note{background:#fef3c7!important;border:1px solid #f59e0b!important;border-left:4px solid #f59e0b!important;border-radius:8px!important;padding:12px 16px!important;margin:16px 0!important;font-size:14px!important;color:#78350f!important;-webkit-text-fill-color:#78350f!important}
#frq16q4 .skip-banner{background:#fef2f2!important;border:2px solid #ef4444!important;border-radius:8px!important;padding:20px!important;margin:20px 0!important;text-align:center!important}
#frq16q4 .skip-banner p{color:#991b1b!important;-webkit-text-fill-color:#991b1b!important;font-size:16px!important;font-weight:600!important;margin:0 0 8px!important}
#frq16q4 .skip-banner a{color:#2563eb!important;-webkit-text-fill-color:#2563eb!important}
#frq16q4 .frq-pdf-wrap{border:1px solid #e2e8f0!important;border-radius:8px!important;overflow:hidden!important;margin:12px 0!important}
#frq16q4 .frq-pdf-wrap iframe{width:100%!important;height:500px!important;border:none!important;display:block!important}
#frq16q4 .frq-pdf-fallback{padding:20px!important;text-align:center!important;background:#f8fafc!important}
@media(max-width:600px){
  #frq16q4 .frq-nav{flex-direction:column!important}
  #frq16q4 .frq-pdf-wrap iframe{height:350px!important}
}</style>

<div class=""frq-breadcrumb"">
<a href=""/pages/ap-csa-frq-archive"">FRQ Archive</a> ›
<a href=""/pages/ap-csa-frq-2016"">2016 FRQs</a> ›
FRQ 4: StringFormatter
</div>
<div class=""frq-year-label"">2016 AP CSA • String Manipulation</div>
<h1>AP CSA 2016 FRQ 4: StringFormatter</h1>


<p class=""frq-subtitle"">Complete solution, scoring rubric, and walkthrough — verified from the official College Board PDF</p>
<div class=""frq-badges"">
  <span class=""frq-badge frq-badge-blue"">9 Points</span>
  <span class=""frq-badge frq-badge-amber"">Hard</span>
  <span class=""frq-badge frq-badge-green"">String Manipulation</span>
  <span class=""frq-badge frq-badge-amber"">Classic Format (Pre-2019)</span>
</div>

<table class=""frq-meta-table"">
<tr>
<td>Question Type</td>
<td>String Manipulation</td>
</tr>
<tr>
<td>Key Skills</td>
<td>Write totalLetters() (sum of all word lengths in a list), leftoverSpaces() (total spaces needed to fill a line), and for</td>
</tr>
<tr>
<td>Difficulty</td>
<td>Hard</td>
</tr>
<tr>
<td>AP CSA Units</td>
<td>
<a href=""/pages/unit-2-selection-and-iteration-ultimate-study-guide""><strong>Unit 2: Selection &amp; Iteration</strong></a> (loop with arithmetic), <a href=""/pages/ap-csa-unit-4-data-collections-study-guide""><strong>Unit 4: Data Collections</strong></a> (ArrayList traversal), String building.</td>
</tr>
</table>

<div class=""frq-jumplinks"">
<a href=""#frq16q4-pdf"">Official PDF</a>
<a href=""#frq16q4-provided"">Provided Code</a>
<a href=""#frq16q4-parta"">Part A — totalLetters</a><a href=""#frq16q4-partb"">Part B — leftoverSpaces</a><a href=""#frq16q4-partc"">Part C — format</a>
<a href=""#frq16q4-mistakes"">Mistakes</a>
<a href=""#frq16q4-tips"">Tips</a>
<a href=""#frq16q4-faq"">FAQ</a>
</div>

<h2>What This Problem Asks</h2>
<p>Write totalLetters() (sum of all word lengths in a list), leftoverSpaces() (total spaces needed to fill a line), and format() (distribute spaces evenly between words, with leftmost gaps receiving any extra space).</p>

<h2 id=""frq16q4-pdf"">Official Question &amp; PDF</h2>
<p><a href=""https://secure-media.collegeboard.org/digitalServices/pdf/ap/ap16_frq_computer_science_a.pdf"" target=""_blank"" rel=""noopener"" class=""btn btn-sm btn-outline"">Download Full 2016 FRQ PDF →</a></p>
<div class=""frq-pdf-wrap"">
  <iframe src=""https://secure-media.collegeboard.org/digitalServices/pdf/ap/ap16_frq_computer_science_a.pdf#page=20"" title=""2016 AP CSA FRQ 4 StringFormatter"" loading=""lazy""></iframe>
  <div class=""frq-pdf-fallback""><p>PDF cannot display here. <a href=""https://secure-media.collegeboard.org/digitalServices/pdf/ap/ap16_frq_computer_science_a.pdf"" target=""_blank"" rel=""noopener"">Open PDF directly →</a></p></div>
</div>

<div id=""frq16q4-provided"">
<h2>Provided Code</h2>
<pre>public class StringFormatter
{
    public static int totalLetters(ArrayList<string> wordList)
    { /* to be implemented in part (a) */ }

    public static int leftoverSpaces(ArrayList<string> wordList, int formattedLen)
    { /* to be implemented in part (b) */ }

    public static String format(ArrayList<string> wordList, int formattedLen)
    { /* to be implemented in part (c) */ }
}</string></string></string></pre>
</div>

<div class=""frq-timer"">
  <span class=""frq-timer-label"">Timer</span>
  <span class=""frq-timer-display"" id=""frq16q4-timer"">22:00</span>
  <button onclick=""frq16q4Start()"">Start</button>
  <button onclick=""frq16q4Pause()"">Pause</button>
  <button onclick=""frq16q4Reset()"">Reset</button>
</div>


<div id=""frq16q4-parta"">
<h2>Part A — totalLetters (2 Points)</h2>
<p>Write totalLetters(). Return the total number of characters across all words in wordList.</p>
<div class=""frq-editor"">
<textarea id=""frq16q4-parta-ea"" placeholder=""// Write your solution here...""></textarea><span class=""frq-editor-hint"">Drag corner to expand ▽</span>
</div>
<p><button class=""btn btn-sm btn-green"" onclick=""document.getElementById('frq16q4-sol-parta').classList.add('open')"">Check Answer</button> <button class=""btn btn-sm btn-outline"" onclick=""document.getElementById('frq16q4-parta-ea').value=''"">Clear</button></p>
<button class=""frq-collapsible"" onclick=""this.nextElementSibling.classList.toggle('open')"">View Solution and Rubric ▼</button>
<div class=""frq-collapsible-content"" id=""frq16q4-sol-parta"">
<h4>Scoring Rubric</h4>
<table>
<tr>
<td><strong>+1</strong></td>
<td>Iterates over wordList</td>
</tr>
<tr>
<td><strong>+1</strong></td>
<td>Accumulates word lengths and returns the sum</td>
</tr>
</table>
<h4>Solution</h4>
<pre>public static int totalLetters(ArrayList<string> wordList)
{
    int total = 0;
    for (String word : wordList)
    {
        total += word.length();
    }
    return total;
}</string></pre>
<div class=""key-insight"">Simple accumulation loop. Call totalLetters() from the other methods — don't recompute it inline.</div>
</div>
</div>
<div id=""frq16q4-partb"">
<h2>Part B — leftoverSpaces (2 Points)</h2>
<p>Write leftoverSpaces(). Return the number of spaces that must be distributed across the gaps between words to reach formattedLen total length.</p>
<div class=""frq-editor"">
<textarea id=""frq16q4-partb-ea"" placeholder=""// Write your solution here...""></textarea><span class=""frq-editor-hint"">Drag corner to expand ▽</span>
</div>
<p><button class=""btn btn-sm btn-green"" onclick=""document.getElementById('frq16q4-sol-partb').classList.add('open')"">Check Answer</button> <button class=""btn btn-sm btn-outline"" onclick=""document.getElementById('frq16q4-partb-ea').value=''"">Clear</button></p>
<button class=""frq-collapsible"" onclick=""this.nextElementSibling.classList.toggle('open')"">View Solution and Rubric ▼</button>
<div class=""frq-collapsible-content"" id=""frq16q4-sol-partb"">
<h4>Scoring Rubric</h4>
<table>
<tr>
<td><strong>+1</strong></td>
<td>Calls totalLetters() to get character count</td>
</tr>
<tr>
<td><strong>+1</strong></td>
<td>Returns formattedLen minus totalLetters() result</td>
</tr>
</table>
<h4>Solution</h4>
<pre>public static int leftoverSpaces(ArrayList<string> wordList, int formattedLen)
{
    return formattedLen - totalLetters(wordList);
}</string></pre>
<div class=""key-insight"">Total spaces = target length minus total letter count. Must call totalLetters() for the rubric dependency point.</div>
</div>
</div>
<div id=""frq16q4-partc"">
<h2>Part C — format (5 Points)</h2>
<p>Write format(). Distribute leftoverSpaces() evenly across the gaps between words (wordList.size()-1 gaps). The leftmost gaps receive one extra space each when the total does not divide evenly.</p>
<div class=""frq-editor"">
<textarea id=""frq16q4-partc-ea"" placeholder=""// Write your solution here...""></textarea><span class=""frq-editor-hint"">Drag corner to expand ▽</span>
</div>
<p><button class=""btn btn-sm btn-green"" onclick=""document.getElementById('frq16q4-sol-partc').classList.add('open')"">Check Answer</button> <button class=""btn btn-sm btn-outline"" onclick=""document.getElementById('frq16q4-partc-ea').value=''"">Clear</button></p>
<button class=""frq-collapsible"" onclick=""this.nextElementSibling.classList.toggle('open')"">View Solution and Rubric ▼</button>
<div class=""frq-collapsible-content"" id=""frq16q4-sol-partc"">
<h4>Scoring Rubric</h4>
<table>
<tr>
<td><strong>+1</strong></td>
<td>Calls leftoverSpaces() to get total spaces</td>
</tr>
<tr>
<td><strong>+1</strong></td>
<td>Calculates base spaces per gap (total / numGaps)</td>
</tr>
<tr>
<td><strong>+1</strong></td>
<td>Calculates extra spaces (total % numGaps)</td>
</tr>
<tr>
<td><strong>+1</strong></td>
<td>Assigns extra space to leftmost gaps</td>
</tr>
<tr>
<td><strong>+1</strong></td>
<td>Builds and returns the correctly formatted string (algorithm)</td>
</tr>
</table>
<h4>Solution</h4>
<pre>public static String format(ArrayList<string> wordList, int formattedLen)
{
    int numGaps = wordList.size() - 1;
    int totalSpaces = leftoverSpaces(wordList, formattedLen);
    int baseSpaces = totalSpaces / numGaps;
    int extraSpaces = totalSpaces % numGaps;

    String result = wordList.get(0);

    for (int i = 1; i &lt; wordList.size(); i++)
    {
        int spaces = baseSpaces + (i - 1 &lt; extraSpaces ? 1 : 0);
        for (int s = 0; s &lt; spaces; s++)
        {
            result += "" "";
        }
        result += wordList.get(i);
    }

    return result;
}</string></pre>
<div class=""key-insight"">numGaps = wordList.size()-1. baseSpaces = total/numGaps. extraSpaces = total%numGaps. The first extraSpaces gaps each get one additional space — use a counter or conditional to track when extra spaces are exhausted.</div>
</div>
</div>

<h2>Common Mistakes to Avoid</h2>
<div class=""mistake-block"">
<div class=""mistake-header"">Not distributing the remainder to leftmost gaps</div>
<div class=""mistake-body"">
<p><span class=""mistake-label mistake-wrong"">Wrong</span></p>
<pre>// Gives every gap the same number of spaces — wrong when total%numGaps != 0</pre>
<p><span class=""mistake-label mistake-right"">Correct</span></p>
<pre>int spaces = baseSpaces + (gapIndex &lt; extraSpaces ? 1 : 0); // correct</pre>
<p>Integer division truncates. The remainder (total % numGaps) must be distributed one extra space per gap, starting from the left, until the remainder is used up.</p>
</div>
</div>
<div class=""mistake-block"">
<div class=""mistake-header"">Using wordList.size() instead of wordList.size()-1 for gap count</div>
<div class=""mistake-body"">
<p><span class=""mistake-label mistake-wrong"">Wrong</span></p>
<pre>int numGaps = wordList.size(); // off by one</pre>
<p><span class=""mistake-label mistake-right"">Correct</span></p>
<pre>int numGaps = wordList.size() - 1; // correct: n words have n-1 gaps</pre>
<p>n words have exactly n-1 gaps between them. Using n as the gap count divides the spaces too thinly.</p>
</div>
</div>
<h2>Exam Tips</h2>
<div class=""exam-tip"">Part C is worth 5 points — most of the FRQ score. Spend time here.</div>
<div class=""exam-tip"">Must call leftoverSpaces() (and through it, totalLetters()) to earn dependency points.</div>
<div class=""exam-tip"">Build the result string by starting with wordList.get(0), then for each subsequent word, appending spaces then the word.</div>

<div id=""frq16q4-faq"">
<h2>Frequently Asked Questions</h2>
<div style=""border-bottom:1px solid #f1f5f9!important;padding:14px 0!important"">
<h3 style=""font-size:15px!important;font-weight:600!important;color:#1e293b!important;-webkit-text-fill-color:#1e293b!important;margin:0 0 6px!important"">What does 2016 AP CSA FRQ 4 StringFormatter ask?</h3>
<p style=""font-size:14px!important;color:#475569!important;margin:0!important"">It asks students to write three static methods: totalLetters() (sum of word lengths), leftoverSpaces() (spaces needed to fill the line), and format() (distribute spaces evenly with leftmost gaps getting extra space when the total is not evenly divisible).</p>
</div>
<div style=""border-bottom:1px solid #f1f5f9!important;padding:14px 0!important"">
<h3 style=""font-size:15px!important;font-weight:600!important;color:#1e293b!important;-webkit-text-fill-color:#1e293b!important;margin:0 0 6px!important"">What is the hardest part of format()?</h3>
<p style=""font-size:14px!important;color:#475569!important;margin:0!important"">Correctly distributing the remainder spaces to the leftmost gaps. The formula is: each of the first (total % numGaps) gaps gets one extra space on top of the base (total / numGaps) spaces. The remainder must be tracked and decremented as gaps are filled left-to-right.</p>
</div>
</div>

<div class=""cta-box"">
<h3>See All 2016 AP CSA FRQs</h3>
<p>View the complete 2016 exam hub with solutions, difficulty analysis, and scoring for all four questions.</p>
<a href=""/pages/ap-csa-frq-2016"" class=""btn"" style=""background:#1e3a8a!important;color:#fff!important;-webkit-text-fill-color:#fff!important;text-decoration:none!important;"">View 2016 FRQ Hub →</a>
</div>

<div class=""frq-nav"">
  <div><a href=""/ap-csa-2016-frq-3-crossword"">← FRQ 3</a></div>
  <div><a href=""/pages/ap-csa-frq-2016"">2016 Hub</a></div>
  <div><a href=""/pages/ap-csa-frq-2016"">2016 Hub →</a></div>
</div>
</div>
<script>var frq16q4Secs=22*60,frq16q4Int=null;
function frq16q4Start(){if(frq16q4Int)return;frq16q4Int=setInterval(function(){if(frq16q4Secs<=0){clearInterval(frq16q4Int);frq16q4Int=null;return;}frq16q4Secs--;var m=Math.floor(frq16q4Secs/60),s=frq16q4Secs%60;document.getElementById('frq16q4-timer').textContent=(m<10?'0':'')+m+':'+(s<10?'0':'')+s;},1000);}
function frq16q4Pause(){clearInterval(frq16q4Int);frq16q4Int=null;}
function frq16q4Reset(){frq16q4Pause();frq16q4Secs=22*60;document.getElementById('frq16q4-timer').textContent='22:00';}</script>","TRUE","2026-03-01 12:00:00"
"ap-csa-2017-frq-1-digits","MERGE","<style>#frq2026note-ap-csa-2017-frq-1-digits{all:initial!important;display:block!important;box-sizing:border-box!important;font-family:-apple-system,BlinkMacSystemFont,""Segoe UI"",Roboto,Helvetica,Arial,sans-serif!important;background:#fffbeb!important;border:1px solid #fcd34d!important;border-left:5px solid #d97706!important;border-radius:8px!important;margin:0 0 18px 0!important;padding:0!important;overflow:hidden!important;}#frq2026note-ap-csa-2017-frq-1-digits *{box-sizing:border-box!important;font-family:inherit!important;}#frq2026note-ap-csa-2017-frq-1-digits summary{display:block!important;cursor:pointer!important;padding:12px 15px!important;font-size:0.95em!important;line-height:1.5!important;list-style:none!important;color:#78350f!important;-webkit-text-fill-color:#78350f!important;}#frq2026note-ap-csa-2017-frq-1-digits summary::-webkit-details-marker{display:none!important;}#frq2026note-ap-csa-2017-frq-1-digits summary::marker{content:""""!important;}#frq2026note-ap-csa-2017-frq-1-digits summary:hover{background:#fef3c7!important;}#frq2026note-ap-csa-2017-frq-1-digits summary strong{font-weight:700!important;color:#78350f!important;-webkit-text-fill-color:#78350f!important;}#frq2026note-ap-csa-2017-frq-1-digits .n26-body{display:block!important;padding:0 15px 14px!important;font-size:0.92em!important;line-height:1.6!important;color:#78350f!important;-webkit-text-fill-color:#78350f!important;}#frq2026note-ap-csa-2017-frq-1-digits .n26-body p{margin:0 0 10px!important;color:#78350f!important;-webkit-text-fill-color:#78350f!important;}#frq2026note-ap-csa-2017-frq-1-digits .n26-body strong{font-weight:700!important;color:#78350f!important;-webkit-text-fill-color:#78350f!important;}#frq2026note-ap-csa-2017-frq-1-digits table{border-collapse:collapse!important;width:100%!important;margin:0 0 10px!important;font-size:0.95em!important;background:#fffdf5!important;}#frq2026note-ap-csa-2017-frq-1-digits th,#frq2026note-ap-csa-2017-frq-1-digits td{border:1px solid #fcd34d!important;padding:6px 9px!important;text-align:left!important;color:#78350f!important;-webkit-text-fill-color:#78350f!important;}#frq2026note-ap-csa-2017-frq-1-digits th{background:#fef3c7!important;font-weight:700!important;}#frq2026note-ap-csa-2017-frq-1-digits a{color:#92400e!important;-webkit-text-fill-color:#92400e!important;text-decoration:underline!important;}#frq2026note-ap-csa-2017-frq-1-digits .n26-src{font-size:0.85em!important;font-style:italic!important;margin:0!important;}</style>
<details id=""frq2026note-ap-csa-2017-frq-1-digits"">
<summary><strong>Heads up: the May 2027 exam scores free response differently from this one.</strong> Tap for the current point structure.</summary>
<div class=""n26-body"">
<p>Every AP CSA free-response question from 2004 through 2025 was worth <strong>9 points</strong>, and the section was 36. From 2026 the four questions are worth <strong>7, 7, 5 and 6</strong>, the section is <strong>25 points</strong>, and only Question 1 has parts.</p>
<table><tr><th>Question</th><th>Points</th><th>Parts</th><th>Type</th></tr><tr><td>Question 1</td><td><strong>7</strong></td><td>Part A 4 + Part B 3</td><td>Methods and Control Structures</td></tr><tr><td>Question 2</td><td><strong>7</strong></td><td>single part</td><td>Class Design</td></tr><tr><td>Question 3</td><td><strong>5</strong></td><td>single part</td><td>Data Analysis with ArrayList</td></tr><tr><td>Question 4</td><td><strong>6</strong></td><td>single part</td><td>2D Array</td></tr></table>
<p>Section I is now 42 multiple-choice questions at 55% of the score, and Section II is 45%. The question on this page is still worth practising. The 9 points printed below it are not the rubric you will be scored against.</p>
<p class=""n26-src"">Point totals from College Board's 2026 scoring guidelines; section weightings from the AP Computer Science A exam page. See the <a href=""/pages/ap-csa-frq-2026"">2026 questions</a> for the current format.</p>
</div>
</details>
<script type=""application/ld+json"">{""@context"":""https://schema.org"",""@type"":""FAQPage"",""mainEntity"":[{""@type"":""Question"",""name"":""What does 2017 AP CSA FRQ 1 Digits ask?"",""acceptedAnswer"":{""@type"":""Answer"",""text"":""It asks students to write the Digits class constructor, which decomposes a non-negative integer into its individual digits stored in an ArrayList in left-to-right order, and isStrictlyIncreasing(), which returns true if the digits are in strictly ascending order.""}},
    {""@type"":""Question"",""name"":""What is the key trick in the Digits constructor?"",""acceptedAnswer"":{""@type"":""Answer"",""text"":""Using % 10 to extract the last digit and / 10 to remove it, repeated until the number is 0. Since this extracts digits right-to-left, each digit must be prepended (added at index 0) rather than appended, so the final list reads left-to-right.""}},
    {""@type"":""Question"",""name"":""What happens if num is 0 in the Digits constructor?"",""acceptedAnswer"":{""@type"":""Answer"",""text"":""The while loop condition num > 0 is immediately false, so the loop body never executes and digitList remains empty. The num = 0 case must be handled separately — typically by checking if num == 0 first and adding a single 0 to the list.""}}]}</script>
<script type=""application/ld+json"">{""@context"":""https://schema.org"",""@type"":""BreadcrumbList"",""itemListElement"":[{""@type"":""ListItem"",""position"":1,""name"":""FRQ Archive"",""item"":""https://www.apcsexamprep.com/pages/ap-csa-frq-archive""},{""@type"":""ListItem"",""position"":2,""name"":""2017 AP CSA FRQs"",""item"":""https://www.apcsexamprep.com/pages/ap-csa-frq-2017""},{""@type"":""ListItem"",""position"":3,""name"":""FRQ 1: Digits"",""item"":""https://www.apcsexamprep.com/pages/ap-csa-2017-frq-1-digits""}]}</script>
<script type=""application/ld+json"">{""@context"":""https://schema.org"",""@type"":""Article"",""headline"":""AP CSA 2017 FRQ 1: Digits — Complete Solution & Scoring"",""description"":""Complete solution for 2017 AP CSA FRQ 1 Digits. Rubric, common mistakes & exam tips from College Board PDF."",""author"":{""@type"":""Person"",""name"":""Tanner Crow"",""url"":""https://www.wyzant.com/tutors/tannerc12""},""publisher"":{""@type"":""Organization"",""name"":""AP CS Exam Prep"",""url"":""https://www.apcsexamprep.com""},""datePublished"":""2017-09-01"",""dateModified"":""2026-03-17"",""educationalLevel"":""AP""}</script>
<div id=""frq17q1"">
<style>
.page-title,.article__title,.page__title,.template-page h1:first-of-type{display:none!important}
#frq17q1{all:initial!important;display:block!important;font-family:-apple-system,BlinkMacSystemFont,'Segoe UI',Roboto,Oxygen,Ubuntu,Cantarell,sans-serif!important;line-height:1.7!important;color:#1e293b!important;max-width:880px!important;margin:0 auto!important;padding:24px 20px 60px!important;-webkit-font-smoothing:antialiased!important;background:#ffffff!important}
#frq17q1 *{box-sizing:border-box!important}
#frq17q1 h1{font-size:2em!important;font-weight:800!important;color:#1e3a8a!important;-webkit-text-fill-color:#1e3a8a!important;margin:0 0 8px!important;line-height:1.2!important;border:none!important;padding:0!important}
#frq17q1 h2{font-size:1.5em!important;font-weight:700!important;color:#1e40af!important;-webkit-text-fill-color:#1e40af!important;margin:40px 0 16px!important;padding-left:12px!important;border-left:4px solid #60a5fa!important;border-bottom:none!important;line-height:1.3!important}
#frq17q1 h3{font-size:1.2em!important;font-weight:600!important;color:#1e40af!important;-webkit-text-fill-color:#1e40af!important;margin:24px 0 12px!important;line-height:1.3!important}
#frq17q1 h4{font-size:1.05em!important;font-weight:600!important;color:#334155!important;margin:20px 0 10px!important}
#frq17q1 p{margin:0 0 16px!important;color:#1e293b!important;font-size:16px!important;line-height:1.7!important}
#frq17q1 a{color:#2563eb!important;-webkit-text-fill-color:#2563eb!important;text-decoration:underline!important}
#frq17q1 a:link,#frq17q1 a:visited{color:#2563eb!important;-webkit-text-fill-color:#2563eb!important}
#frq17q1 a:hover{color:#1d4ed8!important;-webkit-text-fill-color:#1d4ed8!important}
#frq17q1 strong{font-weight:700!important;color:#1e293b!important}
#frq17q1 ul,#frq17q1 ol{margin:0 0 16px!important;padding-left:24px!important;color:#1e293b!important}
#frq17q1 li{margin:0 0 8px!important;font-size:16px!important;line-height:1.7!important}
#frq17q1 pre{background:#1e293b!important;color:#e2e8f0!important;padding:20px!important;border-radius:8px!important;overflow-x:auto!important;font-family:'Consolas','Monaco','Courier New',monospace!important;font-size:14px!important;line-height:1.6!important;margin:0 0 20px!important;white-space:pre!important}
#frq17q1 code{font-family:'Consolas','Monaco','Courier New',monospace!important;font-size:0.9em!important;background:#f1f5f9!important;padding:2px 6px!important;border-radius:3px!important;color:#1e293b!important}
#frq17q1 pre code{background:transparent!important;padding:0!important;color:#e2e8f0!important;font-size:inherit!important}
#frq17q1 table{width:100%!important;border-collapse:collapse!important;margin:0 0 20px!important;font-size:15px!important}
#frq17q1 th{background:#f8fafc!important;color:#475569!important;font-weight:600!important;padding:10px 14px!important;text-align:left!important;border-bottom:2px solid #e2e8f0!important;font-size:13px!important;text-transform:uppercase!important;letter-spacing:0.4px!important}
#frq17q1 td{padding:10px 14px!important;border-bottom:1px solid #f1f5f9!important;color:#1e293b!important;vertical-align:top!important}
#frq17q1 tr:last-child td{border-bottom:none!important}
#frq17q1 .frq-breadcrumb{font-size:14px!important;color:#64748b!important;margin-bottom:24px!important;display:block!important}
#frq17q1 .frq-breadcrumb a{color:#2563eb!important;-webkit-text-fill-color:#2563eb!important;text-decoration:none!important;font-size:14px!important}
#frq17q1 .frq-breadcrumb a:link,#frq17q1 .frq-breadcrumb a:visited{color:#2563eb!important;-webkit-text-fill-color:#2563eb!important}
#frq17q1 .frq-year-label{display:inline-block!important;background:#dbeafe!important;color:#1e40af!important;-webkit-text-fill-color:#1e40af!important;font-size:13px!important;font-weight:600!important;padding:4px 12px!important;border-radius:4px!important;margin-bottom:8px!important;letter-spacing:0.5px!important;text-transform:uppercase!important}
#frq17q1 .frq-subtitle{color:#64748b!important;font-size:15px!important;margin:0 0 20px!important;line-height:1.6!important}
#frq17q1 .frq-badges{display:flex!important;flex-wrap:wrap!important;gap:8px!important;margin-bottom:24px!important}
#frq17q1 .frq-badge{display:inline-block!important;padding:6px 14px!important;border-radius:20px!important;font-size:13px!important;font-weight:600!important;line-height:1.4!important}
#frq17q1 .frq-badge-blue{background:#dbeafe!important;color:#1e40af!important;-webkit-text-fill-color:#1e40af!important}
#frq17q1 .frq-badge-green{background:#dcfce7!important;color:#166534!important;-webkit-text-fill-color:#166534!important}
#frq17q1 .frq-badge-purple{background:#ede9fe!important;color:#5b21b6!important;-webkit-text-fill-color:#5b21b6!important}
#frq17q1 .frq-badge-amber{background:#fef3c7!important;color:#92400e!important;-webkit-text-fill-color:#92400e!important}
#frq17q1 .frq-meta-table td{padding:10px 16px!important;border-bottom:1px solid #e5e7eb!important}
#frq17q1 .frq-meta-table td:first-child{font-weight:600!important;color:#475569!important;width:160px!important}
#frq17q1 .frq-jumplinks{display:flex!important;flex-wrap:wrap!important;gap:8px!important;margin:0 0 32px!important;padding:14px 0!important;border-top:1px solid #e5e7eb!important;border-bottom:1px solid #e5e7eb!important}
#frq17q1 .frq-jumplinks a{display:inline-block!important;padding:5px 13px!important;background:#f1f5f9!important;color:#334155!important;-webkit-text-fill-color:#334155!important;border-radius:5px!important;font-size:13px!important;font-weight:600!important;text-decoration:none!important}
#frq17q1 .frq-jumplinks a:link,#frq17q1 .frq-jumplinks a:visited{color:#334155!important;-webkit-text-fill-color:#334155!important;text-decoration:none!important}
#frq17q1 .frq-jumplinks a:hover{background:#e2e8f0!important;color:#1e293b!important;-webkit-text-fill-color:#1e293b!important}
#frq17q1 .frq-timer{display:flex!important;align-items:center!important;gap:12px!important;background:#f8fafc!important;padding:12px 20px!important;border-radius:8px!important;margin:24px 0!important;border:1px solid #e2e8f0!important}
#frq17q1 .frq-timer-label{font-size:13px!important;font-weight:600!important;color:#64748b!important}
#frq17q1 .frq-timer-display{font-size:1.6em!important;font-weight:800!important;color:#1e3a8a!important;-webkit-text-fill-color:#1e3a8a!important;font-family:monospace!important;min-width:60px!important}
#frq17q1 .frq-timer button{padding:6px 16px!important;border:none!important;border-radius:6px!important;font-size:13px!important;font-weight:600!important;cursor:pointer!important;background:#1e3a8a!important;color:#fff!important;-webkit-text-fill-color:#fff!important}
#frq17q1 .frq-timer button:hover{background:#1e40af!important}
#frq17q1 .frq-editor textarea{width:100%!important;min-height:180px!important;font-family:'Consolas','Monaco','Courier New',monospace!important;font-size:14px!important;padding:14px!important;border:2px solid #e2e8f0!important;border-radius:8px!important;resize:vertical!important;background:#1e293b!important;color:#e2e8f0!important;line-height:1.6!important;outline:none!important}
#frq17q1 .frq-editor-hint{display:block!important;font-size:11px!important;color:#94a3b8!important;margin-top:4px!important;text-align:right!important}
#frq17q1 .btn{display:inline-block!important;padding:8px 20px!important;border-radius:7px!important;font-size:14px!important;font-weight:600!important;cursor:pointer!important;border:none!important;text-decoration:none!important;opacity:1!important;visibility:visible!important}
#frq17q1 .btn:link,#frq17q1 .btn:visited{text-decoration:none!important}
#frq17q1 .btn-sm{padding:6px 16px!important;font-size:13px!important}
#frq17q1 .btn-green{background:#16a34a!important;color:#fff!important;-webkit-text-fill-color:#fff!important}
#frq17q1 .btn-green:link,#frq17q1 .btn-green:visited{color:#fff!important;-webkit-text-fill-color:#fff!important}
#frq17q1 .btn-outline{background:#f1f5f9!important;color:#334155!important;-webkit-text-fill-color:#334155!important;border:1px solid #e2e8f0!important}
#frq17q1 .btn-outline:link,#frq17q1 .btn-outline:visited{color:#334155!important;-webkit-text-fill-color:#334155!important}
#frq17q1 .frq-collapsible{width:100%!important;background:#f8fafc!important;border:1px solid #e2e8f0!important;padding:12px 16px!important;text-align:left!important;font-size:15px!important;font-weight:600!important;cursor:pointer!important;border-radius:7px!important;color:#1e40af!important;-webkit-text-fill-color:#1e40af!important;margin:12px 0 0!important}
#frq17q1 .frq-collapsible-content{display:none!important;padding:16px!important;border:1px solid #e2e8f0!important;border-top:none!important;border-radius:0 0 7px 7px!important;background:#fff!important;margin-bottom:16px!important}
#frq17q1 .frq-collapsible-content.open{display:block!important}
#frq17q1 .key-insight{background:#eff6ff!important;border-left:4px solid #3b82f6!important;padding:12px 16px!important;border-radius:0 6px 6px 0!important;margin:12px 0!important;font-size:14px!important;color:#1e40af!important;-webkit-text-fill-color:#1e40af!important}
#frq17q1 .mistake-block{border:1px solid #fecaca!important;border-radius:8px!important;overflow:hidden!important;margin-bottom:16px!important}
#frq17q1 .mistake-header{background:#fef2f2!important;padding:10px 16px!important;font-weight:600!important;font-size:15px!important;color:#991b1b!important;-webkit-text-fill-color:#991b1b!important}
#frq17q1 .mistake-body{padding:14px 16px!important}
#frq17q1 .mistake-label{display:inline-block!important;font-size:12px!important;font-weight:700!important;padding:2px 8px!important;border-radius:4px!important;margin-bottom:4px!important}
#frq17q1 .mistake-wrong{background:#fef2f2!important;color:#991b1b!important;-webkit-text-fill-color:#991b1b!important}
#frq17q1 .mistake-right{background:#dcfce7!important;color:#166534!important;-webkit-text-fill-color:#166534!important}
#frq17q1 .exam-tip{background:#fefce8!important;border-left:4px solid #eab308!important;padding:12px 16px!important;margin-bottom:10px!important;border-radius:0 6px 6px 0!important;font-size:14px!important;color:#713f12!important;-webkit-text-fill-color:#713f12!important}
#frq17q1 .cta-box{background:#eff6ff!important;border:1px solid #bfdbfe!important;border-radius:10px!important;padding:24px!important;margin-top:40px!important;text-align:center!important}
#frq17q1 .cta-box h3{color:#1e3a8a!important;-webkit-text-fill-color:#1e3a8a!important;margin:0 0 8px!important;font-size:1.2em!important}
#frq17q1 .cta-box p{color:#475569!important;margin:0 0 16px!important;font-size:15px!important}
#frq17q1 .frq-nav{display:flex!important;justify-content:space-between!important;margin:40px 0 0!important;padding:16px 0!important;border-top:2px solid #e5e7eb!important;gap:12px!important}
#frq17q1 .frq-nav a{display:inline-block!important;padding:8px 18px!important;background:#f1f5f9!important;color:#1e40af!important;-webkit-text-fill-color:#1e40af!important;border-radius:7px!important;font-size:14px!important;font-weight:700!important;text-decoration:none!important;border:1px solid #e2e8f0!important}
#frq17q1 .frq-nav a:link,#frq17q1 .frq-nav a:visited{color:#1e40af!important;-webkit-text-fill-color:#1e40af!important;text-decoration:none!important}
#frq17q1 .frq-nav a:hover{background:#dbeafe!important}
#frq17q1 .classic-note{background:#fef3c7!important;border:1px solid #f59e0b!important;border-left:4px solid #f59e0b!important;border-radius:8px!important;padding:12px 16px!important;margin:16px 0!important;font-size:14px!important;color:#78350f!important;-webkit-text-fill-color:#78350f!important}
#frq17q1 .skip-banner{background:#fef2f2!important;border:2px solid #ef4444!important;border-radius:8px!important;padding:20px!important;margin:20px 0!important;text-align:center!important}
#frq17q1 .skip-banner p{color:#991b1b!important;-webkit-text-fill-color:#991b1b!important;font-size:16px!important;font-weight:600!important;margin:0 0 8px!important}
#frq17q1 .skip-banner a{color:#2563eb!important;-webkit-text-fill-color:#2563eb!important}
#frq17q1 .frq-pdf-wrap{border:1px solid #e2e8f0!important;border-radius:8px!important;overflow:hidden!important;margin:12px 0!important}
#frq17q1 .frq-pdf-wrap iframe{width:100%!important;height:500px!important;border:none!important;display:block!important}
#frq17q1 .frq-pdf-fallback{padding:20px!important;text-align:center!important;background:#f8fafc!important}
@media(max-width:600px){
  #frq17q1 .frq-nav{flex-direction:column!important}
  #frq17q1 .frq-pdf-wrap iframe{height:350px!important}
}</style>

<div class=""frq-breadcrumb"">
<a href=""/pages/ap-csa-frq-archive"">FRQ Archive</a> ›
<a href=""/pages/ap-csa-frq-2017"">2017 FRQs</a> ›
FRQ 1: Digits
</div>
<div class=""frq-year-label"">2017 AP CSA • Class Writing</div>
<h1>AP CSA 2017 FRQ 1: Digits</h1>


<p class=""frq-subtitle"">Complete solution, scoring rubric, and walkthrough — verified from the official College Board PDF</p>
<div class=""frq-badges"">
  <span class=""frq-badge frq-badge-blue"">9 Points</span>
  <span class=""frq-badge frq-badge-amber"">Medium</span>
  <span class=""frq-badge frq-badge-purple"">Class Writing</span>
  <span class=""frq-badge frq-badge-amber"">Classic Format (Pre-2019)</span>
</div>

<table class=""frq-meta-table"">
<tr>
<td>Question Type</td>
<td>Class Writing</td>
</tr>
<tr>
<td>Key Skills</td>
<td>Write the Digits class constructor (decompose a non-negative int into a digit ArrayList using % 10 and / 10 repeated div</td>
</tr>
<tr>
<td>Difficulty</td>
<td>Medium</td>
</tr>
<tr>
<td>AP CSA Units</td>
<td>
<a href=""/pages/ap-csa-unit-1-complete-study-guide""><strong>Unit 1: Using Objects &amp; Methods</strong></a> (class construction, ArrayList) and <a href=""/pages/unit-2-selection-and-iteration-ultimate-study-guide""><strong>Unit 2: Selection &amp; Iteration</strong></a> (loop with arithmetic, consecutive comparison).</td>
</tr>
</table>

<div class=""frq-jumplinks"">
<a href=""#frq17q1-pdf"">Official PDF</a>
<a href=""#frq17q1-provided"">Provided Code</a>
<a href=""#frq17q1-parta"">Part A</a><a href=""#frq17q1-partb"">Part B</a>
<a href=""#frq17q1-mistakes"">Mistakes</a>
<a href=""#frq17q1-tips"">Tips</a>
<a href=""#frq17q1-faq"">FAQ</a>
</div>

<h2>What This Problem Asks</h2>
<p>Write the Digits class constructor (decompose a non-negative int into a digit ArrayList using % 10 and / 10 repeated division) and isStrictlyIncreasing() (check each consecutive pair in the ArrayList).</p>

<h2 id=""frq17q1-pdf"">Official Question &amp; PDF</h2>
<p><a href=""https://secure-media.collegeboard.org/ap/pdf/ap-computer-science-a-frq-2017.pdf"" target=""_blank"" rel=""noopener"" class=""btn btn-sm btn-outline"">Download Full 2017 FRQ PDF →</a></p>
<div class=""frq-pdf-wrap"">
  <iframe src=""https://secure-media.collegeboard.org/ap/pdf/ap-computer-science-a-frq-2017.pdf#page=2"" title=""2017 AP CSA FRQ 1 Digits"" loading=""lazy""></iframe>
  <div class=""frq-pdf-fallback""><p>PDF cannot display here. <a href=""https://secure-media.collegeboard.org/ap/pdf/ap-computer-science-a-frq-2017.pdf"" target=""_blank"" rel=""noopener"">Open PDF directly →</a></p></div>
</div>

<div id=""frq17q1-provided"">
<h2>Provided Code</h2>
<pre>public class Digits
{
    private ArrayList<integer> digitList;

    public Digits(int num)
    { /* to be implemented in part (a) */ }

    public boolean isStrictlyIncreasing()
    { /* to be implemented in part (b) */ }
}</integer></pre>
</div>

<div class=""frq-timer"">
  <span class=""frq-timer-label"">Timer</span>
  <span class=""frq-timer-display"" id=""frq17q1-timer"">22:00</span>
  <button onclick=""frq17q1Start()"">Start</button>
  <button onclick=""frq17q1Pause()"">Pause</button>
  <button onclick=""frq17q1Reset()"">Reset</button>
</div>


<div id=""frq17q1-parta"">
<h2>Part A (5 Points)</h2>
<p>Write the Digits constructor. Initialize digitList and fill it with the digits of num in the same order they appear in the number. For num = 15704, digitList should contain [1, 5, 7, 0, 4].</p>
<div class=""frq-editor"">
<textarea id=""frq17q1-parta-ea"" placeholder=""// Write your solution here...""></textarea><span class=""frq-editor-hint"">Drag corner to expand ▽</span>
</div>
<p><button class=""btn btn-sm btn-green"" onclick=""document.getElementById('frq17q1-sol-parta').classList.add('open')"">Check Answer</button> <button class=""btn btn-sm btn-outline"" onclick=""document.getElementById('frq17q1-parta-ea').value=''"">Clear</button></p>
<button class=""frq-collapsible"" onclick=""this.nextElementSibling.classList.toggle('open')"">View Solution and Rubric ▼</button>
<div class=""frq-collapsible-content"" id=""frq17q1-sol-parta"">
<h4>Scoring Rubric</h4>
<table>
<tr>
<td><strong>+1</strong></td>
<td>Creates a new ArrayList</td>
</tr>
<tr>
<td><strong>+1</strong></td>
<td>Extracts digits using % 10 in a loop (or equivalent)</td>
</tr>
<tr>
<td><strong>+1</strong></td>
<td>Removes digits using / 10 (or equivalent)</td>
</tr>
<tr>
<td><strong>+1</strong></td>
<td>Handles num = 0 correctly (list contains [0])</td>
</tr>
<tr>
<td><strong>+1</strong></td>
<td>Digits appear in correct order (most significant first)</td>
</tr>
</table>
<h4>Solution</h4>
<pre>public Digits(int num)
{
    digitList = new ArrayList<integer>();

    if (num == 0)
    {
        digitList.add(0);
        return;
    }

    while (num &gt; 0)
    {
        digitList.add(0, num % 10);  // prepend digit
        num /= 10;
    }
}</integer></pre>
<div class=""key-insight"">% 10 gives the last digit; / 10 removes it. Adding at index 0 (prepend) reverses the extraction order so digits end up left-to-right. The num == 0 edge case must be handled separately since the loop never executes for 0.</div>
</div>
</div>
<div id=""frq17q1-partb"">
<h2>Part B (4 Points)</h2>
<p>Write isStrictlyIncreasing(). Return true if each element in digitList is strictly greater than the element before it.</p>
<div class=""frq-editor"">
<textarea id=""frq17q1-partb-ea"" placeholder=""// Write your solution here...""></textarea><span class=""frq-editor-hint"">Drag corner to expand ▽</span>
</div>
<p><button class=""btn btn-sm btn-green"" onclick=""document.getElementById('frq17q1-sol-partb').classList.add('open')"">Check Answer</button> <button class=""btn btn-sm btn-outline"" onclick=""document.getElementById('frq17q1-partb-ea').value=''"">Clear</button></p>
<button class=""frq-collapsible"" onclick=""this.nextElementSibling.classList.toggle('open')"">View Solution and Rubric ▼</button>
<div class=""frq-collapsible-content"" id=""frq17q1-sol-partb"">
<h4>Scoring Rubric</h4>
<table>
<tr>
<td><strong>+1</strong></td>
<td>Accesses consecutive pairs (index i and i+1)</td>
</tr>
<tr>
<td><strong>+1</strong></td>
<td>Loop bound is correct (0 to size-2)</td>
</tr>
<tr>
<td><strong>+1</strong></td>
<td>Comparison is strictly greater than (not &gt;=)</td>
</tr>
<tr>
<td><strong>+1</strong></td>
<td>Returns correct boolean (algorithm)</td>
</tr>
</table>
<h4>Solution</h4>
<pre>public boolean isStrictlyIncreasing()
{
    for (int i = 0; i &lt; digitList.size() - 1; i++)
    {
        if (digitList.get(i) &gt;= digitList.get(i + 1))
        {
            return false;
        }
    }
    return true;
}</pre>
<div class=""key-insight"">Loop from 0 to size()-2 (inclusive) to compare each element with the next. Return false immediately on any violation. Return true only after the entire list passes.</div>
</div>
</div>

<h2>Common Mistakes to Avoid</h2>
<div class=""mistake-block"">
<div class=""mistake-header"">Appending digits without reversing</div>
<div class=""mistake-body"">
<p><span class=""mistake-label mistake-wrong"">Wrong</span></p>
<pre>digitList.add(num % 10);  // appends, gives digits in reverse order</pre>
<p><span class=""mistake-label mistake-right"">Correct</span></p>
<pre>digitList.add(0, num % 10);  // prepends, maintains correct order</pre>
<p>add(digit) appends to the end, producing digits in reverse order. Use add(0, digit) to prepend, or reverse the list afterward.</p>
</div>
</div>
<div class=""mistake-block"">
<div class=""mistake-header"">Loop bound off-by-one in isStrictlyIncreasing</div>
<div class=""mistake-body"">
<p><span class=""mistake-label mistake-wrong"">Wrong</span></p>
<pre>for (int i = 0; i &lt; digitList.size(); i++) // throws IndexOutOfBoundsException</pre>
<p><span class=""mistake-label mistake-right"">Correct</span></p>
<pre>for (int i = 0; i &lt; digitList.size() - 1; i++) // correct</pre>
<p>Accessing i+1 inside the loop requires the bound to be size()-1, not size(). Going to size() causes an IndexOutOfBoundsException on the last iteration.</p>
</div>
</div>
<div class=""mistake-block"">
<div class=""mistake-header"">Using &gt;= instead of &gt; in comparison</div>
<div class=""mistake-body"">
<p><span class=""mistake-label mistake-wrong"">Wrong</span></p>
<pre>if (digitList.get(i) &gt; digitList.get(i+1)) // wrong: equal values pass</pre>
<p><span class=""mistake-label mistake-right"">Correct</span></p>
<pre>if (digitList.get(i) &gt;= digitList.get(i+1)) // correct: equal fails</pre>
<p>The list must be STRICTLY increasing — equal consecutive elements are not allowed. The condition to return false is get(i) &gt;= get(i+1).</p>
</div>
</div>
<h2>Exam Tips</h2>
<div class=""exam-tip"">Handle the num = 0 edge case first — the loop condition num &gt; 0 never executes for 0, leaving digitList empty.</div>
<div class=""exam-tip"">Both methods can call digitList.size() and digitList.get(). No need to convert to an array.</div>
<div class=""exam-tip"">For the constructor, you can also build the list in reverse then call Collections.reverse() — both approaches earn full credit.</div>

<div id=""frq17q1-faq"">
<h2>Frequently Asked Questions</h2>
<div style=""border-bottom:1px solid #f1f5f9!important;padding:14px 0!important"">
<h3 style=""font-size:15px!important;font-weight:600!important;color:#1e293b!important;-webkit-text-fill-color:#1e293b!important;margin:0 0 6px!important"">What does 2017 AP CSA FRQ 1 Digits ask?</h3>
<p style=""font-size:14px!important;color:#475569!important;margin:0!important"">It asks students to write the Digits class constructor, which decomposes a non-negative integer into its individual digits stored in an ArrayList in left-to-right order, and isStrictlyIncreasing(), which returns true if the digits are in strictly ascending order.</p>
</div>
<div style=""border-bottom:1px solid #f1f5f9!important;padding:14px 0!important"">
<h3 style=""font-size:15px!important;font-weight:600!important;color:#1e293b!important;-webkit-text-fill-color:#1e293b!important;margin:0 0 6px!important"">What is the key trick in the Digits constructor?</h3>
<p style=""font-size:14px!important;color:#475569!important;margin:0!important"">Using % 10 to extract the last digit and / 10 to remove it, repeated until the number is 0. Since this extracts digits right-to-left, each digit must be prepended (added at index 0) rather than appended, so the final list reads left-to-right.</p>
</div>
<div style=""border-bottom:1px solid #f1f5f9!important;padding:14px 0!important"">
<h3 style=""font-size:15px!important;font-weight:600!important;color:#1e293b!important;-webkit-text-fill-color:#1e293b!important;margin:0 0 6px!important"">What happens if num is 0 in the Digits constructor?</h3>
<p style=""font-size:14px!important;color:#475569!important;margin:0!important"">The while loop condition num &gt; 0 is immediately false, so the loop body never executes and digitList remains empty. The num = 0 case must be handled separately — typically by checking if num == 0 first and adding a single 0 to the list.</p>
</div>
</div>

<div class=""cta-box"">
<h3>See All 2017 AP CSA FRQs</h3>
<p>View the complete 2017 exam hub with solutions, difficulty analysis, and scoring for all four questions.</p>
<a href=""/pages/ap-csa-frq-2017"" class=""btn"" style=""background:#1e3a8a!important;color:#fff!important;-webkit-text-fill-color:#fff!important;text-decoration:none!important;"">View 2017 FRQ Hub →</a>
</div>

<div class=""frq-nav"">
  <div><a href=""/pages/ap-csa-frq-2017"">← 2017 Hub</a></div>
  <div><a href=""/pages/ap-csa-frq-2017"">2017 Hub</a></div>
  <div><a href=""/pages/ap-csa-2017-frq-2-multpractice"">FRQ 2 →</a></div>
</div>
</div>
<script>var frq17q1Secs=22*60,frq17q1Int=null;
function frq17q1Start(){if(frq17q1Int)return;frq17q1Int=setInterval(function(){if(frq17q1Secs<=0){clearInterval(frq17q1Int);frq17q1Int=null;return;}frq17q1Secs--;var m=Math.floor(frq17q1Secs/60),s=frq17q1Secs%60;document.getElementById('frq17q1-timer').textContent=(m<10?'0':'')+m+':'+(s<10?'0':'')+s;},1000);}
function frq17q1Pause(){clearInterval(frq17q1Int);frq17q1Int=null;}
function frq17q1Reset(){frq17q1Pause();frq17q1Secs=22*60;document.getElementById('frq17q1-timer').textContent='22:00';}</script>","TRUE","2026-03-01 12:00:00"
"ap-csa-2017-frq-2-multpractice","MERGE","<style>#frq2026note-ap-csa-2017-frq-2-multpractice{all:initial!important;display:block!important;box-sizing:border-box!important;font-family:-apple-system,BlinkMacSystemFont,""Segoe UI"",Roboto,Helvetica,Arial,sans-serif!important;background:#fffbeb!important;border:1px solid #fcd34d!important;border-left:5px solid #d97706!important;border-radius:8px!important;margin:0 0 18px 0!important;padding:0!important;overflow:hidden!important;}#frq2026note-ap-csa-2017-frq-2-multpractice *{box-sizing:border-box!important;font-family:inherit!important;}#frq2026note-ap-csa-2017-frq-2-multpractice summary{display:block!important;cursor:pointer!important;padding:12px 15px!important;font-size:0.95em!important;line-height:1.5!important;list-style:none!important;color:#78350f!important;-webkit-text-fill-color:#78350f!important;}#frq2026note-ap-csa-2017-frq-2-multpractice summary::-webkit-details-marker{display:none!important;}#frq2026note-ap-csa-2017-frq-2-multpractice summary::marker{content:""""!important;}#frq2026note-ap-csa-2017-frq-2-multpractice summary:hover{background:#fef3c7!important;}#frq2026note-ap-csa-2017-frq-2-multpractice summary strong{font-weight:700!important;color:#78350f!important;-webkit-text-fill-color:#78350f!important;}#frq2026note-ap-csa-2017-frq-2-multpractice .n26-body{display:block!important;padding:0 15px 14px!important;font-size:0.92em!important;line-height:1.6!important;color:#78350f!important;-webkit-text-fill-color:#78350f!important;}#frq2026note-ap-csa-2017-frq-2-multpractice .n26-body p{margin:0 0 10px!important;color:#78350f!important;-webkit-text-fill-color:#78350f!important;}#frq2026note-ap-csa-2017-frq-2-multpractice .n26-body strong{font-weight:700!important;color:#78350f!important;-webkit-text-fill-color:#78350f!important;}#frq2026note-ap-csa-2017-frq-2-multpractice table{border-collapse:collapse!important;width:100%!important;margin:0 0 10px!important;font-size:0.95em!important;background:#fffdf5!important;}#frq2026note-ap-csa-2017-frq-2-multpractice th,#frq2026note-ap-csa-2017-frq-2-multpractice td{border:1px solid #fcd34d!important;padding:6px 9px!important;text-align:left!important;color:#78350f!important;-webkit-text-fill-color:#78350f!important;}#frq2026note-ap-csa-2017-frq-2-multpractice th{background:#fef3c7!important;font-weight:700!important;}#frq2026note-ap-csa-2017-frq-2-multpractice a{color:#92400e!important;-webkit-text-fill-color:#92400e!important;text-decoration:underline!important;}#frq2026note-ap-csa-2017-frq-2-multpractice .n26-src{font-size:0.85em!important;font-style:italic!important;margin:0!important;}</style>
<details id=""frq2026note-ap-csa-2017-frq-2-multpractice"">
<summary><strong>Heads up: the May 2027 exam scores free response differently from this one.</strong> Tap for the current point structure.</summary>
<div class=""n26-body"">
<p>Every AP CSA free-response question from 2004 through 2025 was worth <strong>9 points</strong>, and the section was 36. From 2026 the four questions are worth <strong>7, 7, 5 and 6</strong>, the section is <strong>25 points</strong>, and only Question 1 has parts.</p>
<table><tr><th>Question</th><th>Points</th><th>Parts</th><th>Type</th></tr><tr><td>Question 1</td><td><strong>7</strong></td><td>Part A 4 + Part B 3</td><td>Methods and Control Structures</td></tr><tr><td>Question 2</td><td><strong>7</strong></td><td>single part</td><td>Class Design</td></tr><tr><td>Question 3</td><td><strong>5</strong></td><td>single part</td><td>Data Analysis with ArrayList</td></tr><tr><td>Question 4</td><td><strong>6</strong></td><td>single part</td><td>2D Array</td></tr></table>
<p>Section I is now 42 multiple-choice questions at 55% of the score, and Section II is 45%. The question on this page is still worth practising. The 9 points printed below it are not the rubric you will be scored against.</p>
<p class=""n26-src"">Point totals from College Board's 2026 scoring guidelines; section weightings from the AP Computer Science A exam page. See the <a href=""/pages/ap-csa-frq-2026"">2026 questions</a> for the current format.</p>
</div>
</details>
<script type=""application/ld+json"">{""@context"":""https://schema.org"",""@type"":""FAQPage"",""mainEntity"":[{""@type"":""Question"",""name"":""What does 2017 AP CSA FRQ 2 MultPractice ask?"",""acceptedAnswer"":{""@type"":""Answer"",""text"":""It asks students to write the complete MultPractice class that implements the StudyPractice interface, tracking a multiplication problem, a miss counter, and a solved flag, with makeGuess() updating state and isDone() returning the completion condition.""}},
    {""@type"":""Question"",""name"":""What is the most common mistake on FRQ 2 MultPractice?"",""acceptedAnswer"":{""@type"":""Answer"",""text"":""Using == instead of .equals() for String comparison in makeGuess(), and using >= instead of > when comparing misses to allowedMisses in isDone(), which incorrectly ends practice one guess too early.""}}]}</script>
<script type=""application/ld+json"">{""@context"":""https://schema.org"",""@type"":""BreadcrumbList"",""itemListElement"":[{""@type"":""ListItem"",""position"":1,""name"":""FRQ Archive"",""item"":""https://www.apcsexamprep.com/pages/ap-csa-frq-archive""},{""@type"":""ListItem"",""position"":2,""name"":""2017 AP CSA FRQs"",""item"":""https://www.apcsexamprep.com/pages/ap-csa-frq-2017""},{""@type"":""ListItem"",""position"":3,""name"":""FRQ 2: MultPractice"",""item"":""https://www.apcsexamprep.com/pages/ap-csa-2017-frq-2-multpractice""}]}</script>
<script type=""application/ld+json"">{""@context"":""https://schema.org"",""@type"":""Article"",""headline"":""AP CSA 2017 FRQ 2: MultPractice — Complete Solution & Scoring"",""description"":""Complete solution for 2017 AP CSA FRQ 2 MultPractice. Rubric, common mistakes & exam tips from College Board PDF."",""author"":{""@type"":""Person"",""name"":""Tanner Crow"",""url"":""https://www.wyzant.com/tutors/tannerc12""},""publisher"":{""@type"":""Organization"",""name"":""AP CS Exam Prep"",""url"":""https://www.apcsexamprep.com""},""datePublished"":""2017-09-01"",""dateModified"":""2026-03-17"",""educationalLevel"":""AP""}</script>
<div id=""frq17q2"">
<style>
.page-title,.article__title,.page__title,.template-page h1:first-of-type{display:none!important}
#frq17q2{all:initial!important;display:block!important;font-family:-apple-system,BlinkMacSystemFont,'Segoe UI',Roboto,Oxygen,Ubuntu,Cantarell,sans-serif!important;line-height:1.7!important;color:#1e293b!important;max-width:880px!important;margin:0 auto!important;padding:24px 20px 60px!important;-webkit-font-smoothing:antialiased!important;background:#ffffff!important}
#frq17q2 *{box-sizing:border-box!important}
#frq17q2 h1{font-size:2em!important;font-weight:800!important;color:#1e3a8a!important;-webkit-text-fill-color:#1e3a8a!important;margin:0 0 8px!important;line-height:1.2!important;border:none!important;padding:0!important}
#frq17q2 h2{font-size:1.5em!important;font-weight:700!important;color:#1e40af!important;-webkit-text-fill-color:#1e40af!important;margin:40px 0 16px!important;padding-left:12px!important;border-left:4px solid #60a5fa!important;border-bottom:none!important;line-height:1.3!important}
#frq17q2 h3{font-size:1.2em!important;font-weight:600!important;color:#1e40af!important;-webkit-text-fill-color:#1e40af!important;margin:24px 0 12px!important;line-height:1.3!important}
#frq17q2 h4{font-size:1.05em!important;font-weight:600!important;color:#334155!important;margin:20px 0 10px!important}
#frq17q2 p{margin:0 0 16px!important;color:#1e293b!important;font-size:16px!important;line-height:1.7!important}
#frq17q2 a{color:#2563eb!important;-webkit-text-fill-color:#2563eb!important;text-decoration:underline!important}
#frq17q2 a:link,#frq17q2 a:visited{color:#2563eb!important;-webkit-text-fill-color:#2563eb!important}
#frq17q2 a:hover{color:#1d4ed8!important;-webkit-text-fill-color:#1d4ed8!important}
#frq17q2 strong{font-weight:700!important;color:#1e293b!important}
#frq17q2 ul,#frq17q2 ol{margin:0 0 16px!important;padding-left:24px!important;color:#1e293b!important}
#frq17q2 li{margin:0 0 8px!important;font-size:16px!important;line-height:1.7!important}
#frq17q2 pre{background:#1e293b!important;color:#e2e8f0!important;padding:20px!important;border-radius:8px!important;overflow-x:auto!important;font-family:'Consolas','Monaco','Courier New',monospace!important;font-size:14px!important;line-height:1.6!important;margin:0 0 20px!important;white-space:pre!important}
#frq17q2 code{font-family:'Consolas','Monaco','Courier New',monospace!important;font-size:0.9em!important;background:#f1f5f9!important;padding:2px 6px!important;border-radius:3px!important;color:#1e293b!important}
#frq17q2 pre code{background:transparent!important;padding:0!important;color:#e2e8f0!important;font-size:inherit!important}
#frq17q2 table{width:100%!important;border-collapse:collapse!important;margin:0 0 20px!important;font-size:15px!important}
#frq17q2 th{background:#f8fafc!important;color:#475569!important;font-weight:600!important;padding:10px 14px!important;text-align:left!important;border-bottom:2px solid #e2e8f0!important;font-size:13px!important;text-transform:uppercase!important;letter-spacing:0.4px!important}
#frq17q2 td{padding:10px 14px!important;border-bottom:1px solid #f1f5f9!important;color:#1e293b!important;vertical-align:top!important}
#frq17q2 tr:last-child td{border-bottom:none!important}
#frq17q2 .frq-breadcrumb{font-size:14px!important;color:#64748b!important;margin-bottom:24px!important;display:block!important}
#frq17q2 .frq-breadcrumb a{color:#2563eb!important;-webkit-text-fill-color:#2563eb!important;text-decoration:none!important;font-size:14px!important}
#frq17q2 .frq-breadcrumb a:link,#frq17q2 .frq-breadcrumb a:visited{color:#2563eb!important;-webkit-text-fill-color:#2563eb!important}
#frq17q2 .frq-year-label{display:inline-block!important;background:#dbeafe!important;color:#1e40af!important;-webkit-text-fill-color:#1e40af!important;font-size:13px!important;font-weight:600!important;padding:4px 12px!important;border-radius:4px!important;margin-bottom:8px!important;letter-spacing:0.5px!important;text-transform:uppercase!important}
#frq17q2 .frq-subtitle{color:#64748b!important;font-size:15px!important;margin:0 0 20px!important;line-height:1.6!important}
#frq17q2 .frq-badges{display:flex!important;flex-wrap:wrap!important;gap:8px!important;margin-bottom:24px!important}
#frq17q2 .frq-badge{display:inline-block!important;padding:6px 14px!important;border-radius:20px!important;font-size:13px!important;font-weight:600!important;line-height:1.4!important}
#frq17q2 .frq-badge-blue{background:#dbeafe!important;color:#1e40af!important;-webkit-text-fill-color:#1e40af!important}
#frq17q2 .frq-badge-green{background:#dcfce7!important;color:#166534!important;-webkit-text-fill-color:#166534!important}
#frq17q2 .frq-badge-purple{background:#ede9fe!important;color:#5b21b6!important;-webkit-text-fill-color:#5b21b6!important}
#frq17q2 .frq-badge-amber{background:#fef3c7!important;color:#92400e!important;-webkit-text-fill-color:#92400e!important}
#frq17q2 .frq-meta-table td{padding:10px 16px!important;border-bottom:1px solid #e5e7eb!important}
#frq17q2 .frq-meta-table td:first-child{font-weight:600!important;color:#475569!important;width:160px!important}
#frq17q2 .frq-jumplinks{display:flex!important;flex-wrap:wrap!important;gap:8px!important;margin:0 0 32px!important;padding:14px 0!important;border-top:1px solid #e5e7eb!important;border-bottom:1px solid #e5e7eb!important}
#frq17q2 .frq-jumplinks a{display:inline-block!important;padding:5px 13px!important;background:#f1f5f9!important;color:#334155!important;-webkit-text-fill-color:#334155!important;border-radius:5px!important;font-size:13px!important;font-weight:600!important;text-decoration:none!important}
#frq17q2 .frq-jumplinks a:link,#frq17q2 .frq-jumplinks a:visited{color:#334155!important;-webkit-text-fill-color:#334155!important;text-decoration:none!important}
#frq17q2 .frq-jumplinks a:hover{background:#e2e8f0!important;color:#1e293b!important;-webkit-text-fill-color:#1e293b!important}
#frq17q2 .frq-timer{display:flex!important;align-items:center!important;gap:12px!important;background:#f8fafc!important;padding:12px 20px!important;border-radius:8px!important;margin:24px 0!important;border:1px solid #e2e8f0!important}
#frq17q2 .frq-timer-label{font-size:13px!important;font-weight:600!important;color:#64748b!important}
#frq17q2 .frq-timer-display{font-size:1.6em!important;font-weight:800!important;color:#1e3a8a!important;-webkit-text-fill-color:#1e3a8a!important;font-family:monospace!important;min-width:60px!important}
#frq17q2 .frq-timer button{padding:6px 16px!important;border:none!important;border-radius:6px!important;font-size:13px!important;font-weight:600!important;cursor:pointer!important;background:#1e3a8a!important;color:#fff!important;-webkit-text-fill-color:#fff!important}
#frq17q2 .frq-timer button:hover{background:#1e40af!important}
#frq17q2 .frq-editor textarea{width:100%!important;min-height:180px!important;font-family:'Consolas','Monaco','Courier New',monospace!important;font-size:14px!important;padding:14px!important;border:2px solid #e2e8f0!important;border-radius:8px!important;resize:vertical!important;background:#1e293b!important;color:#e2e8f0!important;line-height:1.6!important;outline:none!important}
#frq17q2 .frq-editor-hint{display:block!important;font-size:11px!important;color:#94a3b8!important;margin-top:4px!important;text-align:right!important}
#frq17q2 .btn{display:inline-block!important;padding:8px 20px!important;border-radius:7px!important;font-size:14px!important;font-weight:600!important;cursor:pointer!important;border:none!important;text-decoration:none!important;opacity:1!important;visibility:visible!important}
#frq17q2 .btn:link,#frq17q2 .btn:visited{text-decoration:none!important}
#frq17q2 .btn-sm{padding:6px 16px!important;font-size:13px!important}
#frq17q2 .btn-green{background:#16a34a!important;color:#fff!important;-webkit-text-fill-color:#fff!important}
#frq17q2 .btn-green:link,#frq17q2 .btn-green:visited{color:#fff!important;-webkit-text-fill-color:#fff!important}
#frq17q2 .btn-outline{background:#f1f5f9!important;color:#334155!important;-webkit-text-fill-color:#334155!important;border:1px solid #e2e8f0!important}
#frq17q2 .btn-outline:link,#frq17q2 .btn-outline:visited{color:#334155!important;-webkit-text-fill-color:#334155!important}
#frq17q2 .frq-collapsible{width:100%!important;background:#f8fafc!important;border:1px solid #e2e8f0!important;padding:12px 16px!important;text-align:left!important;font-size:15px!important;font-weight:600!important;cursor:pointer!important;border-radius:7px!important;color:#1e40af!important;-webkit-text-fill-color:#1e40af!important;margin:12px 0 0!important}
#frq17q2 .frq-collapsible-content{display:none!important;padding:16px!important;border:1px solid #e2e8f0!important;border-top:none!important;border-radius:0 0 7px 7px!important;background:#fff!important;margin-bottom:16px!important}
#frq17q2 .frq-collapsible-content.open{display:block!important}
#frq17q2 .key-insight{background:#eff6ff!important;border-left:4px solid #3b82f6!important;padding:12px 16px!important;border-radius:0 6px 6px 0!important;margin:12px 0!important;font-size:14px!important;color:#1e40af!important;-webkit-text-fill-color:#1e40af!important}
#frq17q2 .mistake-block{border:1px solid #fecaca!important;border-radius:8px!important;overflow:hidden!important;margin-bottom:16px!important}
#frq17q2 .mistake-header{background:#fef2f2!important;padding:10px 16px!important;font-weight:600!important;font-size:15px!important;color:#991b1b!important;-webkit-text-fill-color:#991b1b!important}
#frq17q2 .mistake-body{padding:14px 16px!important}
#frq17q2 .mistake-label{display:inline-block!important;font-size:12px!important;font-weight:700!important;padding:2px 8px!important;border-radius:4px!important;margin-bottom:4px!important}
#frq17q2 .mistake-wrong{background:#fef2f2!important;color:#991b1b!important;-webkit-text-fill-color:#991b1b!important}
#frq17q2 .mistake-right{background:#dcfce7!important;color:#166534!important;-webkit-text-fill-color:#166534!important}
#frq17q2 .exam-tip{background:#fefce8!important;border-left:4px solid #eab308!important;padding:12px 16px!important;margin-bottom:10px!important;border-radius:0 6px 6px 0!important;font-size:14px!important;color:#713f12!important;-webkit-text-fill-color:#713f12!important}
#frq17q2 .cta-box{background:#eff6ff!important;border:1px solid #bfdbfe!important;border-radius:10px!important;padding:24px!important;margin-top:40px!important;text-align:center!important}
#frq17q2 .cta-box h3{color:#1e3a8a!important;-webkit-text-fill-color:#1e3a8a!important;margin:0 0 8px!important;font-size:1.2em!important}
#frq17q2 .cta-box p{color:#475569!important;margin:0 0 16px!important;font-size:15px!important}
#frq17q2 .frq-nav{display:flex!important;justify-content:space-between!important;margin:40px 0 0!important;padding:16px 0!important;border-top:2px solid #e5e7eb!important;gap:12px!important}
#frq17q2 .frq-nav a{display:inline-block!important;padding:8px 18px!important;background:#f1f5f9!important;color:#1e40af!important;-webkit-text-fill-color:#1e40af!important;border-radius:7px!important;font-size:14px!important;font-weight:700!important;text-decoration:none!important;border:1px solid #e2e8f0!important}
#frq17q2 .frq-nav a:link,#frq17q2 .frq-nav a:visited{color:#1e40af!important;-webkit-text-fill-color:#1e40af!important;text-decoration:none!important}
#frq17q2 .frq-nav a:hover{background:#dbeafe!important}
#frq17q2 .classic-note{background:#fef3c7!important;border:1px solid #f59e0b!important;border-left:4px solid #f59e0b!important;border-radius:8px!important;padding:12px 16px!important;margin:16px 0!important;font-size:14px!important;color:#78350f!important;-webkit-text-fill-color:#78350f!important}
#frq17q2 .skip-banner{background:#fef2f2!important;border:2px solid #ef4444!important;border-radius:8px!important;padding:20px!important;margin:20px 0!important;text-align:center!important}
#frq17q2 .skip-banner p{color:#991b1b!important;-webkit-text-fill-color:#991b1b!important;font-size:16px!important;font-weight:600!important;margin:0 0 8px!important}
#frq17q2 .skip-banner a{color:#2563eb!important;-webkit-text-fill-color:#2563eb!important}
#frq17q2 .frq-pdf-wrap{border:1px solid #e2e8f0!important;border-radius:8px!important;overflow:hidden!important;margin:12px 0!important}
#frq17q2 .frq-pdf-wrap iframe{width:100%!important;height:500px!important;border:none!important;display:block!important}
#frq17q2 .frq-pdf-fallback{padding:20px!important;text-align:center!important;background:#f8fafc!important}
@media(max-width:600px){
  #frq17q2 .frq-nav{flex-direction:column!important}
  #frq17q2 .frq-pdf-wrap iframe{height:350px!important}
}</style>

<div class=""frq-breadcrumb"">
<a href=""/pages/ap-csa-frq-archive"">FRQ Archive</a> ›
<a href=""/pages/ap-csa-frq-2017"">2017 FRQs</a> ›
FRQ 2: MultPractice
</div>
<div class=""frq-year-label"">2017 AP CSA • Class Writing</div>
<h1>AP CSA 2017 FRQ 2: MultPractice</h1>


<p class=""frq-subtitle"">Complete solution, scoring rubric, and walkthrough — verified from the official College Board PDF</p>
<div class=""frq-badges"">
  <span class=""frq-badge frq-badge-blue"">9 Points</span>
  <span class=""frq-badge frq-badge-amber"">Medium</span>
  <span class=""frq-badge frq-badge-purple"">Class Writing</span>
  <span class=""frq-badge frq-badge-amber"">Classic Format (Pre-2019)</span>
</div>

<table class=""frq-meta-table"">
<tr>
<td>Question Type</td>
<td>Class Writing</td>
</tr>
<tr>
<td>Key Skills</td>
<td>Write the MultPractice class: constructor stores a number and allowed-miss count; isCorrect() checks an answer; isFinish</td>
</tr>
<tr>
<td>Difficulty</td>
<td>Medium</td>
</tr>
<tr>
<td>AP CSA Units</td>
<td>
<a href=""/pages/ap-csa-unit-3-class-creation-study-guide""><strong>Unit 3: Class Creation</strong></a> — constructor with multiple fields, state-tracking instance variables, conditional logic across methods.</td>
</tr>
</table>

<div class=""frq-jumplinks"">
<a href=""#frq17q2-pdf"">Official PDF</a>
<a href=""#frq17q2-provided"">Provided Code</a>
<a href=""#frq17q2-parta"">Entire Class</a>
<a href=""#frq17q2-mistakes"">Mistakes</a>
<a href=""#frq17q2-tips"">Tips</a>
<a href=""#frq17q2-faq"">FAQ</a>
</div>

<h2>What This Problem Asks</h2>
<p>Write the MultPractice class: constructor stores a number and allowed-miss count; isCorrect() checks an answer; isFinished() determines if practice is over (either goal met or too many misses).</p>

<h2 id=""frq17q2-pdf"">Official Question &amp; PDF</h2>
<p><a href=""https://secure-media.collegeboard.org/ap/pdf/ap-computer-science-a-frq-2017.pdf"" target=""_blank"" rel=""noopener"" class=""btn btn-sm btn-outline"">Download Full 2017 FRQ PDF →</a></p>
<div class=""frq-pdf-wrap"">
  <iframe src=""https://secure-media.collegeboard.org/ap/pdf/ap-computer-science-a-frq-2017.pdf#page=7"" title=""2017 AP CSA FRQ 2 MultPractice"" loading=""lazy""></iframe>
  <div class=""frq-pdf-fallback""><p>PDF cannot display here. <a href=""https://secure-media.collegeboard.org/ap/pdf/ap-computer-science-a-frq-2017.pdf"" target=""_blank"" rel=""noopener"">Open PDF directly →</a></p></div>
</div>

<div id=""frq17q2-provided"">
<h2>Provided Code</h2>
<pre>public class MultPractice implements StudyPractice
{
    /* instance variables — to be determined */

    public MultPractice(int num1, int num2, int allowedMisses)
    { /* to be implemented */ }

    public String getProblem()
    { /* implementation provided — returns e.g. ""7 TIMES 8"" */ }

    public void makeGuess(String guess)
    { /* to be implemented */ }

    public boolean isDone()
    { /* to be implemented */ }
}</pre>
</div>

<div class=""frq-timer"">
  <span class=""frq-timer-label"">Timer</span>
  <span class=""frq-timer-display"" id=""frq17q2-timer"">22:00</span>
  <button onclick=""frq17q2Start()"">Start</button>
  <button onclick=""frq17q2Pause()"">Pause</button>
  <button onclick=""frq17q2Reset()"">Reset</button>
</div>


<div id=""frq17q2-parta"">
<h2>Entire Class (9 Points)</h2>
<p>Write the complete MultPractice class. It must track the two numbers, the allowed miss count, the current miss count, whether the problem has been answered correctly, and implement makeGuess() and isDone().</p>
<div class=""frq-editor"">
<textarea id=""frq17q2-parta-ea"" placeholder=""// Write your solution here...""></textarea><span class=""frq-editor-hint"">Drag corner to expand ▽</span>
</div>
<p><button class=""btn btn-sm btn-green"" onclick=""document.getElementById('frq17q2-sol-parta').classList.add('open')"">Check Answer</button> <button class=""btn btn-sm btn-outline"" onclick=""document.getElementById('frq17q2-parta-ea').value=''"">Clear</button></p>
<button class=""frq-collapsible"" onclick=""this.nextElementSibling.classList.toggle('open')"">View Solution and Rubric ▼</button>
<div class=""frq-collapsible-content"" id=""frq17q2-sol-parta"">
<h4>Scoring Rubric</h4>
<table>
<tr>
<td><strong>+1</strong></td>
<td>Declares appropriate private instance variables</td>
</tr>
<tr>
<td><strong>+1</strong></td>
<td>Constructor stores num1, num2, and allowedMisses</td>
</tr>
<tr>
<td><strong>+1</strong></td>
<td>Constructor initializes miss counter to 0</td>
</tr>
<tr>
<td><strong>+1</strong></td>
<td>makeGuess() compares guess to correct answer string</td>
</tr>
<tr>
<td><strong>+1</strong></td>
<td>makeGuess() increments miss counter on wrong answer</td>
</tr>
<tr>
<td><strong>+1</strong></td>
<td>makeGuess() marks problem as solved on correct answer</td>
</tr>
<tr>
<td><strong>+1</strong></td>
<td>isDone() returns true if correctly answered</td>
</tr>
<tr>
<td><strong>+1</strong></td>
<td>isDone() returns true if misses exceed allowedMisses</td>
</tr>
<tr>
<td><strong>+1</strong></td>
<td>isDone() returns false otherwise (algorithm)</td>
</tr>
</table>
<h4>Solution</h4>
<pre>public class MultPractice implements StudyPractice
{
    private int num1;
    private int num2;
    private int allowedMisses;
    private int misses;
    private boolean solved;

    public MultPractice(int n1, int n2, int allowed)
    {
        num1 = n1;
        num2 = n2;
        allowedMisses = allowed;
        misses = 0;
        solved = false;
    }

    public String getProblem()
    {
        return num1 + "" TIMES "" + num2;
    }

    public void makeGuess(String guess)
    {
        if (guess.equals(num1 * num2 + """"))
        {
            solved = true;
        }
        else
        {
            misses++;
        }
    }

    public boolean isDone()
    {
        return solved || misses &gt; allowedMisses;
    }
}</pre>
<div class=""key-insight"">The key is maintaining two state fields: a boolean for whether the correct answer has been given, and an integer miss counter. isDone() returns true when either condition is met.</div>
</div>
</div>

<h2>Common Mistakes to Avoid</h2>
<div class=""mistake-block"">
<div class=""mistake-header"">Comparing with == instead of .equals() for String</div>
<div class=""mistake-body"">
<p><span class=""mistake-label mistake-wrong"">Wrong</span></p>
<pre>if (guess == num1 * num2 + """") // unreliable for String comparison</pre>
<p><span class=""mistake-label mistake-right"">Correct</span></p>
<pre>if (guess.equals(num1 * num2 + """")) // correct</pre>
<p>String comparison with == checks object identity, not content. Always use .equals() when comparing String values.</p>
</div>
</div>
<div class=""mistake-block"">
<div class=""mistake-header"">Using &gt;= instead of &gt; for the miss threshold</div>
<div class=""mistake-body"">
<p><span class=""mistake-label mistake-wrong"">Wrong</span></p>
<pre>return misses &gt;= allowedMisses; // wrong — off by one</pre>
<p><span class=""mistake-label mistake-right"">Correct</span></p>
<pre>return misses &gt; allowedMisses; // correct</pre>
<p>The problem specifies that the student is done when misses EXCEED allowedMisses. At exactly allowedMisses, practice continues.</p>
</div>
</div>
<h2>Exam Tips</h2>
<div class=""exam-tip"">Initialize misses = 0 and solved = false explicitly in the constructor — don't rely on default values.</div>
<div class=""exam-tip"">The correct answer string is num1 * num2 + """" — concatenating with an empty string converts the int product to a String.</div>

<div id=""frq17q2-faq"">
<h2>Frequently Asked Questions</h2>
<div style=""border-bottom:1px solid #f1f5f9!important;padding:14px 0!important"">
<h3 style=""font-size:15px!important;font-weight:600!important;color:#1e293b!important;-webkit-text-fill-color:#1e293b!important;margin:0 0 6px!important"">What does 2017 AP CSA FRQ 2 MultPractice ask?</h3>
<p style=""font-size:14px!important;color:#475569!important;margin:0!important"">It asks students to write the complete MultPractice class that implements the StudyPractice interface, tracking a multiplication problem, a miss counter, and a solved flag, with makeGuess() updating state and isDone() returning the completion condition.</p>
</div>
<div style=""border-bottom:1px solid #f1f5f9!important;padding:14px 0!important"">
<h3 style=""font-size:15px!important;font-weight:600!important;color:#1e293b!important;-webkit-text-fill-color:#1e293b!important;margin:0 0 6px!important"">What is the most common mistake on FRQ 2 MultPractice?</h3>
<p style=""font-size:14px!important;color:#475569!important;margin:0!important"">Using == instead of .equals() for String comparison in makeGuess(), and using &gt;= instead of &gt; when comparing misses to allowedMisses in isDone(), which incorrectly ends practice one guess too early.</p>
</div>
</div>

<div class=""cta-box"">
<h3>See All 2017 AP CSA FRQs</h3>
<p>View the complete 2017 exam hub with solutions, difficulty analysis, and scoring for all four questions.</p>
<a href=""/pages/ap-csa-frq-2017"" class=""btn"" style=""background:#1e3a8a!important;color:#fff!important;-webkit-text-fill-color:#fff!important;text-decoration:none!important;"">View 2017 FRQ Hub →</a>
</div>

<div class=""frq-nav"">
  <div><a href=""/ap-csa-2017-frq-1-digits"">← FRQ 1</a></div>
  <div><a href=""/pages/ap-csa-frq-2017"">2017 Hub</a></div>
  <div><a href=""/pages/ap-csa-2017-frq-3-phrase"">FRQ 3 →</a></div>
</div>
</div>
<script>var frq17q2Secs=22*60,frq17q2Int=null;
function frq17q2Start(){if(frq17q2Int)return;frq17q2Int=setInterval(function(){if(frq17q2Secs<=0){clearInterval(frq17q2Int);frq17q2Int=null;return;}frq17q2Secs--;var m=Math.floor(frq17q2Secs/60),s=frq17q2Secs%60;document.getElementById('frq17q2-timer').textContent=(m<10?'0':'')+m+':'+(s<10?'0':'')+s;},1000);}
function frq17q2Pause(){clearInterval(frq17q2Int);frq17q2Int=null;}
function frq17q2Reset(){frq17q2Pause();frq17q2Secs=22*60;document.getElementById('frq17q2-timer').textContent='22:00';}</script>","TRUE","2026-03-01 12:00:00"
"ap-csa-2017-frq-3-phrase","MERGE","<style>#frq2026note-ap-csa-2017-frq-3-phrase{all:initial!important;display:block!important;box-sizing:border-box!important;font-family:-apple-system,BlinkMacSystemFont,""Segoe UI"",Roboto,Helvetica,Arial,sans-serif!important;background:#fffbeb!important;border:1px solid #fcd34d!important;border-left:5px solid #d97706!important;border-radius:8px!important;margin:0 0 18px 0!important;padding:0!important;overflow:hidden!important;}#frq2026note-ap-csa-2017-frq-3-phrase *{box-sizing:border-box!important;font-family:inherit!important;}#frq2026note-ap-csa-2017-frq-3-phrase summary{display:block!important;cursor:pointer!important;padding:12px 15px!important;font-size:0.95em!important;line-height:1.5!important;list-style:none!important;color:#78350f!important;-webkit-text-fill-color:#78350f!important;}#frq2026note-ap-csa-2017-frq-3-phrase summary::-webkit-details-marker{display:none!important;}#frq2026note-ap-csa-2017-frq-3-phrase summary::marker{content:""""!important;}#frq2026note-ap-csa-2017-frq-3-phrase summary:hover{background:#fef3c7!important;}#frq2026note-ap-csa-2017-frq-3-phrase summary strong{font-weight:700!important;color:#78350f!important;-webkit-text-fill-color:#78350f!important;}#frq2026note-ap-csa-2017-frq-3-phrase .n26-body{display:block!important;padding:0 15px 14px!important;font-size:0.92em!important;line-height:1.6!important;color:#78350f!important;-webkit-text-fill-color:#78350f!important;}#frq2026note-ap-csa-2017-frq-3-phrase .n26-body p{margin:0 0 10px!important;color:#78350f!important;-webkit-text-fill-color:#78350f!important;}#frq2026note-ap-csa-2017-frq-3-phrase .n26-body strong{font-weight:700!important;color:#78350f!important;-webkit-text-fill-color:#78350f!important;}#frq2026note-ap-csa-2017-frq-3-phrase table{border-collapse:collapse!important;width:100%!important;margin:0 0 10px!important;font-size:0.95em!important;background:#fffdf5!important;}#frq2026note-ap-csa-2017-frq-3-phrase th,#frq2026note-ap-csa-2017-frq-3-phrase td{border:1px solid #fcd34d!important;padding:6px 9px!important;text-align:left!important;color:#78350f!important;-webkit-text-fill-color:#78350f!important;}#frq2026note-ap-csa-2017-frq-3-phrase th{background:#fef3c7!important;font-weight:700!important;}#frq2026note-ap-csa-2017-frq-3-phrase a{color:#92400e!important;-webkit-text-fill-color:#92400e!important;text-decoration:underline!important;}#frq2026note-ap-csa-2017-frq-3-phrase .n26-src{font-size:0.85em!important;font-style:italic!important;margin:0!important;}</style>
<details id=""frq2026note-ap-csa-2017-frq-3-phrase"">
<summary><strong>Heads up: the May 2027 exam scores free response differently from this one.</strong> Tap for the current point structure.</summary>
<div class=""n26-body"">
<p>Every AP CSA free-response question from 2004 through 2025 was worth <strong>9 points</strong>, and the section was 36. From 2026 the four questions are worth <strong>7, 7, 5 and 6</strong>, the section is <strong>25 points</strong>, and only Question 1 has parts.</p>
<table><tr><th>Question</th><th>Points</th><th>Parts</th><th>Type</th></tr><tr><td>Question 1</td><td><strong>7</strong></td><td>Part A 4 + Part B 3</td><td>Methods and Control Structures</td></tr><tr><td>Question 2</td><td><strong>7</strong></td><td>single part</td><td>Class Design</td></tr><tr><td>Question 3</td><td><strong>5</strong></td><td>single part</td><td>Data Analysis with ArrayList</td></tr><tr><td>Question 4</td><td><strong>6</strong></td><td>single part</td><td>2D Array</td></tr></table>
<p>Section I is now 42 multiple-choice questions at 55% of the score, and Section II is 45%. The question on this page is still worth practising. The 9 points printed below it are not the rubric you will be scored against.</p>
<p class=""n26-src"">Point totals from College Board's 2026 scoring guidelines; section weightings from the AP Computer Science A exam page. See the <a href=""/pages/ap-csa-frq-2026"">2026 questions</a> for the current format.</p>
</div>
</details>
<script type=""application/ld+json"">{""@context"":""https://schema.org"",""@type"":""FAQPage"",""mainEntity"":[{""@type"":""Question"",""name"":""What does 2017 AP CSA FRQ 3 Phrase ask?"",""acceptedAnswer"":{""@type"":""Answer"",""text"":""It asks students to implement three String manipulation methods: findNthOccurrence() using repeated indexOf() calls, replaceNthOccurrence() using the helper, and findLastOccurrence() composing both — demonstrating method decomposition and String traversal.""}},
    {""@type"":""Question"",""name"":""What is the most common mistake on FRQ 3 Phrase?"",""acceptedAnswer"":{""@type"":""Answer"",""text"":""In findNthOccurrence(), not advancing fromIndex past the current match (index + 1), which causes an infinite loop. In parts B and C, reimplementing the search instead of calling findNthOccurrence() as required, losing the dependency rubric point.""}}]}</script>
<script type=""application/ld+json"">{""@context"":""https://schema.org"",""@type"":""BreadcrumbList"",""itemListElement"":[{""@type"":""ListItem"",""position"":1,""name"":""FRQ Archive"",""item"":""https://www.apcsexamprep.com/pages/ap-csa-frq-archive""},{""@type"":""ListItem"",""position"":2,""name"":""2017 AP CSA FRQs"",""item"":""https://www.apcsexamprep.com/pages/ap-csa-frq-2017""},{""@type"":""ListItem"",""position"":3,""name"":""FRQ 3: Phrase"",""item"":""https://www.apcsexamprep.com/pages/ap-csa-2017-frq-3-phrase""}]}</script>
<script type=""application/ld+json"">{""@context"":""https://schema.org"",""@type"":""Article"",""headline"":""AP CSA 2017 FRQ 3: Phrase — Complete Solution & Scoring"",""description"":""Complete solution for 2017 AP CSA FRQ 3 Phrase. Rubric, common mistakes & exam tips from College Board PDF."",""author"":{""@type"":""Person"",""name"":""Tanner Crow"",""url"":""https://www.wyzant.com/tutors/tannerc12""},""publisher"":{""@type"":""Organization"",""name"":""AP CS Exam Prep"",""url"":""https://www.apcsexamprep.com""},""datePublished"":""2017-09-01"",""dateModified"":""2026-03-17"",""educationalLevel"":""AP""}</script>
<div id=""frq17q3"">
<style>
.page-title,.article__title,.page__title,.template-page h1:first-of-type{display:none!important}
#frq17q3{all:initial!important;display:block!important;font-family:-apple-system,BlinkMacSystemFont,'Segoe UI',Roboto,Oxygen,Ubuntu,Cantarell,sans-serif!important;line-height:1.7!important;color:#1e293b!important;max-width:880px!important;margin:0 auto!important;padding:24px 20px 60px!important;-webkit-font-smoothing:antialiased!important;background:#ffffff!important}
#frq17q3 *{box-sizing:border-box!important}
#frq17q3 h1{font-size:2em!important;font-weight:800!important;color:#1e3a8a!important;-webkit-text-fill-color:#1e3a8a!important;margin:0 0 8px!important;line-height:1.2!important;border:none!important;padding:0!important}
#frq17q3 h2{font-size:1.5em!important;font-weight:700!important;color:#1e40af!important;-webkit-text-fill-color:#1e40af!important;margin:40px 0 16px!important;padding-left:12px!important;border-left:4px solid #60a5fa!important;border-bottom:none!important;line-height:1.3!important}
#frq17q3 h3{font-size:1.2em!important;font-weight:600!important;color:#1e40af!important;-webkit-text-fill-color:#1e40af!important;margin:24px 0 12px!important;line-height:1.3!important}
#frq17q3 h4{font-size:1.05em!important;font-weight:600!important;color:#334155!important;margin:20px 0 10px!important}
#frq17q3 p{margin:0 0 16px!important;color:#1e293b!important;font-size:16px!important;line-height:1.7!important}
#frq17q3 a{color:#2563eb!important;-webkit-text-fill-color:#2563eb!important;text-decoration:underline!important}
#frq17q3 a:link,#frq17q3 a:visited{color:#2563eb!important;-webkit-text-fill-color:#2563eb!important}
#frq17q3 a:hover{color:#1d4ed8!important;-webkit-text-fill-color:#1d4ed8!important}
#frq17q3 strong{font-weight:700!important;color:#1e293b!important}
#frq17q3 ul,#frq17q3 ol{margin:0 0 16px!important;padding-left:24px!important;color:#1e293b!important}
#frq17q3 li{margin:0 0 8px!important;font-size:16px!important;line-height:1.7!important}
#frq17q3 pre{background:#1e293b!important;color:#e2e8f0!important;padding:20px!important;border-radius:8px!important;overflow-x:auto!important;font-family:'Consolas','Monaco','Courier New',monospace!important;font-size:14px!important;line-height:1.6!important;margin:0 0 20px!important;white-space:pre!important}
#frq17q3 code{font-family:'Consolas','Monaco','Courier New',monospace!important;font-size:0.9em!important;background:#f1f5f9!important;padding:2px 6px!important;border-radius:3px!important;color:#1e293b!important}
#frq17q3 pre code{background:transparent!important;padding:0!important;color:#e2e8f0!important;font-size:inherit!important}
#frq17q3 table{width:100%!important;border-collapse:collapse!important;margin:0 0 20px!important;font-size:15px!important}
#frq17q3 th{background:#f8fafc!important;color:#475569!important;font-weight:600!important;padding:10px 14px!important;text-align:left!important;border-bottom:2px solid #e2e8f0!important;font-size:13px!important;text-transform:uppercase!important;letter-spacing:0.4px!important}
#frq17q3 td{padding:10px 14px!important;border-bottom:1px solid #f1f5f9!important;color:#1e293b!important;vertical-align:top!important}
#frq17q3 tr:last-child td{border-bottom:none!important}
#frq17q3 .frq-breadcrumb{font-size:14px!important;color:#64748b!important;margin-bottom:24px!important;display:block!important}
#frq17q3 .frq-breadcrumb a{color:#2563eb!important;-webkit-text-fill-color:#2563eb!important;text-decoration:none!important;font-size:14px!important}
#frq17q3 .frq-breadcrumb a:link,#frq17q3 .frq-breadcrumb a:visited{color:#2563eb!important;-webkit-text-fill-color:#2563eb!important}
#frq17q3 .frq-year-label{display:inline-block!important;background:#dbeafe!important;color:#1e40af!important;-webkit-text-fill-color:#1e40af!important;font-size:13px!important;font-weight:600!important;padding:4px 12px!important;border-radius:4px!important;margin-bottom:8px!important;letter-spacing:0.5px!important;text-transform:uppercase!important}
#frq17q3 .frq-subtitle{color:#64748b!important;font-size:15px!important;margin:0 0 20px!important;line-height:1.6!important}
#frq17q3 .frq-badges{display:flex!important;flex-wrap:wrap!important;gap:8px!important;margin-bottom:24px!important}
#frq17q3 .frq-badge{display:inline-block!important;padding:6px 14px!important;border-radius:20px!important;font-size:13px!important;font-weight:600!important;line-height:1.4!important}
#frq17q3 .frq-badge-blue{background:#dbeafe!important;color:#1e40af!important;-webkit-text-fill-color:#1e40af!important}
#frq17q3 .frq-badge-green{background:#dcfce7!important;color:#166534!important;-webkit-text-fill-color:#166534!important}
#frq17q3 .frq-badge-purple{background:#ede9fe!important;color:#5b21b6!important;-webkit-text-fill-color:#5b21b6!important}
#frq17q3 .frq-badge-amber{background:#fef3c7!important;color:#92400e!important;-webkit-text-fill-color:#92400e!important}
#frq17q3 .frq-meta-table td{padding:10px 16px!important;border-bottom:1px solid #e5e7eb!important}
#frq17q3 .frq-meta-table td:first-child{font-weight:600!important;color:#475569!important;width:160px!important}
#frq17q3 .frq-jumplinks{display:flex!important;flex-wrap:wrap!important;gap:8px!important;margin:0 0 32px!important;padding:14px 0!important;border-top:1px solid #e5e7eb!important;border-bottom:1px solid #e5e7eb!important}
#frq17q3 .frq-jumplinks a{display:inline-block!important;padding:5px 13px!important;background:#f1f5f9!important;color:#334155!important;-webkit-text-fill-color:#334155!important;border-radius:5px!important;font-size:13px!important;font-weight:600!important;text-decoration:none!important}
#frq17q3 .frq-jumplinks a:link,#frq17q3 .frq-jumplinks a:visited{color:#334155!important;-webkit-text-fill-color:#334155!important;text-decoration:none!important}
#frq17q3 .frq-jumplinks a:hover{background:#e2e8f0!important;color:#1e293b!important;-webkit-text-fill-color:#1e293b!important}
#frq17q3 .frq-timer{display:flex!important;align-items:center!important;gap:12px!important;background:#f8fafc!important;padding:12px 20px!important;border-radius:8px!important;margin:24px 0!important;border:1px solid #e2e8f0!important}
#frq17q3 .frq-timer-label{font-size:13px!important;font-weight:600!important;color:#64748b!important}
#frq17q3 .frq-timer-display{font-size:1.6em!important;font-weight:800!important;color:#1e3a8a!important;-webkit-text-fill-color:#1e3a8a!important;font-family:monospace!important;min-width:60px!important}
#frq17q3 .frq-timer button{padding:6px 16px!important;border:none!important;border-radius:6px!important;font-size:13px!important;font-weight:600!important;cursor:pointer!important;background:#1e3a8a!important;color:#fff!important;-webkit-text-fill-color:#fff!important}
#frq17q3 .frq-timer button:hover{background:#1e40af!important}
#frq17q3 .frq-editor textarea{width:100%!important;min-height:180px!important;font-family:'Consolas','Monaco','Courier New',monospace!important;font-size:14px!important;padding:14px!important;border:2px solid #e2e8f0!important;border-radius:8px!important;resize:vertical!important;background:#1e293b!important;color:#e2e8f0!important;line-height:1.6!important;outline:none!important}
#frq17q3 .frq-editor-hint{display:block!important;font-size:11px!important;color:#94a3b8!important;margin-top:4px!important;text-align:right!important}
#frq17q3 .btn{display:inline-block!important;padding:8px 20px!important;border-radius:7px!important;font-size:14px!important;font-weight:600!important;cursor:pointer!important;border:none!important;text-decoration:none!important;opacity:1!important;visibility:visible!important}
#frq17q3 .btn:link,#frq17q3 .btn:visited{text-decoration:none!important}
#frq17q3 .btn-sm{padding:6px 16px!important;font-size:13px!important}
#frq17q3 .btn-green{background:#16a34a!important;color:#fff!important;-webkit-text-fill-color:#fff!important}
#frq17q3 .btn-green:link,#frq17q3 .btn-green:visited{color:#fff!important;-webkit-text-fill-color:#fff!important}
#frq17q3 .btn-outline{background:#f1f5f9!important;color:#334155!important;-webkit-text-fill-color:#334155!important;border:1px solid #e2e8f0!important}
#frq17q3 .btn-outline:link,#frq17q3 .btn-outline:visited{color:#334155!important;-webkit-text-fill-color:#334155!important}
#frq17q3 .frq-collapsible{width:100%!important;background:#f8fafc!important;border:1px solid #e2e8f0!important;padding:12px 16px!important;text-align:left!important;font-size:15px!important;font-weight:600!important;cursor:pointer!important;border-radius:7px!important;color:#1e40af!important;-webkit-text-fill-color:#1e40af!important;margin:12px 0 0!important}
#frq17q3 .frq-collapsible-content{display:none!important;padding:16px!important;border:1px solid #e2e8f0!important;border-top:none!important;border-radius:0 0 7px 7px!important;background:#fff!important;margin-bottom:16px!important}
#frq17q3 .frq-collapsible-content.open{display:block!important}
#frq17q3 .key-insight{background:#eff6ff!important;border-left:4px solid #3b82f6!important;padding:12px 16px!important;border-radius:0 6px 6px 0!important;margin:12px 0!important;font-size:14px!important;color:#1e40af!important;-webkit-text-fill-color:#1e40af!important}
#frq17q3 .mistake-block{border:1px solid #fecaca!important;border-radius:8px!important;overflow:hidden!important;margin-bottom:16px!important}
#frq17q3 .mistake-header{background:#fef2f2!important;padding:10px 16px!important;font-weight:600!important;font-size:15px!important;color:#991b1b!important;-webkit-text-fill-color:#991b1b!important}
#frq17q3 .mistake-body{padding:14px 16px!important}
#frq17q3 .mistake-label{display:inline-block!important;font-size:12px!important;font-weight:700!important;padding:2px 8px!important;border-radius:4px!important;margin-bottom:4px!important}
#frq17q3 .mistake-wrong{background:#fef2f2!important;color:#991b1b!important;-webkit-text-fill-color:#991b1b!important}
#frq17q3 .mistake-right{background:#dcfce7!important;color:#166534!important;-webkit-text-fill-color:#166534!important}
#frq17q3 .exam-tip{background:#fefce8!important;border-left:4px solid #eab308!important;padding:12px 16px!important;margin-bottom:10px!important;border-radius:0 6px 6px 0!important;font-size:14px!important;color:#713f12!important;-webkit-text-fill-color:#713f12!important}
#frq17q3 .cta-box{background:#eff6ff!important;border:1px solid #bfdbfe!important;border-radius:10px!important;padding:24px!important;margin-top:40px!important;text-align:center!important}
#frq17q3 .cta-box h3{color:#1e3a8a!important;-webkit-text-fill-color:#1e3a8a!important;margin:0 0 8px!important;font-size:1.2em!important}
#frq17q3 .cta-box p{color:#475569!important;margin:0 0 16px!important;font-size:15px!important}
#frq17q3 .frq-nav{display:flex!important;justify-content:space-between!important;margin:40px 0 0!important;padding:16px 0!important;border-top:2px solid #e5e7eb!important;gap:12px!important}
#frq17q3 .frq-nav a{display:inline-block!important;padding:8px 18px!important;background:#f1f5f9!important;color:#1e40af!important;-webkit-text-fill-color:#1e40af!important;border-radius:7px!important;font-size:14px!important;font-weight:700!important;text-decoration:none!important;border:1px solid #e2e8f0!important}
#frq17q3 .frq-nav a:link,#frq17q3 .frq-nav a:visited{color:#1e40af!important;-webkit-text-fill-color:#1e40af!important;text-decoration:none!important}
#frq17q3 .frq-nav a:hover{background:#dbeafe!important}
#frq17q3 .classic-note{background:#fef3c7!important;border:1px solid #f59e0b!important;border-left:4px solid #f59e0b!important;border-radius:8px!important;padding:12px 16px!important;margin:16px 0!important;font-size:14px!important;color:#78350f!important;-webkit-text-fill-color:#78350f!important}
#frq17q3 .skip-banner{background:#fef2f2!important;border:2px solid #ef4444!important;border-radius:8px!important;padding:20px!important;margin:20px 0!important;text-align:center!important}
#frq17q3 .skip-banner p{color:#991b1b!important;-webkit-text-fill-color:#991b1b!important;font-size:16px!important;font-weight:600!important;margin:0 0 8px!important}
#frq17q3 .skip-banner a{color:#2563eb!important;-webkit-text-fill-color:#2563eb!important}
#frq17q3 .frq-pdf-wrap{border:1px solid #e2e8f0!important;border-radius:8px!important;overflow:hidden!important;margin:12px 0!important}
#frq17q3 .frq-pdf-wrap iframe{width:100%!important;height:500px!important;border:none!important;display:block!important}
#frq17q3 .frq-pdf-fallback{padding:20px!important;text-align:center!important;background:#f8fafc!important}
@media(max-width:600px){
  #frq17q3 .frq-nav{flex-direction:column!important}
  #frq17q3 .frq-pdf-wrap iframe{height:350px!important}
}</style>

<div class=""frq-breadcrumb"">
<a href=""/pages/ap-csa-frq-archive"">FRQ Archive</a> ›
<a href=""/pages/ap-csa-frq-2017"">2017 FRQs</a> ›
FRQ 3: Phrase
</div>
<div class=""frq-year-label"">2017 AP CSA • String Manipulation</div>
<h1>AP CSA 2017 FRQ 3: Phrase</h1>


<p class=""frq-subtitle"">Complete solution, scoring rubric, and walkthrough — verified from the official College Board PDF</p>
<div class=""frq-badges"">
  <span class=""frq-badge frq-badge-blue"">9 Points</span>
  <span class=""frq-badge frq-badge-amber"">Medium-Hard</span>
  <span class=""frq-badge frq-badge-green"">String Manipulation</span>
  <span class=""frq-badge frq-badge-amber"">Classic Format (Pre-2019)</span>
</div>

<table class=""frq-meta-table"">
<tr>
<td>Question Type</td>
<td>String Manipulation</td>
</tr>
<tr>
<td>Key Skills</td>
<td>Implement findNthOccurrence() (find the nth occurrence of a target string using repeated indexOf() calls that advance fr</td>
</tr>
<tr>
<td>Difficulty</td>
<td>Medium-Hard</td>
</tr>
<tr>
<td>AP CSA Units</td>
<td>
<a href=""/pages/unit-2-selection-and-iteration-ultimate-study-guide""><strong>Unit 2: Selection &amp; Iteration</strong></a> (loop with String search), <a href=""/pages/ap-csa-unit-1-complete-study-guide""><strong>Unit 1</strong></a> (String methods: indexOf(), substring(), length()).</td>
</tr>
</table>

<div class=""frq-jumplinks"">
<a href=""#frq17q3-pdf"">Official PDF</a>
<a href=""#frq17q3-provided"">Provided Code</a>
<a href=""#frq17q3-parta"">Part A — findNthOccurrence</a><a href=""#frq17q3-partb"">Part B — replaceNthOccurrence</a><a href=""#frq17q3-partc"">Part C — findLastOccurrence</a>
<a href=""#frq17q3-mistakes"">Mistakes</a>
<a href=""#frq17q3-tips"">Tips</a>
<a href=""#frq17q3-faq"">FAQ</a>
</div>

<h2>What This Problem Asks</h2>
<p>Implement findNthOccurrence() (find the nth occurrence of a target string using repeated indexOf() calls that advance fromIndex each time) and replaceNthOccurrence() (replace that occurrence), then implement findLastOccurrence() by composing both.</p>

<h2 id=""frq17q3-pdf"">Official Question &amp; PDF</h2>
<p><a href=""https://secure-media.collegeboard.org/ap/pdf/ap-computer-science-a-frq-2017.pdf"" target=""_blank"" rel=""noopener"" class=""btn btn-sm btn-outline"">Download Full 2017 FRQ PDF →</a></p>
<div class=""frq-pdf-wrap"">
  <iframe src=""https://secure-media.collegeboard.org/ap/pdf/ap-computer-science-a-frq-2017.pdf#page=14"" title=""2017 AP CSA FRQ 3 Phrase"" loading=""lazy""></iframe>
  <div class=""frq-pdf-fallback""><p>PDF cannot display here. <a href=""https://secure-media.collegeboard.org/ap/pdf/ap-computer-science-a-frq-2017.pdf"" target=""_blank"" rel=""noopener"">Open PDF directly →</a></p></div>
</div>

<div id=""frq17q3-provided"">
<h2>Provided Code</h2>
<pre>public class Phrase
{
    private String currentPhrase;

        public Phrase(String p) {
        currentPhrase = p;
    }

    public int findNthOccurrence(String str, int n)
    { /* to be implemented in part (a) */ }

    public void replaceNthOccurrence(String str, int n, String repl)
    { /* to be implemented in part (b) */ }

    public int findLastOccurrence(String str)
    { /* to be implemented in part (c) */ }

        public String toString() {
        return currentPhrase;
    }
}</pre>
</div>

<div class=""frq-timer"">
  <span class=""frq-timer-label"">Timer</span>
  <span class=""frq-timer-display"" id=""frq17q3-timer"">22:00</span>
  <button onclick=""frq17q3Start()"">Start</button>
  <button onclick=""frq17q3Pause()"">Pause</button>
  <button onclick=""frq17q3Reset()"">Reset</button>
</div>


<div id=""frq17q3-parta"">
<h2>Part A — findNthOccurrence (5 Points)</h2>
<p>Write findNthOccurrence(). Return the index of the nth occurrence of str in currentPhrase, or -1 if fewer than n occurrences exist.</p>
<div class=""frq-editor"">
<textarea id=""frq17q3-parta-ea"" placeholder=""// Write your solution here...""></textarea><span class=""frq-editor-hint"">Drag corner to expand ▽</span>
</div>
<p><button class=""btn btn-sm btn-green"" onclick=""document.getElementById('frq17q3-sol-parta').classList.add('open')"">Check Answer</button> <button class=""btn btn-sm btn-outline"" onclick=""document.getElementById('frq17q3-parta-ea').value=''"">Clear</button></p>
<button class=""frq-collapsible"" onclick=""this.nextElementSibling.classList.toggle('open')"">View Solution and Rubric ▼</button>
<div class=""frq-collapsible-content"" id=""frq17q3-sol-parta"">
<h4>Scoring Rubric</h4>
<table>
<tr>
<td><strong>+1</strong></td>
<td>Uses indexOf() with a fromIndex parameter</td>
</tr>
<tr>
<td><strong>+1</strong></td>
<td>Loops n times (or counts occurrences)</td>
</tr>
<tr>
<td><strong>+1</strong></td>
<td>Advances fromIndex past the previous match</td>
</tr>
<tr>
<td><strong>+1</strong></td>
<td>Returns -1 when fewer than n occurrences found</td>
</tr>
<tr>
<td><strong>+1</strong></td>
<td>Returns correct index (algorithm)</td>
</tr>
</table>
<h4>Solution</h4>
<pre>public int findNthOccurrence(String str, int n)
{
    int index = currentPhrase.indexOf(str);
    int count = 1;

    while (index != -1 &amp;&amp; count &lt; n)
    {
        index = currentPhrase.indexOf(str, index + 1);
        count++;
    }

    if (count == n)
        return index;
    return -1;
}</pre>
<div class=""key-insight"">Start with the first occurrence, then advance fromIndex by 1 past each found position on each loop iteration. Stop when you've found the nth one or run out of occurrences.</div>
</div>
</div>
<div id=""frq17q3-partb"">
<h2>Part B — replaceNthOccurrence (2 Points)</h2>
<p>Write replaceNthOccurrence(). Replace the nth occurrence of str with repl in currentPhrase. If fewer than n occurrences exist, currentPhrase is unchanged.</p>
<div class=""frq-editor"">
<textarea id=""frq17q3-partb-ea"" placeholder=""// Write your solution here...""></textarea><span class=""frq-editor-hint"">Drag corner to expand ▽</span>
</div>
<p><button class=""btn btn-sm btn-green"" onclick=""document.getElementById('frq17q3-sol-partb').classList.add('open')"">Check Answer</button> <button class=""btn btn-sm btn-outline"" onclick=""document.getElementById('frq17q3-partb-ea').value=''"">Clear</button></p>
<button class=""frq-collapsible"" onclick=""this.nextElementSibling.classList.toggle('open')"">View Solution and Rubric ▼</button>
<div class=""frq-collapsible-content"" id=""frq17q3-sol-partb"">
<h4>Scoring Rubric</h4>
<table>
<tr>
<td><strong>+1</strong></td>
<td>Calls findNthOccurrence() to get the index</td>
</tr>
<tr>
<td><strong>+1</strong></td>
<td>Replaces the correct occurrence using substring() (algorithm)</td>
</tr>
</table>
<h4>Solution</h4>
<pre>public void replaceNthOccurrence(String str, int n, String repl)
{
    int index = findNthOccurrence(str, n);

    if (index != -1)
    {
        currentPhrase = currentPhrase.substring(0, index)
                      + repl
                      + currentPhrase.substring(index + str.length());
    }
}</pre>
<div class=""key-insight"">The rubric explicitly requires calling findNthOccurrence(). Reimplementing the search logic instead of calling the helper loses points. Use substring() for the string replacement.</div>
</div>
</div>
<div id=""frq17q3-partc"">
<h2>Part C — findLastOccurrence (2 Points)</h2>
<p>Write findLastOccurrence(). Return the index of the last occurrence of str in currentPhrase, or -1 if it does not appear.</p>
<div class=""frq-editor"">
<textarea id=""frq17q3-partc-ea"" placeholder=""// Write your solution here...""></textarea><span class=""frq-editor-hint"">Drag corner to expand ▽</span>
</div>
<p><button class=""btn btn-sm btn-green"" onclick=""document.getElementById('frq17q3-sol-partc').classList.add('open')"">Check Answer</button> <button class=""btn btn-sm btn-outline"" onclick=""document.getElementById('frq17q3-partc-ea').value=''"">Clear</button></p>
<button class=""frq-collapsible"" onclick=""this.nextElementSibling.classList.toggle('open')"">View Solution and Rubric ▼</button>
<div class=""frq-collapsible-content"" id=""frq17q3-sol-partc"">
<h4>Scoring Rubric</h4>
<table>
<tr>
<td><strong>+1</strong></td>
<td>Calls findNthOccurrence() or replaceNthOccurrence() (must use prior methods)</td>
</tr>
<tr>
<td><strong>+1</strong></td>
<td>Returns index of last occurrence, -1 if none (algorithm)</td>
</tr>
</table>
<h4>Solution</h4>
<pre>public int findLastOccurrence(String str)
{
    int index = -1;
    int next = findNthOccurrence(str, 1);
    int n = 1;

    while (next != -1)
    {
        index = next;
        n++;
        next = findNthOccurrence(str, n);
    }

    return index;
}</pre>
<div class=""key-insight"">Loop using findNthOccurrence(str, 1), (str, 2), etc., keeping track of the last successful result. When findNthOccurrence returns -1, the previous successful return value is the last occurrence.</div>
</div>
</div>

<h2>Common Mistakes to Avoid</h2>
<div class=""mistake-block"">
<div class=""mistake-header"">Not advancing fromIndex past the match</div>
<div class=""mistake-body"">
<p><span class=""mistake-label mistake-wrong"">Wrong</span></p>
<pre>index = currentPhrase.indexOf(str, index); // infinite loop if str is found</pre>
<p><span class=""mistake-label mistake-right"">Correct</span></p>
<pre>index = currentPhrase.indexOf(str, index + 1); // advance past match</pre>
<p>If fromIndex doesn't advance past the current match, indexOf() finds the same occurrence every iteration, producing an infinite loop.</p>
</div>
</div>
<div class=""mistake-block"">
<div class=""mistake-header"">Not calling findNthOccurrence() in parts B and C</div>
<div class=""mistake-body"">
<p><span class=""mistake-label mistake-wrong"">Wrong</span></p>
<pre>// Reimplementing the search from scratch in replaceNthOccurrence</pre>
<p><span class=""mistake-label mistake-right"">Correct</span></p>
<pre>int index = findNthOccurrence(str, n); // required by rubric</pre>
<p>Parts B and C explicitly require using findNthOccurrence(). Reimplementing the logic without calling the helper loses the dependency point.</p>
</div>
</div>
<h2>Exam Tips</h2>
<div class=""exam-tip"">Part A is worth 5 points — spend most of your time here.</div>
<div class=""exam-tip"">The fromIndex in indexOf(str, fromIndex) must advance by 1 past the found index, not by str.length(), to handle overlapping patterns.</div>
<div class=""exam-tip"">For Part C, call findNthOccurrence() with increasing n values until it returns -1.</div>

<div id=""frq17q3-faq"">
<h2>Frequently Asked Questions</h2>
<div style=""border-bottom:1px solid #f1f5f9!important;padding:14px 0!important"">
<h3 style=""font-size:15px!important;font-weight:600!important;color:#1e293b!important;-webkit-text-fill-color:#1e293b!important;margin:0 0 6px!important"">What does 2017 AP CSA FRQ 3 Phrase ask?</h3>
<p style=""font-size:14px!important;color:#475569!important;margin:0!important"">It asks students to implement three String manipulation methods: findNthOccurrence() using repeated indexOf() calls, replaceNthOccurrence() using the helper, and findLastOccurrence() composing both — demonstrating method decomposition and String traversal.</p>
</div>
<div style=""border-bottom:1px solid #f1f5f9!important;padding:14px 0!important"">
<h3 style=""font-size:15px!important;font-weight:600!important;color:#1e293b!important;-webkit-text-fill-color:#1e293b!important;margin:0 0 6px!important"">What is the most common mistake on FRQ 3 Phrase?</h3>
<p style=""font-size:14px!important;color:#475569!important;margin:0!important"">In findNthOccurrence(), not advancing fromIndex past the current match (index + 1), which causes an infinite loop. In parts B and C, reimplementing the search instead of calling findNthOccurrence() as required, losing the dependency rubric point.</p>
</div>
</div>

<div class=""cta-box"">
<h3>See All 2017 AP CSA FRQs</h3>
<p>View the complete 2017 exam hub with solutions, difficulty analysis, and scoring for all four questions.</p>
<a href=""/pages/ap-csa-frq-2017"" class=""btn"" style=""background:#1e3a8a!important;color:#fff!important;-webkit-text-fill-color:#fff!important;text-decoration:none!important;"">View 2017 FRQ Hub →</a>
</div>

<div class=""frq-nav"">
  <div><a href=""/ap-csa-2017-frq-2-multpractice"">← FRQ 2</a></div>
  <div><a href=""/pages/ap-csa-frq-2017"">2017 Hub</a></div>
  <div><a href=""/pages/ap-csa-2017-frq-4-position"">FRQ 4 →</a></div>
</div>
</div>
<script>var frq17q3Secs=22*60,frq17q3Int=null;
function frq17q3Start(){if(frq17q3Int)return;frq17q3Int=setInterval(function(){if(frq17q3Secs<=0){clearInterval(frq17q3Int);frq17q3Int=null;return;}frq17q3Secs--;var m=Math.floor(frq17q3Secs/60),s=frq17q3Secs%60;document.getElementById('frq17q3-timer').textContent=(m<10?'0':'')+m+':'+(s<10?'0':'')+s;},1000);}
function frq17q3Pause(){clearInterval(frq17q3Int);frq17q3Int=null;}
function frq17q3Reset(){frq17q3Pause();frq17q3Secs=22*60;document.getElementById('frq17q3-timer').textContent='22:00';}</script>","TRUE","2026-03-01 12:00:00"
"ap-csa-2017-frq-4-position","MERGE","<style>#frq2026note-ap-csa-2017-frq-4-position{all:initial!important;display:block!important;box-sizing:border-box!important;font-family:-apple-system,BlinkMacSystemFont,""Segoe UI"",Roboto,Helvetica,Arial,sans-serif!important;background:#fffbeb!important;border:1px solid #fcd34d!important;border-left:5px solid #d97706!important;border-radius:8px!important;margin:0 0 18px 0!important;padding:0!important;overflow:hidden!important;}#frq2026note-ap-csa-2017-frq-4-position *{box-sizing:border-box!important;font-family:inherit!important;}#frq2026note-ap-csa-2017-frq-4-position summary{display:block!important;cursor:pointer!important;padding:12px 15px!important;font-size:0.95em!important;line-height:1.5!important;list-style:none!important;color:#78350f!important;-webkit-text-fill-color:#78350f!important;}#frq2026note-ap-csa-2017-frq-4-position summary::-webkit-details-marker{display:none!important;}#frq2026note-ap-csa-2017-frq-4-position summary::marker{content:""""!important;}#frq2026note-ap-csa-2017-frq-4-position summary:hover{background:#fef3c7!important;}#frq2026note-ap-csa-2017-frq-4-position summary strong{font-weight:700!important;color:#78350f!important;-webkit-text-fill-color:#78350f!important;}#frq2026note-ap-csa-2017-frq-4-position .n26-body{display:block!important;padding:0 15px 14px!important;font-size:0.92em!important;line-height:1.6!important;color:#78350f!important;-webkit-text-fill-color:#78350f!important;}#frq2026note-ap-csa-2017-frq-4-position .n26-body p{margin:0 0 10px!important;color:#78350f!important;-webkit-text-fill-color:#78350f!important;}#frq2026note-ap-csa-2017-frq-4-position .n26-body strong{font-weight:700!important;color:#78350f!important;-webkit-text-fill-color:#78350f!important;}#frq2026note-ap-csa-2017-frq-4-position table{border-collapse:collapse!important;width:100%!important;margin:0 0 10px!important;font-size:0.95em!important;background:#fffdf5!important;}#frq2026note-ap-csa-2017-frq-4-position th,#frq2026note-ap-csa-2017-frq-4-position td{border:1px solid #fcd34d!important;padding:6px 9px!important;text-align:left!important;color:#78350f!important;-webkit-text-fill-color:#78350f!important;}#frq2026note-ap-csa-2017-frq-4-position th{background:#fef3c7!important;font-weight:700!important;}#frq2026note-ap-csa-2017-frq-4-position a{color:#92400e!important;-webkit-text-fill-color:#92400e!important;text-decoration:underline!important;}#frq2026note-ap-csa-2017-frq-4-position .n26-src{font-size:0.85em!important;font-style:italic!important;margin:0!important;}</style>
<details id=""frq2026note-ap-csa-2017-frq-4-position"">
<summary><strong>Heads up: the May 2027 exam scores free response differently from this one.</strong> Tap for the current point structure.</summary>
<div class=""n26-body"">
<p>Every AP CSA free-response question from 2004 through 2025 was worth <strong>9 points</strong>, and the section was 36. From 2026 the four questions are worth <strong>7, 7, 5 and 6</strong>, the section is <strong>25 points</strong>, and only Question 1 has parts.</p>
<table><tr><th>Question</th><th>Points</th><th>Parts</th><th>Type</th></tr><tr><td>Question 1</td><td><strong>7</strong></td><td>Part A 4 + Part B 3</td><td>Methods and Control Structures</td></tr><tr><td>Question 2</td><td><strong>7</strong></td><td>single part</td><td>Class Design</td></tr><tr><td>Question 3</td><td><strong>5</strong></td><td>single part</td><td>Data Analysis with ArrayList</td></tr><tr><td>Question 4</td><td><strong>6</strong></td><td>single part</td><td>2D Array</td></tr></table>
<p>Section I is now 42 multiple-choice questions at 55% of the score, and Section II is 45%. The question on this page is still worth practising. The 9 points printed below it are not the rubric you will be scored against.</p>
<p class=""n26-src"">Point totals from College Board's 2026 scoring guidelines; section weightings from the AP Computer Science A exam page. See the <a href=""/pages/ap-csa-frq-2026"">2026 questions</a> for the current format.</p>
</div>
</details>
<script type=""application/ld+json"">{""@context"":""https://schema.org"",""@type"":""FAQPage"",""mainEntity"":[{""@type"":""Question"",""name"":""What does 2017 AP CSA FRQ 4 Position ask?"",""acceptedAnswer"":{""@type"":""Answer"",""text"":""It asks students to write two static methods: findPosition() returns the Position of the first occurrence of a target string in a 2D array (or null), and allPositions() returns an ArrayList of every Position where the target appears.""}},
    {""@type"":""Question"",""name"":""What is the main difference between findPosition and allPositions?"",""acceptedAnswer"":{""@type"":""Answer"",""text"":""findPosition returns immediately on the first match (and returns null if none found). allPositions traverses the entire grid, collects every match in an ArrayList, and returns the list (which may be empty) — it must never return early.""}}]}</script>
<script type=""application/ld+json"">{""@context"":""https://schema.org"",""@type"":""BreadcrumbList"",""itemListElement"":[{""@type"":""ListItem"",""position"":1,""name"":""FRQ Archive"",""item"":""https://www.apcsexamprep.com/pages/ap-csa-frq-archive""},{""@type"":""ListItem"",""position"":2,""name"":""2017 AP CSA FRQs"",""item"":""https://www.apcsexamprep.com/pages/ap-csa-frq-2017""},{""@type"":""ListItem"",""position"":3,""name"":""FRQ 4: Position"",""item"":""https://www.apcsexamprep.com/pages/ap-csa-2017-frq-4-position""}]}</script>
<script type=""application/ld+json"">{""@context"":""https://schema.org"",""@type"":""Article"",""headline"":""AP CSA 2017 FRQ 4: Position — Complete Solution & Scoring"",""description"":""Complete solution for 2017 AP CSA FRQ 4 Position. Rubric, common mistakes & exam tips from College Board PDF."",""author"":{""@type"":""Person"",""name"":""Tanner Crow"",""url"":""https://www.wyzant.com/tutors/tannerc12""},""publisher"":{""@type"":""Organization"",""name"":""AP CS Exam Prep"",""url"":""https://www.apcsexamprep.com""},""datePublished"":""2017-09-01"",""dateModified"":""2026-03-17"",""educationalLevel"":""AP""}</script>
<div id=""frq17q4"">
<style>
.page-title,.article__title,.page__title,.template-page h1:first-of-type{display:none!important}
#frq17q4{all:initial!important;display:block!important;font-family:-apple-system,BlinkMacSystemFont,'Segoe UI',Roboto,Oxygen,Ubuntu,Cantarell,sans-serif!important;line-height:1.7!important;color:#1e293b!important;max-width:880px!important;margin:0 auto!important;padding:24px 20px 60px!important;-webkit-font-smoothing:antialiased!important;background:#ffffff!important}
#frq17q4 *{box-sizing:border-box!important}
#frq17q4 h1{font-size:2em!important;font-weight:800!important;color:#1e3a8a!important;-webkit-text-fill-color:#1e3a8a!important;margin:0 0 8px!important;line-height:1.2!important;border:none!important;padding:0!important}
#frq17q4 h2{font-size:1.5em!important;font-weight:700!important;color:#1e40af!important;-webkit-text-fill-color:#1e40af!important;margin:40px 0 16px!important;padding-left:12px!important;border-left:4px solid #60a5fa!important;border-bottom:none!important;line-height:1.3!important}
#frq17q4 h3{font-size:1.2em!important;font-weight:600!important;color:#1e40af!important;-webkit-text-fill-color:#1e40af!important;margin:24px 0 12px!important;line-height:1.3!important}
#frq17q4 h4{font-size:1.05em!important;font-weight:600!important;color:#334155!important;margin:20px 0 10px!important}
#frq17q4 p{margin:0 0 16px!important;color:#1e293b!important;font-size:16px!important;line-height:1.7!important}
#frq17q4 a{color:#2563eb!important;-webkit-text-fill-color:#2563eb!important;text-decoration:underline!important}
#frq17q4 a:link,#frq17q4 a:visited{color:#2563eb!important;-webkit-text-fill-color:#2563eb!important}
#frq17q4 a:hover{color:#1d4ed8!important;-webkit-text-fill-color:#1d4ed8!important}
#frq17q4 strong{font-weight:700!important;color:#1e293b!important}
#frq17q4 ul,#frq17q4 ol{margin:0 0 16px!important;padding-left:24px!important;color:#1e293b!important}
#frq17q4 li{margin:0 0 8px!important;font-size:16px!important;line-height:1.7!important}
#frq17q4 pre{background:#1e293b!important;color:#e2e8f0!important;padding:20px!important;border-radius:8px!important;overflow-x:auto!important;font-family:'Consolas','Monaco','Courier New',monospace!important;font-size:14px!important;line-height:1.6!important;margin:0 0 20px!important;white-space:pre!important}
#frq17q4 code{font-family:'Consolas','Monaco','Courier New',monospace!important;font-size:0.9em!important;background:#f1f5f9!important;padding:2px 6px!important;border-radius:3px!important;color:#1e293b!important}
#frq17q4 pre code{background:transparent!important;padding:0!important;color:#e2e8f0!important;font-size:inherit!important}
#frq17q4 table{width:100%!important;border-collapse:collapse!important;margin:0 0 20px!important;font-size:15px!important}
#frq17q4 th{background:#f8fafc!important;color:#475569!important;font-weight:600!important;padding:10px 14px!important;text-align:left!important;border-bottom:2px solid #e2e8f0!important;font-size:13px!important;text-transform:uppercase!important;letter-spacing:0.4px!important}
#frq17q4 td{padding:10px 14px!important;border-bottom:1px solid #f1f5f9!important;color:#1e293b!important;vertical-align:top!important}
#frq17q4 tr:last-child td{border-bottom:none!important}
#frq17q4 .frq-breadcrumb{font-size:14px!important;color:#64748b!important;margin-bottom:24px!important;display:block!important}
#frq17q4 .frq-breadcrumb a{color:#2563eb!important;-webkit-text-fill-color:#2563eb!important;text-decoration:none!important;font-size:14px!important}
#frq17q4 .frq-breadcrumb a:link,#frq17q4 .frq-breadcrumb a:visited{color:#2563eb!important;-webkit-text-fill-color:#2563eb!important}
#frq17q4 .frq-year-label{display:inline-block!important;background:#dbeafe!important;color:#1e40af!important;-webkit-text-fill-color:#1e40af!important;font-size:13px!important;font-weight:600!important;padding:4px 12px!important;border-radius:4px!important;margin-bottom:8px!important;letter-spacing:0.5px!important;text-transform:uppercase!important}
#frq17q4 .frq-subtitle{color:#64748b!important;font-size:15px!important;margin:0 0 20px!important;line-height:1.6!important}
#frq17q4 .frq-badges{display:flex!important;flex-wrap:wrap!important;gap:8px!important;margin-bottom:24px!important}
#frq17q4 .frq-badge{display:inline-block!important;padding:6px 14px!important;border-radius:20px!important;font-size:13px!important;font-weight:600!important;line-height:1.4!important}
#frq17q4 .frq-badge-blue{background:#dbeafe!important;color:#1e40af!important;-webkit-text-fill-color:#1e40af!important}
#frq17q4 .frq-badge-green{background:#dcfce7!important;color:#166534!important;-webkit-text-fill-color:#166534!important}
#frq17q4 .frq-badge-purple{background:#ede9fe!important;color:#5b21b6!important;-webkit-text-fill-color:#5b21b6!important}
#frq17q4 .frq-badge-amber{background:#fef3c7!important;color:#92400e!important;-webkit-text-fill-color:#92400e!important}
#frq17q4 .frq-meta-table td{padding:10px 16px!important;border-bottom:1px solid #e5e7eb!important}
#frq17q4 .frq-meta-table td:first-child{font-weight:600!important;color:#475569!important;width:160px!important}
#frq17q4 .frq-jumplinks{display:flex!important;flex-wrap:wrap!important;gap:8px!important;margin:0 0 32px!important;padding:14px 0!important;border-top:1px solid #e5e7eb!important;border-bottom:1px solid #e5e7eb!important}
#frq17q4 .frq-jumplinks a{display:inline-block!important;padding:5px 13px!important;background:#f1f5f9!important;color:#334155!important;-webkit-text-fill-color:#334155!important;border-radius:5px!important;font-size:13px!important;font-weight:600!important;text-decoration:none!important}
#frq17q4 .frq-jumplinks a:link,#frq17q4 .frq-jumplinks a:visited{color:#334155!important;-webkit-text-fill-color:#334155!important;text-decoration:none!important}
#frq17q4 .frq-jumplinks a:hover{background:#e2e8f0!important;color:#1e293b!important;-webkit-text-fill-color:#1e293b!important}
#frq17q4 .frq-timer{display:flex!important;align-items:center!important;gap:12px!important;background:#f8fafc!important;padding:12px 20px!important;border-radius:8px!important;margin:24px 0!important;border:1px solid #e2e8f0!important}
#frq17q4 .frq-timer-label{font-size:13px!important;font-weight:600!important;color:#64748b!important}
#frq17q4 .frq-timer-display{font-size:1.6em!important;font-weight:800!important;color:#1e3a8a!important;-webkit-text-fill-color:#1e3a8a!important;font-family:monospace!important;min-width:60px!important}
#frq17q4 .frq-timer button{padding:6px 16px!important;border:none!important;border-radius:6px!important;font-size:13px!important;font-weight:600!important;cursor:pointer!important;background:#1e3a8a!important;color:#fff!important;-webkit-text-fill-color:#fff!important}
#frq17q4 .frq-timer button:hover{background:#1e40af!important}
#frq17q4 .frq-editor textarea{width:100%!important;min-height:180px!important;font-family:'Consolas','Monaco','Courier New',monospace!important;font-size:14px!important;padding:14px!important;border:2px solid #e2e8f0!important;border-radius:8px!important;resize:vertical!important;background:#1e293b!important;color:#e2e8f0!important;line-height:1.6!important;outline:none!important}
#frq17q4 .frq-editor-hint{display:block!important;font-size:11px!important;color:#94a3b8!important;margin-top:4px!important;text-align:right!important}
#frq17q4 .btn{display:inline-block!important;padding:8px 20px!important;border-radius:7px!important;font-size:14px!important;font-weight:600!important;cursor:pointer!important;border:none!important;text-decoration:none!important;opacity:1!important;visibility:visible!important}
#frq17q4 .btn:link,#frq17q4 .btn:visited{text-decoration:none!important}
#frq17q4 .btn-sm{padding:6px 16px!important;font-size:13px!important}
#frq17q4 .btn-green{background:#16a34a!important;color:#fff!important;-webkit-text-fill-color:#fff!important}
#frq17q4 .btn-green:link,#frq17q4 .btn-green:visited{color:#fff!important;-webkit-text-fill-color:#fff!important}
#frq17q4 .btn-outline{background:#f1f5f9!important;color:#334155!important;-webkit-text-fill-color:#334155!important;border:1px solid #e2e8f0!important}
#frq17q4 .btn-outline:link,#frq17q4 .btn-outline:visited{color:#334155!important;-webkit-text-fill-color:#334155!important}
#frq17q4 .frq-collapsible{width:100%!important;background:#f8fafc!important;border:1px solid #e2e8f0!important;padding:12px 16px!important;text-align:left!important;font-size:15px!important;font-weight:600!important;cursor:pointer!important;border-radius:7px!important;color:#1e40af!important;-webkit-text-fill-color:#1e40af!important;margin:12px 0 0!important}
#frq17q4 .frq-collapsible-content{display:none!important;padding:16px!important;border:1px solid #e2e8f0!important;border-top:none!important;border-radius:0 0 7px 7px!important;background:#fff!important;margin-bottom:16px!important}
#frq17q4 .frq-collapsible-content.open{display:block!important}
#frq17q4 .key-insight{background:#eff6ff!important;border-left:4px solid #3b82f6!important;padding:12px 16px!important;border-radius:0 6px 6px 0!important;margin:12px 0!important;font-size:14px!important;color:#1e40af!important;-webkit-text-fill-color:#1e40af!important}
#frq17q4 .mistake-block{border:1px solid #fecaca!important;border-radius:8px!important;overflow:hidden!important;margin-bottom:16px!important}
#frq17q4 .mistake-header{background:#fef2f2!important;padding:10px 16px!important;font-weight:600!important;font-size:15px!important;color:#991b1b!important;-webkit-text-fill-color:#991b1b!important}
#frq17q4 .mistake-body{padding:14px 16px!important}
#frq17q4 .mistake-label{display:inline-block!important;font-size:12px!important;font-weight:700!important;padding:2px 8px!important;border-radius:4px!important;margin-bottom:4px!important}
#frq17q4 .mistake-wrong{background:#fef2f2!important;color:#991b1b!important;-webkit-text-fill-color:#991b1b!important}
#frq17q4 .mistake-right{background:#dcfce7!important;color:#166534!important;-webkit-text-fill-color:#166534!important}
#frq17q4 .exam-tip{background:#fefce8!important;border-left:4px solid #eab308!important;padding:12px 16px!important;margin-bottom:10px!important;border-radius:0 6px 6px 0!important;font-size:14px!important;color:#713f12!important;-webkit-text-fill-color:#713f12!important}
#frq17q4 .cta-box{background:#eff6ff!important;border:1px solid #bfdbfe!important;border-radius:10px!important;padding:24px!important;margin-top:40px!important;text-align:center!important}
#frq17q4 .cta-box h3{color:#1e3a8a!important;-webkit-text-fill-color:#1e3a8a!important;margin:0 0 8px!important;font-size:1.2em!important}
#frq17q4 .cta-box p{color:#475569!important;margin:0 0 16px!important;font-size:15px!important}
#frq17q4 .frq-nav{display:flex!important;justify-content:space-between!important;margin:40px 0 0!important;padding:16px 0!important;border-top:2px solid #e5e7eb!important;gap:12px!important}
#frq17q4 .frq-nav a{display:inline-block!important;padding:8px 18px!important;background:#f1f5f9!important;color:#1e40af!important;-webkit-text-fill-color:#1e40af!important;border-radius:7px!important;font-size:14px!important;font-weight:700!important;text-decoration:none!important;border:1px solid #e2e8f0!important}
#frq17q4 .frq-nav a:link,#frq17q4 .frq-nav a:visited{color:#1e40af!important;-webkit-text-fill-color:#1e40af!important;text-decoration:none!important}
#frq17q4 .frq-nav a:hover{background:#dbeafe!important}
#frq17q4 .classic-note{background:#fef3c7!important;border:1px solid #f59e0b!important;border-left:4px solid #f59e0b!important;border-radius:8px!important;padding:12px 16px!important;margin:16px 0!important;font-size:14px!important;color:#78350f!important;-webkit-text-fill-color:#78350f!important}
#frq17q4 .skip-banner{background:#fef2f2!important;border:2px solid #ef4444!important;border-radius:8px!important;padding:20px!important;margin:20px 0!important;text-align:center!important}
#frq17q4 .skip-banner p{color:#991b1b!important;-webkit-text-fill-color:#991b1b!important;font-size:16px!important;font-weight:600!important;margin:0 0 8px!important}
#frq17q4 .skip-banner a{color:#2563eb!important;-webkit-text-fill-color:#2563eb!important}
#frq17q4 .frq-pdf-wrap{border:1px solid #e2e8f0!important;border-radius:8px!important;overflow:hidden!important;margin:12px 0!important}
#frq17q4 .frq-pdf-wrap iframe{width:100%!important;height:500px!important;border:none!important;display:block!important}
#frq17q4 .frq-pdf-fallback{padding:20px!important;text-align:center!important;background:#f8fafc!important}
@media(max-width:600px){
  #frq17q4 .frq-nav{flex-direction:column!important}
  #frq17q4 .frq-pdf-wrap iframe{height:350px!important}
}</style>

<div class=""frq-breadcrumb"">
<a href=""/pages/ap-csa-frq-archive"">FRQ Archive</a> ›
<a href=""/pages/ap-csa-frq-2017"">2017 FRQs</a> ›
FRQ 4: Position
</div>
<div class=""frq-year-label"">2017 AP CSA • 2D Array Operations</div>
<h1>AP CSA 2017 FRQ 4: Position</h1>


<p class=""frq-subtitle"">Complete solution, scoring rubric, and walkthrough — verified from the official College Board PDF</p>
<div class=""frq-badges"">
  <span class=""frq-badge frq-badge-blue"">9 Points</span>
  <span class=""frq-badge frq-badge-amber"">Hard</span>
  <span class=""frq-badge frq-badge-amber"">2D Array Operations</span>
  <span class=""frq-badge frq-badge-amber"">Classic Format (Pre-2019)</span>
</div>

<table class=""frq-meta-table"">
<tr>
<td>Question Type</td>
<td>2D Array Operations</td>
</tr>
<tr>
<td>Key Skills</td>
<td>Write findPosition() (search a 2D String array for a target and return its Position object, or null if not found) and al</td>
</tr>
<tr>
<td>Difficulty</td>
<td>Hard</td>
</tr>
<tr>
<td>AP CSA Units</td>
<td>
<a href=""/pages/ap-csa-unit-4-data-collections-study-guide""><strong>Unit 4: Data Collections</strong></a> — 2D array traversal with nested loops, ArrayList construction, returning objects.</td>
</tr>
</table>

<div class=""frq-jumplinks"">
<a href=""#frq17q4-pdf"">Official PDF</a>
<a href=""#frq17q4-provided"">Provided Code</a>
<a href=""#frq17q4-parta"">Part A — findPosition</a><a href=""#frq17q4-partb"">Part B — allPositions</a>
<a href=""#frq17q4-mistakes"">Mistakes</a>
<a href=""#frq17q4-tips"">Tips</a>
<a href=""#frq17q4-faq"">FAQ</a>
</div>

<h2>What This Problem Asks</h2>
<p>Write findPosition() (search a 2D String array for a target and return its Position object, or null if not found) and allPositions() (return an ArrayList of all positions where the target appears).</p>

<h2 id=""frq17q4-pdf"">Official Question &amp; PDF</h2>
<p><a href=""https://secure-media.collegeboard.org/ap/pdf/ap-computer-science-a-frq-2017.pdf"" target=""_blank"" rel=""noopener"" class=""btn btn-sm btn-outline"">Download Full 2017 FRQ PDF →</a></p>
<div class=""frq-pdf-wrap"">
  <iframe src=""https://secure-media.collegeboard.org/ap/pdf/ap-computer-science-a-frq-2017.pdf#page=20"" title=""2017 AP CSA FRQ 4 Position"" loading=""lazy""></iframe>
  <div class=""frq-pdf-fallback""><p>PDF cannot display here. <a href=""https://secure-media.collegeboard.org/ap/pdf/ap-computer-science-a-frq-2017.pdf"" target=""_blank"" rel=""noopener"">Open PDF directly →</a></p></div>
</div>

<div id=""frq17q4-provided"">
<h2>Provided Code</h2>
<pre>public class Position
{
        public Position(int r, int c) {
        /* given */
    }
        public int getRow() {
        /* given */
    }
        public int getCol() {
        /* given */
    }
}

// Methods to implement are in a separate class (not shown):
public static Position findPosition(String str, String[][] grid)
{ /* to be implemented in part (a) */ }

public static ArrayList<position> allPositions(String str, String[][] grid)
{ /* to be implemented in part (b) */ }</position></pre>
</div>

<div class=""frq-timer"">
  <span class=""frq-timer-label"">Timer</span>
  <span class=""frq-timer-display"" id=""frq17q4-timer"">22:00</span>
  <button onclick=""frq17q4Start()"">Start</button>
  <button onclick=""frq17q4Pause()"">Pause</button>
  <button onclick=""frq17q4Reset()"">Reset</button>
</div>


<div id=""frq17q4-parta"">
<h2>Part A — findPosition (5 Points)</h2>
<p>Write findPosition(). Search the 2D array grid for str. Return a new Position(row, col) for the first match found (in row-major order), or null if str is not in grid.</p>
<div class=""frq-editor"">
<textarea id=""frq17q4-parta-ea"" placeholder=""// Write your solution here...""></textarea><span class=""frq-editor-hint"">Drag corner to expand ▽</span>
</div>
<p><button class=""btn btn-sm btn-green"" onclick=""document.getElementById('frq17q4-sol-parta').classList.add('open')"">Check Answer</button> <button class=""btn btn-sm btn-outline"" onclick=""document.getElementById('frq17q4-parta-ea').value=''"">Clear</button></p>
<button class=""frq-collapsible"" onclick=""this.nextElementSibling.classList.toggle('open')"">View Solution and Rubric ▼</button>
<div class=""frq-collapsible-content"" id=""frq17q4-sol-parta"">
<h4>Scoring Rubric</h4>
<table>
<tr>
<td><strong>+1</strong></td>
<td>Nested loop traverses all rows and columns</td>
</tr>
<tr>
<td><strong>+1</strong></td>
<td>Uses .equals() to compare strings (not ==)</td>
</tr>
<tr>
<td><strong>+1</strong></td>
<td>Returns new Position(row, col) on match</td>
</tr>
<tr>
<td><strong>+1</strong></td>
<td>Returns null when no match found</td>
</tr>
<tr>
<td><strong>+1</strong></td>
<td>Correct traversal algorithm (row-major)</td>
</tr>
</table>
<h4>Solution</h4>
<pre>public static Position findPosition(String str, String[][] grid)
{
    for (int r = 0; r &lt; grid.length; r++)
    {
        for (int c = 0; c &lt; grid[r].length; c++)
        {
            if (grid[r][c].equals(str))
            {
                return new Position(r, c);
            }
        }
    }
    return null;
}</pre>
<div class=""key-insight"">Return immediately on the first match in row-major order. Return null only after the nested loops complete without finding a match. Use .equals() for String comparison — never ==.</div>
</div>
</div>
<div id=""frq17q4-partb"">
<h2>Part B — allPositions (4 Points)</h2>
<p>Write allPositions(). Return an ArrayList containing a Position object for every location where str appears in grid. The list may be empty if str does not appear.</p>
<div class=""frq-editor"">
<textarea id=""frq17q4-partb-ea"" placeholder=""// Write your solution here...""></textarea><span class=""frq-editor-hint"">Drag corner to expand ▽</span>
</div>
<p><button class=""btn btn-sm btn-green"" onclick=""document.getElementById('frq17q4-sol-partb').classList.add('open')"">Check Answer</button> <button class=""btn btn-sm btn-outline"" onclick=""document.getElementById('frq17q4-partb-ea').value=''"">Clear</button></p>
<button class=""frq-collapsible"" onclick=""this.nextElementSibling.classList.toggle('open')"">View Solution and Rubric ▼</button>
<div class=""frq-collapsible-content"" id=""frq17q4-sol-partb"">
<h4>Scoring Rubric</h4>
<table>
<tr>
<td><strong>+1</strong></td>
<td>Creates an ArrayList to collect results</td>
</tr>
<tr>
<td><strong>+1</strong></td>
<td>Traverses entire grid (does not stop early)</td>
</tr>
<tr>
<td><strong>+1</strong></td>
<td>Adds a new Position for each match</td>
</tr>
<tr>
<td><strong>+1</strong></td>
<td>Returns the complete list (algorithm)</td>
</tr>
</table>
<h4>Solution</h4>
<pre>public static ArrayList<position> allPositions(String str, String[][] grid)
{
    ArrayList<position> result = new ArrayList<position>();

    for (int r = 0; r &lt; grid.length; r++)
    {
        for (int c = 0; c &lt; grid[r].length; c++)
        {
            if (grid[r][c].equals(str))
            {
                result.add(new Position(r, c));
            }
        }
    }
    return result;
}</position></position></position></pre>
<div class=""key-insight"">Unlike findPosition(), do NOT return early. Traverse the entire grid and add every match. Return the list at the end — it may be empty if str was not found.</div>
</div>
</div>

<h2>Common Mistakes to Avoid</h2>
<div class=""mistake-block"">
<div class=""mistake-header"">Using == instead of .equals() for String comparison</div>
<div class=""mistake-body"">
<p><span class=""mistake-label mistake-wrong"">Wrong</span></p>
<pre>if (grid[r][c] == str) // unreliable</pre>
<p><span class=""mistake-label mistake-right"">Correct</span></p>
<pre>if (grid[r][c].equals(str)) // correct</pre>
<p>== compares object references; .equals() compares string content. Always use .equals() for String comparisons in Java.</p>
</div>
</div>
<div class=""mistake-block"">
<div class=""mistake-header"">Returning early in allPositions like findPosition</div>
<div class=""mistake-body"">
<p><span class=""mistake-label mistake-wrong"">Wrong</span></p>
<pre>if (grid[r][c].equals(str)) {
    return new Position(r,c); // only finds first
}</pre>
<p><span class=""mistake-label mistake-right"">Correct</span></p>
<pre>result.add(new Position(r, c)); // collect all, return list at end</pre>
<p>allPositions must find ALL occurrences, not just the first. Never return early — traverse the complete grid and add every match to the list.</p>
</div>
</div>
<h2>Exam Tips</h2>
<div class=""exam-tip"">Part A returns a single Position or null. Part B returns an ArrayList (never null — an empty list if nothing found).</div>
<div class=""exam-tip"">Use grid.length for the number of rows and grid[r].length for columns in each row.</div>
<div class=""exam-tip"">Create a new Position object for each match: new Position(r, c).</div>

<div id=""frq17q4-faq"">
<h2>Frequently Asked Questions</h2>
<div style=""border-bottom:1px solid #f1f5f9!important;padding:14px 0!important"">
<h3 style=""font-size:15px!important;font-weight:600!important;color:#1e293b!important;-webkit-text-fill-color:#1e293b!important;margin:0 0 6px!important"">What does 2017 AP CSA FRQ 4 Position ask?</h3>
<p style=""font-size:14px!important;color:#475569!important;margin:0!important"">It asks students to write two static methods: findPosition() returns the Position of the first occurrence of a target string in a 2D array (or null), and allPositions() returns an ArrayList of every Position where the target appears.</p>
</div>
<div style=""border-bottom:1px solid #f1f5f9!important;padding:14px 0!important"">
<h3 style=""font-size:15px!important;font-weight:600!important;color:#1e293b!important;-webkit-text-fill-color:#1e293b!important;margin:0 0 6px!important"">What is the main difference between findPosition and allPositions?</h3>
<p style=""font-size:14px!important;color:#475569!important;margin:0!important"">findPosition returns immediately on the first match (and returns null if none found). allPositions traverses the entire grid, collects every match in an ArrayList, and returns the list (which may be empty) — it must never return early.</p>
</div>
</div>

<div class=""cta-box"">
<h3>See All 2017 AP CSA FRQs</h3>
<p>View the complete 2017 exam hub with solutions, difficulty analysis, and scoring for all four questions.</p>
<a href=""/pages/ap-csa-frq-2017"" class=""btn"" style=""background:#1e3a8a!important;color:#fff!important;-webkit-text-fill-color:#fff!important;text-decoration:none!important;"">View 2017 FRQ Hub →</a>
</div>

<div class=""frq-nav"">
  <div><a href=""/ap-csa-2017-frq-3-phrase"">← FRQ 3</a></div>
  <div><a href=""/pages/ap-csa-frq-2017"">2017 Hub</a></div>
  <div><a href=""/pages/ap-csa-frq-2017"">2017 Hub →</a></div>
</div>
</div>
<script>var frq17q4Secs=22*60,frq17q4Int=null;
function frq17q4Start(){if(frq17q4Int)return;frq17q4Int=setInterval(function(){if(frq17q4Secs<=0){clearInterval(frq17q4Int);frq17q4Int=null;return;}frq17q4Secs--;var m=Math.floor(frq17q4Secs/60),s=frq17q4Secs%60;document.getElementById('frq17q4-timer').textContent=(m<10?'0':'')+m+':'+(s<10?'0':'')+s;},1000);}
function frq17q4Pause(){clearInterval(frq17q4Int);frq17q4Int=null;}
function frq17q4Reset(){frq17q4Pause();frq17q4Secs=22*60;document.getElementById('frq17q4-timer').textContent='22:00';}</script>","TRUE","2026-03-01 12:00:00"
