"Handle","Command","Body HTML","Published","Published At"
"ap-csa-2018-frq-1-frogsimulation","MERGE","<style>#frq2026note-ap-csa-2018-frq-1-frogsimulation{all:initial!important;display:block!important;box-sizing:border-box!important;font-family:-apple-system,BlinkMacSystemFont,""Segoe UI"",Roboto,Helvetica,Arial,sans-serif!important;background:#fffbeb!important;border:1px solid #fcd34d!important;border-left:5px solid #d97706!important;border-radius:8px!important;margin:0 0 18px 0!important;padding:0!important;overflow:hidden!important;}#frq2026note-ap-csa-2018-frq-1-frogsimulation *{box-sizing:border-box!important;font-family:inherit!important;}#frq2026note-ap-csa-2018-frq-1-frogsimulation summary{display:block!important;cursor:pointer!important;padding:12px 15px!important;font-size:0.95em!important;line-height:1.5!important;list-style:none!important;color:#78350f!important;-webkit-text-fill-color:#78350f!important;}#frq2026note-ap-csa-2018-frq-1-frogsimulation summary::-webkit-details-marker{display:none!important;}#frq2026note-ap-csa-2018-frq-1-frogsimulation summary::marker{content:""""!important;}#frq2026note-ap-csa-2018-frq-1-frogsimulation summary:hover{background:#fef3c7!important;}#frq2026note-ap-csa-2018-frq-1-frogsimulation summary strong{font-weight:700!important;color:#78350f!important;-webkit-text-fill-color:#78350f!important;}#frq2026note-ap-csa-2018-frq-1-frogsimulation .n26-body{display:block!important;padding:0 15px 14px!important;font-size:0.92em!important;line-height:1.6!important;color:#78350f!important;-webkit-text-fill-color:#78350f!important;}#frq2026note-ap-csa-2018-frq-1-frogsimulation .n26-body p{margin:0 0 10px!important;color:#78350f!important;-webkit-text-fill-color:#78350f!important;}#frq2026note-ap-csa-2018-frq-1-frogsimulation .n26-body strong{font-weight:700!important;color:#78350f!important;-webkit-text-fill-color:#78350f!important;}#frq2026note-ap-csa-2018-frq-1-frogsimulation table{border-collapse:collapse!important;width:100%!important;margin:0 0 10px!important;font-size:0.95em!important;background:#fffdf5!important;}#frq2026note-ap-csa-2018-frq-1-frogsimulation th,#frq2026note-ap-csa-2018-frq-1-frogsimulation td{border:1px solid #fcd34d!important;padding:6px 9px!important;text-align:left!important;color:#78350f!important;-webkit-text-fill-color:#78350f!important;}#frq2026note-ap-csa-2018-frq-1-frogsimulation th{background:#fef3c7!important;font-weight:700!important;}#frq2026note-ap-csa-2018-frq-1-frogsimulation a{color:#92400e!important;-webkit-text-fill-color:#92400e!important;text-decoration:underline!important;}#frq2026note-ap-csa-2018-frq-1-frogsimulation .n26-src{font-size:0.85em!important;font-style:italic!important;margin:0!important;}</style>
<details id=""frq2026note-ap-csa-2018-frq-1-frogsimulation"">
<summary><strong>Heads up: the May 2027 exam scores free response differently from this one.</strong> Tap for the current point structure.</summary>
<div class=""n26-body"">
<p>Every AP CSA free-response question from 2004 through 2025 was worth <strong>9 points</strong>, and the section was 36. From 2026 the four questions are worth <strong>7, 7, 5 and 6</strong>, the section is <strong>25 points</strong>, and only Question 1 has parts.</p>
<table><tr><th>Question</th><th>Points</th><th>Parts</th><th>Type</th></tr><tr><td>Question 1</td><td><strong>7</strong></td><td>Part A 4 + Part B 3</td><td>Methods and Control Structures</td></tr><tr><td>Question 2</td><td><strong>7</strong></td><td>single part</td><td>Class Design</td></tr><tr><td>Question 3</td><td><strong>5</strong></td><td>single part</td><td>Data Analysis with ArrayList</td></tr><tr><td>Question 4</td><td><strong>6</strong></td><td>single part</td><td>2D Array</td></tr></table>
<p>Section I is now 42 multiple-choice questions at 55% of the score, and Section II is 45%. The question on this page is still worth practising. The 9 points printed below it are not the rubric you will be scored against.</p>
<p class=""n26-src"">Point totals from College Board's 2026 scoring guidelines; section weightings from the AP Computer Science A exam page. See the <a href=""/pages/ap-csa-frq-2026"">2026 questions</a> for the current format.</p>
</div>
</details>
<script type=""application/ld+json"">{""@context"":""https://schema.org"",""@type"":""FAQPage"",""mainEntity"":[{""@type"":""Question"",""name"":""What does 2018 AP CSA FRQ 1 FrogSimulation test?"",""acceptedAnswer"":{""@type"":""Answer"",""text"":""FRQ 1 tests a while loop with three termination conditions and a simulation-runner returning a double proportion.""}},
    {""@type"":""Question"",""name"":""How many points is 2018 FRQ 1 worth?"",""acceptedAnswer"":{""@type"":""Answer"",""text"":""9 points: 4 for Part A (simulate) and 5 for Part B (runSimulations).""}},
    {""@type"":""Question"",""name"":""What are the three stop conditions?"",""acceptedAnswer"":{""@type"":""Answer"",""text"":""Goal reached (position >= goalDistance), negative position (position < 0), or max hops used (hops >= maxHops).""}},
    {""@type"":""Question"",""name"":""How do you avoid integer division in runSimulations?"",""acceptedAnswer"":{""@type"":""Answer"",""text"":""Cast: (double) successes / num.""}}]}</script>
<script type=""application/ld+json"">{""@context"":""https://schema.org"",""@type"":""Article"",""headline"":""2018 AP CSA FRQ 1: FrogSimulation - Complete Solution and Scoring Guide"",""description"":""Complete solution for 2018 AP CSA FRQ 1 (FrogSimulation) with step-by-step explanations, scoring rubric, common mistakes, and exam tips."",""author"":{""@type"":""Person"",""name"":""Tanner Crow"",""url"":""https://www.wyzant.com/tutors/tannerc12""},""publisher"":{""@type"":""Organization"",""name"":""AP CS Exam Prep"",""url"":""https://www.apcsexamprep.com""},""datePublished"":""2018-09-01"",""dateModified"":""2026-03-14"",""educationalLevel"":""AP""}</script>
<script type=""application/ld+json"">{""@context"":""https://schema.org"",""@type"":""BreadcrumbList"",""itemListElement"":[{""@type"":""ListItem"",""position"":1,""name"":""FRQ Archive"",""item"":""https://www.apcsexamprep.com/pages/ap-csa-frq-archive""},{""@type"":""ListItem"",""position"":2,""name"":""2018 FRQs"",""item"":""https://www.apcsexamprep.com/pages/ap-csa-frq-2018""},{""@type"":""ListItem"",""position"":3,""name"":""FRQ 1: FrogSimulation"",""item"":""https://www.apcsexamprep.com/pages/ap-csa-2018-frq-1-frogsimulation""}]}</script>
<div id=""frq18q1"">
<style>
.page-title,.article__title,.page__title,.template-page h1:first-of-type{display:none!important}
#frq18q1{all:initial!important;display:block!important;font-family:-apple-system,BlinkMacSystemFont,'Segoe UI',Roboto,Oxygen,Ubuntu,Cantarell,sans-serif!important;line-height:1.7!important;color:#1e293b!important;max-width:880px!important;margin:0 auto!important;padding:24px 20px 60px!important;-webkit-font-smoothing:antialiased!important;background:#ffffff!important}
#frq18q1 *{box-sizing:border-box!important}
#frq18q1 img{max-width:100%!important;height:auto!important}
#frq18q1 h1{font-size:2em!important;font-weight:800!important;color:#1e3a8a!important;-webkit-text-fill-color:#1e3a8a!important;margin:0 0 8px!important;line-height:1.2!important;border:none!important;padding:0!important}
#frq18q1 h2{font-size:1.5em!important;font-weight:700!important;color:#1e40af!important;-webkit-text-fill-color:#1e40af!important;margin:40px 0 16px!important;padding-left:12px!important;border-left:4px solid #60a5fa!important;border-bottom:none!important;line-height:1.3!important}
#frq18q1 h3{font-size:1.2em!important;font-weight:600!important;color:#1e40af!important;-webkit-text-fill-color:#1e40af!important;margin:24px 0 12px!important;line-height:1.3!important}
#frq18q1 h4{font-size:1.05em!important;font-weight:600!important;color:#334155!important;margin:20px 0 10px!important}
#frq18q1 p{margin:0 0 16px!important;color:#1e293b!important;font-size:16px!important;line-height:1.7!important}
#frq18q1 a{color:#2563eb!important;-webkit-text-fill-color:#2563eb!important;text-decoration:underline!important}
#frq18q1 a:link{color:#2563eb!important;-webkit-text-fill-color:#2563eb!important}
#frq18q1 a:visited{color:#2563eb!important;-webkit-text-fill-color:#2563eb!important}
#frq18q1 a:hover{color:#1d4ed8!important;-webkit-text-fill-color:#1d4ed8!important}
#frq18q1 strong{font-weight:700!important;color:#1e293b!important}
#frq18q1 ul,#frq18q1 ol{margin:0 0 16px!important;padding-left:24px!important;color:#1e293b!important}
#frq18q1 li{margin:0 0 8px!important;font-size:16px!important;line-height:1.7!important}
#frq18q1 .frq-breadcrumb{font-size:14px!important;color:#64748b!important;margin-bottom:24px!important;display:block!important}
#frq18q1 .frq-breadcrumb a{color:#2563eb!important;-webkit-text-fill-color:#2563eb!important;text-decoration:none!important;font-size:14px!important}
#frq18q1 .frq-breadcrumb a:link,#frq18q1 .frq-breadcrumb a:visited{color:#2563eb!important;-webkit-text-fill-color:#2563eb!important}
#frq18q1 .frq-year-label{display:inline-block!important;background:#dbeafe!important;color:#1e40af!important;font-size:13px!important;font-weight:600!important;padding:4px 12px!important;border-radius:4px!important;margin-bottom:8px!important;letter-spacing:0.5px!important;text-transform:uppercase!important}
#frq18q1 .frq-subtitle{color:#64748b!important;font-size:15px!important;margin:0 0 20px!important;line-height:1.6!important}
#frq18q1 .frq-badges{display:flex!important;flex-wrap:wrap!important;gap:8px!important;margin-bottom:24px!important}
#frq18q1 .frq-badge{display:inline-block!important;padding:6px 14px!important;border-radius:20px!important;font-size:13px!important;font-weight:600!important;line-height:1.4!important}
#frq18q1 .frq-badge-blue{background:#dbeafe!important;color:#1e40af!important}
#frq18q1 .frq-badge-green{background:#dcfce7!important;color:#166534!important}
#frq18q1 .frq-badge-purple{background:#ede9fe!important;color:#5b21b6!important}
#frq18q1 .frq-badge-amber{background:#fef3c7!important;color:#92400e!important}
#frq18q1 .frq-meta-table{width:100%!important;border-collapse:collapse!important;margin:0 0 24px!important;font-size:15px!important}
#frq18q1 .frq-meta-table td{padding:10px 16px!important;border-bottom:1px solid #e5e7eb!important;color:#1e293b!important;vertical-align:top!important}
#frq18q1 .frq-meta-table td:first-child{font-weight:600!important;color:#475569!important;width:160px!important}
#frq18q1 .frq-summary{background-color:#f0f9ff!important;border:1px solid #bae6fd!important;border-radius:8px!important;padding:20px 24px!important;margin:0 0 24px!important}
#frq18q1 .frq-summary h2{font-size:1.15em!important;margin:0 0 12px!important;padding-left:0!important;border-left:none!important;color:#0c4a6e!important;-webkit-text-fill-color:#0c4a6e!important}
#frq18q1 .frq-summary p{margin:0!important;color:#1e293b!important;font-size:15px!important;line-height:1.7!important}
#frq18q1 .frq-curriculum{background-color:#fefce8!important;border:1px solid #fde68a!important;border-radius:8px!important;padding:20px 24px!important;margin:0 0 24px!important}
#frq18q1 .frq-curriculum h2{font-size:1.15em!important;margin:0 0 12px!important;padding-left:0!important;border-left:none!important;color:#713f12!important;-webkit-text-fill-color:#713f12!important}
#frq18q1 .frq-curriculum p{margin:0 0 8px!important;color:#1e293b!important;font-size:15px!important}
#frq18q1 .frq-curriculum p:last-child{margin-bottom:0!important}
#frq18q1 .frq-jumplinks{display:flex!important;flex-wrap:wrap!important;gap:8px!important;margin:0 0 32px!important;padding:16px 0!important;border-top:1px solid #e5e7eb!important;border-bottom:1px solid #e5e7eb!important}
#frq18q1 .frq-jumplinks a{display:inline-block!important;padding:6px 14px!important;background:#f1f5f9!important;color:#334155!important;-webkit-text-fill-color:#334155!important;border-radius:6px!important;font-size:13px!important;font-weight:600!important;text-decoration:none!important}
#frq18q1 .frq-jumplinks a:link,#frq18q1 .frq-jumplinks a:visited{color:#334155!important;-webkit-text-fill-color:#334155!important}
#frq18q1 .frq-jumplinks a:hover{background:#e2e8f0!important;color:#1e293b!important;-webkit-text-fill-color:#1e293b!important}
#frq18q1 pre{background:#1e293b!important;color:#e2e8f0!important;padding:20px!important;border-radius:8px!important;overflow-x:auto!important;font-family:Consolas,Monaco,'Courier New',monospace!important;font-size:14px!important;line-height:1.6!important;white-space:pre!important;margin:16px 0!important;border:none!important}
#frq18q1 code{font-family:Consolas,Monaco,'Courier New',monospace!important;font-size:14px!important}
#frq18q1 p code,#frq18q1 li code,#frq18q1 td code{background:#f1f5f9!important;color:#be185d!important;padding:2px 6px!important;border-radius:4px!important;font-size:13px!important}
#frq18q1 table{width:100%!important;border-collapse:collapse!important;margin:16px 0!important;font-size:15px!important}
#frq18q1 th{background:#f8fafc!important;color:#334155!important;font-weight:600!important;padding:12px 16px!important;text-align:left!important;border-bottom:2px solid #cbd5e1!important}
#frq18q1 td{padding:10px 16px!important;border-bottom:1px solid #e5e7eb!important;color:#1e293b!important;vertical-align:top!important}
#frq18q1 .frq-intro{background-color:#eff6ff!important;padding:20px!important;border-radius:8px!important;margin:0 0 24px!important;border-left:4px solid #3b82f6!important}
#frq18q1 .practice-tip{background-color:#dcfce7!important;padding:16px 20px!important;border-radius:6px!important;margin:20px 0!important;border-left:4px solid #10b981!important}
#frq18q1 .key-insight{background-color:#dbeafe!important;padding:16px 20px!important;border-radius:6px!important;margin:20px 0!important;border-left:4px solid #3b82f6!important}
#frq18q1 .common-mistake{background-color:#fef2f2!important;padding:16px 20px!important;border-radius:6px!important;margin:20px 0!important;border-left:4px solid #ef4444!important}
#frq18q1 .scoring-guide{background-color:#f9fafb!important;border:1px solid #e5e7eb!important;border-radius:8px!important;padding:20px!important;margin:20px 0!important}
#frq18q1 .frq-collapsible{cursor:pointer!important;background:#f8fafc!important;border:1px solid #e2e8f0!important;border-radius:8px!important;padding:16px 20px!important;margin:16px 0!important;font-weight:600!important;font-size:15px!important;color:#1e40af!important;-webkit-text-fill-color:#1e40af!important;display:block!important;width:100%!important;text-align:left!important}
#frq18q1 .frq-collapsible:hover{background:#eef2ff!important}
#frq18q1 .frq-collapsible-content{display:none!important;padding:20px!important;border:1px solid #e2e8f0!important;border-top:none!important;border-radius:0 0 8px 8px!important;margin-top:-17px!important;background:#ffffff!important}
#frq18q1 .frq-collapsible-content.open{display:block!important}
#frq18q1 .frq-editor{position:relative!important;margin:20px 0!important}
#frq18q1 .frq-editor textarea{width:100%!important;min-height:200px!important;font-family:Consolas,Monaco,'Courier New',monospace!important;font-size:14px!important;line-height:1.6!important;padding:16px!important;border:2px solid #cbd5e1!important;border-radius:8px!important;background:#1e293b!important;color:#e2e8f0!important;resize:vertical!important;tab-size:4!important;-moz-tab-size:4!important;white-space:pre!important;overflow-wrap:normal!important;overflow-x:auto!important}
#frq18q1 .frq-editor textarea:focus{border-color:#3b82f6!important;outline:none!important;box-shadow:0 0 0 3px rgba(59,130,246,0.15)!important}
#frq18q1 .frq-editor textarea::placeholder{color:#64748b!important}
#frq18q1 .frq-editor-hint{display:block!important;text-align:right!important;font-size:11px!important;color:#94a3b8!important;margin-top:4px!important;font-style:italic!important;padding-right:4px!important}
#frq18q1 .btn{display:inline-block!important;padding:12px 24px!important;background-color:#3b82f6!important;color:white!important;-webkit-text-fill-color:white!important;text-decoration:none!important;border-radius:6px!important;font-weight:600!important;font-size:15px!important;border:none!important;cursor:pointer!important;opacity:1!important;visibility:visible!important}
#frq18q1 .btn:hover{background-color:#2563eb!important;color:white!important;-webkit-text-fill-color:white!important}
#frq18q1 a.btn:link,#frq18q1 a.btn:visited{color:white!important;-webkit-text-fill-color:white!important;text-decoration:none!important}
#frq18q1 .btn-sm{padding:8px 16px!important;font-size:13px!important}
#frq18q1 .btn-outline{background:transparent!important;border:2px solid #3b82f6!important;color:#3b82f6!important;-webkit-text-fill-color:#3b82f6!important}
#frq18q1 a.btn-outline:link,#frq18q1 a.btn-outline:visited{color:#3b82f6!important;-webkit-text-fill-color:#3b82f6!important;text-decoration:none!important}
#frq18q1 .btn-outline:hover{background:#3b82f6!important;color:white!important;-webkit-text-fill-color:white!important}
#frq18q1 .btn-green{background-color:#16a34a!important;color:white!important;-webkit-text-fill-color:white!important}
#frq18q1 a.btn-green:link,#frq18q1 a.btn-green:visited{color:white!important;-webkit-text-fill-color:white!important;text-decoration:none!important}
#frq18q1 .btn-green:hover{background-color:#15803d!important}
#frq18q1 .frq-timer{display:flex!important;align-items:center!important;gap:12px!important;margin:20px 0!important;padding:12px 20px!important;background:#f8fafc!important;border:1px solid #e2e8f0!important;border-radius:8px!important}
#frq18q1 .frq-timer-label{font-weight:600!important;color:#475569!important;font-size:14px!important}
#frq18q1 .frq-timer-display{font-family:Consolas,Monaco,monospace!important;font-size:24px!important;font-weight:700!important;color:#1e293b!important;min-width:80px!important}
#frq18q1 .frq-timer button{padding:6px 14px!important;border-radius:4px!important;border:1px solid #cbd5e1!important;background:#ffffff!important;color:#475569!important;-webkit-text-fill-color:#475569!important;font-size:13px!important;font-weight:600!important;cursor:pointer!important}
#frq18q1 .mistake-block{border:1px solid #e5e7eb!important;border-radius:8px!important;margin:20px 0!important;overflow:hidden!important}
#frq18q1 .mistake-header{padding:14px 20px!important;font-weight:600!important;font-size:15px!important;color:#1e293b!important;background:#fef2f2!important;border-bottom:1px solid #e5e7eb!important}
#frq18q1 .mistake-body{padding:16px 20px!important}
#frq18q1 .mistake-label{display:inline-block!important;font-size:12px!important;font-weight:700!important;text-transform:uppercase!important;letter-spacing:0.5px!important;padding:3px 8px!important;border-radius:4px!important;margin-bottom:8px!important}
#frq18q1 .mistake-wrong{background:#fef2f2!important;color:#dc2626!important}
#frq18q1 .mistake-right{background:#dcfce7!important;color:#16a34a!important}
#frq18q1 .exam-tip{padding:12px 16px 12px 44px!important;background:#f0fdf4!important;border-radius:6px!important;margin:10px 0!important;position:relative!important;font-size:15px!important;line-height:1.6!important;color:#1e293b!important}
#frq18q1 .exam-tip::before{content:'\2713'!important;position:absolute!important;left:16px!important;top:12px!important;color:#16a34a!important;font-weight:700!important;font-size:16px!important}
#frq18q1 .related-card{display:block!important;padding:16px 20px!important;border:1px solid #e5e7eb!important;border-radius:8px!important;margin:10px 0!important;text-decoration:none!important}
#frq18q1 .related-card:hover{border-color:#3b82f6!important;background:#f8fafc!important}
#frq18q1 a.related-card:link,#frq18q1 a.related-card:visited{text-decoration:none!important}
#frq18q1 .related-card .card-type{font-size:12px!important;font-weight:600!important;text-transform:uppercase!important;color:#64748b!important;letter-spacing:0.5px!important;margin-bottom:4px!important;display:block!important}
#frq18q1 .related-card .card-title{font-size:15px!important;font-weight:600!important;color:#1e40af!important;-webkit-text-fill-color:#1e40af!important;display:block!important}
#frq18q1 .cta-box{background:linear-gradient(135deg,#1e3a8a 0%,#1e40af 100%)!important;color:#ffffff!important;padding:32px!important;border-radius:12px!important;margin:32px 0!important;text-align:center!important}
#frq18q1 .cta-box h3{color:#ffffff!important;-webkit-text-fill-color:#ffffff!important;font-size:1.3em!important;margin:0 0 12px!important}
#frq18q1 .cta-box p{color:#dbeafe!important;font-size:15px!important}
#frq18q1 .cta-box .btn{background:#ffffff!important;color:#1e40af!important;-webkit-text-fill-color:#1e40af!important}
#frq18q1 .cta-box a.btn:link,#frq18q1 .cta-box a.btn:visited{color:#1e40af!important;-webkit-text-fill-color:#1e40af!important}
#frq18q1 .tutor-cta{background:#f8fafc!important;border:1px solid #e2e8f0!important;border-radius:12px!important;padding:28px!important;margin:32px 0!important}
#frq18q1 .tutor-stats{display:flex!important;gap:24px!important;flex-wrap:wrap!important;margin:16px 0!important}
#frq18q1 .tutor-stat{text-align:center!important}
#frq18q1 .tutor-stat-value{font-size:20px!important;font-weight:700!important;color:#1e40af!important;-webkit-text-fill-color:#1e40af!important;display:block!important}
#frq18q1 .tutor-stat-label{font-size:12px!important;color:#64748b!important}
#frq18q1 .frq-nav{display:flex!important;justify-content:space-between!important;align-items:center!important;margin:40px 0 20px!important;gap:12px!important;flex-wrap:wrap!important}
#frq18q1 .frq-footer-links{text-align:center!important;margin:16px 0 0!important;font-size:14px!important;color:#64748b!important}
#frq18q1 .frq-footer-links a{color:#2563eb!important;-webkit-text-fill-color:#2563eb!important;font-size:14px!important}
#frq18q1 .scoring-summary{margin:24px 0!important}
#frq18q1 .scoring-summary table{width:100%!important}
#frq18q1 .scoring-summary td:last-child,#frq18q1 .scoring-summary th:last-child{text-align:center!important;font-weight:700!important}
#frq18q1 .faq-item{border-bottom:1px solid #e5e7eb!important;padding:20px 0!important}
#frq18q1 .faq-item:last-child{border-bottom:none!important}
#frq18q1 .faq-q{font-weight:600!important;color:#1e293b!important;font-size:16px!important;margin:0 0 8px!important}
#frq18q1 .faq-a{color:#475569!important;font-size:15px!important;line-height:1.7!important;margin:0!important}
#frq18q1 .frq-pdf-wrap{width:100%!important;border:2px solid #cbd5e1!important;border-radius:8px!important;overflow:hidden!important;margin:16px 0 20px!important;background:#f1f5f9!important}
#frq18q1 .frq-pdf-wrap iframe{width:100%!important;height:680px!important;border:none!important;display:block!important}
#frq18q1 .frq-pdf-fallback{padding:20px!important;text-align:center!important;background:#f8fafc!important;display:none!important;font-size:14px!important;color:#475569!important}
#frq18q1 .frq-video-wrap{position:relative!important;padding-bottom:56.25%!important;height:0!important;overflow:hidden!important;border-radius:8px!important;margin:16px 0!important;background:#0f172a!important}
#frq18q1 .frq-video-wrap iframe{position:absolute!important;top:0!important;left:0!important;width:100%!important;height:100%!important;border:none!important;border-radius:8px!important}
#frq18q1 .frq-editor textarea::selection{background:#3b82f6!important;color:#ffffff!important;-webkit-text-fill-color:#ffffff!important}
#frq18q1 .frq-editor textarea::-moz-selection{background:#3b82f6!important;color:#ffffff!important}
@media(max-width:640px){
#frq18q1{padding:16px 14px 40px!important}
#frq18q1 h1{font-size:1.5em!important}
#frq18q1 h2{font-size:1.25em!important}
#frq18q1 .frq-timer{flex-wrap:wrap!important}
#frq18q1 .tutor-stats{gap:16px!important}
#frq18q1 .frq-nav{flex-direction:column!important;align-items:stretch!important}
#frq18q1 .frq-nav .btn{text-align:center!important}
}
</style>
<div class=""frq-breadcrumb"">
<a href=""/pages/ap-csa-frq-archive"">FRQ Archive</a> ›
<a href=""/pages/ap-csa-frq-2018"">2018 FRQs</a> ›
FRQ 1: FrogSimulation
</div>
<div class=""frq-year-label"">2018 AP CSA • Methods &amp; Control Structures</div>
<h1>AP CSA 2018 FRQ 1: FrogSimulation</h1>
<p class=""frq-subtitle"">Complete solution, scoring rubric, and walkthrough — verified from the official College Board PDF</p>
<div class=""frq-badges"">
<span class=""frq-badge frq-badge-blue"">9 Points</span>
<span class=""frq-badge frq-badge-amber"">Medium</span>
<span class=""frq-badge frq-badge-blue"">Units 1 &amp; 2</span>
</div>
<table class=""frq-meta-table"">
<tr>
<td>Question Type</td>
<td>Methods &amp; Control Structures</td>
</tr>
<tr>
<td>Skills Tested</td>
<td>While loop with three stop conditions, simulation runner, double proportion</td>
</tr>
<tr>
<td>Difficulty</td>
<td>Medium</td>
</tr>
<tr>
<td>Recommended Time</td>
<td>22 minutes</td>
</tr>
</table>
<div class=""frq-summary"">
<h2>What This Problem Asks</h2>
<p>2018 AP CSA FRQ 1 FrogSimulation asks students to write two methods. <code>simulate</code> runs one hop simulation stopping when the goal is reached, position goes negative, or max hops are exhausted. <code>runSimulations</code> runs <code>num</code> simulations and returns the proportion that succeeded.</p>
</div>
<div class=""frq-curriculum"">
<h2>What This FRQ Tests</h2>
<p>This FRQ tests <a href=""/pages/unit-2-selection-and-iteration-ultimate-study-guide""><strong>Unit 2: Selection &amp; Iteration</strong></a> (while loop with compound conditions, counting) and <a href=""/pages/ap-csa-unit-1-complete-study-guide""><strong>Unit 1</strong></a> (calling private helper methods).</p>
</div>
<div class=""frq-jumplinks"">
<a href=""#frq18q1-pdf"">Official PDF</a>
<a href=""#frq18q1-code"">Provided Code</a>
<a href=""#frq18q1-parta"">Part A</a>
<a href=""#frq18q1-partb"">Part B</a>
<a href=""#frq18q1-mistakes"">Mistakes</a>
<a href=""#frq18q1-tips"">Tips</a>
<a href=""#frq18q1-faq"">FAQ</a>
</div>
<div id=""frq18q1-pdf"">
<h2>Official Question &amp; PDF</h2>
<p>
<a href=""https://secure-media.collegeboard.org/apc/ap18-frq-computer-science-a.pdf"" target=""_blank"" rel=""noopener"" class=""btn btn-sm"">Download Full FRQ PDF →</a>
</p>
<div class=""frq-pdf-wrap"">
<iframe src=""https://secure-media.collegeboard.org/apc/ap18-frq-computer-science-a.pdf#page=2"" title=""2018 AP CSA FRQ 1 FrogSimulation"" loading=""lazy"" id=""frq18q1-pdf-iframe""></iframe>
<div class=""frq-pdf-fallback"" id=""frq18q1-pdf-fallback"">
<p>PDF cannot display on this device. <a href=""https://secure-media.collegeboard.org/apc/ap18-frq-computer-science-a.pdf"" target=""_blank"" rel=""noopener"">Open PDF directly →</a></p>
</div>
</div>
</div>
<div class=""frq-timer"">
<span class=""frq-timer-label"">Timer</span>
<span class=""frq-timer-display"" id=""frq18q1-timer"">22:00</span>
<button onclick=""frq18q1Start()"">Start</button>
<button onclick=""frq18q1Pause()"">Pause</button>
<button onclick=""frq18q1Reset()"">Reset</button>
</div>
<div id=""frq18q1-code"">
<h2>Provided Code</h2>
<pre>public class FrogSimulation { private int goalDistance; private int maxHops; private int hopDistance() { } public boolean simulate() { } public double runSimulations(int num) {
    }
}</pre>
</div>
<div id=""frq18q1-parta"">
<h2>Part A — 4 Points</h2>
<p>Write <code>simulate</code>: return <code>true</code> if frog reached or passed <code>goalDistance</code>. Three stop conditions: goal reached, negative position, or max hops exhausted.</p>
<h3>Write Your Solution</h3>
<div class=""frq-editor"">
<textarea id=""frq18q1-ea"" placeholder=""// Write Part A here...
// Tab to indent | Brackets auto-close | Enter auto-indents""></textarea>
<span class=""frq-editor-hint"">Drag corner to expand ▽</span>
</div>
<p>
<button class=""btn btn-sm btn-green"" onclick=""document.getElementById('frq18q1-sola').classList.add('open')"">Check Answer</button>
 
<button class=""btn btn-sm btn-outline"" onclick=""document.getElementById('frq18q1-ea').value=''"">Clear</button>
</p>
<button class=""frq-collapsible"" onclick=""this.nextElementSibling.classList.toggle('open')"">View Solution and Rubric ▼</button>
<div class=""frq-collapsible-content"" id=""frq18q1-sola"">
<h4>Scoring Rubric (Part A — 4 points)</h4>
<table>
<tr>
<td><strong>+1</strong></td>
<td>Updates frog position using <code>hopDistance()</code> in a loop</td>
</tr>
<tr>
<td><strong>+1</strong></td>
<td>Loop terminates when max hops exhausted</td>
</tr>
<tr>
<td><strong>+1</strong></td>
<td>Loop terminates when frog reaches goal OR goes negative</td>
</tr>
<tr>
<td><strong>+1</strong></td>
<td>Returns correct boolean (algorithm)</td>
</tr>
</table>
<h4>Solution</h4>
<pre>public boolean simulate()
{
    int position = 0;
    int hops = 0;
    while (position &lt; goalDistance &amp;&amp; position &gt;= 0 &amp;&amp; hops &lt; maxHops)
    {
        position += hopDistance();
        hops++;
    }
    return position &gt;= goalDistance;
}</pre>
<div class=""key-insight"">
<strong>Three stop conditions:</strong> goal reached, negative position, max hops used. The while loop continues WHILE none are true.</div>
</div>
</div>
<div id=""frq18q1-partb"">
<h2>Part B — 5 Points</h2>
<p>Write <code>runSimulations</code>: run <code>num</code> simulations and return the proportion that returned <code>true</code> as a <code>double</code>.</p>
<h3>Write Your Solution</h3>
<div class=""frq-editor"">
<textarea id=""frq18q1-eb"" placeholder=""// Write Part B here...
// Tab to indent | Brackets auto-close | Enter auto-indents""></textarea>
<span class=""frq-editor-hint"">Drag corner to expand ▽</span>
</div>
<p>
<button class=""btn btn-sm btn-green"" onclick=""document.getElementById('frq18q1-solb').classList.add('open')"">Check Answer</button>
 
<button class=""btn btn-sm btn-outline"" onclick=""document.getElementById('frq18q1-eb').value=''"">Clear</button>
</p>
<button class=""frq-collapsible"" onclick=""this.nextElementSibling.classList.toggle('open')"">View Solution and Rubric ▼</button>
<div class=""frq-collapsible-content"" id=""frq18q1-solb"">
<h4>Scoring Rubric (Part B — 5 points)</h4>
<table>
<tr>
<td><strong>+1</strong></td>
<td>Loops <code>num</code> times</td>
</tr>
<tr>
<td><strong>+1</strong></td>
<td>Calls <code>simulate()</code> each iteration</td>
</tr>
<tr>
<td><strong>+1</strong></td>
<td>Counts successes when <code>simulate()</code> returns true</td>
</tr>
<tr>
<td><strong>+1</strong></td>
<td>Calculates proportion as double</td>
</tr>
<tr>
<td><strong>+1</strong></td>
<td>Returns correct proportion (algorithm)</td>
</tr>
</table>
<h4>Solution</h4>
<pre>public double runSimulations(int num)
{
    int successes = 0;
    for (int i = 0; i &lt; num; i++)
    {
        if (simulate())
        {
            successes++;
        }
    }
    return (double) successes / num;
}</pre>
</div>
</div>
<div id=""frq18q1-mistakes"">
<h2>Common Mistakes to Avoid</h2>
<div class=""mistake-block"">
<div class=""mistake-header"">Missing the negative-position stop condition</div>
<div class=""mistake-body"">
<p><span class=""mistake-label mistake-wrong"">Wrong</span></p>
<pre>while (position &lt; goalDistance &amp;&amp; hops &lt; maxHops)</pre>
<p><span class=""mistake-label mistake-right"">Correct</span></p>
<pre>while (position &lt; goalDistance &amp;&amp; position &gt;= 0 &amp;&amp; hops &lt; maxHops)</pre>
</div>
</div>
</div>
<div id=""frq18q1-tips"">
<h2>Exam Tips</h2>
<div class=""exam-tip"">Write all three stop conditions before coding, then negate them for the while.</div>
<div class=""exam-tip"">Cast to double: (double) successes / num.</div>
</div>
<div class=""scoring-summary"">
<h2>Scoring Summary</h2>
<table>
<tr>
<th>Part</th>
<th>Method</th>
<th>Points</th>
</tr>
<tr>
<td>Part A</td>
<td><code>Write</code></td>
<td>4</td>
</tr>
<tr>
<td>Part B</td>
<td><code>Write</code></td>
<td>5</td>
</tr>
<tr>
<td><strong>Total</strong></td>
<td></td>
<td><strong>9</strong></td>
</tr>
</table>
</div>
<div class=""cta-box"">
<h3>Want the Complete 2018 FRQ Solutions?</h3>
<p>Browse all past AP CSA FRQs with full solutions and scoring breakdowns.</p>
<p style=""margin-top:16px!important""><a href=""/pages/ap-csa-frq-archive"" class=""btn"">FRQ Archive →</a></p>
</div>
<h2>Related FRQs</h2>
<a href=""/pages/ap-csa-2023-frq-1-appointmentbook"" class=""related-card""><span class=""card-type"">Methods &amp; Control Structures</span><span class=""card-title"">2023 FRQ 1: AppointmentBook — Consecutive-block scheduling</span></a>
<h2>Study the Concepts</h2>
<p><a href=""/pages/unit-2-selection-and-iteration-ultimate-study-guide"" class=""btn"">Unit 2 Study Guide →</a></p>
<div class=""tutor-cta"">
<h3>Struggling with FRQs? Get 1-on-1 Help</h3>
<p>Work directly with Tanner — AP CS teacher with 11+ years experience and 1,845+ verified tutoring hours. 54.5% of students score 5s (vs. 25.5% national average).</p>
<div class=""tutor-stats"">
<div class=""tutor-stat"">
<span class=""tutor-stat-value"">5.0</span><span class=""tutor-stat-label"">Rating (451+ reviews)</span>
</div>
<div class=""tutor-stat"">
<span class=""tutor-stat-value"">1,845+</span><span class=""tutor-stat-label"">Verified Hours</span>
</div>
<div class=""tutor-stat"">
<span class=""tutor-stat-value"">54.5%</span><span class=""tutor-stat-label"">Score 5s</span>
</div>
</div>
<p style=""margin-top:16px!important""><a href=""/pages/ap-computer-science-tutor"" class=""btn"">Book a Session ($150/hr) →</a></p>
<p style=""font-size:13px!important;color:#64748b!important;margin-top:8px!important"">5-session packages at $125/hr. Venmo, Zelle, PayPal, or credit card.</p>
</div>
<div id=""frq18q1-faq"">
<h2>Frequently Asked Questions</h2>
<div class=""faq-item"">
<p class=""faq-q"">What does 2018 AP CSA FRQ 1 FrogSimulation test?</p>
<p class=""faq-a"">FRQ 1 tests a while loop with three termination conditions and a simulation-runner returning a double proportion.</p>
</div>
<div class=""faq-item"">
<p class=""faq-q"">How many points is 2018 FRQ 1 worth?</p>
<p class=""faq-a"">9 points: 4 for Part A (simulate) and 5 for Part B (runSimulations).</p>
</div>
<div class=""faq-item"">
<p class=""faq-q"">What are the three stop conditions?</p>
<p class=""faq-a"">Goal reached (position &gt;= goalDistance), negative position (position &lt; 0), or max hops used (hops &gt;= maxHops).</p>
</div>
<div class=""faq-item"">
<p class=""faq-q"">How do you avoid integer division in runSimulations?</p>
<p class=""faq-a"">Cast: (double) successes / num.</p>
</div>
</div>
<div class=""frq-nav"">
<a href=""/pages/ap-csa-frq-2018"" class=""btn btn-outline"">← 2018 FRQ Index</a>
<a href=""/pages/ap-csa-frq-2018"" class=""btn btn-outline"">2018 FRQ Index</a>
<a href=""/pages/ap-csa-2018-frq-2-wordpairlist"" class=""btn btn-outline"">FRQ 2: WordPairList →</a>
</div>
<div class=""frq-footer-links"">
<a href=""/pages/ap-csa-frq-archive"">Complete FRQ Archive (2004–2025)</a> •
<a href=""/pages/ap-csa-frqs-by-topic"">FRQs by Topic</a>
</div>
</div>
<script>
(function(){
var frq18q1S=22*60,frq18q1I=null,frq18q1R=false;
function frq18q1D(){var m=Math.floor(frq18q1S/60),s=frq18q1S%60;var e=document.getElementById('frq18q1-timer');if(e)e.textContent=m+':'+(s<10?'0':'')+s;}
window.frq18q1Start=function(){if(frq18q1R)return;frq18q1R=true;frq18q1I=setInterval(function(){if(frq18q1S>0){frq18q1S--;frq18q1D();}else{clearInterval(frq18q1I);frq18q1R=false;}},1000);};
window.frq18q1Pause=function(){clearInterval(frq18q1I);frq18q1R=false;};
window.frq18q1Reset=function(){clearInterval(frq18q1I);frq18q1R=false;frq18q1S=22*60;frq18q1D();};
var IND='    ';
function getInd(t,p){var ls=t.lastIndexOf('\n',p-1)+1;var m=t.substring(ls).match(/^([ \t]*)/);return m?m[1]:'';}
function initEd(el){
  if(!el)return;
  el.addEventListener('keydown',function(e){
    var ta=this,s=ta.selectionStart,end=ta.selectionEnd,v=ta.value;
    if(e.key==='Tab'){e.preventDefault();if(e.shiftKey){var ls=v.lastIndexOf('\n',s-1)+1;var lt=v.substring(ls);if(lt.substring(0,IND.length)===IND){ta.value=v.substring(0,ls)+lt.substring(IND.length);ta.selectionStart=ta.selectionEnd=Math.max(s-IND.length,ls);}}else{ta.value=v.substring(0,s)+IND+v.substring(end);ta.selectionStart=ta.selectionEnd=s+IND.length;}return;}
    var P={'(':')','[':']','{':'}','""':'""',""'"":""'""};
    if(P[e.key]){var cl=P[e.key];if(e.key==='""'||e.key===""'""){if(v.charAt(s)===e.key){e.preventDefault();ta.selectionStart=ta.selectionEnd=s+1;return;}var bf=v.substring(0,s);var ct=0;for(var i=0;i<bf.length;i++)if(bf[i]===e.key)ct++;if(ct%2===1)return;}if(v.charAt(s)===cl&&e.key!==cl){e.preventDefault();ta.selectionStart=ta.selectionEnd=s+1;return;}e.preventDefault();ta.value=v.substring(0,s)+e.key+cl+v.substring(end);ta.selectionStart=ta.selectionEnd=s+1;return;}
    var CLOSE=[')','[',']',String.fromCharCode(125)];
    if(CLOSE.indexOf(e.key)>=0&&e.key!==String.fromCharCode(91)){if(v.charAt(s)===e.key){e.preventDefault();ta.selectionStart=ta.selectionEnd=s+1;return;}}
    if(e.key==='Backspace'&&s===end&&s>0){var bc=v.charAt(s-1);var ac=v.charAt(s);if(P[bc]&&P[bc]===ac){e.preventDefault();ta.value=v.substring(0,s-1)+v.substring(s+1);ta.selectionStart=ta.selectionEnd=s-1;return;}}
  });
  el.addEventListener('beforeinput',function(e){
    if(e.inputType==='insertLineBreak'||e.inputType==='insertParagraph'){
      e.preventDefault();var ta=this;var v=ta.value;var s=ta.selectionStart;var end=ta.selectionEnd;
      var ind=getInd(v,s);var cb=v.charAt(s-1);var ca=v.charAt(s);
      var OB=String.fromCharCode(123);var CB=String.fromCharCode(125);
      if(cb===OB&&ca===CB){var nt='\n'+ind+IND+'\n'+ind;ta.value=v.substring(0,s)+nt+v.substring(end);ta.selectionStart=ta.selectionEnd=s+1+ind.length+IND.length;}
      else if(cb===OB){var nt='\n'+ind+IND;ta.value=v.substring(0,s)+nt+v.substring(end);ta.selectionStart=ta.selectionEnd=s+nt.length;}
      else{var nt='\n'+ind;ta.value=v.substring(0,s)+nt+v.substring(end);ta.selectionStart=ta.selectionEnd=s+nt.length;}
    }
  });
}
  initEd(document.getElementById('frq18q1-ea'));
  initEd(document.getElementById('frq18q1-eb'));
(function(){var m=/Android|iPhone|iPad|iPod|Opera Mini|IEMobile/i.test(navigator.userAgent);if(m){var ifr=document.getElementById('frq18q1-pdf-iframe');var fb=document.getElementById('frq18q1-pdf-fallback');if(ifr&&fb){ifr.style.display='none';fb.style.display='block';}};})();
})();
</script>","TRUE","2026-03-01 12:00:00"
"ap-csa-2018-frq-2-wordpairlist","MERGE","<style>#frq2026note-ap-csa-2018-frq-2-wordpairlist{all:initial!important;display:block!important;box-sizing:border-box!important;font-family:-apple-system,BlinkMacSystemFont,""Segoe UI"",Roboto,Helvetica,Arial,sans-serif!important;background:#fffbeb!important;border:1px solid #fcd34d!important;border-left:5px solid #d97706!important;border-radius:8px!important;margin:0 0 18px 0!important;padding:0!important;overflow:hidden!important;}#frq2026note-ap-csa-2018-frq-2-wordpairlist *{box-sizing:border-box!important;font-family:inherit!important;}#frq2026note-ap-csa-2018-frq-2-wordpairlist summary{display:block!important;cursor:pointer!important;padding:12px 15px!important;font-size:0.95em!important;line-height:1.5!important;list-style:none!important;color:#78350f!important;-webkit-text-fill-color:#78350f!important;}#frq2026note-ap-csa-2018-frq-2-wordpairlist summary::-webkit-details-marker{display:none!important;}#frq2026note-ap-csa-2018-frq-2-wordpairlist summary::marker{content:""""!important;}#frq2026note-ap-csa-2018-frq-2-wordpairlist summary:hover{background:#fef3c7!important;}#frq2026note-ap-csa-2018-frq-2-wordpairlist summary strong{font-weight:700!important;color:#78350f!important;-webkit-text-fill-color:#78350f!important;}#frq2026note-ap-csa-2018-frq-2-wordpairlist .n26-body{display:block!important;padding:0 15px 14px!important;font-size:0.92em!important;line-height:1.6!important;color:#78350f!important;-webkit-text-fill-color:#78350f!important;}#frq2026note-ap-csa-2018-frq-2-wordpairlist .n26-body p{margin:0 0 10px!important;color:#78350f!important;-webkit-text-fill-color:#78350f!important;}#frq2026note-ap-csa-2018-frq-2-wordpairlist .n26-body strong{font-weight:700!important;color:#78350f!important;-webkit-text-fill-color:#78350f!important;}#frq2026note-ap-csa-2018-frq-2-wordpairlist table{border-collapse:collapse!important;width:100%!important;margin:0 0 10px!important;font-size:0.95em!important;background:#fffdf5!important;}#frq2026note-ap-csa-2018-frq-2-wordpairlist th,#frq2026note-ap-csa-2018-frq-2-wordpairlist td{border:1px solid #fcd34d!important;padding:6px 9px!important;text-align:left!important;color:#78350f!important;-webkit-text-fill-color:#78350f!important;}#frq2026note-ap-csa-2018-frq-2-wordpairlist th{background:#fef3c7!important;font-weight:700!important;}#frq2026note-ap-csa-2018-frq-2-wordpairlist a{color:#92400e!important;-webkit-text-fill-color:#92400e!important;text-decoration:underline!important;}#frq2026note-ap-csa-2018-frq-2-wordpairlist .n26-src{font-size:0.85em!important;font-style:italic!important;margin:0!important;}</style>
<details id=""frq2026note-ap-csa-2018-frq-2-wordpairlist"">
<summary><strong>Heads up: the May 2027 exam scores free response differently from this one.</strong> Tap for the current point structure.</summary>
<div class=""n26-body"">
<p>Every AP CSA free-response question from 2004 through 2025 was worth <strong>9 points</strong>, and the section was 36. From 2026 the four questions are worth <strong>7, 7, 5 and 6</strong>, the section is <strong>25 points</strong>, and only Question 1 has parts.</p>
<table><tr><th>Question</th><th>Points</th><th>Parts</th><th>Type</th></tr><tr><td>Question 1</td><td><strong>7</strong></td><td>Part A 4 + Part B 3</td><td>Methods and Control Structures</td></tr><tr><td>Question 2</td><td><strong>7</strong></td><td>single part</td><td>Class Design</td></tr><tr><td>Question 3</td><td><strong>5</strong></td><td>single part</td><td>Data Analysis with ArrayList</td></tr><tr><td>Question 4</td><td><strong>6</strong></td><td>single part</td><td>2D Array</td></tr></table>
<p>Section I is now 42 multiple-choice questions at 55% of the score, and Section II is 45%. The question on this page is still worth practising. The 9 points printed below it are not the rubric you will be scored against.</p>
<p class=""n26-src"">Point totals from College Board's 2026 scoring guidelines; section weightings from the AP Computer Science A exam page. See the <a href=""/pages/ap-csa-frq-2026"">2026 questions</a> for the current format.</p>
</div>
</details>
<script type=""application/ld+json"">{""@context"":""https://schema.org"",""@type"":""FAQPage"",""mainEntity"":[{""@type"":""Question"",""name"":""What does 2018 FRQ 2 WordPairList test?"",""acceptedAnswer"":{""@type"":""Answer"",""text"":""Nested i<j loop to build all word pairs; numMatches counts pairs with matching strings.""}},
    {""@type"":""Question"",""name"":""Why must the constructor initialize allPairs?"",""acceptedAnswer"":{""@type"":""Answer"",""text"":""Without allPairs = new ArrayList<WordPair>(), the field is null and add() throws NullPointerException.""}},
    {""@type"":""Question"",""name"":""Why does the inner loop start at i+1?"",""acceptedAnswer"":{""@type"":""Answer"",""text"":""Starting at i+1 ensures each pair is added once with no self-pairs or duplicates.""}},
    {""@type"":""Question"",""name"":""How many points is 2018 FRQ 2 worth?"",""acceptedAnswer"":{""@type"":""Answer"",""text"":""9 points: 5 for Part A (constructor) and 4 for Part B (numMatches).""}}]}</script>
<script type=""application/ld+json"">{""@context"":""https://schema.org"",""@type"":""Article"",""headline"":""2018 AP CSA FRQ 2: WordPairList - Complete Solution and Scoring Guide"",""description"":""Complete solution for 2018 AP CSA FRQ 2 (WordPairList) with step-by-step explanations, scoring rubric, common mistakes, and exam tips."",""author"":{""@type"":""Person"",""name"":""Tanner Crow"",""url"":""https://www.wyzant.com/tutors/tannerc12""},""publisher"":{""@type"":""Organization"",""name"":""AP CS Exam Prep"",""url"":""https://www.apcsexamprep.com""},""datePublished"":""2018-09-01"",""dateModified"":""2026-03-14"",""educationalLevel"":""AP""}</script>
<script type=""application/ld+json"">{""@context"":""https://schema.org"",""@type"":""BreadcrumbList"",""itemListElement"":[{""@type"":""ListItem"",""position"":1,""name"":""FRQ Archive"",""item"":""https://www.apcsexamprep.com/pages/ap-csa-frq-archive""},{""@type"":""ListItem"",""position"":2,""name"":""2018 FRQs"",""item"":""https://www.apcsexamprep.com/pages/ap-csa-frq-2018""},{""@type"":""ListItem"",""position"":3,""name"":""FRQ 2: WordPairList"",""item"":""https://www.apcsexamprep.com/pages/ap-csa-2018-frq-2-wordpairlist""}]}</script>
<div id=""frq18q2"">
<style>
.page-title,.article__title,.page__title,.template-page h1:first-of-type{display:none!important}
#frq18q2{all:initial!important;display:block!important;font-family:-apple-system,BlinkMacSystemFont,'Segoe UI',Roboto,Oxygen,Ubuntu,Cantarell,sans-serif!important;line-height:1.7!important;color:#1e293b!important;max-width:880px!important;margin:0 auto!important;padding:24px 20px 60px!important;-webkit-font-smoothing:antialiased!important;background:#ffffff!important}
#frq18q2 *{box-sizing:border-box!important}
#frq18q2 img{max-width:100%!important;height:auto!important}
#frq18q2 h1{font-size:2em!important;font-weight:800!important;color:#1e3a8a!important;-webkit-text-fill-color:#1e3a8a!important;margin:0 0 8px!important;line-height:1.2!important;border:none!important;padding:0!important}
#frq18q2 h2{font-size:1.5em!important;font-weight:700!important;color:#1e40af!important;-webkit-text-fill-color:#1e40af!important;margin:40px 0 16px!important;padding-left:12px!important;border-left:4px solid #60a5fa!important;border-bottom:none!important;line-height:1.3!important}
#frq18q2 h3{font-size:1.2em!important;font-weight:600!important;color:#1e40af!important;-webkit-text-fill-color:#1e40af!important;margin:24px 0 12px!important;line-height:1.3!important}
#frq18q2 h4{font-size:1.05em!important;font-weight:600!important;color:#334155!important;margin:20px 0 10px!important}
#frq18q2 p{margin:0 0 16px!important;color:#1e293b!important;font-size:16px!important;line-height:1.7!important}
#frq18q2 a{color:#2563eb!important;-webkit-text-fill-color:#2563eb!important;text-decoration:underline!important}
#frq18q2 a:link{color:#2563eb!important;-webkit-text-fill-color:#2563eb!important}
#frq18q2 a:visited{color:#2563eb!important;-webkit-text-fill-color:#2563eb!important}
#frq18q2 a:hover{color:#1d4ed8!important;-webkit-text-fill-color:#1d4ed8!important}
#frq18q2 strong{font-weight:700!important;color:#1e293b!important}
#frq18q2 ul,#frq18q2 ol{margin:0 0 16px!important;padding-left:24px!important;color:#1e293b!important}
#frq18q2 li{margin:0 0 8px!important;font-size:16px!important;line-height:1.7!important}
#frq18q2 .frq-breadcrumb{font-size:14px!important;color:#64748b!important;margin-bottom:24px!important;display:block!important}
#frq18q2 .frq-breadcrumb a{color:#2563eb!important;-webkit-text-fill-color:#2563eb!important;text-decoration:none!important;font-size:14px!important}
#frq18q2 .frq-breadcrumb a:link,#frq18q2 .frq-breadcrumb a:visited{color:#2563eb!important;-webkit-text-fill-color:#2563eb!important}
#frq18q2 .frq-year-label{display:inline-block!important;background:#dbeafe!important;color:#1e40af!important;font-size:13px!important;font-weight:600!important;padding:4px 12px!important;border-radius:4px!important;margin-bottom:8px!important;letter-spacing:0.5px!important;text-transform:uppercase!important}
#frq18q2 .frq-subtitle{color:#64748b!important;font-size:15px!important;margin:0 0 20px!important;line-height:1.6!important}
#frq18q2 .frq-badges{display:flex!important;flex-wrap:wrap!important;gap:8px!important;margin-bottom:24px!important}
#frq18q2 .frq-badge{display:inline-block!important;padding:6px 14px!important;border-radius:20px!important;font-size:13px!important;font-weight:600!important;line-height:1.4!important}
#frq18q2 .frq-badge-blue{background:#dbeafe!important;color:#1e40af!important}
#frq18q2 .frq-badge-green{background:#dcfce7!important;color:#166534!important}
#frq18q2 .frq-badge-purple{background:#ede9fe!important;color:#5b21b6!important}
#frq18q2 .frq-badge-amber{background:#fef3c7!important;color:#92400e!important}
#frq18q2 .frq-meta-table{width:100%!important;border-collapse:collapse!important;margin:0 0 24px!important;font-size:15px!important}
#frq18q2 .frq-meta-table td{padding:10px 16px!important;border-bottom:1px solid #e5e7eb!important;color:#1e293b!important;vertical-align:top!important}
#frq18q2 .frq-meta-table td:first-child{font-weight:600!important;color:#475569!important;width:160px!important}
#frq18q2 .frq-summary{background-color:#f0f9ff!important;border:1px solid #bae6fd!important;border-radius:8px!important;padding:20px 24px!important;margin:0 0 24px!important}
#frq18q2 .frq-summary h2{font-size:1.15em!important;margin:0 0 12px!important;padding-left:0!important;border-left:none!important;color:#0c4a6e!important;-webkit-text-fill-color:#0c4a6e!important}
#frq18q2 .frq-summary p{margin:0!important;color:#1e293b!important;font-size:15px!important;line-height:1.7!important}
#frq18q2 .frq-curriculum{background-color:#fefce8!important;border:1px solid #fde68a!important;border-radius:8px!important;padding:20px 24px!important;margin:0 0 24px!important}
#frq18q2 .frq-curriculum h2{font-size:1.15em!important;margin:0 0 12px!important;padding-left:0!important;border-left:none!important;color:#713f12!important;-webkit-text-fill-color:#713f12!important}
#frq18q2 .frq-curriculum p{margin:0 0 8px!important;color:#1e293b!important;font-size:15px!important}
#frq18q2 .frq-curriculum p:last-child{margin-bottom:0!important}
#frq18q2 .frq-jumplinks{display:flex!important;flex-wrap:wrap!important;gap:8px!important;margin:0 0 32px!important;padding:16px 0!important;border-top:1px solid #e5e7eb!important;border-bottom:1px solid #e5e7eb!important}
#frq18q2 .frq-jumplinks a{display:inline-block!important;padding:6px 14px!important;background:#f1f5f9!important;color:#334155!important;-webkit-text-fill-color:#334155!important;border-radius:6px!important;font-size:13px!important;font-weight:600!important;text-decoration:none!important}
#frq18q2 .frq-jumplinks a:link,#frq18q2 .frq-jumplinks a:visited{color:#334155!important;-webkit-text-fill-color:#334155!important}
#frq18q2 .frq-jumplinks a:hover{background:#e2e8f0!important;color:#1e293b!important;-webkit-text-fill-color:#1e293b!important}
#frq18q2 pre{background:#1e293b!important;color:#e2e8f0!important;padding:20px!important;border-radius:8px!important;overflow-x:auto!important;font-family:Consolas,Monaco,'Courier New',monospace!important;font-size:14px!important;line-height:1.6!important;white-space:pre!important;margin:16px 0!important;border:none!important}
#frq18q2 code{font-family:Consolas,Monaco,'Courier New',monospace!important;font-size:14px!important}
#frq18q2 p code,#frq18q2 li code,#frq18q2 td code{background:#f1f5f9!important;color:#be185d!important;padding:2px 6px!important;border-radius:4px!important;font-size:13px!important}
#frq18q2 table{width:100%!important;border-collapse:collapse!important;margin:16px 0!important;font-size:15px!important}
#frq18q2 th{background:#f8fafc!important;color:#334155!important;font-weight:600!important;padding:12px 16px!important;text-align:left!important;border-bottom:2px solid #cbd5e1!important}
#frq18q2 td{padding:10px 16px!important;border-bottom:1px solid #e5e7eb!important;color:#1e293b!important;vertical-align:top!important}
#frq18q2 .frq-intro{background-color:#eff6ff!important;padding:20px!important;border-radius:8px!important;margin:0 0 24px!important;border-left:4px solid #3b82f6!important}
#frq18q2 .practice-tip{background-color:#dcfce7!important;padding:16px 20px!important;border-radius:6px!important;margin:20px 0!important;border-left:4px solid #10b981!important}
#frq18q2 .key-insight{background-color:#dbeafe!important;padding:16px 20px!important;border-radius:6px!important;margin:20px 0!important;border-left:4px solid #3b82f6!important}
#frq18q2 .common-mistake{background-color:#fef2f2!important;padding:16px 20px!important;border-radius:6px!important;margin:20px 0!important;border-left:4px solid #ef4444!important}
#frq18q2 .scoring-guide{background-color:#f9fafb!important;border:1px solid #e5e7eb!important;border-radius:8px!important;padding:20px!important;margin:20px 0!important}
#frq18q2 .frq-collapsible{cursor:pointer!important;background:#f8fafc!important;border:1px solid #e2e8f0!important;border-radius:8px!important;padding:16px 20px!important;margin:16px 0!important;font-weight:600!important;font-size:15px!important;color:#1e40af!important;-webkit-text-fill-color:#1e40af!important;display:block!important;width:100%!important;text-align:left!important}
#frq18q2 .frq-collapsible:hover{background:#eef2ff!important}
#frq18q2 .frq-collapsible-content{display:none!important;padding:20px!important;border:1px solid #e2e8f0!important;border-top:none!important;border-radius:0 0 8px 8px!important;margin-top:-17px!important;background:#ffffff!important}
#frq18q2 .frq-collapsible-content.open{display:block!important}
#frq18q2 .frq-editor{position:relative!important;margin:20px 0!important}
#frq18q2 .frq-editor textarea{width:100%!important;min-height:200px!important;font-family:Consolas,Monaco,'Courier New',monospace!important;font-size:14px!important;line-height:1.6!important;padding:16px!important;border:2px solid #cbd5e1!important;border-radius:8px!important;background:#1e293b!important;color:#e2e8f0!important;resize:vertical!important;tab-size:4!important;-moz-tab-size:4!important;white-space:pre!important;overflow-wrap:normal!important;overflow-x:auto!important}
#frq18q2 .frq-editor textarea:focus{border-color:#3b82f6!important;outline:none!important;box-shadow:0 0 0 3px rgba(59,130,246,0.15)!important}
#frq18q2 .frq-editor textarea::placeholder{color:#64748b!important}
#frq18q2 .frq-editor-hint{display:block!important;text-align:right!important;font-size:11px!important;color:#94a3b8!important;margin-top:4px!important;font-style:italic!important;padding-right:4px!important}
#frq18q2 .btn{display:inline-block!important;padding:12px 24px!important;background-color:#3b82f6!important;color:white!important;-webkit-text-fill-color:white!important;text-decoration:none!important;border-radius:6px!important;font-weight:600!important;font-size:15px!important;border:none!important;cursor:pointer!important;opacity:1!important;visibility:visible!important}
#frq18q2 .btn:hover{background-color:#2563eb!important;color:white!important;-webkit-text-fill-color:white!important}
#frq18q2 a.btn:link,#frq18q2 a.btn:visited{color:white!important;-webkit-text-fill-color:white!important;text-decoration:none!important}
#frq18q2 .btn-sm{padding:8px 16px!important;font-size:13px!important}
#frq18q2 .btn-outline{background:transparent!important;border:2px solid #3b82f6!important;color:#3b82f6!important;-webkit-text-fill-color:#3b82f6!important}
#frq18q2 a.btn-outline:link,#frq18q2 a.btn-outline:visited{color:#3b82f6!important;-webkit-text-fill-color:#3b82f6!important;text-decoration:none!important}
#frq18q2 .btn-outline:hover{background:#3b82f6!important;color:white!important;-webkit-text-fill-color:white!important}
#frq18q2 .btn-green{background-color:#16a34a!important;color:white!important;-webkit-text-fill-color:white!important}
#frq18q2 a.btn-green:link,#frq18q2 a.btn-green:visited{color:white!important;-webkit-text-fill-color:white!important;text-decoration:none!important}
#frq18q2 .btn-green:hover{background-color:#15803d!important}
#frq18q2 .frq-timer{display:flex!important;align-items:center!important;gap:12px!important;margin:20px 0!important;padding:12px 20px!important;background:#f8fafc!important;border:1px solid #e2e8f0!important;border-radius:8px!important}
#frq18q2 .frq-timer-label{font-weight:600!important;color:#475569!important;font-size:14px!important}
#frq18q2 .frq-timer-display{font-family:Consolas,Monaco,monospace!important;font-size:24px!important;font-weight:700!important;color:#1e293b!important;min-width:80px!important}
#frq18q2 .frq-timer button{padding:6px 14px!important;border-radius:4px!important;border:1px solid #cbd5e1!important;background:#ffffff!important;color:#475569!important;-webkit-text-fill-color:#475569!important;font-size:13px!important;font-weight:600!important;cursor:pointer!important}
#frq18q2 .mistake-block{border:1px solid #e5e7eb!important;border-radius:8px!important;margin:20px 0!important;overflow:hidden!important}
#frq18q2 .mistake-header{padding:14px 20px!important;font-weight:600!important;font-size:15px!important;color:#1e293b!important;background:#fef2f2!important;border-bottom:1px solid #e5e7eb!important}
#frq18q2 .mistake-body{padding:16px 20px!important}
#frq18q2 .mistake-label{display:inline-block!important;font-size:12px!important;font-weight:700!important;text-transform:uppercase!important;letter-spacing:0.5px!important;padding:3px 8px!important;border-radius:4px!important;margin-bottom:8px!important}
#frq18q2 .mistake-wrong{background:#fef2f2!important;color:#dc2626!important}
#frq18q2 .mistake-right{background:#dcfce7!important;color:#16a34a!important}
#frq18q2 .exam-tip{padding:12px 16px 12px 44px!important;background:#f0fdf4!important;border-radius:6px!important;margin:10px 0!important;position:relative!important;font-size:15px!important;line-height:1.6!important;color:#1e293b!important}
#frq18q2 .exam-tip::before{content:'\2713'!important;position:absolute!important;left:16px!important;top:12px!important;color:#16a34a!important;font-weight:700!important;font-size:16px!important}
#frq18q2 .related-card{display:block!important;padding:16px 20px!important;border:1px solid #e5e7eb!important;border-radius:8px!important;margin:10px 0!important;text-decoration:none!important}
#frq18q2 .related-card:hover{border-color:#3b82f6!important;background:#f8fafc!important}
#frq18q2 a.related-card:link,#frq18q2 a.related-card:visited{text-decoration:none!important}
#frq18q2 .related-card .card-type{font-size:12px!important;font-weight:600!important;text-transform:uppercase!important;color:#64748b!important;letter-spacing:0.5px!important;margin-bottom:4px!important;display:block!important}
#frq18q2 .related-card .card-title{font-size:15px!important;font-weight:600!important;color:#1e40af!important;-webkit-text-fill-color:#1e40af!important;display:block!important}
#frq18q2 .cta-box{background:linear-gradient(135deg,#1e3a8a 0%,#1e40af 100%)!important;color:#ffffff!important;padding:32px!important;border-radius:12px!important;margin:32px 0!important;text-align:center!important}
#frq18q2 .cta-box h3{color:#ffffff!important;-webkit-text-fill-color:#ffffff!important;font-size:1.3em!important;margin:0 0 12px!important}
#frq18q2 .cta-box p{color:#dbeafe!important;font-size:15px!important}
#frq18q2 .cta-box .btn{background:#ffffff!important;color:#1e40af!important;-webkit-text-fill-color:#1e40af!important}
#frq18q2 .cta-box a.btn:link,#frq18q2 .cta-box a.btn:visited{color:#1e40af!important;-webkit-text-fill-color:#1e40af!important}
#frq18q2 .tutor-cta{background:#f8fafc!important;border:1px solid #e2e8f0!important;border-radius:12px!important;padding:28px!important;margin:32px 0!important}
#frq18q2 .tutor-stats{display:flex!important;gap:24px!important;flex-wrap:wrap!important;margin:16px 0!important}
#frq18q2 .tutor-stat{text-align:center!important}
#frq18q2 .tutor-stat-value{font-size:20px!important;font-weight:700!important;color:#1e40af!important;-webkit-text-fill-color:#1e40af!important;display:block!important}
#frq18q2 .tutor-stat-label{font-size:12px!important;color:#64748b!important}
#frq18q2 .frq-nav{display:flex!important;justify-content:space-between!important;align-items:center!important;margin:40px 0 20px!important;gap:12px!important;flex-wrap:wrap!important}
#frq18q2 .frq-footer-links{text-align:center!important;margin:16px 0 0!important;font-size:14px!important;color:#64748b!important}
#frq18q2 .frq-footer-links a{color:#2563eb!important;-webkit-text-fill-color:#2563eb!important;font-size:14px!important}
#frq18q2 .scoring-summary{margin:24px 0!important}
#frq18q2 .scoring-summary table{width:100%!important}
#frq18q2 .scoring-summary td:last-child,#frq18q2 .scoring-summary th:last-child{text-align:center!important;font-weight:700!important}
#frq18q2 .faq-item{border-bottom:1px solid #e5e7eb!important;padding:20px 0!important}
#frq18q2 .faq-item:last-child{border-bottom:none!important}
#frq18q2 .faq-q{font-weight:600!important;color:#1e293b!important;font-size:16px!important;margin:0 0 8px!important}
#frq18q2 .faq-a{color:#475569!important;font-size:15px!important;line-height:1.7!important;margin:0!important}
#frq18q2 .frq-pdf-wrap{width:100%!important;border:2px solid #cbd5e1!important;border-radius:8px!important;overflow:hidden!important;margin:16px 0 20px!important;background:#f1f5f9!important}
#frq18q2 .frq-pdf-wrap iframe{width:100%!important;height:680px!important;border:none!important;display:block!important}
#frq18q2 .frq-pdf-fallback{padding:20px!important;text-align:center!important;background:#f8fafc!important;display:none!important;font-size:14px!important;color:#475569!important}
#frq18q2 .frq-video-wrap{position:relative!important;padding-bottom:56.25%!important;height:0!important;overflow:hidden!important;border-radius:8px!important;margin:16px 0!important;background:#0f172a!important}
#frq18q2 .frq-video-wrap iframe{position:absolute!important;top:0!important;left:0!important;width:100%!important;height:100%!important;border:none!important;border-radius:8px!important}
#frq18q2 .frq-editor textarea::selection{background:#3b82f6!important;color:#ffffff!important;-webkit-text-fill-color:#ffffff!important}
#frq18q2 .frq-editor textarea::-moz-selection{background:#3b82f6!important;color:#ffffff!important}
@media(max-width:640px){
#frq18q2{padding:16px 14px 40px!important}
#frq18q2 h1{font-size:1.5em!important}
#frq18q2 h2{font-size:1.25em!important}
#frq18q2 .frq-timer{flex-wrap:wrap!important}
#frq18q2 .tutor-stats{gap:16px!important}
#frq18q2 .frq-nav{flex-direction:column!important;align-items:stretch!important}
#frq18q2 .frq-nav .btn{text-align:center!important}
}
</style>
<div class=""frq-breadcrumb"">
<a href=""/pages/ap-csa-frq-archive"">FRQ Archive</a> ›
<a href=""/pages/ap-csa-frq-2018"">2018 FRQs</a> ›
FRQ 2: WordPairList
</div>
<div class=""frq-year-label"">2018 AP CSA • ArrayList</div>
<h1>AP CSA 2018 FRQ 2: WordPairList</h1>
<p class=""frq-subtitle"">Complete solution, scoring rubric, and walkthrough — verified from the official College Board PDF</p>
<div class=""frq-badges"">
<span class=""frq-badge frq-badge-blue"">9 Points</span>
<span class=""frq-badge frq-badge-amber"">Medium</span>
<span class=""frq-badge frq-badge-green"">Unit 4</span>
</div>
<table class=""frq-meta-table"">
<tr>
<td>Question Type</td>
<td>ArrayList</td>
</tr>
<tr>
<td>Skills Tested</td>
<td>Nested loops for all i<j pairs arraylist initialization equals comparison></j>
</td>
</tr>
<tr>
<td>Difficulty</td>
<td>Medium</td>
</tr>
<tr>
<td>Recommended Time</td>
<td>22 minutes</td>
</tr>
</table>
<div class=""frq-summary"">
<h2>What This Problem Asks</h2>
<p>2018 AP CSA FRQ 2 WordPairList asks students to write a constructor (nested i<j loops creating all word pairs and>numMatches (count pairs where both strings equal).</j></p>
</div>
<div class=""frq-curriculum"">
<h2>What This FRQ Tests</h2>
<p>This FRQ tests <a href=""/pages/ap-csa-unit-4-data-collections-study-guide""><strong>Unit 4: ArrayList</strong></a> and <a href=""/pages/unit-2-selection-and-iteration-ultimate-study-guide""><strong>Unit 2</strong></a> nested loops.</p>
</div>
<div class=""frq-jumplinks"">
<a href=""#frq18q2-pdf"">Official PDF</a>
<a href=""#frq18q2-code"">Provided Code</a>
<a href=""#frq18q2-parta"">Part A</a>
<a href=""#frq18q2-partb"">Part B</a>
<a href=""#frq18q2-mistakes"">Mistakes</a>
<a href=""#frq18q2-tips"">Tips</a>
<a href=""#frq18q2-faq"">FAQ</a>
</div>
<div id=""frq18q2-pdf"">
<h2>Official Question &amp; PDF</h2>
<p>
<a href=""https://secure-media.collegeboard.org/apc/ap18-frq-computer-science-a.pdf"" target=""_blank"" rel=""noopener"" class=""btn btn-sm"">Download Full FRQ PDF →</a>
</p>
<div class=""frq-pdf-wrap"">
<iframe src=""https://secure-media.collegeboard.org/apc/ap18-frq-computer-science-a.pdf#page=6"" title=""2018 AP CSA FRQ 2 WordPairList"" loading=""lazy"" id=""frq18q2-pdf-iframe""></iframe>
<div class=""frq-pdf-fallback"" id=""frq18q2-pdf-fallback"">
<p>PDF cannot display on this device. <a href=""https://secure-media.collegeboard.org/apc/ap18-frq-computer-science-a.pdf"" target=""_blank"" rel=""noopener"">Open PDF directly →</a></p>
</div>
</div>
</div>
<div class=""frq-timer"">
<span class=""frq-timer-label"">Timer</span>
<span class=""frq-timer-display"" id=""frq18q2-timer"">22:00</span>
<button onclick=""frq18q2Start()"">Start</button>
<button onclick=""frq18q2Pause()"">Pause</button>
<button onclick=""frq18q2Reset()"">Reset</button>
</div>
<div id=""frq18q2-code"">
<h2>Provided Code</h2>
<pre>public class WordPairList { private ArrayList<wordpair> allPairs; public WordPairList(String[] words) { } public int numMatches() { } }</wordpair></pre>
</div>
<div id=""frq18q2-parta"">
<h2>Part A — 5 Points</h2>
<p>Write the <code>WordPairList</code> constructor: initialize <code>allPairs</code>, add <code>WordPair(words[i], words[j])</code> for all valid i &lt; j.</p>
<h3>Write Your Solution</h3>
<div class=""frq-editor"">
<textarea id=""frq18q2-ea"" placeholder=""// Write Part A here...
// Tab to indent | Brackets auto-close | Enter auto-indents""></textarea>
<span class=""frq-editor-hint"">Drag corner to expand ▽</span>
</div>
<p>
<button class=""btn btn-sm btn-green"" onclick=""document.getElementById('frq18q2-sola').classList.add('open')"">Check Answer</button>
 
<button class=""btn btn-sm btn-outline"" onclick=""document.getElementById('frq18q2-ea').value=''"">Clear</button>
</p>
<button class=""frq-collapsible"" onclick=""this.nextElementSibling.classList.toggle('open')"">View Solution and Rubric ▼</button>
<div class=""frq-collapsible-content"" id=""frq18q2-sola"">
<h4>Scoring Rubric (Part A — 5 points)</h4>
<table>
<tr>
<td><strong>+1</strong></td>
<td>Initializes <code>allPairs</code> as a new ArrayList</td>
</tr>
<tr>
<td><strong>+1</strong></td>
<td>Outer loop iterates 0 to words.length-1</td>
</tr>
<tr>
<td><strong>+1</strong></td>
<td>Inner loop iterates from i+1 to words.length-1</td>
</tr>
<tr>
<td><strong>+1</strong></td>
<td>Creates WordPair with words[i] and words[j]</td>
</tr>
<tr>
<td><strong>+1</strong></td>
<td>Adds each pair to allPairs (algorithm)</td>
</tr>
</table>
<h4>Solution</h4>
<pre>public WordPairList(String[] words)
{
    allPairs = new ArrayList<wordpair>();
    for (int i = 0; i &lt; words.length; i++)
    {
        for (int j = i + 1; j &lt; words.length; j++)
        {
            allPairs.add(new WordPair(words[i], words[j]));
        }
    }
}</wordpair></pre>
</div>
</div>
<div id=""frq18q2-partb"">
<h2>Part B — 4 Points</h2>
<p>Write <code>numMatches</code>: return the count of WordPair objects where <code>getFirst().equals(getSecond())</code>.</p>
<h3>Write Your Solution</h3>
<div class=""frq-editor"">
<textarea id=""frq18q2-eb"" placeholder=""// Write Part B here...
// Tab to indent | Brackets auto-close | Enter auto-indents""></textarea>
<span class=""frq-editor-hint"">Drag corner to expand ▽</span>
</div>
<p>
<button class=""btn btn-sm btn-green"" onclick=""document.getElementById('frq18q2-solb').classList.add('open')"">Check Answer</button>
 
<button class=""btn btn-sm btn-outline"" onclick=""document.getElementById('frq18q2-eb').value=''"">Clear</button>
</p>
<button class=""frq-collapsible"" onclick=""this.nextElementSibling.classList.toggle('open')"">View Solution and Rubric ▼</button>
<div class=""frq-collapsible-content"" id=""frq18q2-solb"">
<h4>Scoring Rubric (Part B — 4 points)</h4>
<table>
<tr>
<td><strong>+1</strong></td>
<td>Traverses allPairs ArrayList</td>
</tr>
<tr>
<td><strong>+1</strong></td>
<td>Calls getFirst() and getSecond()</td>
</tr>
<tr>
<td><strong>+1</strong></td>
<td>Compares using equals</td>
</tr>
<tr>
<td><strong>+1</strong></td>
<td>Returns correct count (algorithm)</td>
</tr>
</table>
<h4>Solution</h4>
<pre>public int numMatches()
{
    int count = 0;
    for (WordPair wp : allPairs)
    {
        if (wp.getFirst().equals(wp.getSecond()))
        {
            count++;
        }
    }
    return count;
}</pre>
</div>
</div>
<div id=""frq18q2-mistakes"">
<h2>Common Mistakes to Avoid</h2>
<div class=""mistake-block"">
<div class=""mistake-header"">Forgetting to initialize allPairs = new ArrayList<wordpair>()</wordpair>
</div>
<div class=""mistake-body""><p>Without initialization, allPairs is null and add() throws NullPointerException.</p></div>
</div>
</div>
<div id=""frq18q2-tips"">
<h2>Exam Tips</h2>
<div class=""exam-tip"">Always initialize the ArrayList BEFORE adding to it.</div>
<div class=""exam-tip"">Inner loop starts at j=i+1, not j=0.</div>
</div>
<div class=""scoring-summary"">
<h2>Scoring Summary</h2>
<table>
<tr>
<th>Part</th>
<th>Method</th>
<th>Points</th>
</tr>
<tr>
<td>Part A</td>
<td><code>Write</code></td>
<td>5</td>
</tr>
<tr>
<td>Part B</td>
<td><code>Write</code></td>
<td>4</td>
</tr>
<tr>
<td><strong>Total</strong></td>
<td></td>
<td><strong>9</strong></td>
</tr>
</table>
</div>
<div class=""cta-box"">
<h3>Want the Complete 2018 FRQ Solutions?</h3>
<p>Browse all past AP CSA FRQs with full solutions and scoring breakdowns.</p>
<p style=""margin-top:16px!important""><a href=""/pages/ap-csa-frq-archive"" class=""btn"">FRQ Archive →</a></p>
</div>
<h2>Related FRQs</h2>
<a href=""/pages/ap-csa-2021-frq-3-clubmembers"" class=""related-card""><span class=""card-type"">ArrayList</span><span class=""card-title"">2021 FRQ 3: ClubMembers — ArrayList add and backward removal</span></a>
<h2>Study the Concepts</h2>
<p><a href=""/pages/ap-csa-unit-4-data-collections-study-guide"" class=""btn"">Unit 4 Study Guide →</a></p>
<div class=""tutor-cta"">
<h3>Struggling with FRQs? Get 1-on-1 Help</h3>
<p>Work directly with Tanner — AP CS teacher with 11+ years experience and 1,845+ verified tutoring hours. 54.5% of students score 5s (vs. 25.5% national average).</p>
<div class=""tutor-stats"">
<div class=""tutor-stat"">
<span class=""tutor-stat-value"">5.0</span><span class=""tutor-stat-label"">Rating (451+ reviews)</span>
</div>
<div class=""tutor-stat"">
<span class=""tutor-stat-value"">1,845+</span><span class=""tutor-stat-label"">Verified Hours</span>
</div>
<div class=""tutor-stat"">
<span class=""tutor-stat-value"">54.5%</span><span class=""tutor-stat-label"">Score 5s</span>
</div>
</div>
<p style=""margin-top:16px!important""><a href=""/pages/ap-computer-science-tutor"" class=""btn"">Book a Session ($150/hr) →</a></p>
<p style=""font-size:13px!important;color:#64748b!important;margin-top:8px!important"">5-session packages at $125/hr. Venmo, Zelle, PayPal, or credit card.</p>
</div>
<div id=""frq18q2-faq"">
<h2>Frequently Asked Questions</h2>
<div class=""faq-item"">
<p class=""faq-q"">What does 2018 FRQ 2 WordPairList test?</p>
<p class=""faq-a"">Nested i<j loop to build all word pairs nummatches counts with matching strings.></j></p>
</div>
<div class=""faq-item"">
<p class=""faq-q"">Why must the constructor initialize allPairs?</p>
<p class=""faq-a"">Without allPairs = new ArrayList<wordpair>(), the field is null and add() throws NullPointerException.</wordpair></p>
</div>
<div class=""faq-item"">
<p class=""faq-q"">Why does the inner loop start at i+1?</p>
<p class=""faq-a"">Starting at i+1 ensures each pair is added once with no self-pairs or duplicates.</p>
</div>
<div class=""faq-item"">
<p class=""faq-q"">How many points is 2018 FRQ 2 worth?</p>
<p class=""faq-a"">9 points: 5 for Part A (constructor) and 4 for Part B (numMatches).</p>
</div>
</div>
<div class=""frq-nav"">
<a href=""/pages/ap-csa-2018-frq-1-frogsimulation"" class=""btn btn-outline"">← FRQ 1: FrogSimulation</a>
<a href=""/pages/ap-csa-frq-2018"" class=""btn btn-outline"">2018 FRQ Index</a>
<a href=""/pages/ap-csa-2018-frq-3-codewordchecker"" class=""btn btn-outline"">FRQ 3: CodeWordChecker →</a>
</div>
<div class=""frq-footer-links"">
<a href=""/pages/ap-csa-frq-archive"">Complete FRQ Archive (2004–2025)</a> •
<a href=""/pages/ap-csa-frqs-by-topic"">FRQs by Topic</a>
</div>
</div>
<script>
(function(){
var frq18q2S=22*60,frq18q2I=null,frq18q2R=false;
function frq18q2D(){var m=Math.floor(frq18q2S/60),s=frq18q2S%60;var e=document.getElementById('frq18q2-timer');if(e)e.textContent=m+':'+(s<10?'0':'')+s;}
window.frq18q2Start=function(){if(frq18q2R)return;frq18q2R=true;frq18q2I=setInterval(function(){if(frq18q2S>0){frq18q2S--;frq18q2D();}else{clearInterval(frq18q2I);frq18q2R=false;}},1000);};
window.frq18q2Pause=function(){clearInterval(frq18q2I);frq18q2R=false;};
window.frq18q2Reset=function(){clearInterval(frq18q2I);frq18q2R=false;frq18q2S=22*60;frq18q2D();};
var IND='    ';
function getInd(t,p){var ls=t.lastIndexOf('\n',p-1)+1;var m=t.substring(ls).match(/^([ \t]*)/);return m?m[1]:'';}
function initEd(el){
  if(!el)return;
  el.addEventListener('keydown',function(e){
    var ta=this,s=ta.selectionStart,end=ta.selectionEnd,v=ta.value;
    if(e.key==='Tab'){e.preventDefault();if(e.shiftKey){var ls=v.lastIndexOf('\n',s-1)+1;var lt=v.substring(ls);if(lt.substring(0,IND.length)===IND){ta.value=v.substring(0,ls)+lt.substring(IND.length);ta.selectionStart=ta.selectionEnd=Math.max(s-IND.length,ls);}}else{ta.value=v.substring(0,s)+IND+v.substring(end);ta.selectionStart=ta.selectionEnd=s+IND.length;}return;}
    var P={'(':')','[':']','{':'}','""':'""',""'"":""'""};
    if(P[e.key]){var cl=P[e.key];if(e.key==='""'||e.key===""'""){if(v.charAt(s)===e.key){e.preventDefault();ta.selectionStart=ta.selectionEnd=s+1;return;}var bf=v.substring(0,s);var ct=0;for(var i=0;i<bf.length;i++)if(bf[i]===e.key)ct++;if(ct%2===1)return;}if(v.charAt(s)===cl&&e.key!==cl){e.preventDefault();ta.selectionStart=ta.selectionEnd=s+1;return;}e.preventDefault();ta.value=v.substring(0,s)+e.key+cl+v.substring(end);ta.selectionStart=ta.selectionEnd=s+1;return;}
    var CLOSE=[')','[',']',String.fromCharCode(125)];
    if(CLOSE.indexOf(e.key)>=0&&e.key!==String.fromCharCode(91)){if(v.charAt(s)===e.key){e.preventDefault();ta.selectionStart=ta.selectionEnd=s+1;return;}}
    if(e.key==='Backspace'&&s===end&&s>0){var bc=v.charAt(s-1);var ac=v.charAt(s);if(P[bc]&&P[bc]===ac){e.preventDefault();ta.value=v.substring(0,s-1)+v.substring(s+1);ta.selectionStart=ta.selectionEnd=s-1;return;}}
  });
  el.addEventListener('beforeinput',function(e){
    if(e.inputType==='insertLineBreak'||e.inputType==='insertParagraph'){
      e.preventDefault();var ta=this;var v=ta.value;var s=ta.selectionStart;var end=ta.selectionEnd;
      var ind=getInd(v,s);var cb=v.charAt(s-1);var ca=v.charAt(s);
      var OB=String.fromCharCode(123);var CB=String.fromCharCode(125);
      if(cb===OB&&ca===CB){var nt='\n'+ind+IND+'\n'+ind;ta.value=v.substring(0,s)+nt+v.substring(end);ta.selectionStart=ta.selectionEnd=s+1+ind.length+IND.length;}
      else if(cb===OB){var nt='\n'+ind+IND;ta.value=v.substring(0,s)+nt+v.substring(end);ta.selectionStart=ta.selectionEnd=s+nt.length;}
      else{var nt='\n'+ind;ta.value=v.substring(0,s)+nt+v.substring(end);ta.selectionStart=ta.selectionEnd=s+nt.length;}
    }
  });
}
  initEd(document.getElementById('frq18q2-ea'));
  initEd(document.getElementById('frq18q2-eb'));
(function(){var m=/Android|iPhone|iPad|iPod|Opera Mini|IEMobile/i.test(navigator.userAgent);if(m){var ifr=document.getElementById('frq18q2-pdf-iframe');var fb=document.getElementById('frq18q2-pdf-fallback');if(ifr&&fb){ifr.style.display='none';fb.style.display='block';}};})();
})();
</script>","TRUE","2026-03-01 12:00:00"
"ap-csa-2018-frq-3-codewordchecker","MERGE","<style>#frq2026note-ap-csa-2018-frq-3-codewordchecker{all:initial!important;display:block!important;box-sizing:border-box!important;font-family:-apple-system,BlinkMacSystemFont,""Segoe UI"",Roboto,Helvetica,Arial,sans-serif!important;background:#fffbeb!important;border:1px solid #fcd34d!important;border-left:5px solid #d97706!important;border-radius:8px!important;margin:0 0 18px 0!important;padding:0!important;overflow:hidden!important;}#frq2026note-ap-csa-2018-frq-3-codewordchecker *{box-sizing:border-box!important;font-family:inherit!important;}#frq2026note-ap-csa-2018-frq-3-codewordchecker summary{display:block!important;cursor:pointer!important;padding:12px 15px!important;font-size:0.95em!important;line-height:1.5!important;list-style:none!important;color:#78350f!important;-webkit-text-fill-color:#78350f!important;}#frq2026note-ap-csa-2018-frq-3-codewordchecker summary::-webkit-details-marker{display:none!important;}#frq2026note-ap-csa-2018-frq-3-codewordchecker summary::marker{content:""""!important;}#frq2026note-ap-csa-2018-frq-3-codewordchecker summary:hover{background:#fef3c7!important;}#frq2026note-ap-csa-2018-frq-3-codewordchecker summary strong{font-weight:700!important;color:#78350f!important;-webkit-text-fill-color:#78350f!important;}#frq2026note-ap-csa-2018-frq-3-codewordchecker .n26-body{display:block!important;padding:0 15px 14px!important;font-size:0.92em!important;line-height:1.6!important;color:#78350f!important;-webkit-text-fill-color:#78350f!important;}#frq2026note-ap-csa-2018-frq-3-codewordchecker .n26-body p{margin:0 0 10px!important;color:#78350f!important;-webkit-text-fill-color:#78350f!important;}#frq2026note-ap-csa-2018-frq-3-codewordchecker .n26-body strong{font-weight:700!important;color:#78350f!important;-webkit-text-fill-color:#78350f!important;}#frq2026note-ap-csa-2018-frq-3-codewordchecker table{border-collapse:collapse!important;width:100%!important;margin:0 0 10px!important;font-size:0.95em!important;background:#fffdf5!important;}#frq2026note-ap-csa-2018-frq-3-codewordchecker th,#frq2026note-ap-csa-2018-frq-3-codewordchecker td{border:1px solid #fcd34d!important;padding:6px 9px!important;text-align:left!important;color:#78350f!important;-webkit-text-fill-color:#78350f!important;}#frq2026note-ap-csa-2018-frq-3-codewordchecker th{background:#fef3c7!important;font-weight:700!important;}#frq2026note-ap-csa-2018-frq-3-codewordchecker a{color:#92400e!important;-webkit-text-fill-color:#92400e!important;text-decoration:underline!important;}#frq2026note-ap-csa-2018-frq-3-codewordchecker .n26-src{font-size:0.85em!important;font-style:italic!important;margin:0!important;}</style>
<details id=""frq2026note-ap-csa-2018-frq-3-codewordchecker"">
<summary><strong>Heads up: the May 2027 exam scores free response differently from this one.</strong> Tap for the current point structure.</summary>
<div class=""n26-body"">
<p>Every AP CSA free-response question from 2004 through 2025 was worth <strong>9 points</strong>, and the section was 36. From 2026 the four questions are worth <strong>7, 7, 5 and 6</strong>, the section is <strong>25 points</strong>, and only Question 1 has parts.</p>
<table><tr><th>Question</th><th>Points</th><th>Parts</th><th>Type</th></tr><tr><td>Question 1</td><td><strong>7</strong></td><td>Part A 4 + Part B 3</td><td>Methods and Control Structures</td></tr><tr><td>Question 2</td><td><strong>7</strong></td><td>single part</td><td>Class Design</td></tr><tr><td>Question 3</td><td><strong>5</strong></td><td>single part</td><td>Data Analysis with ArrayList</td></tr><tr><td>Question 4</td><td><strong>6</strong></td><td>single part</td><td>2D Array</td></tr></table>
<p>Section I is now 42 multiple-choice questions at 55% of the score, and Section II is 45%. The question on this page is still worth practising. The 9 points printed below it are not the rubric you will be scored against.</p>
<p class=""n26-src"">Point totals from College Board's 2026 scoring guidelines; section weightings from the AP Computer Science A exam page. See the <a href=""/pages/ap-csa-frq-2026"">2026 questions</a> for the current format.</p>
</div>
</details>
<script type=""application/ld+json"">{
  ""@context"":""https://schema.org"",
  ""@type"":""FAQPage"",
  ""mainEntity"":[
    {""@type"":""Question"",""name"":""What does 2018 AP CSA FRQ 3 CodeWordChecker ask?"",""acceptedAnswer"":{""@type"":""Answer"",""text"":""It asks students to write a complete CodeWordChecker class that implements the StringChecker interface. The class must support two constructors: one taking min length, max length, and a forbidden string; the other taking only a forbidden string (defaulting to 6 and 20 for min/max). The isValid method checks that the string is within the length bounds and does not contain the forbidden substring.""}},
    {""@type"":""Question"",""name"":""What interface does CodeWordChecker implement?"",""acceptedAnswer"":{""@type"":""Answer"",""text"":""CodeWordChecker implements the StringChecker interface, which has a single method: boolean isValid(String str). Students had to write the complete class including both constructors and the isValid method that satisfies all specified conditions.""}},
    {""@type"":""Question"",""name"":""Is interface implementation still tested on the current AP CSA exam?"",""acceptedAnswer"":{""@type"":""Answer"",""text"":""No. Interface implementation with the implements keyword and interface design were removed from the AP CSA curriculum as part of the 2019 redesign. The current exam does not test interfaces or inheritance. This FRQ is useful for understanding class design and String methods, but the interface pattern itself is no longer tested.""}},
    {""@type"":""Question"",""name"":""What is the most common mistake on 2018 FRQ 3 CodeWordChecker?"",""acceptedAnswer"":{""@type"":""Answer"",""text"":""The most common mistakes are: using str.length() < min or > max with the wrong comparison operators (should be strictly less/greater), using equals() instead of contains() to check the forbidden string, and forgetting to handle the single-argument constructor by setting the default min and max values of 6 and 20.""}}
  ]
}</script>
<script type=""application/ld+json"">{
  ""@context"":""https://schema.org"",
  ""@type"":""BreadcrumbList"",
  ""itemListElement"":[
    {""@type"":""ListItem"",""position"":1,""name"":""FRQ Archive"",""item"":""https://www.apcsexamprep.com/pages/ap-csa-frq-archive""},
    {""@type"":""ListItem"",""position"":2,""name"":""2018 AP CSA FRQs"",""item"":""https://www.apcsexamprep.com/pages/ap-csa-frq-2018""},
    {""@type"":""ListItem"",""position"":3,""name"":""FRQ 3: CodeWordChecker"",""item"":""https://www.apcsexamprep.com/pages/ap-csa-2018-frq-3-codewordchecker""}
  ]
}</script>
<script type=""application/ld+json"">{
  ""@context"":""https://schema.org"",
  ""@type"":""Article"",
  ""headline"":""AP CSA 2018 FRQ 3: CodeWordChecker — Complete Solution & Scoring Rubric"",
  ""description"":""Complete solution for 2018 AP CSA FRQ 3 CodeWordChecker: implements StringChecker interface with two constructors, isValid() checking length bounds and forbidden substring. Rubric, common mistakes, exam tips."",
  ""author"":{""@type"":""Person"",""name"":""Tanner Crow"",""url"":""https://www.wyzant.com/tutors/tannerc12""},
  ""publisher"":{""@type"":""Organization"",""name"":""AP CS Exam Prep"",""url"":""https://www.apcsexamprep.com""},
  ""datePublished"":""2018-09-01"",
  ""dateModified"":""2026-03-17"",
  ""educationalLevel"":""AP""
}</script>
<div id=""frq18q3"">
<style>
.page-title,.article__title,.page__title,.template-page h1:first-of-type{display:none!important}
#frq18q3{all:initial!important;display:block!important;font-family:-apple-system,BlinkMacSystemFont,'Segoe UI',Roboto,Oxygen,Ubuntu,Cantarell,sans-serif!important;line-height:1.7!important;color:#1e293b!important;max-width:880px!important;margin:0 auto!important;padding:24px 20px 60px!important;-webkit-font-smoothing:antialiased!important;background:#ffffff!important}
#frq18q3 *{box-sizing:border-box!important}
#frq18q3 h1{font-size:2em!important;font-weight:800!important;color:#1e3a8a!important;-webkit-text-fill-color:#1e3a8a!important;margin:0 0 8px!important;line-height:1.2!important;border:none!important;padding:0!important}
#frq18q3 h2{font-size:1.5em!important;font-weight:700!important;color:#1e40af!important;-webkit-text-fill-color:#1e40af!important;margin:40px 0 16px!important;padding-left:12px!important;border-left:4px solid #60a5fa!important;border-bottom:none!important;line-height:1.3!important}
#frq18q3 h3{font-size:1.2em!important;font-weight:600!important;color:#1e40af!important;-webkit-text-fill-color:#1e40af!important;margin:24px 0 12px!important;line-height:1.3!important}
#frq18q3 h4{font-size:1.05em!important;font-weight:600!important;color:#334155!important;margin:20px 0 10px!important}
#frq18q3 p{margin:0 0 16px!important;color:#1e293b!important;font-size:16px!important;line-height:1.7!important}
#frq18q3 a{color:#2563eb!important;-webkit-text-fill-color:#2563eb!important;text-decoration:underline!important}
#frq18q3 a:link,#frq18q3 a:visited{color:#2563eb!important;-webkit-text-fill-color:#2563eb!important}
#frq18q3 a:hover{color:#1d4ed8!important;-webkit-text-fill-color:#1d4ed8!important}
#frq18q3 strong{font-weight:700!important;color:#1e293b!important}
#frq18q3 ul,#frq18q3 ol{margin:0 0 16px!important;padding-left:24px!important;color:#1e293b!important}
#frq18q3 li{margin:0 0 8px!important;font-size:16px!important;line-height:1.7!important}
#frq18q3 pre{background:#1e293b!important;color:#e2e8f0!important;padding:20px!important;border-radius:8px!important;overflow-x:auto!important;font-family:'Consolas','Monaco','Courier New',monospace!important;font-size:14px!important;line-height:1.6!important;margin:0 0 20px!important;white-space:pre!important}
#frq18q3 code{font-family:'Consolas','Monaco','Courier New',monospace!important;font-size:0.9em!important;background:#f1f5f9!important;padding:2px 6px!important;border-radius:3px!important;color:#1e293b!important}
#frq18q3 pre code{background:transparent!important;padding:0!important;color:#e2e8f0!important;font-size:inherit!important}
#frq18q3 table{width:100%!important;border-collapse:collapse!important;margin:0 0 20px!important;font-size:15px!important}
#frq18q3 th{background:#f8fafc!important;color:#475569!important;font-weight:600!important;padding:10px 14px!important;text-align:left!important;border-bottom:2px solid #e2e8f0!important;font-size:13px!important;text-transform:uppercase!important;letter-spacing:0.4px!important}
#frq18q3 td{padding:10px 14px!important;border-bottom:1px solid #f1f5f9!important;color:#1e293b!important;vertical-align:top!important}
#frq18q3 tr:last-child td{border-bottom:none!important}
#frq18q3 .frq-breadcrumb{font-size:14px!important;color:#64748b!important;margin-bottom:24px!important;display:block!important}
#frq18q3 .frq-breadcrumb a{color:#2563eb!important;-webkit-text-fill-color:#2563eb!important;text-decoration:none!important;font-size:14px!important}
#frq18q3 .frq-breadcrumb a:link,#frq18q3 .frq-breadcrumb a:visited{color:#2563eb!important;-webkit-text-fill-color:#2563eb!important}
#frq18q3 .frq-year-label{display:inline-block!important;background:#dbeafe!important;color:#1e40af!important;-webkit-text-fill-color:#1e40af!important;font-size:13px!important;font-weight:600!important;padding:4px 12px!important;border-radius:4px!important;margin-bottom:8px!important;letter-spacing:0.5px!important;text-transform:uppercase!important}
#frq18q3 .frq-subtitle{color:#64748b!important;font-size:15px!important;margin:0 0 20px!important;line-height:1.6!important}
#frq18q3 .frq-badges{display:flex!important;flex-wrap:wrap!important;gap:8px!important;margin-bottom:24px!important}
#frq18q3 .frq-badge{display:inline-block!important;padding:6px 14px!important;border-radius:20px!important;font-size:13px!important;font-weight:600!important;line-height:1.4!important}
#frq18q3 .frq-badge-blue{background:#dbeafe!important;color:#1e40af!important;-webkit-text-fill-color:#1e40af!important}
#frq18q3 .frq-badge-green{background:#dcfce7!important;color:#166534!important;-webkit-text-fill-color:#166534!important}
#frq18q3 .frq-badge-purple{background:#ede9fe!important;color:#5b21b6!important;-webkit-text-fill-color:#5b21b6!important}
#frq18q3 .frq-badge-amber{background:#fef3c7!important;color:#92400e!important;-webkit-text-fill-color:#92400e!important}
#frq18q3 .frq-meta-table td{padding:10px 16px!important;border-bottom:1px solid #e5e7eb!important;color:#1e293b!important;vertical-align:top!important}
#frq18q3 .frq-meta-table td:first-child{font-weight:600!important;color:#475569!important;width:160px!important}
#frq18q3 .frq-jumplinks{display:flex!important;flex-wrap:wrap!important;gap:8px!important;margin:0 0 32px!important;padding:14px 0!important;border-top:1px solid #e5e7eb!important;border-bottom:1px solid #e5e7eb!important}
#frq18q3 .frq-jumplinks a{display:inline-block!important;padding:5px 13px!important;background:#f1f5f9!important;color:#334155!important;-webkit-text-fill-color:#334155!important;border-radius:5px!important;font-size:13px!important;font-weight:600!important;text-decoration:none!important}
#frq18q3 .frq-jumplinks a:link,#frq18q3 .frq-jumplinks a:visited{color:#334155!important;-webkit-text-fill-color:#334155!important;text-decoration:none!important}
#frq18q3 .frq-jumplinks a:hover{background:#e2e8f0!important;color:#1e293b!important;-webkit-text-fill-color:#1e293b!important}
#frq18q3 .frq-timer{display:flex!important;align-items:center!important;gap:12px!important;background:#f8fafc!important;padding:12px 20px!important;border-radius:8px!important;margin:24px 0!important;border:1px solid #e2e8f0!important}
#frq18q3 .frq-timer-label{font-size:13px!important;font-weight:600!important;color:#64748b!important}
#frq18q3 .frq-timer-display{font-size:1.6em!important;font-weight:800!important;color:#1e3a8a!important;-webkit-text-fill-color:#1e3a8a!important;font-family:monospace!important;min-width:60px!important}
#frq18q3 .frq-timer button{padding:6px 16px!important;border:none!important;border-radius:6px!important;font-size:13px!important;font-weight:600!important;cursor:pointer!important;background:#1e3a8a!important;color:#fff!important;-webkit-text-fill-color:#fff!important}
#frq18q3 .frq-timer button:hover{background:#1e40af!important}
#frq18q3 .frq-editor{position:relative!important;margin-bottom:12px!important}
#frq18q3 .frq-editor textarea{width:100%!important;min-height:180px!important;font-family:'Consolas','Monaco','Courier New',monospace!important;font-size:14px!important;padding:14px!important;border:2px solid #e2e8f0!important;border-radius:8px!important;resize:vertical!important;background:#1e293b!important;color:#e2e8f0!important;line-height:1.6!important;outline:none!important}
#frq18q3 .frq-editor-hint{display:block!important;font-size:11px!important;color:#94a3b8!important;margin-top:4px!important;text-align:right!important}
#frq18q3 .btn{display:inline-block!important;padding:8px 20px!important;border-radius:7px!important;font-size:14px!important;font-weight:600!important;cursor:pointer!important;border:none!important;text-decoration:none!important;opacity:1!important;visibility:visible!important}
#frq18q3 .btn:link,#frq18q3 .btn:visited{text-decoration:none!important}
#frq18q3 .btn-sm{padding:6px 16px!important;font-size:13px!important}
#frq18q3 .btn-green{background:#16a34a!important;color:#fff!important;-webkit-text-fill-color:#fff!important}
#frq18q3 .btn-green:link,#frq18q3 .btn-green:visited{color:#fff!important;-webkit-text-fill-color:#fff!important}
#frq18q3 .btn-outline{background:#f1f5f9!important;color:#334155!important;-webkit-text-fill-color:#334155!important;border:1px solid #e2e8f0!important}
#frq18q3 .btn-outline:link,#frq18q3 .btn-outline:visited{color:#334155!important;-webkit-text-fill-color:#334155!important}
#frq18q3 .frq-collapsible{width:100%!important;background:#f8fafc!important;border:1px solid #e2e8f0!important;padding:12px 16px!important;text-align:left!important;font-size:15px!important;font-weight:600!important;cursor:pointer!important;border-radius:7px!important;color:#1e40af!important;-webkit-text-fill-color:#1e40af!important;margin:12px 0 0!important}
#frq18q3 .frq-collapsible-content{display:none!important;padding:16px!important;border:1px solid #e2e8f0!important;border-top:none!important;border-radius:0 0 7px 7px!important;background:#fff!important;margin-bottom:16px!important}
#frq18q3 .frq-collapsible-content.open{display:block!important}
#frq18q3 .key-insight{background:#eff6ff!important;border-left:4px solid #3b82f6!important;padding:12px 16px!important;border-radius:0 6px 6px 0!important;margin:12px 0!important;font-size:14px!important;color:#1e40af!important;-webkit-text-fill-color:#1e40af!important}
#frq18q3 .mistake-block{border:1px solid #fecaca!important;border-radius:8px!important;overflow:hidden!important;margin-bottom:16px!important}
#frq18q3 .mistake-header{background:#fef2f2!important;padding:10px 16px!important;font-weight:600!important;font-size:15px!important;color:#991b1b!important;-webkit-text-fill-color:#991b1b!important}
#frq18q3 .mistake-body{padding:14px 16px!important}
#frq18q3 .mistake-label{display:inline-block!important;font-size:12px!important;font-weight:700!important;padding:2px 8px!important;border-radius:4px!important;margin-bottom:4px!important}
#frq18q3 .mistake-wrong{background:#fef2f2!important;color:#991b1b!important;-webkit-text-fill-color:#991b1b!important}
#frq18q3 .mistake-right{background:#dcfce7!important;color:#166534!important;-webkit-text-fill-color:#166534!important}
#frq18q3 .exam-tip{background:#fefce8!important;border-left:4px solid #eab308!important;padding:12px 16px!important;margin-bottom:10px!important;border-radius:0 6px 6px 0!important;font-size:14px!important;color:#713f12!important;-webkit-text-fill-color:#713f12!important}
#frq18q3 .scoring-summary table{margin:0!important}
#frq18q3 .cta-box{background:#eff6ff!important;border:1px solid #bfdbfe!important;border-radius:10px!important;padding:24px!important;margin-top:40px!important;text-align:center!important}
#frq18q3 .cta-box h3{color:#1e3a8a!important;-webkit-text-fill-color:#1e3a8a!important;margin:0 0 8px!important;font-size:1.2em!important}
#frq18q3 .cta-box p{color:#475569!important;margin:0 0 16px!important;font-size:15px!important}
#frq18q3 .frq-nav{display:flex!important;justify-content:space-between!important;margin:40px 0 0!important;padding:16px 0!important;border-top:2px solid #e5e7eb!important;gap:12px!important}
#frq18q3 .frq-nav a{display:inline-block!important;padding:8px 18px!important;background:#f1f5f9!important;color:#1e40af!important;-webkit-text-fill-color:#1e40af!important;border-radius:7px!important;font-size:14px!important;font-weight:700!important;text-decoration:none!important;border:1px solid #e2e8f0!important}
#frq18q3 .frq-nav a:link,#frq18q3 .frq-nav a:visited{color:#1e40af!important;-webkit-text-fill-color:#1e40af!important;text-decoration:none!important}
#frq18q3 .frq-nav a:hover{background:#dbeafe!important}
#frq18q3 .classic-note{background:#fef3c7!important;border:1px solid #f59e0b!important;border-left:4px solid #f59e0b!important;border-radius:8px!important;padding:12px 16px!important;margin:16px 0!important;font-size:14px!important;color:#78350f!important;-webkit-text-fill-color:#78350f!important}
#frq18q3 .frq-pdf-wrap{border:1px solid #e2e8f0!important;border-radius:8px!important;overflow:hidden!important;margin:12px 0!important}
#frq18q3 .frq-pdf-wrap iframe{width:100%!important;height:500px!important;border:none!important;display:block!important}
#frq18q3 .frq-pdf-fallback{padding:20px!important;text-align:center!important;background:#f8fafc!important}
@media(max-width:600px){
  #frq18q3 .frq-nav{flex-direction:column!important}
  #frq18q3 .frq-pdf-wrap iframe{height:350px!important}
}
</style>

<div class=""frq-breadcrumb"">
<a href=""/pages/ap-csa-frq-archive"">FRQ Archive</a> ›
<a href=""/pages/ap-csa-frq-2018"">2018 FRQs</a> ›
FRQ 3: CodeWordChecker
</div>
<div class=""frq-year-label"">2018 AP CSA • Interface Implementation</div>
<h1>AP CSA 2018 FRQ 3: CodeWordChecker</h1>
<p class=""frq-subtitle"">Complete solution, scoring rubric, and walkthrough — verified from the official College Board PDF</p>
<div class=""frq-badges"">
  <span class=""frq-badge frq-badge-blue"">9 Points</span>
  <span class=""frq-badge frq-badge-amber"">Medium-Hard</span>
  <span class=""frq-badge frq-badge-purple"">Interface Design</span>
  <span class=""frq-badge frq-badge-amber"">Classic Format (Pre-2019)</span>
</div>

<div class=""classic-note"">
<strong>Note:</strong> This FRQ tests interface implementation with <code>implements</code> and <code>StringChecker</code>, which was removed from the AP CSA curriculum after 2018. The current exam does not test interfaces or inheritance. The core class-writing skills (constructors, fields, instance methods) are fully applicable today.
</div>

<table class=""frq-meta-table"">
<tr>
<td>Question Type</td>
<td>Interface Implementation (Class Writing)</td>
</tr>
<tr>
<td>Interface</td>
<td>
<code>StringChecker</code> — single method: <code>boolean isValid(String str)</code>
</td>
</tr>
<tr>
<td>Skills Tested</td>
<td>Two constructors, default field values, String.contains(), length bounds check</td>
</tr>
<tr>
<td>Difficulty</td>
<td>Medium-Hard</td>
</tr>
<tr>
<td>Recommended Time</td>
<td>22 minutes</td>
</tr>
</table>

<div class=""frq-jumplinks"">
  <a href=""#frq18q3-pdf"">Official PDF</a>
  <a href=""#frq18q3-problem"">Problem</a>
  <a href=""#frq18q3-solution"">Solution</a>
  <a href=""#frq18q3-rubric"">Rubric</a>
  <a href=""#frq18q3-mistakes"">Mistakes</a>
  <a href=""#frq18q3-tips"">Tips</a>
  <a href=""#frq18q3-faq"">FAQ</a>
</div>

<h2>What This Problem Asks</h2>
<p>2018 AP CSA FRQ 3 CodeWordChecker asks students to write a <strong>complete class</strong> that implements the <code>StringChecker</code> interface. A <code>CodeWordChecker</code> validates strings against two criteria: the string must fall within a specified length range, and it must not contain a specified forbidden substring.</p>
<p>The class must support two constructors: a three-argument version specifying minimum length, maximum length, and forbidden string; and a one-argument version that takes only the forbidden string and uses default bounds of 6 (min) and 20 (max).</p>

<h2 id=""frq18q3-pdf"">Official Question &amp; PDF</h2>
<p><a href=""https://secure-media.collegeboard.org/ap/pdf/ap18-frq-computer-science-a.pdf"" target=""_blank"" rel=""noopener"" class=""btn btn-sm btn-outline"">Download Full 2018 FRQ PDF →</a></p>
<div class=""frq-pdf-wrap"">
  <iframe src=""https://secure-media.collegeboard.org/ap/pdf/ap18-frq-computer-science-a.pdf#page=12"" title=""2018 AP CSA FRQ 3 CodeWordChecker"" loading=""lazy"" id=""frq18q3-pdf-iframe""></iframe>
  <div class=""frq-pdf-fallback"" id=""frq18q3-pdf-fallback""><p>PDF cannot display on this device. <a href=""https://secure-media.collegeboard.org/ap/pdf/ap18-frq-computer-science-a.pdf"" target=""_blank"" rel=""noopener"">Open PDF directly →</a></p></div>
</div>

<div id=""frq18q3-problem"">
<h2>The Problem</h2>
<p>The <code>StringChecker</code> interface is provided:</p>
<pre>public interface StringChecker
{
    /** Returns true if str is valid. */
    boolean isValid(String str);
}</pre>

<p>A <code>CodeWordChecker</code> implements <code>StringChecker</code>. It can be constructed two ways:</p>
<ul>
  <li>
<strong>Three-argument:</strong> <code>new CodeWordChecker(5, 8, ""$"")</code> — valid words have 5–8 characters and must not contain <code>""$""</code>
</li>
  <li>
<strong>One-argument:</strong> <code>new CodeWordChecker(""pass"")</code> — valid words must not contain <code>""pass""</code>; length bounds default to 6 and 20</li>
</ul>

<p>Example behavior:</p>
<table>
<thead><tr>
<th>Method Call</th>
<th>Returns</th>
<th>Reason</th>
</tr></thead>
<tbody>
<tr>
<td><code>sc1.isValid(""happy"")</code></td>
<td><code>true</code></td>
<td>5 chars, no ""$""</td>
</tr>
<tr>
<td><code>sc1.isValid(""happy$"")</code></td>
<td><code>false</code></td>
<td>contains ""$""</td>
</tr>
<tr>
<td><code>sc1.isValid(""Code"")</code></td>
<td><code>false</code></td>
<td>only 4 chars (too short)</td>
</tr>
<tr>
<td><code>sc1.isValid(""happyCode"")</code></td>
<td><code>false</code></td>
<td>9 chars (too long)</td>
</tr>
<tr>
<td><code>sc2.isValid(""MyPass"")</code></td>
<td><code>true</code></td>
<td>6 chars, no ""pass"" (case-sensitive)</td>
</tr>
<tr>
<td><code>sc2.isValid(""Mypassport"")</code></td>
<td><code>false</code></td>
<td>contains ""pass""</td>
</tr>
<tr>
<td><code>sc2.isValid(""happy"")</code></td>
<td><code>false</code></td>
<td>only 5 chars (default min is 6)</td>
</tr>
</tbody>
</table>
</div>

<div class=""frq-timer"">
  <span class=""frq-timer-label"">Timer</span>
  <span class=""frq-timer-display"" id=""frq18q3-timer"">22:00</span>
  <button onclick=""frq18q3Start()"">Start</button>
  <button onclick=""frq18q3Pause()"">Pause</button>
  <button onclick=""frq18q3Reset()"">Reset</button>
</div>

<h3>Write Your Solution</h3>
<div class=""frq-editor"">
  <textarea id=""frq18q3-editor"" placeholder=""// Write the complete CodeWordChecker class here...
// Include: both constructors, all fields, isValid() method
// Remember: implements StringChecker""></textarea>
  <span class=""frq-editor-hint"">Drag corner to expand ▽</span>
</div>
<p>
  <button class=""btn btn-sm btn-green"" onclick=""document.getElementById('frq18q3-sol').classList.add('open')"">Check Answer</button>
   
  <button class=""btn btn-sm btn-outline"" onclick=""document.getElementById('frq18q3-editor').value=''"">Clear</button>
</p>

<div id=""frq18q3-rubric"">
<button class=""frq-collapsible"" onclick=""this.nextElementSibling.classList.toggle('open')"">View Solution and Rubric ▼</button>
<div class=""frq-collapsible-content"" id=""frq18q3-sol"">

<div id=""frq18q3-solution"">
<h4>Scoring Rubric (9 points total)</h4>
<table>
<thead><tr>
<th>Points</th>
<th>Rubric Item</th>
</tr></thead>
<tbody>
<tr>
<td><strong>+1</strong></td>
<td>Declares class with <code>implements StringChecker</code>
</td>
</tr>
<tr>
<td><strong>+1</strong></td>
<td>Declares appropriate private instance variables (at least min, max, forbidden)</td>
</tr>
<tr>
<td><strong>+1</strong></td>
<td>Three-argument constructor sets all three fields correctly</td>
</tr>
<tr>
<td><strong>+1</strong></td>
<td>One-argument constructor sets forbidden field; defaults min to 6 and max to 20</td>
</tr>
<tr>
<td><strong>+1</strong></td>
<td>
<code>isValid</code> header matches interface signature exactly: <code>public boolean isValid(String str)</code>
</td>
</tr>
<tr>
<td><strong>+1</strong></td>
<td>Checks lower bound: <code>str.length() &gt;= minLength</code>
</td>
</tr>
<tr>
<td><strong>+1</strong></td>
<td>Checks upper bound: <code>str.length() &lt;= maxLength</code>
</td>
</tr>
<tr>
<td><strong>+1</strong></td>
<td>Checks forbidden substring: <code>!str.contains(forbidden)</code>
</td>
</tr>
<tr>
<td><strong>+1</strong></td>
<td>Returns correct boolean combining all three conditions (algorithm)</td>
</tr>
</tbody>
</table>

<h4>Complete Solution</h4>
<pre>public class CodeWordChecker implements StringChecker
{
    private int minLength;
    private int maxLength;
    private String forbidden;

    // Three-argument constructor
    public CodeWordChecker(int min, int max, String str)
    {
        minLength = min;
        maxLength = max;
        forbidden = str;
    }

    // Single-argument constructor — defaults to 6 and 20
    public CodeWordChecker(String str)
    {
        minLength = 6;
        maxLength = 20;
        forbidden = str;
    }

    /** Returns true if str is a valid code word. */
    public boolean isValid(String str)
    {
        return str.length() &gt;= minLength
            &amp;&amp; str.length() &lt;= maxLength
            &amp;&amp; !str.contains(forbidden);
    }
}</pre>

<div class=""key-insight"">
<strong>Key insight:</strong> All three conditions must be true for <code>isValid</code> to return <code>true</code>: length &gt;= min AND length &lt;= max AND string does not contain the forbidden substring. Use <code>String.contains()</code>, not <code>equals()</code> or <code>indexOf()</code>.</div>
</div>
</div>
</div>

<div id=""frq18q3-mistakes"">
<h2>Common Mistakes to Avoid</h2>

<div class=""mistake-block"">
  <div class=""mistake-header"">Using equals() instead of contains() for the forbidden substring</div>
  <div class=""mistake-body"">
    <p><span class=""mistake-label mistake-wrong"">Wrong</span></p>
    <pre>!str.equals(forbidden)</pre>
    <p><span class=""mistake-label mistake-right"">Correct</span></p>
    <pre>!str.contains(forbidden)</pre>
    <p><code>equals()</code> checks if the entire string IS the forbidden word. <code>contains()</code> checks if it appears anywhere inside — which is what the problem requires.</p>
  </div>
</div>

<div class=""mistake-block"">
  <div class=""mistake-header"">Forgetting the default values in the one-argument constructor</div>
  <div class=""mistake-body"">
    <p><span class=""mistake-label mistake-wrong"">Wrong</span></p>
    <pre>public CodeWordChecker(String str) {
    forbidden = str;
}</pre>
    <p><span class=""mistake-label mistake-right"">Correct</span></p>
    <pre>public CodeWordChecker(String str) {
    minLength = 6; maxLength = 20; forbidden = str;
}</pre>
    <p>If <code>minLength</code> and <code>maxLength</code> are instance variables (not initialized elsewhere), forgetting to set them in the one-argument constructor leaves them as 0, making the length check always pass.</p>
  </div>
</div>

<div class=""mistake-block"">
  <div class=""mistake-header"">Off-by-one on length bounds (&lt; vs &lt;=)</div>
  <div class=""mistake-body"">
    <p><span class=""mistake-label mistake-wrong"">Wrong</span></p>
    <pre>str.length() &gt; minLength &amp;&amp; str.length() &lt; maxLength</pre>
    <p><span class=""mistake-label mistake-right"">Correct</span></p>
    <pre>str.length() &gt;= minLength &amp;&amp; str.length() &lt;= maxLength</pre>
    <p>The bounds are <strong>inclusive</strong>. A string of exactly <code>minLength</code> characters is valid. Using strict inequality rejects valid strings at the boundaries.</p>
  </div>
</div>

<div class=""mistake-block"">
  <div class=""mistake-header"">Not declaring <code>implements StringChecker</code>
</div>
  <div class=""mistake-body"">
    <p>The class declaration must include <code>implements StringChecker</code>. Without it, <code>CodeWordChecker</code> is not a <code>StringChecker</code> and cannot be assigned to a <code>StringChecker</code> variable — the problem's whole premise fails.</p>
  </div>
</div>
</div>

<div id=""frq18q3-tips"">
<h2>Exam Tips</h2>
<div class=""exam-tip"">Write both constructors first, then <code>isValid</code>. The one-argument constructor is a quick win — just assign the forbidden string and set the two defaults.</div>
<div class=""exam-tip"">Remember: this FRQ tests interface implementation. Always write <code>implements StringChecker</code> in the class header. Forgetting this loses an easy rubric point.</div>
<div class=""exam-tip"">The <code>isValid</code> method header must match the interface exactly: <code>public boolean isValid(String str)</code>. Any mismatch means the class doesn’t actually implement the interface.</div>
<div class=""exam-tip"">
<strong>Current exam note:</strong> Interface implementation is no longer tested on AP CSA. If you’re studying for the current exam, focus on the constructor and field patterns — those appear every year in FRQ 2 (Class Writing).</div>
</div>

<div class=""scoring-summary"">
<h2>Scoring Summary</h2>
<table>
<thead><tr>
<th>Item</th>
<th>Condition</th>
<th>Points</th>
</tr></thead>
<tbody>
<tr>
<td>Class declaration</td>
<td><code>implements StringChecker</code></td>
<td>1</td>
</tr>
<tr>
<td>Instance variables</td>
<td>Correct private fields</td>
<td>1</td>
</tr>
<tr>
<td>3-arg constructor</td>
<td>Sets all three fields</td>
<td>1</td>
</tr>
<tr>
<td>1-arg constructor</td>
<td>Sets forbidden; defaults 6 and 20</td>
<td>1</td>
</tr>
<tr>
<td>
<code>isValid</code> header</td>
<td>Matches interface exactly</td>
<td>1</td>
</tr>
<tr>
<td>Lower bound check</td>
<td>
<code>&gt;=</code> minLength</td>
<td>1</td>
</tr>
<tr>
<td>Upper bound check</td>
<td>
<code>&lt;=</code> maxLength</td>
<td>1</td>
</tr>
<tr>
<td>Forbidden check</td>
<td><code>!str.contains(forbidden)</code></td>
<td>1</td>
</tr>
<tr>
<td>Algorithm</td>
<td>Correct boolean return</td>
<td>1</td>
</tr>
<tr>
<td colspan=""2""><strong>Total</strong></td>
<td><strong>9</strong></td>
</tr>
</tbody>
</table>
</div>

<div id=""frq18q3-faq"">
<h2>Frequently Asked Questions</h2>
<div style=""border-bottom:1px solid #f1f5f9!important;padding:14px 0!important"">
<h3 style=""font-size:15px!important;font-weight:600!important;color:#1e293b!important;-webkit-text-fill-color:#1e293b!important;margin:0 0 6px!important"">What does 2018 AP CSA FRQ 3 CodeWordChecker ask?</h3>
<p style=""font-size:14px!important;color:#475569!important;margin:0!important"">It asks students to write a complete <code>CodeWordChecker</code> class implementing the <code>StringChecker</code> interface, with two constructors and an <code>isValid</code> method that checks length bounds and absence of a forbidden substring.</p>
</div>
<div style=""border-bottom:1px solid #f1f5f9!important;padding:14px 0!important"">
<h3 style=""font-size:15px!important;font-weight:600!important;color:#1e293b!important;-webkit-text-fill-color:#1e293b!important;margin:0 0 6px!important"">Is interface implementation still tested on the current AP CSA exam?</h3>
<p style=""font-size:14px!important;color:#475569!important;margin:0!important"">No. Interfaces and inheritance were removed from the AP CSA curriculum in the 2019 redesign. The current exam does not test <code>implements</code>, <code>extends</code>, or <code>super()</code>. This FRQ is useful practice for class writing and String methods, but the interface pattern is not testable today.</p>
</div>
<div style=""border-bottom:1px solid #f1f5f9!important;padding:14px 0!important"">
<h3 style=""font-size:15px!important;font-weight:600!important;color:#1e293b!important;-webkit-text-fill-color:#1e293b!important;margin:0 0 6px!important"">What is the most common mistake?</h3>
<p style=""font-size:14px!important;color:#475569!important;margin:0!important"">Using <code>equals()</code> instead of <code>contains()</code> for the forbidden substring, using strict inequalities (&lt; and &gt;) instead of inclusive ones (&lt;= and &gt;=), and forgetting to set the default min/max values in the one-argument constructor.</p>
</div>
</div>

<div class=""cta-box"">
<h3>Practice All 2018 AP CSA FRQs</h3>
<p>See every 2018 question with full solutions, rubrics, and difficulty analysis.</p>
<a href=""/pages/ap-csa-frq-2018"" class=""btn"" style=""background:#1e3a8a!important;color:#fff!important;-webkit-text-fill-color:#fff!important;text-decoration:none!important;"">View 2018 FRQ Hub →</a>
</div>

<div class=""frq-nav"">
  <div><a href=""/pages/ap-csa-2018-frq-2-wordpairlist"">← FRQ 2: WordPairList</a></div>
  <div><a href=""/pages/ap-csa-frq-2018"">2018 Hub</a></div>
  <div><a href=""/pages/ap-csa-2018-frq-4-arraytester"">FRQ 4: ArrayTester →</a></div>
</div>

</div>
<script>
var frq18q3Secs = 22*60, frq18q3Interval = null;
function frq18q3Start(){
  if(frq18q3Interval) return;
  frq18q3Interval = setInterval(function(){
    if(frq18q3Secs <= 0){ clearInterval(frq18q3Interval); frq18q3Interval=null; return; }
    frq18q3Secs--;
    var m=Math.floor(frq18q3Secs/60), s=frq18q3Secs%60;
    document.getElementById('frq18q3-timer').textContent=(m<10?'0':'')+m+':'+(s<10?'0':'')+s;
  },1000);
}
function frq18q3Pause(){ clearInterval(frq18q3Interval); frq18q3Interval=null; }
function frq18q3Reset(){ frq18q3Pause(); frq18q3Secs=22*60; document.getElementById('frq18q3-timer').textContent='22:00'; }
</script>","TRUE","2026-03-01 12:00:00"
"ap-csa-2018-frq-4-arraytester","MERGE","<style>#frq2026note-ap-csa-2018-frq-4-arraytester{all:initial!important;display:block!important;box-sizing:border-box!important;font-family:-apple-system,BlinkMacSystemFont,""Segoe UI"",Roboto,Helvetica,Arial,sans-serif!important;background:#fffbeb!important;border:1px solid #fcd34d!important;border-left:5px solid #d97706!important;border-radius:8px!important;margin:0 0 18px 0!important;padding:0!important;overflow:hidden!important;}#frq2026note-ap-csa-2018-frq-4-arraytester *{box-sizing:border-box!important;font-family:inherit!important;}#frq2026note-ap-csa-2018-frq-4-arraytester summary{display:block!important;cursor:pointer!important;padding:12px 15px!important;font-size:0.95em!important;line-height:1.5!important;list-style:none!important;color:#78350f!important;-webkit-text-fill-color:#78350f!important;}#frq2026note-ap-csa-2018-frq-4-arraytester summary::-webkit-details-marker{display:none!important;}#frq2026note-ap-csa-2018-frq-4-arraytester summary::marker{content:""""!important;}#frq2026note-ap-csa-2018-frq-4-arraytester summary:hover{background:#fef3c7!important;}#frq2026note-ap-csa-2018-frq-4-arraytester summary strong{font-weight:700!important;color:#78350f!important;-webkit-text-fill-color:#78350f!important;}#frq2026note-ap-csa-2018-frq-4-arraytester .n26-body{display:block!important;padding:0 15px 14px!important;font-size:0.92em!important;line-height:1.6!important;color:#78350f!important;-webkit-text-fill-color:#78350f!important;}#frq2026note-ap-csa-2018-frq-4-arraytester .n26-body p{margin:0 0 10px!important;color:#78350f!important;-webkit-text-fill-color:#78350f!important;}#frq2026note-ap-csa-2018-frq-4-arraytester .n26-body strong{font-weight:700!important;color:#78350f!important;-webkit-text-fill-color:#78350f!important;}#frq2026note-ap-csa-2018-frq-4-arraytester table{border-collapse:collapse!important;width:100%!important;margin:0 0 10px!important;font-size:0.95em!important;background:#fffdf5!important;}#frq2026note-ap-csa-2018-frq-4-arraytester th,#frq2026note-ap-csa-2018-frq-4-arraytester td{border:1px solid #fcd34d!important;padding:6px 9px!important;text-align:left!important;color:#78350f!important;-webkit-text-fill-color:#78350f!important;}#frq2026note-ap-csa-2018-frq-4-arraytester th{background:#fef3c7!important;font-weight:700!important;}#frq2026note-ap-csa-2018-frq-4-arraytester a{color:#92400e!important;-webkit-text-fill-color:#92400e!important;text-decoration:underline!important;}#frq2026note-ap-csa-2018-frq-4-arraytester .n26-src{font-size:0.85em!important;font-style:italic!important;margin:0!important;}</style>
<details id=""frq2026note-ap-csa-2018-frq-4-arraytester"">
<summary><strong>Heads up: the May 2027 exam scores free response differently from this one.</strong> Tap for the current point structure.</summary>
<div class=""n26-body"">
<p>Every AP CSA free-response question from 2004 through 2025 was worth <strong>9 points</strong>, and the section was 36. From 2026 the four questions are worth <strong>7, 7, 5 and 6</strong>, the section is <strong>25 points</strong>, and only Question 1 has parts.</p>
<table><tr><th>Question</th><th>Points</th><th>Parts</th><th>Type</th></tr><tr><td>Question 1</td><td><strong>7</strong></td><td>Part A 4 + Part B 3</td><td>Methods and Control Structures</td></tr><tr><td>Question 2</td><td><strong>7</strong></td><td>single part</td><td>Class Design</td></tr><tr><td>Question 3</td><td><strong>5</strong></td><td>single part</td><td>Data Analysis with ArrayList</td></tr><tr><td>Question 4</td><td><strong>6</strong></td><td>single part</td><td>2D Array</td></tr></table>
<p>Section I is now 42 multiple-choice questions at 55% of the score, and Section II is 45%. The question on this page is still worth practising. The 9 points printed below it are not the rubric you will be scored against.</p>
<p class=""n26-src"">Point totals from College Board's 2026 scoring guidelines; section weightings from the AP Computer Science A exam page. See the <a href=""/pages/ap-csa-frq-2026"">2026 questions</a> for the current format.</p>
</div>
</details>
<script type=""application/ld+json"">{""@context"":""https://schema.org"",""@type"":""FAQPage"",""mainEntity"":[{""@type"":""Question"",""name"":""What does 2018 AP CSA FRQ 4 ArrayTester test?"",""acceptedAnswer"":{""@type"":""Answer"",""text"":""FRQ 4 tests column extraction from a 2D array and Latin square validation using three helper methods. getColumn returns a 1D array of one column. isLatin checks three conditions using containsDuplicates, hasAllValues, and getColumn.""}},
    {""@type"":""Question"",""name"":""How many points is FRQ 4 worth?"",""acceptedAnswer"":{""@type"":""Answer"",""text"":""9 points: 4 for Part A (getColumn) and 5 for Part B (isLatin).""}},
    {""@type"":""Question"",""name"":""What are the three Latin square conditions?"",""acceptedAnswer"":{""@type"":""Answer"",""text"":""(1) No duplicates in the first row, (2) every row contains all values from the first row, (3) every column contains all values from the first row.""}},
    {""@type"":""Question"",""name"":""Why does isLatin check rows starting at r=1?"",""acceptedAnswer"":{""@type"":""Answer"",""text"":""The first row is used as the reference. Checking hasAllValues(square[0], square[0]) would always be true but wastes a check. Starting at r=1 skips the trivial self-check, though checking row 0 too would still earn full credit.""}}]}</script>
<script type=""application/ld+json"">{""@context"":""https://schema.org"",""@type"":""Article"",""headline"":""2018 AP CSA FRQ 4: ArrayTester - Complete Solution and Scoring Guide"",""description"":""Complete solution for 2018 AP CSA FRQ 4 (ArrayTester) with step-by-step explanations, scoring rubric, common mistakes, and exam tips."",""author"":{""@type"":""Person"",""name"":""Tanner Crow"",""url"":""https://www.wyzant.com/tutors/tannerc12""},""publisher"":{""@type"":""Organization"",""name"":""AP CS Exam Prep"",""url"":""https://www.apcsexamprep.com""},""datePublished"":""2018-09-01"",""dateModified"":""2026-03-14"",""educationalLevel"":""AP""}</script>
<script type=""application/ld+json"">{""@context"":""https://schema.org"",""@type"":""BreadcrumbList"",""itemListElement"":[{""@type"":""ListItem"",""position"":1,""name"":""FRQ Archive"",""item"":""https://www.apcsexamprep.com/pages/ap-csa-frq-archive""},{""@type"":""ListItem"",""position"":2,""name"":""2018 FRQs"",""item"":""https://www.apcsexamprep.com/pages/ap-csa-frq-2018""},{""@type"":""ListItem"",""position"":3,""name"":""FRQ 4: ArrayTester"",""item"":""https://www.apcsexamprep.com/pages/ap-csa-2018-frq-4-arraytester""}]}</script>
<div id=""frq18q4"">
<style>
.page-title,.article__title,.page__title,.template-page h1:first-of-type{display:none!important}
#frq18q4{all:initial!important;display:block!important;font-family:-apple-system,BlinkMacSystemFont,'Segoe UI',Roboto,Oxygen,Ubuntu,Cantarell,sans-serif!important;line-height:1.7!important;color:#1e293b!important;max-width:880px!important;margin:0 auto!important;padding:24px 20px 60px!important;-webkit-font-smoothing:antialiased!important;background:#ffffff!important}
#frq18q4 *{box-sizing:border-box!important}
#frq18q4 img{max-width:100%!important;height:auto!important}
#frq18q4 h1{font-size:2em!important;font-weight:800!important;color:#1e3a8a!important;-webkit-text-fill-color:#1e3a8a!important;margin:0 0 8px!important;line-height:1.2!important;border:none!important;padding:0!important}
#frq18q4 h2{font-size:1.5em!important;font-weight:700!important;color:#1e40af!important;-webkit-text-fill-color:#1e40af!important;margin:40px 0 16px!important;padding-left:12px!important;border-left:4px solid #60a5fa!important;border-bottom:none!important;line-height:1.3!important}
#frq18q4 h3{font-size:1.2em!important;font-weight:600!important;color:#1e40af!important;-webkit-text-fill-color:#1e40af!important;margin:24px 0 12px!important;line-height:1.3!important}
#frq18q4 h4{font-size:1.05em!important;font-weight:600!important;color:#334155!important;margin:20px 0 10px!important}
#frq18q4 p{margin:0 0 16px!important;color:#1e293b!important;font-size:16px!important;line-height:1.7!important}
#frq18q4 a{color:#2563eb!important;-webkit-text-fill-color:#2563eb!important;text-decoration:underline!important}
#frq18q4 a:link{color:#2563eb!important;-webkit-text-fill-color:#2563eb!important}
#frq18q4 a:visited{color:#2563eb!important;-webkit-text-fill-color:#2563eb!important}
#frq18q4 a:hover{color:#1d4ed8!important;-webkit-text-fill-color:#1d4ed8!important}
#frq18q4 strong{font-weight:700!important;color:#1e293b!important}
#frq18q4 ul,#frq18q4 ol{margin:0 0 16px!important;padding-left:24px!important;color:#1e293b!important}
#frq18q4 li{margin:0 0 8px!important;font-size:16px!important;line-height:1.7!important}
#frq18q4 .frq-breadcrumb{font-size:14px!important;color:#64748b!important;margin-bottom:24px!important;display:block!important}
#frq18q4 .frq-breadcrumb a{color:#2563eb!important;-webkit-text-fill-color:#2563eb!important;text-decoration:none!important;font-size:14px!important}
#frq18q4 .frq-breadcrumb a:link,#frq18q4 .frq-breadcrumb a:visited{color:#2563eb!important;-webkit-text-fill-color:#2563eb!important}
#frq18q4 .frq-year-label{display:inline-block!important;background:#dbeafe!important;color:#1e40af!important;font-size:13px!important;font-weight:600!important;padding:4px 12px!important;border-radius:4px!important;margin-bottom:8px!important;letter-spacing:0.5px!important;text-transform:uppercase!important}
#frq18q4 .frq-subtitle{color:#64748b!important;font-size:15px!important;margin:0 0 20px!important;line-height:1.6!important}
#frq18q4 .frq-badges{display:flex!important;flex-wrap:wrap!important;gap:8px!important;margin-bottom:24px!important}
#frq18q4 .frq-badge{display:inline-block!important;padding:6px 14px!important;border-radius:20px!important;font-size:13px!important;font-weight:600!important;line-height:1.4!important}
#frq18q4 .frq-badge-blue{background:#dbeafe!important;color:#1e40af!important}
#frq18q4 .frq-badge-green{background:#dcfce7!important;color:#166534!important}
#frq18q4 .frq-badge-purple{background:#ede9fe!important;color:#5b21b6!important}
#frq18q4 .frq-badge-amber{background:#fef3c7!important;color:#92400e!important}
#frq18q4 .frq-meta-table{width:100%!important;border-collapse:collapse!important;margin:0 0 24px!important;font-size:15px!important}
#frq18q4 .frq-meta-table td{padding:10px 16px!important;border-bottom:1px solid #e5e7eb!important;color:#1e293b!important;vertical-align:top!important}
#frq18q4 .frq-meta-table td:first-child{font-weight:600!important;color:#475569!important;width:160px!important}
#frq18q4 .frq-summary{background-color:#f0f9ff!important;border:1px solid #bae6fd!important;border-radius:8px!important;padding:20px 24px!important;margin:0 0 24px!important}
#frq18q4 .frq-summary h2{font-size:1.15em!important;margin:0 0 12px!important;padding-left:0!important;border-left:none!important;color:#0c4a6e!important;-webkit-text-fill-color:#0c4a6e!important}
#frq18q4 .frq-summary p{margin:0!important;color:#1e293b!important;font-size:15px!important;line-height:1.7!important}
#frq18q4 .frq-curriculum{background-color:#fefce8!important;border:1px solid #fde68a!important;border-radius:8px!important;padding:20px 24px!important;margin:0 0 24px!important}
#frq18q4 .frq-curriculum h2{font-size:1.15em!important;margin:0 0 12px!important;padding-left:0!important;border-left:none!important;color:#713f12!important;-webkit-text-fill-color:#713f12!important}
#frq18q4 .frq-curriculum p{margin:0 0 8px!important;color:#1e293b!important;font-size:15px!important}
#frq18q4 .frq-curriculum p:last-child{margin-bottom:0!important}
#frq18q4 .frq-jumplinks{display:flex!important;flex-wrap:wrap!important;gap:8px!important;margin:0 0 32px!important;padding:16px 0!important;border-top:1px solid #e5e7eb!important;border-bottom:1px solid #e5e7eb!important}
#frq18q4 .frq-jumplinks a{display:inline-block!important;padding:6px 14px!important;background:#f1f5f9!important;color:#334155!important;-webkit-text-fill-color:#334155!important;border-radius:6px!important;font-size:13px!important;font-weight:600!important;text-decoration:none!important}
#frq18q4 .frq-jumplinks a:link,#frq18q4 .frq-jumplinks a:visited{color:#334155!important;-webkit-text-fill-color:#334155!important}
#frq18q4 .frq-jumplinks a:hover{background:#e2e8f0!important;color:#1e293b!important;-webkit-text-fill-color:#1e293b!important}
#frq18q4 pre{background:#1e293b!important;color:#e2e8f0!important;padding:20px!important;border-radius:8px!important;overflow-x:auto!important;font-family:Consolas,Monaco,'Courier New',monospace!important;font-size:14px!important;line-height:1.6!important;white-space:pre!important;margin:16px 0!important;border:none!important}
#frq18q4 code{font-family:Consolas,Monaco,'Courier New',monospace!important;font-size:14px!important}
#frq18q4 p code,#frq18q4 li code,#frq18q4 td code{background:#f1f5f9!important;color:#be185d!important;padding:2px 6px!important;border-radius:4px!important;font-size:13px!important}
#frq18q4 table{width:100%!important;border-collapse:collapse!important;margin:16px 0!important;font-size:15px!important}
#frq18q4 th{background:#f8fafc!important;color:#334155!important;font-weight:600!important;padding:12px 16px!important;text-align:left!important;border-bottom:2px solid #cbd5e1!important}
#frq18q4 td{padding:10px 16px!important;border-bottom:1px solid #e5e7eb!important;color:#1e293b!important;vertical-align:top!important}
#frq18q4 .frq-intro{background-color:#eff6ff!important;padding:20px!important;border-radius:8px!important;margin:0 0 24px!important;border-left:4px solid #3b82f6!important}
#frq18q4 .practice-tip{background-color:#dcfce7!important;padding:16px 20px!important;border-radius:6px!important;margin:20px 0!important;border-left:4px solid #10b981!important}
#frq18q4 .key-insight{background-color:#dbeafe!important;padding:16px 20px!important;border-radius:6px!important;margin:20px 0!important;border-left:4px solid #3b82f6!important}
#frq18q4 .common-mistake{background-color:#fef2f2!important;padding:16px 20px!important;border-radius:6px!important;margin:20px 0!important;border-left:4px solid #ef4444!important}
#frq18q4 .scoring-guide{background-color:#f9fafb!important;border:1px solid #e5e7eb!important;border-radius:8px!important;padding:20px!important;margin:20px 0!important}
#frq18q4 .frq-collapsible{cursor:pointer!important;background:#f8fafc!important;border:1px solid #e2e8f0!important;border-radius:8px!important;padding:16px 20px!important;margin:16px 0!important;font-weight:600!important;font-size:15px!important;color:#1e40af!important;-webkit-text-fill-color:#1e40af!important;display:block!important;width:100%!important;text-align:left!important}
#frq18q4 .frq-collapsible:hover{background:#eef2ff!important}
#frq18q4 .frq-collapsible-content{display:none!important;padding:20px!important;border:1px solid #e2e8f0!important;border-top:none!important;border-radius:0 0 8px 8px!important;margin-top:-17px!important;background:#ffffff!important}
#frq18q4 .frq-collapsible-content.open{display:block!important}
#frq18q4 .frq-editor{position:relative!important;margin:20px 0!important}
#frq18q4 .frq-editor textarea{width:100%!important;min-height:200px!important;font-family:Consolas,Monaco,'Courier New',monospace!important;font-size:14px!important;line-height:1.6!important;padding:16px!important;border:2px solid #cbd5e1!important;border-radius:8px!important;background:#1e293b!important;color:#e2e8f0!important;resize:vertical!important;tab-size:4!important;-moz-tab-size:4!important;white-space:pre!important;overflow-wrap:normal!important;overflow-x:auto!important}
#frq18q4 .frq-editor textarea:focus{border-color:#3b82f6!important;outline:none!important;box-shadow:0 0 0 3px rgba(59,130,246,0.15)!important}
#frq18q4 .frq-editor textarea::placeholder{color:#64748b!important}
#frq18q4 .frq-editor-hint{display:block!important;text-align:right!important;font-size:11px!important;color:#94a3b8!important;margin-top:4px!important;font-style:italic!important;padding-right:4px!important}
#frq18q4 .btn{display:inline-block!important;padding:12px 24px!important;background-color:#3b82f6!important;color:white!important;-webkit-text-fill-color:white!important;text-decoration:none!important;border-radius:6px!important;font-weight:600!important;font-size:15px!important;border:none!important;cursor:pointer!important;opacity:1!important;visibility:visible!important}
#frq18q4 .btn:hover{background-color:#2563eb!important;color:white!important;-webkit-text-fill-color:white!important}
#frq18q4 a.btn:link,#frq18q4 a.btn:visited{color:white!important;-webkit-text-fill-color:white!important;text-decoration:none!important}
#frq18q4 .btn-sm{padding:8px 16px!important;font-size:13px!important}
#frq18q4 .btn-outline{background:transparent!important;border:2px solid #3b82f6!important;color:#3b82f6!important;-webkit-text-fill-color:#3b82f6!important}
#frq18q4 a.btn-outline:link,#frq18q4 a.btn-outline:visited{color:#3b82f6!important;-webkit-text-fill-color:#3b82f6!important;text-decoration:none!important}
#frq18q4 .btn-outline:hover{background:#3b82f6!important;color:white!important;-webkit-text-fill-color:white!important}
#frq18q4 .btn-green{background-color:#16a34a!important;color:white!important;-webkit-text-fill-color:white!important}
#frq18q4 a.btn-green:link,#frq18q4 a.btn-green:visited{color:white!important;-webkit-text-fill-color:white!important;text-decoration:none!important}
#frq18q4 .btn-green:hover{background-color:#15803d!important}
#frq18q4 .frq-timer{display:flex!important;align-items:center!important;gap:12px!important;margin:20px 0!important;padding:12px 20px!important;background:#f8fafc!important;border:1px solid #e2e8f0!important;border-radius:8px!important}
#frq18q4 .frq-timer-label{font-weight:600!important;color:#475569!important;font-size:14px!important}
#frq18q4 .frq-timer-display{font-family:Consolas,Monaco,monospace!important;font-size:24px!important;font-weight:700!important;color:#1e293b!important;min-width:80px!important}
#frq18q4 .frq-timer button{padding:6px 14px!important;border-radius:4px!important;border:1px solid #cbd5e1!important;background:#ffffff!important;color:#475569!important;-webkit-text-fill-color:#475569!important;font-size:13px!important;font-weight:600!important;cursor:pointer!important}
#frq18q4 .mistake-block{border:1px solid #e5e7eb!important;border-radius:8px!important;margin:20px 0!important;overflow:hidden!important}
#frq18q4 .mistake-header{padding:14px 20px!important;font-weight:600!important;font-size:15px!important;color:#1e293b!important;background:#fef2f2!important;border-bottom:1px solid #e5e7eb!important}
#frq18q4 .mistake-body{padding:16px 20px!important}
#frq18q4 .mistake-label{display:inline-block!important;font-size:12px!important;font-weight:700!important;text-transform:uppercase!important;letter-spacing:0.5px!important;padding:3px 8px!important;border-radius:4px!important;margin-bottom:8px!important}
#frq18q4 .mistake-wrong{background:#fef2f2!important;color:#dc2626!important}
#frq18q4 .mistake-right{background:#dcfce7!important;color:#16a34a!important}
#frq18q4 .exam-tip{padding:12px 16px 12px 44px!important;background:#f0fdf4!important;border-radius:6px!important;margin:10px 0!important;position:relative!important;font-size:15px!important;line-height:1.6!important;color:#1e293b!important}
#frq18q4 .exam-tip::before{content:'\2713'!important;position:absolute!important;left:16px!important;top:12px!important;color:#16a34a!important;font-weight:700!important;font-size:16px!important}
#frq18q4 .related-card{display:block!important;padding:16px 20px!important;border:1px solid #e5e7eb!important;border-radius:8px!important;margin:10px 0!important;text-decoration:none!important}
#frq18q4 .related-card:hover{border-color:#3b82f6!important;background:#f8fafc!important}
#frq18q4 a.related-card:link,#frq18q4 a.related-card:visited{text-decoration:none!important}
#frq18q4 .related-card .card-type{font-size:12px!important;font-weight:600!important;text-transform:uppercase!important;color:#64748b!important;letter-spacing:0.5px!important;margin-bottom:4px!important;display:block!important}
#frq18q4 .related-card .card-title{font-size:15px!important;font-weight:600!important;color:#1e40af!important;-webkit-text-fill-color:#1e40af!important;display:block!important}
#frq18q4 .cta-box{background:linear-gradient(135deg,#1e3a8a 0%,#1e40af 100%)!important;color:#ffffff!important;padding:32px!important;border-radius:12px!important;margin:32px 0!important;text-align:center!important}
#frq18q4 .cta-box h3{color:#ffffff!important;-webkit-text-fill-color:#ffffff!important;font-size:1.3em!important;margin:0 0 12px!important}
#frq18q4 .cta-box p{color:#dbeafe!important;font-size:15px!important}
#frq18q4 .cta-box .btn{background:#ffffff!important;color:#1e40af!important;-webkit-text-fill-color:#1e40af!important}
#frq18q4 .cta-box a.btn:link,#frq18q4 .cta-box a.btn:visited{color:#1e40af!important;-webkit-text-fill-color:#1e40af!important}
#frq18q4 .tutor-cta{background:#f8fafc!important;border:1px solid #e2e8f0!important;border-radius:12px!important;padding:28px!important;margin:32px 0!important}
#frq18q4 .tutor-stats{display:flex!important;gap:24px!important;flex-wrap:wrap!important;margin:16px 0!important}
#frq18q4 .tutor-stat{text-align:center!important}
#frq18q4 .tutor-stat-value{font-size:20px!important;font-weight:700!important;color:#1e40af!important;-webkit-text-fill-color:#1e40af!important;display:block!important}
#frq18q4 .tutor-stat-label{font-size:12px!important;color:#64748b!important}
#frq18q4 .frq-nav{display:flex!important;justify-content:space-between!important;align-items:center!important;margin:40px 0 20px!important;gap:12px!important;flex-wrap:wrap!important}
#frq18q4 .frq-footer-links{text-align:center!important;margin:16px 0 0!important;font-size:14px!important;color:#64748b!important}
#frq18q4 .frq-footer-links a{color:#2563eb!important;-webkit-text-fill-color:#2563eb!important;font-size:14px!important}
#frq18q4 .scoring-summary{margin:24px 0!important}
#frq18q4 .scoring-summary table{width:100%!important}
#frq18q4 .scoring-summary td:last-child,#frq18q4 .scoring-summary th:last-child{text-align:center!important;font-weight:700!important}
#frq18q4 .faq-item{border-bottom:1px solid #e5e7eb!important;padding:20px 0!important}
#frq18q4 .faq-item:last-child{border-bottom:none!important}
#frq18q4 .faq-q{font-weight:600!important;color:#1e293b!important;font-size:16px!important;margin:0 0 8px!important}
#frq18q4 .faq-a{color:#475569!important;font-size:15px!important;line-height:1.7!important;margin:0!important}
#frq18q4 .frq-pdf-wrap{width:100%!important;border:2px solid #cbd5e1!important;border-radius:8px!important;overflow:hidden!important;margin:16px 0 20px!important;background:#f1f5f9!important}
#frq18q4 .frq-pdf-wrap iframe{width:100%!important;height:680px!important;border:none!important;display:block!important}
#frq18q4 .frq-pdf-fallback{padding:20px!important;text-align:center!important;background:#f8fafc!important;display:none!important;font-size:14px!important;color:#475569!important}
#frq18q4 .frq-video-wrap{position:relative!important;padding-bottom:56.25%!important;height:0!important;overflow:hidden!important;border-radius:8px!important;margin:16px 0!important;background:#0f172a!important}
#frq18q4 .frq-video-wrap iframe{position:absolute!important;top:0!important;left:0!important;width:100%!important;height:100%!important;border:none!important;border-radius:8px!important}
#frq18q4 .frq-editor textarea::selection{background:#3b82f6!important;color:#ffffff!important;-webkit-text-fill-color:#ffffff!important}
#frq18q4 .frq-editor textarea::-moz-selection{background:#3b82f6!important;color:#ffffff!important}
@media(max-width:640px){
#frq18q4{padding:16px 14px 40px!important}
#frq18q4 h1{font-size:1.5em!important}
#frq18q4 h2{font-size:1.25em!important}
#frq18q4 .frq-timer{flex-wrap:wrap!important}
#frq18q4 .tutor-stats{gap:16px!important}
#frq18q4 .frq-nav{flex-direction:column!important;align-items:stretch!important}
#frq18q4 .frq-nav .btn{text-align:center!important}
}
</style>
<div class=""frq-breadcrumb"">
<a href=""/pages/ap-csa-frq-archive"">FRQ Archive</a> ›
<a href=""/pages/ap-csa-frq-2018"">2018 FRQs</a> ›
FRQ 4: ArrayTester
</div>
<div class=""frq-year-label"">2018 AP CSA • 2D Array</div>
<h1>AP CSA 2018 FRQ 4: ArrayTester</h1>
<p class=""frq-subtitle"">Complete solution, scoring rubric, and walkthrough — verified from the official College Board PDF</p>
<div class=""frq-badges"">
<span class=""frq-badge frq-badge-blue"">9 Points</span>
<span class=""frq-badge frq-badge-amber"">Medium-Hard</span>
<span class=""frq-badge frq-badge-amber"">Unit 4</span>
</div>
<table class=""frq-meta-table"">
<tr>
<td>Question Type</td>
<td>2D Array</td>
</tr>
<tr>
<td>Skills Tested</td>
<td>Column extraction into 1D array, Latin square three-condition check using helper methods</td>
</tr>
<tr>
<td>Difficulty</td>
<td>Medium-Hard</td>
</tr>
<tr>
<td>Recommended Time</td>
<td>22 minutes</td>
</tr>
</table>
<div class=""frq-summary"">
<h2>What This Problem Asks</h2>
<p>2018 AP CSA FRQ 4 ArrayTester asks students to write two static methods. <code>getColumn</code> extracts one column from a 2D array into a new 1D array. <code>isLatin</code> checks three conditions for a Latin square — no first-row duplicates, all rows contain first-row values, all columns contain first-row values — using three provided helper methods.</p>
</div>
<div class=""frq-curriculum"">
<h2>What This FRQ Tests</h2>
<p>This FRQ tests <a href=""/pages/ap-csa-unit-4-data-collections-study-guide""><strong>Unit 4: 2D Arrays</strong></a> and <a href=""/pages/unit-2-selection-and-iteration-ultimate-study-guide""><strong>Unit 2</strong></a> (loops, early return, chaining helper methods).</p>
</div>
<div class=""frq-jumplinks"">
<a href=""#frq18q4-pdf"">Official PDF</a>
<a href=""#frq18q4-code"">Provided Code</a>
<a href=""#frq18q4-parta"">Part A</a>
<a href=""#frq18q4-partb"">Part B</a>
<a href=""#frq18q4-mistakes"">Mistakes</a>
<a href=""#frq18q4-tips"">Tips</a>
<a href=""#frq18q4-faq"">FAQ</a>
</div>
<div id=""frq18q4-pdf"">
<h2>Official Question &amp; PDF</h2>
<p>
<a href=""https://secure-media.collegeboard.org/apc/ap18-frq-computer-science-a.pdf"" target=""_blank"" rel=""noopener"" class=""btn btn-sm"">Download Full FRQ PDF →</a>
</p>
<div class=""frq-pdf-wrap"">
<iframe src=""https://secure-media.collegeboard.org/apc/ap18-frq-computer-science-a.pdf#page=13"" title=""2018 AP CSA FRQ 4 ArrayTester"" loading=""lazy"" id=""frq18q4-pdf-iframe""></iframe>
<div class=""frq-pdf-fallback"" id=""frq18q4-pdf-fallback"">
<p>PDF cannot display on this device. <a href=""https://secure-media.collegeboard.org/apc/ap18-frq-computer-science-a.pdf"" target=""_blank"" rel=""noopener"">Open PDF directly →</a></p>
</div>
</div>
</div>
<div class=""frq-timer"">
<span class=""frq-timer-label"">Timer</span>
<span class=""frq-timer-display"" id=""frq18q4-timer"">22:00</span>
<button onclick=""frq18q4Start()"">Start</button>
<button onclick=""frq18q4Pause()"">Pause</button>
<button onclick=""frq18q4Reset()"">Reset</button>
</div>
<div id=""frq18q4-code"">
<h2>Provided Code</h2>
<pre>public class ArrayTester
{
    /** Returns 1D array of column c from arr2D, in same row order. */
        public static int[] getColumn(int[][] arr2D, int c) {
        /* part (a) */
    }
    /** Returns true if every value in arr1 appears in arr2. */
    public static boolean hasAllValues(int[] arr1, int[] arr2) { /* not shown */ }
    /** Returns true if arr contains any duplicate values. */
    public static boolean containsDuplicates(int[] arr) { /* not shown */ }
    /** Returns true if square is a Latin square:
     *  - first row has no duplicates
     *  - each row contains all values from first row
     *  - each column contains all values from first row */
        public static boolean isLatin(int[][] square) {
        /* part (b) */
    }
}</pre>
</div>
<div id=""frq18q4-parta"">
<h2>Part A — 4 Points</h2>
<p>Write <code>getColumn</code>: return a new 1D array containing the elements of column <code>c</code> in the same row order as they appear in <code>arr2D</code>.</p>
<h3>Write Your Solution</h3>
<div class=""frq-editor"">
<textarea id=""frq18q4-ea"" placeholder=""// Write Part A here...
// Tab to indent | Brackets auto-close | Enter auto-indents""></textarea>
<span class=""frq-editor-hint"">Drag corner to expand ▽</span>
</div>
<p>
<button class=""btn btn-sm btn-green"" onclick=""document.getElementById('frq18q4-sola').classList.add('open')"">Check Answer</button>
 
<button class=""btn btn-sm btn-outline"" onclick=""document.getElementById('frq18q4-ea').value=''"">Clear</button>
</p>
<button class=""frq-collapsible"" onclick=""this.nextElementSibling.classList.toggle('open')"">View Solution and Rubric ▼</button>
<div class=""frq-collapsible-content"" id=""frq18q4-sola"">
<h4>Scoring Rubric (Part A — 4 points)</h4>
<table>
<tr>
<td><strong>+1</strong></td>
<td>Creates and returns a new 1D int array of length <code>arr2D.length</code>
</td>
</tr>
<tr>
<td><strong>+1</strong></td>
<td>Traverses the rows of <code>arr2D</code>
</td>
</tr>
<tr>
<td><strong>+1</strong></td>
<td>Accesses the correct column element: <code>arr2D[r][c]</code>
</td>
</tr>
<tr>
<td><strong>+1</strong></td>
<td>Stores elements in the result array in the correct order (algorithm)</td>
</tr>
</table>
<h4>Solution</h4>
<pre>public static int[] getColumn(int[][] arr2D, int c)
{
    int[] result = new int[arr2D.length];
    for (int r = 0; r &lt; arr2D.length; r++)
    {
        result[r] = arr2D[r][c];
    }
    return result;
}</pre>
</div>
</div>
<div id=""frq18q4-partb"">
<h2>Part B — 5 Points</h2>
<p>Write <code>isLatin</code>: return <code>true</code> if and only if the 2D square array is a Latin square (no first-row duplicates, all rows match first-row values, all columns match first-row values). Must use <code>getColumn</code>, <code>hasAllValues</code>, and <code>containsDuplicates</code>.</p>
<h3>Write Your Solution</h3>
<div class=""frq-editor"">
<textarea id=""frq18q4-eb"" placeholder=""// Write Part B here...
// Tab to indent | Brackets auto-close | Enter auto-indents""></textarea>
<span class=""frq-editor-hint"">Drag corner to expand ▽</span>
</div>
<p>
<button class=""btn btn-sm btn-green"" onclick=""document.getElementById('frq18q4-solb').classList.add('open')"">Check Answer</button>
 
<button class=""btn btn-sm btn-outline"" onclick=""document.getElementById('frq18q4-eb').value=''"">Clear</button>
</p>
<button class=""frq-collapsible"" onclick=""this.nextElementSibling.classList.toggle('open')"">View Solution and Rubric ▼</button>
<div class=""frq-collapsible-content"" id=""frq18q4-solb"">
<h4>Scoring Rubric (Part B — 5 points)</h4>
<table>
<tr>
<td><strong>+1</strong></td>
<td>Calls <code>containsDuplicates</code> on the first row</td>
</tr>
<tr>
<td><strong>+1</strong></td>
<td>Calls <code>hasAllValues</code> to check each row against the first row</td>
</tr>
<tr>
<td><strong>+1</strong></td>
<td>Calls <code>getColumn</code> and <code>hasAllValues</code> to check each column</td>
</tr>
<tr>
<td><strong>+1</strong></td>
<td>Returns false when any condition fails (algorithm)</td>
</tr>
<tr>
<td><strong>+1</strong></td>
<td>Returns true only when all conditions pass (algorithm)</td>
</tr>
</table>
<h4>Solution</h4>
<pre>public static boolean isLatin(int[][] square)
{
    if (containsDuplicates(square[0]))
    {
        return false;
    }
    for (int r = 1; r &lt; square.length; r++)
    {
        if (!hasAllValues(square[0], square[r]))
        {
            return false;
        }
    }
    for (int c = 0; c &lt; square[0].length; c++)
    {
        if (!hasAllValues(square[0], getColumn(square, c)))
        {
            return false;
        }
    }
    return true;
}</pre>
<div class=""key-insight"">
<strong>Three checks:</strong> (1) No duplicates in first row; (2) each row contains all values from first row; (3) each column contains all values from first row. Use all three provided helper methods: <code>containsDuplicates</code>, <code>hasAllValues</code>, and <code>getColumn</code>.</div>
</div>
</div>
<div id=""frq18q4-mistakes"">
<h2>Common Mistakes to Avoid</h2>
<div class=""mistake-block"">
<div class=""mistake-header"">Wrong size for the array in getColumn</div>
<div class=""mistake-body"">
<p>The result array holds one element per row: <code>new int[arr2D.length]</code>. Using <code>arr2D[0].length</code> (number of columns) creates an array of the wrong size.</p>
</div>
</div>
<div class=""mistake-block"">
<div class=""mistake-header"">Not using all three helper methods in isLatin</div>
<div class=""mistake-body"">
<p>The rubric requires calling containsDuplicates, hasAllValues, AND getColumn. Missing any of them loses dedicated rubric points.</p>
</div>
</div>
</div>
<div id=""frq18q4-tips"">
<h2>Exam Tips</h2>
<div class=""exam-tip"">Part B explicitly requires using all three helper methods. The rubric awards separate points for each one being called correctly.</div>
<div class=""exam-tip"">Part B says ""Assume getColumn works as intended."" Use it in isLatin even if your Part A is wrong.</div>
</div>
<div class=""scoring-summary"">
<h2>Scoring Summary</h2>
<table>
<tr>
<th>Part</th>
<th>Method</th>
<th>Points</th>
</tr>
<tr>
<td>Part A</td>
<td><code>Write</code></td>
<td>4</td>
</tr>
<tr>
<td>Part B</td>
<td><code>Write</code></td>
<td>5</td>
</tr>
<tr>
<td><strong>Total</strong></td>
<td></td>
<td><strong>9</strong></td>
</tr>
</table>
</div>
<div class=""cta-box"">
<h3>Want the Complete 2018 FRQ Solutions?</h3>
<p>Browse all past AP CSA FRQs with full solutions and scoring breakdowns.</p>
<p style=""margin-top:16px!important""><a href=""/pages/ap-csa-frq-archive"" class=""btn"">FRQ Archive →</a></p>
</div>
<h2>Related FRQs</h2>
<a href=""/pages/ap-csa-2021-frq-4-arrayresizer"" class=""related-card"">
<span class=""card-type"">2D Array</span>
<span class=""card-title"">2021 FRQ 4: ArrayResizer — Filter 2D array rows using helper method</span>
</a>
<a href=""/pages/ap-csa-2023-frq-4-boxofcandy"" class=""related-card"">
<span class=""card-type"">2D Array</span>
<span class=""card-title"">2023 FRQ 4: BoxOfCandy — 2D array column operations and specified traversal</span>
</a>
<h2>Study the Concepts</h2>
<p><a href=""/pages/ap-csa-unit-4-data-collections-study-guide"" class=""btn"">Unit 4 Study Guide →</a></p>
<div class=""tutor-cta"">
<h3>Struggling with FRQs? Get 1-on-1 Help</h3>
<p>Work directly with Tanner — AP CS teacher with 11+ years experience and 1,845+ verified tutoring hours. 54.5% of students score 5s (vs. 25.5% national average).</p>
<div class=""tutor-stats"">
<div class=""tutor-stat"">
<span class=""tutor-stat-value"">5.0</span><span class=""tutor-stat-label"">Rating (451+ reviews)</span>
</div>
<div class=""tutor-stat"">
<span class=""tutor-stat-value"">1,845+</span><span class=""tutor-stat-label"">Verified Hours</span>
</div>
<div class=""tutor-stat"">
<span class=""tutor-stat-value"">54.5%</span><span class=""tutor-stat-label"">Score 5s</span>
</div>
</div>
<p style=""margin-top:16px!important""><a href=""/pages/ap-computer-science-tutor"" class=""btn"">Book a Session ($150/hr) →</a></p>
<p style=""font-size:13px!important;color:#64748b!important;margin-top:8px!important"">5-session packages at $125/hr. Venmo, Zelle, PayPal, or credit card.</p>
</div>
<div id=""frq18q4-faq"">
<h2>Frequently Asked Questions</h2>
<div class=""faq-item"">
<p class=""faq-q"">What does 2018 AP CSA FRQ 4 ArrayTester test?</p>
<p class=""faq-a"">FRQ 4 tests column extraction from a 2D array and Latin square validation using three helper methods. getColumn returns a 1D array of one column. isLatin checks three conditions using containsDuplicates, hasAllValues, and getColumn.</p>
</div>
<div class=""faq-item"">
<p class=""faq-q"">How many points is FRQ 4 worth?</p>
<p class=""faq-a"">9 points: 4 for Part A (getColumn) and 5 for Part B (isLatin).</p>
</div>
<div class=""faq-item"">
<p class=""faq-q"">What are the three Latin square conditions?</p>
<p class=""faq-a"">(1) No duplicates in the first row, (2) every row contains all values from the first row, (3) every column contains all values from the first row.</p>
</div>
<div class=""faq-item"">
<p class=""faq-q"">Why does isLatin check rows starting at r=1?</p>
<p class=""faq-a"">The first row is used as the reference. Checking hasAllValues(square[0], square[0]) would always be true but wastes a check. Starting at r=1 skips the trivial self-check, though checking row 0 too would still earn full credit.</p>
</div>
</div>
<div class=""frq-nav"">
<a href=""/pages/ap-csa-2018-frq-3-codewordchecker"" class=""btn btn-outline"">← FRQ 3: CodeWordChecker</a>
<a href=""/pages/ap-csa-frq-2018"" class=""btn btn-outline"">2018 FRQ Index</a>

</div>
<div class=""frq-footer-links"">
<a href=""/pages/ap-csa-frq-archive"">Complete FRQ Archive (2004–2025)</a> •
<a href=""/pages/ap-csa-frqs-by-topic"">FRQs by Topic</a>
</div>
</div>
<script>
(function(){
var frq18q4S=22*60,frq18q4I=null,frq18q4R=false;
function frq18q4D(){var m=Math.floor(frq18q4S/60),s=frq18q4S%60;var e=document.getElementById('frq18q4-timer');if(e)e.textContent=m+':'+(s<10?'0':'')+s;}
window.frq18q4Start=function(){if(frq18q4R)return;frq18q4R=true;frq18q4I=setInterval(function(){if(frq18q4S>0){frq18q4S--;frq18q4D();}else{clearInterval(frq18q4I);frq18q4R=false;}},1000);};
window.frq18q4Pause=function(){clearInterval(frq18q4I);frq18q4R=false;};
window.frq18q4Reset=function(){clearInterval(frq18q4I);frq18q4R=false;frq18q4S=22*60;frq18q4D();};
var IND='    ';
function getInd(t,p){var ls=t.lastIndexOf('\n',p-1)+1;var m=t.substring(ls).match(/^([ \t]*)/);return m?m[1]:'';}
function initEd(el){
  if(!el)return;
  el.addEventListener('keydown',function(e){
    var ta=this,s=ta.selectionStart,end=ta.selectionEnd,v=ta.value;
    if(e.key==='Tab'){e.preventDefault();if(e.shiftKey){var ls=v.lastIndexOf('\n',s-1)+1;var lt=v.substring(ls);if(lt.substring(0,IND.length)===IND){ta.value=v.substring(0,ls)+lt.substring(IND.length);ta.selectionStart=ta.selectionEnd=Math.max(s-IND.length,ls);}}else{ta.value=v.substring(0,s)+IND+v.substring(end);ta.selectionStart=ta.selectionEnd=s+IND.length;}return;}
    var P={'(':')','[':']','{':'}','""':'""',""'"":""'""};
    if(P[e.key]){var cl=P[e.key];if(e.key==='""'||e.key===""'""){if(v.charAt(s)===e.key){e.preventDefault();ta.selectionStart=ta.selectionEnd=s+1;return;}var bf=v.substring(0,s);var ct=0;for(var i=0;i<bf.length;i++)if(bf[i]===e.key)ct++;if(ct%2===1)return;}if(v.charAt(s)===cl&&e.key!==cl){e.preventDefault();ta.selectionStart=ta.selectionEnd=s+1;return;}e.preventDefault();ta.value=v.substring(0,s)+e.key+cl+v.substring(end);ta.selectionStart=ta.selectionEnd=s+1;return;}
    var CLOSE=[')','[',']',String.fromCharCode(125)];
    if(CLOSE.indexOf(e.key)>=0&&e.key!==String.fromCharCode(91)){if(v.charAt(s)===e.key){e.preventDefault();ta.selectionStart=ta.selectionEnd=s+1;return;}}
    if(e.key==='Backspace'&&s===end&&s>0){var bc=v.charAt(s-1);var ac=v.charAt(s);if(P[bc]&&P[bc]===ac){e.preventDefault();ta.value=v.substring(0,s-1)+v.substring(s+1);ta.selectionStart=ta.selectionEnd=s-1;return;}}
  });
  el.addEventListener('beforeinput',function(e){
    if(e.inputType==='insertLineBreak'||e.inputType==='insertParagraph'){
      e.preventDefault();var ta=this;var v=ta.value;var s=ta.selectionStart;var end=ta.selectionEnd;
      var ind=getInd(v,s);var cb=v.charAt(s-1);var ca=v.charAt(s);
      var OB=String.fromCharCode(123);var CB=String.fromCharCode(125);
      if(cb===OB&&ca===CB){var nt='\n'+ind+IND+'\n'+ind;ta.value=v.substring(0,s)+nt+v.substring(end);ta.selectionStart=ta.selectionEnd=s+1+ind.length+IND.length;}
      else if(cb===OB){var nt='\n'+ind+IND;ta.value=v.substring(0,s)+nt+v.substring(end);ta.selectionStart=ta.selectionEnd=s+nt.length;}
      else{var nt='\n'+ind;ta.value=v.substring(0,s)+nt+v.substring(end);ta.selectionStart=ta.selectionEnd=s+nt.length;}
    }
  });
}
  initEd(document.getElementById('frq18q4-ea'));
  initEd(document.getElementById('frq18q4-eb'));
(function(){var m=/Android|iPhone|iPad|iPod|Opera Mini|IEMobile/i.test(navigator.userAgent);if(m){var ifr=document.getElementById('frq18q4-pdf-iframe');var fb=document.getElementById('frq18q4-pdf-fallback');if(ifr&&fb){ifr.style.display='none';fb.style.display='block';}};})();
})();
</script>","TRUE","2026-03-01 12:00:00"
"ap-csa-2019-frq-1-apcalendar","MERGE","<style>#frq2026note-ap-csa-2019-frq-1-apcalendar{all:initial!important;display:block!important;box-sizing:border-box!important;font-family:-apple-system,BlinkMacSystemFont,""Segoe UI"",Roboto,Helvetica,Arial,sans-serif!important;background:#fffbeb!important;border:1px solid #fcd34d!important;border-left:5px solid #d97706!important;border-radius:8px!important;margin:0 0 18px 0!important;padding:0!important;overflow:hidden!important;}#frq2026note-ap-csa-2019-frq-1-apcalendar *{box-sizing:border-box!important;font-family:inherit!important;}#frq2026note-ap-csa-2019-frq-1-apcalendar summary{display:block!important;cursor:pointer!important;padding:12px 15px!important;font-size:0.95em!important;line-height:1.5!important;list-style:none!important;color:#78350f!important;-webkit-text-fill-color:#78350f!important;}#frq2026note-ap-csa-2019-frq-1-apcalendar summary::-webkit-details-marker{display:none!important;}#frq2026note-ap-csa-2019-frq-1-apcalendar summary::marker{content:""""!important;}#frq2026note-ap-csa-2019-frq-1-apcalendar summary:hover{background:#fef3c7!important;}#frq2026note-ap-csa-2019-frq-1-apcalendar summary strong{font-weight:700!important;color:#78350f!important;-webkit-text-fill-color:#78350f!important;}#frq2026note-ap-csa-2019-frq-1-apcalendar .n26-body{display:block!important;padding:0 15px 14px!important;font-size:0.92em!important;line-height:1.6!important;color:#78350f!important;-webkit-text-fill-color:#78350f!important;}#frq2026note-ap-csa-2019-frq-1-apcalendar .n26-body p{margin:0 0 10px!important;color:#78350f!important;-webkit-text-fill-color:#78350f!important;}#frq2026note-ap-csa-2019-frq-1-apcalendar .n26-body strong{font-weight:700!important;color:#78350f!important;-webkit-text-fill-color:#78350f!important;}#frq2026note-ap-csa-2019-frq-1-apcalendar table{border-collapse:collapse!important;width:100%!important;margin:0 0 10px!important;font-size:0.95em!important;background:#fffdf5!important;}#frq2026note-ap-csa-2019-frq-1-apcalendar th,#frq2026note-ap-csa-2019-frq-1-apcalendar td{border:1px solid #fcd34d!important;padding:6px 9px!important;text-align:left!important;color:#78350f!important;-webkit-text-fill-color:#78350f!important;}#frq2026note-ap-csa-2019-frq-1-apcalendar th{background:#fef3c7!important;font-weight:700!important;}#frq2026note-ap-csa-2019-frq-1-apcalendar a{color:#92400e!important;-webkit-text-fill-color:#92400e!important;text-decoration:underline!important;}#frq2026note-ap-csa-2019-frq-1-apcalendar .n26-src{font-size:0.85em!important;font-style:italic!important;margin:0!important;}</style>
<details id=""frq2026note-ap-csa-2019-frq-1-apcalendar"">
<summary><strong>Heads up: the May 2027 exam scores free response differently from this one.</strong> Tap for the current point structure.</summary>
<div class=""n26-body"">
<p>Every AP CSA free-response question from 2004 through 2025 was worth <strong>9 points</strong>, and the section was 36. From 2026 the four questions are worth <strong>7, 7, 5 and 6</strong>, the section is <strong>25 points</strong>, and only Question 1 has parts.</p>
<table><tr><th>Question</th><th>Points</th><th>Parts</th><th>Type</th></tr><tr><td>Question 1</td><td><strong>7</strong></td><td>Part A 4 + Part B 3</td><td>Methods and Control Structures</td></tr><tr><td>Question 2</td><td><strong>7</strong></td><td>single part</td><td>Class Design</td></tr><tr><td>Question 3</td><td><strong>5</strong></td><td>single part</td><td>Data Analysis with ArrayList</td></tr><tr><td>Question 4</td><td><strong>6</strong></td><td>single part</td><td>2D Array</td></tr></table>
<p>Section I is now 42 multiple-choice questions at 55% of the score, and Section II is 45%. The question on this page is still worth practising. The 9 points printed below it are not the rubric you will be scored against.</p>
<p class=""n26-src"">Point totals from College Board's 2026 scoring guidelines; section weightings from the AP Computer Science A exam page. See the <a href=""/pages/ap-csa-frq-2026"">2026 questions</a> for the current format.</p>
</div>
</details>
<script type=""application/ld+json"">{""@context"":""https://schema.org"",""@type"":""FAQPage"",""mainEntity"":[{""@type"":""Question"",""name"":""What does 2019 AP CSA FRQ 1 APCalendar test?"",""acceptedAnswer"":{""@type"":""Answer"",""text"":""FRQ 1 tests static method calls with helper functions. numberOfLeapYears loops year1 to year2 counting isLeapYear calls. dayOfWeek uses a formula combining firstDayOfYear and dayOfYear with modulo 7.""}},
    {""@type"":""Question"",""name"":""How many points is 2019 FRQ 1 worth?"",""acceptedAnswer"":{""@type"":""Answer"",""text"":""9 points: 4 for Part A (numberOfLeapYears) and 5 for Part B (dayOfWeek).""}},
    {""@type"":""Question"",""name"":""What is the formula for dayOfWeek?"",""acceptedAnswer"":{""@type"":""Answer"",""text"":""(firstDayOfYear(year) + dayOfYear(month, day, year) - 1) % 7. The -1 is because dayOfYear returns 1 for January 1 (not 0).""}},
    {""@type"":""Question"",""name"":""Why use static methods here?"",""acceptedAnswer"":{""@type"":""Answer"",""text"":""APCalendar uses all static methods (no instance needed) for calendar calculations. Static is appropriate when methods don't depend on any object state.""}}]}</script>
<script type=""application/ld+json"">{""@context"":""https://schema.org"",""@type"":""Article"",""headline"":""2019 AP CSA FRQ 1: APCalendar - Complete Solution and Scoring Guide"",""description"":""Complete solution for 2019 AP CSA FRQ 1 (APCalendar) with step-by-step explanations, scoring rubric, common mistakes, and exam tips."",""author"":{""@type"":""Person"",""name"":""Tanner Crow"",""url"":""https://www.wyzant.com/tutors/tannerc12""},""publisher"":{""@type"":""Organization"",""name"":""AP CS Exam Prep"",""url"":""https://www.apcsexamprep.com""},""datePublished"":""2019-09-01"",""dateModified"":""2026-03-14"",""educationalLevel"":""AP""}</script>
<script type=""application/ld+json"">{""@context"":""https://schema.org"",""@type"":""BreadcrumbList"",""itemListElement"":[{""@type"":""ListItem"",""position"":1,""name"":""FRQ Archive"",""item"":""https://www.apcsexamprep.com/pages/ap-csa-frq-archive""},{""@type"":""ListItem"",""position"":2,""name"":""2019 FRQs"",""item"":""https://www.apcsexamprep.com/pages/ap-csa-frq-2019""},{""@type"":""ListItem"",""position"":3,""name"":""FRQ 1: APCalendar"",""item"":""https://www.apcsexamprep.com/pages/ap-csa-2019-frq-1-apcalendar""}]}</script>
<div id=""frq19q1"">
<style>
.page-title,.article__title,.page__title,.template-page h1:first-of-type{display:none!important}
#frq19q1{all:initial!important;display:block!important;font-family:-apple-system,BlinkMacSystemFont,'Segoe UI',Roboto,Oxygen,Ubuntu,Cantarell,sans-serif!important;line-height:1.7!important;color:#1e293b!important;max-width:880px!important;margin:0 auto!important;padding:24px 20px 60px!important;-webkit-font-smoothing:antialiased!important;background:#ffffff!important}
#frq19q1 *{box-sizing:border-box!important}
#frq19q1 img{max-width:100%!important;height:auto!important}
#frq19q1 h1{font-size:2em!important;font-weight:800!important;color:#1e3a8a!important;-webkit-text-fill-color:#1e3a8a!important;margin:0 0 8px!important;line-height:1.2!important;border:none!important;padding:0!important}
#frq19q1 h2{font-size:1.5em!important;font-weight:700!important;color:#1e40af!important;-webkit-text-fill-color:#1e40af!important;margin:40px 0 16px!important;padding-left:12px!important;border-left:4px solid #60a5fa!important;border-bottom:none!important;line-height:1.3!important}
#frq19q1 h3{font-size:1.2em!important;font-weight:600!important;color:#1e40af!important;-webkit-text-fill-color:#1e40af!important;margin:24px 0 12px!important;line-height:1.3!important}
#frq19q1 h4{font-size:1.05em!important;font-weight:600!important;color:#334155!important;margin:20px 0 10px!important}
#frq19q1 p{margin:0 0 16px!important;color:#1e293b!important;font-size:16px!important;line-height:1.7!important}
#frq19q1 a{color:#2563eb!important;-webkit-text-fill-color:#2563eb!important;text-decoration:underline!important}
#frq19q1 a:link{color:#2563eb!important;-webkit-text-fill-color:#2563eb!important}
#frq19q1 a:visited{color:#2563eb!important;-webkit-text-fill-color:#2563eb!important}
#frq19q1 a:hover{color:#1d4ed8!important;-webkit-text-fill-color:#1d4ed8!important}
#frq19q1 strong{font-weight:700!important;color:#1e293b!important}
#frq19q1 ul,#frq19q1 ol{margin:0 0 16px!important;padding-left:24px!important;color:#1e293b!important}
#frq19q1 li{margin:0 0 8px!important;font-size:16px!important;line-height:1.7!important}
#frq19q1 .frq-breadcrumb{font-size:14px!important;color:#64748b!important;margin-bottom:24px!important;display:block!important}
#frq19q1 .frq-breadcrumb a{color:#2563eb!important;-webkit-text-fill-color:#2563eb!important;text-decoration:none!important;font-size:14px!important}
#frq19q1 .frq-breadcrumb a:link,#frq19q1 .frq-breadcrumb a:visited{color:#2563eb!important;-webkit-text-fill-color:#2563eb!important}
#frq19q1 .frq-year-label{display:inline-block!important;background:#dbeafe!important;color:#1e40af!important;font-size:13px!important;font-weight:600!important;padding:4px 12px!important;border-radius:4px!important;margin-bottom:8px!important;letter-spacing:0.5px!important;text-transform:uppercase!important}
#frq19q1 .frq-subtitle{color:#64748b!important;font-size:15px!important;margin:0 0 20px!important;line-height:1.6!important}
#frq19q1 .frq-badges{display:flex!important;flex-wrap:wrap!important;gap:8px!important;margin-bottom:24px!important}
#frq19q1 .frq-badge{display:inline-block!important;padding:6px 14px!important;border-radius:20px!important;font-size:13px!important;font-weight:600!important;line-height:1.4!important}
#frq19q1 .frq-badge-blue{background:#dbeafe!important;color:#1e40af!important}
#frq19q1 .frq-badge-green{background:#dcfce7!important;color:#166534!important}
#frq19q1 .frq-badge-purple{background:#ede9fe!important;color:#5b21b6!important}
#frq19q1 .frq-badge-amber{background:#fef3c7!important;color:#92400e!important}
#frq19q1 .frq-meta-table{width:100%!important;border-collapse:collapse!important;margin:0 0 24px!important;font-size:15px!important}
#frq19q1 .frq-meta-table td{padding:10px 16px!important;border-bottom:1px solid #e5e7eb!important;color:#1e293b!important;vertical-align:top!important}
#frq19q1 .frq-meta-table td:first-child{font-weight:600!important;color:#475569!important;width:160px!important}
#frq19q1 .frq-summary{background-color:#f0f9ff!important;border:1px solid #bae6fd!important;border-radius:8px!important;padding:20px 24px!important;margin:0 0 24px!important}
#frq19q1 .frq-summary h2{font-size:1.15em!important;margin:0 0 12px!important;padding-left:0!important;border-left:none!important;color:#0c4a6e!important;-webkit-text-fill-color:#0c4a6e!important}
#frq19q1 .frq-summary p{margin:0!important;color:#1e293b!important;font-size:15px!important;line-height:1.7!important}
#frq19q1 .frq-curriculum{background-color:#fefce8!important;border:1px solid #fde68a!important;border-radius:8px!important;padding:20px 24px!important;margin:0 0 24px!important}
#frq19q1 .frq-curriculum h2{font-size:1.15em!important;margin:0 0 12px!important;padding-left:0!important;border-left:none!important;color:#713f12!important;-webkit-text-fill-color:#713f12!important}
#frq19q1 .frq-curriculum p{margin:0 0 8px!important;color:#1e293b!important;font-size:15px!important}
#frq19q1 .frq-curriculum p:last-child{margin-bottom:0!important}
#frq19q1 .frq-jumplinks{display:flex!important;flex-wrap:wrap!important;gap:8px!important;margin:0 0 32px!important;padding:16px 0!important;border-top:1px solid #e5e7eb!important;border-bottom:1px solid #e5e7eb!important}
#frq19q1 .frq-jumplinks a{display:inline-block!important;padding:6px 14px!important;background:#f1f5f9!important;color:#334155!important;-webkit-text-fill-color:#334155!important;border-radius:6px!important;font-size:13px!important;font-weight:600!important;text-decoration:none!important}
#frq19q1 .frq-jumplinks a:link,#frq19q1 .frq-jumplinks a:visited{color:#334155!important;-webkit-text-fill-color:#334155!important}
#frq19q1 .frq-jumplinks a:hover{background:#e2e8f0!important;color:#1e293b!important;-webkit-text-fill-color:#1e293b!important}
#frq19q1 pre{background:#1e293b!important;color:#e2e8f0!important;padding:20px!important;border-radius:8px!important;overflow-x:auto!important;font-family:Consolas,Monaco,'Courier New',monospace!important;font-size:14px!important;line-height:1.6!important;white-space:pre!important;margin:16px 0!important;border:none!important}
#frq19q1 code{font-family:Consolas,Monaco,'Courier New',monospace!important;font-size:14px!important}
#frq19q1 p code,#frq19q1 li code,#frq19q1 td code{background:#f1f5f9!important;color:#be185d!important;padding:2px 6px!important;border-radius:4px!important;font-size:13px!important}
#frq19q1 table{width:100%!important;border-collapse:collapse!important;margin:16px 0!important;font-size:15px!important}
#frq19q1 th{background:#f8fafc!important;color:#334155!important;font-weight:600!important;padding:12px 16px!important;text-align:left!important;border-bottom:2px solid #cbd5e1!important}
#frq19q1 td{padding:10px 16px!important;border-bottom:1px solid #e5e7eb!important;color:#1e293b!important;vertical-align:top!important}
#frq19q1 .frq-intro{background-color:#eff6ff!important;padding:20px!important;border-radius:8px!important;margin:0 0 24px!important;border-left:4px solid #3b82f6!important}
#frq19q1 .practice-tip{background-color:#dcfce7!important;padding:16px 20px!important;border-radius:6px!important;margin:20px 0!important;border-left:4px solid #10b981!important}
#frq19q1 .key-insight{background-color:#dbeafe!important;padding:16px 20px!important;border-radius:6px!important;margin:20px 0!important;border-left:4px solid #3b82f6!important}
#frq19q1 .common-mistake{background-color:#fef2f2!important;padding:16px 20px!important;border-radius:6px!important;margin:20px 0!important;border-left:4px solid #ef4444!important}
#frq19q1 .scoring-guide{background-color:#f9fafb!important;border:1px solid #e5e7eb!important;border-radius:8px!important;padding:20px!important;margin:20px 0!important}
#frq19q1 .frq-collapsible{cursor:pointer!important;background:#f8fafc!important;border:1px solid #e2e8f0!important;border-radius:8px!important;padding:16px 20px!important;margin:16px 0!important;font-weight:600!important;font-size:15px!important;color:#1e40af!important;-webkit-text-fill-color:#1e40af!important;display:block!important;width:100%!important;text-align:left!important}
#frq19q1 .frq-collapsible:hover{background:#eef2ff!important}
#frq19q1 .frq-collapsible-content{display:none!important;padding:20px!important;border:1px solid #e2e8f0!important;border-top:none!important;border-radius:0 0 8px 8px!important;margin-top:-17px!important;background:#ffffff!important}
#frq19q1 .frq-collapsible-content.open{display:block!important}
#frq19q1 .frq-editor{position:relative!important;margin:20px 0!important}
#frq19q1 .frq-editor textarea{width:100%!important;min-height:200px!important;font-family:Consolas,Monaco,'Courier New',monospace!important;font-size:14px!important;line-height:1.6!important;padding:16px!important;border:2px solid #cbd5e1!important;border-radius:8px!important;background:#1e293b!important;color:#e2e8f0!important;resize:vertical!important;tab-size:4!important;-moz-tab-size:4!important;white-space:pre!important;overflow-wrap:normal!important;overflow-x:auto!important}
#frq19q1 .frq-editor textarea:focus{border-color:#3b82f6!important;outline:none!important;box-shadow:0 0 0 3px rgba(59,130,246,0.15)!important}
#frq19q1 .frq-editor textarea::placeholder{color:#64748b!important}
#frq19q1 .frq-editor-hint{display:block!important;text-align:right!important;font-size:11px!important;color:#94a3b8!important;margin-top:4px!important;font-style:italic!important;padding-right:4px!important}
#frq19q1 .btn{display:inline-block!important;padding:12px 24px!important;background-color:#3b82f6!important;color:white!important;-webkit-text-fill-color:white!important;text-decoration:none!important;border-radius:6px!important;font-weight:600!important;font-size:15px!important;border:none!important;cursor:pointer!important;opacity:1!important;visibility:visible!important}
#frq19q1 .btn:hover{background-color:#2563eb!important;color:white!important;-webkit-text-fill-color:white!important}
#frq19q1 a.btn:link,#frq19q1 a.btn:visited{color:white!important;-webkit-text-fill-color:white!important;text-decoration:none!important}
#frq19q1 .btn-sm{padding:8px 16px!important;font-size:13px!important}
#frq19q1 .btn-outline{background:transparent!important;border:2px solid #3b82f6!important;color:#3b82f6!important;-webkit-text-fill-color:#3b82f6!important}
#frq19q1 a.btn-outline:link,#frq19q1 a.btn-outline:visited{color:#3b82f6!important;-webkit-text-fill-color:#3b82f6!important;text-decoration:none!important}
#frq19q1 .btn-outline:hover{background:#3b82f6!important;color:white!important;-webkit-text-fill-color:white!important}
#frq19q1 .btn-green{background-color:#16a34a!important;color:white!important;-webkit-text-fill-color:white!important}
#frq19q1 a.btn-green:link,#frq19q1 a.btn-green:visited{color:white!important;-webkit-text-fill-color:white!important;text-decoration:none!important}
#frq19q1 .btn-green:hover{background-color:#15803d!important}
#frq19q1 .frq-timer{display:flex!important;align-items:center!important;gap:12px!important;margin:20px 0!important;padding:12px 20px!important;background:#f8fafc!important;border:1px solid #e2e8f0!important;border-radius:8px!important}
#frq19q1 .frq-timer-label{font-weight:600!important;color:#475569!important;font-size:14px!important}
#frq19q1 .frq-timer-display{font-family:Consolas,Monaco,monospace!important;font-size:24px!important;font-weight:700!important;color:#1e293b!important;min-width:80px!important}
#frq19q1 .frq-timer button{padding:6px 14px!important;border-radius:4px!important;border:1px solid #cbd5e1!important;background:#ffffff!important;color:#475569!important;-webkit-text-fill-color:#475569!important;font-size:13px!important;font-weight:600!important;cursor:pointer!important}
#frq19q1 .mistake-block{border:1px solid #e5e7eb!important;border-radius:8px!important;margin:20px 0!important;overflow:hidden!important}
#frq19q1 .mistake-header{padding:14px 20px!important;font-weight:600!important;font-size:15px!important;color:#1e293b!important;background:#fef2f2!important;border-bottom:1px solid #e5e7eb!important}
#frq19q1 .mistake-body{padding:16px 20px!important}
#frq19q1 .mistake-label{display:inline-block!important;font-size:12px!important;font-weight:700!important;text-transform:uppercase!important;letter-spacing:0.5px!important;padding:3px 8px!important;border-radius:4px!important;margin-bottom:8px!important}
#frq19q1 .mistake-wrong{background:#fef2f2!important;color:#dc2626!important}
#frq19q1 .mistake-right{background:#dcfce7!important;color:#16a34a!important}
#frq19q1 .exam-tip{padding:12px 16px 12px 44px!important;background:#f0fdf4!important;border-radius:6px!important;margin:10px 0!important;position:relative!important;font-size:15px!important;line-height:1.6!important;color:#1e293b!important}
#frq19q1 .exam-tip::before{content:'\2713'!important;position:absolute!important;left:16px!important;top:12px!important;color:#16a34a!important;font-weight:700!important;font-size:16px!important}
#frq19q1 .related-card{display:block!important;padding:16px 20px!important;border:1px solid #e5e7eb!important;border-radius:8px!important;margin:10px 0!important;text-decoration:none!important}
#frq19q1 .related-card:hover{border-color:#3b82f6!important;background:#f8fafc!important}
#frq19q1 a.related-card:link,#frq19q1 a.related-card:visited{text-decoration:none!important}
#frq19q1 .related-card .card-type{font-size:12px!important;font-weight:600!important;text-transform:uppercase!important;color:#64748b!important;letter-spacing:0.5px!important;margin-bottom:4px!important;display:block!important}
#frq19q1 .related-card .card-title{font-size:15px!important;font-weight:600!important;color:#1e40af!important;-webkit-text-fill-color:#1e40af!important;display:block!important}
#frq19q1 .cta-box{background:linear-gradient(135deg,#1e3a8a 0%,#1e40af 100%)!important;color:#ffffff!important;padding:32px!important;border-radius:12px!important;margin:32px 0!important;text-align:center!important}
#frq19q1 .cta-box h3{color:#ffffff!important;-webkit-text-fill-color:#ffffff!important;font-size:1.3em!important;margin:0 0 12px!important}
#frq19q1 .cta-box p{color:#dbeafe!important;font-size:15px!important}
#frq19q1 .cta-box .btn{background:#ffffff!important;color:#1e40af!important;-webkit-text-fill-color:#1e40af!important}
#frq19q1 .cta-box a.btn:link,#frq19q1 .cta-box a.btn:visited{color:#1e40af!important;-webkit-text-fill-color:#1e40af!important}
#frq19q1 .tutor-cta{background:#f8fafc!important;border:1px solid #e2e8f0!important;border-radius:12px!important;padding:28px!important;margin:32px 0!important}
#frq19q1 .tutor-stats{display:flex!important;gap:24px!important;flex-wrap:wrap!important;margin:16px 0!important}
#frq19q1 .tutor-stat{text-align:center!important}
#frq19q1 .tutor-stat-value{font-size:20px!important;font-weight:700!important;color:#1e40af!important;-webkit-text-fill-color:#1e40af!important;display:block!important}
#frq19q1 .tutor-stat-label{font-size:12px!important;color:#64748b!important}
#frq19q1 .frq-nav{display:flex!important;justify-content:space-between!important;align-items:center!important;margin:40px 0 20px!important;gap:12px!important;flex-wrap:wrap!important}
#frq19q1 .frq-footer-links{text-align:center!important;margin:16px 0 0!important;font-size:14px!important;color:#64748b!important}
#frq19q1 .frq-footer-links a{color:#2563eb!important;-webkit-text-fill-color:#2563eb!important;font-size:14px!important}
#frq19q1 .scoring-summary{margin:24px 0!important}
#frq19q1 .scoring-summary table{width:100%!important}
#frq19q1 .scoring-summary td:last-child,#frq19q1 .scoring-summary th:last-child{text-align:center!important;font-weight:700!important}
#frq19q1 .faq-item{border-bottom:1px solid #e5e7eb!important;padding:20px 0!important}
#frq19q1 .faq-item:last-child{border-bottom:none!important}
#frq19q1 .faq-q{font-weight:600!important;color:#1e293b!important;font-size:16px!important;margin:0 0 8px!important}
#frq19q1 .faq-a{color:#475569!important;font-size:15px!important;line-height:1.7!important;margin:0!important}
#frq19q1 .frq-pdf-wrap{width:100%!important;border:2px solid #cbd5e1!important;border-radius:8px!important;overflow:hidden!important;margin:16px 0 20px!important;background:#f1f5f9!important}
#frq19q1 .frq-pdf-wrap iframe{width:100%!important;height:680px!important;border:none!important;display:block!important}
#frq19q1 .frq-pdf-fallback{padding:20px!important;text-align:center!important;background:#f8fafc!important;display:none!important;font-size:14px!important;color:#475569!important}
#frq19q1 .frq-video-wrap{position:relative!important;padding-bottom:56.25%!important;height:0!important;overflow:hidden!important;border-radius:8px!important;margin:16px 0!important;background:#0f172a!important}
#frq19q1 .frq-video-wrap iframe{position:absolute!important;top:0!important;left:0!important;width:100%!important;height:100%!important;border:none!important;border-radius:8px!important}
#frq19q1 .frq-editor textarea::selection{background:#3b82f6!important;color:#ffffff!important;-webkit-text-fill-color:#ffffff!important}
#frq19q1 .frq-editor textarea::-moz-selection{background:#3b82f6!important;color:#ffffff!important}
@media(max-width:640px){
#frq19q1{padding:16px 14px 40px!important}
#frq19q1 h1{font-size:1.5em!important}
#frq19q1 h2{font-size:1.25em!important}
#frq19q1 .frq-timer{flex-wrap:wrap!important}
#frq19q1 .tutor-stats{gap:16px!important}
#frq19q1 .frq-nav{flex-direction:column!important;align-items:stretch!important}
#frq19q1 .frq-nav .btn{text-align:center!important}
}
</style>
<div class=""frq-breadcrumb"">
<a href=""/pages/ap-csa-frq-archive"">FRQ Archive</a> ›
<a href=""/pages/ap-csa-frq-2019"">2019 FRQs</a> ›
FRQ 1: APCalendar
</div>
<div class=""frq-year-label"">2019 AP CSA • Methods &amp; Control Structures</div>
<h1>AP CSA 2019 FRQ 1: APCalendar</h1>
<p class=""frq-subtitle"">Complete solution, scoring rubric, and walkthrough — verified from the official College Board PDF</p>
<div class=""frq-badges"">
<span class=""frq-badge frq-badge-blue"">9 Points</span>
<span class=""frq-badge frq-badge-amber"">Medium</span>
<span class=""frq-badge frq-badge-blue"">Units 1 &amp; 2</span>
</div>
<table class=""frq-meta-table"">
<tr>
<td>Question Type</td>
<td>Methods &amp; Control Structures</td>
</tr>
<tr>
<td>Skills Tested</td>
<td>Static method calls, loop with helper call, modulo arithmetic, day-of-week formula</td>
</tr>
<tr>
<td>Difficulty</td>
<td>Medium</td>
</tr>
<tr>
<td>Recommended Time</td>
<td>22 minutes</td>
</tr>
</table>
<div class=""frq-summary"">
<h2>What This Problem Asks</h2>
<p>2019 AP CSA FRQ 1 APCalendar asks students to write two static methods. <code>numberOfLeapYears</code> counts leap years between year1 and year2 using the provided <code>isLeapYear</code> helper. <code>dayOfWeek</code> uses <code>firstDayOfYear</code> and <code>dayOfYear</code> with the formula <code>(firstDay + dayNum - 1) % 7</code>.</p>
</div>
<div class=""frq-curriculum"">
<h2>What This FRQ Tests</h2>
<p>This FRQ tests <a href=""/pages/ap-csa-unit-1-complete-study-guide""><strong>Unit 1</strong></a> (calling static helper methods) and <a href=""/pages/unit-2-selection-and-iteration-ultimate-study-guide""><strong>Unit 2</strong></a> (loops, modulo operator).</p>
</div>
<div class=""frq-jumplinks"">
<a href=""#frq19q1-pdf"">Official PDF</a>
<a href=""#frq19q1-code"">Provided Code</a>
<a href=""#frq19q1-parta"">Part A</a>
<a href=""#frq19q1-partb"">Part B</a>
<a href=""#frq19q1-mistakes"">Mistakes</a>
<a href=""#frq19q1-tips"">Tips</a>
<a href=""#frq19q1-faq"">FAQ</a>
</div>
<div id=""frq19q1-pdf"">
<h2>Official Question &amp; PDF</h2>
<p>
<a href=""https://apcentral.collegeboard.org/media/pdf/ap19-frq-computer-science-a.pdf"" target=""_blank"" rel=""noopener"" class=""btn btn-sm"">Download Full FRQ PDF →</a>
</p>
<div class=""frq-pdf-wrap"">
<iframe src=""https://apcentral.collegeboard.org/media/pdf/ap19-frq-computer-science-a.pdf#page=2"" title=""2019 AP CSA FRQ 1 APCalendar"" loading=""lazy"" id=""frq19q1-pdf-iframe""></iframe>
<div class=""frq-pdf-fallback"" id=""frq19q1-pdf-fallback"">
<p>PDF cannot display on this device. <a href=""https://apcentral.collegeboard.org/media/pdf/ap19-frq-computer-science-a.pdf"" target=""_blank"" rel=""noopener"">Open PDF directly →</a></p>
</div>
</div>
</div>
<div class=""frq-timer"">
<span class=""frq-timer-label"">Timer</span>
<span class=""frq-timer-display"" id=""frq19q1-timer"">22:00</span>
<button onclick=""frq19q1Start()"">Start</button>
<button onclick=""frq19q1Pause()"">Pause</button>
<button onclick=""frq19q1Reset()"">Reset</button>
</div>
<div id=""frq19q1-code"">
<h2>Provided Code</h2>
<pre>public class APCalendar
{
    private static boolean isLeapYear(int year) { /* not shown */ }
        public static int numberOfLeapYears(int year1, int year2) {
        /* part (a) */
    }
    private static int firstDayOfYear(int year) { /* not shown */ }
    private static int dayOfYear(int month, int day, int year) { /* not shown */ }
        public static int dayOfWeek(int month, int day, int year) {
        /* part (b) */
    }
}</pre>
</div>
<div id=""frq19q1-parta"">
<h2>Part A — 4 Points</h2>
<p>Write <code>numberOfLeapYears</code>: return the count of leap years between <code>year1</code> and <code>year2</code> inclusive, using <code>isLeapYear</code>.</p>
<h3>Write Your Solution</h3>
<div class=""frq-editor"">
<textarea id=""frq19q1-ea"" placeholder=""// Write Part A here...
// Tab to indent | Brackets auto-close | Enter auto-indents""></textarea>
<span class=""frq-editor-hint"">Drag corner to expand ▽</span>
</div>
<p>
<button class=""btn btn-sm btn-green"" onclick=""document.getElementById('frq19q1-sola').classList.add('open')"">Check Answer</button>
 
<button class=""btn btn-sm btn-outline"" onclick=""document.getElementById('frq19q1-ea').value=''"">Clear</button>
</p>
<button class=""frq-collapsible"" onclick=""this.nextElementSibling.classList.toggle('open')"">View Solution and Rubric ▼</button>
<div class=""frq-collapsible-content"" id=""frq19q1-sola"">
<h4>Scoring Rubric (Part A — 4 points)</h4>
<table>
<tr>
<td><strong>+1</strong></td>
<td>Loops from <code>year1</code> through <code>year2</code> inclusive</td>
</tr>
<tr>
<td><strong>+1</strong></td>
<td>Calls <code>isLeapYear</code> in the context of the loop</td>
</tr>
<tr>
<td><strong>+1</strong></td>
<td>Counts the number of leap years</td>
</tr>
<tr>
<td><strong>+1</strong></td>
<td>Returns the correct count</td>
</tr>
</table>
<h4>Solution</h4>
<pre>public static int numberOfLeapYears(int year1, int year2)
{
    int count = 0;
    for (int year = year1; year &lt;= year2; year++)
    {
        if (isLeapYear(year))
        {
            count++;
        }
    }
    return count;
}</pre>
</div>
</div>
<div id=""frq19q1-partb"">
<h2>Part B — 5 Points</h2>
<p>Write <code>dayOfWeek</code>: return the day of week (0=Sunday, 6=Saturday) for the given date, using <code>firstDayOfYear</code> and <code>dayOfYear</code>.</p>
<h3>Write Your Solution</h3>
<div class=""frq-editor"">
<textarea id=""frq19q1-eb"" placeholder=""// Write Part B here...
// Tab to indent | Brackets auto-close | Enter auto-indents""></textarea>
<span class=""frq-editor-hint"">Drag corner to expand ▽</span>
</div>
<p>
<button class=""btn btn-sm btn-green"" onclick=""document.getElementById('frq19q1-solb').classList.add('open')"">Check Answer</button>
 
<button class=""btn btn-sm btn-outline"" onclick=""document.getElementById('frq19q1-eb').value=''"">Clear</button>
</p>
<button class=""frq-collapsible"" onclick=""this.nextElementSibling.classList.toggle('open')"">View Solution and Rubric ▼</button>
<div class=""frq-collapsible-content"" id=""frq19q1-solb"">
<h4>Scoring Rubric (Part B — 5 points)</h4>
<table>
<tr>
<td><strong>+1</strong></td>
<td>Calls <code>firstDayOfYear(year)</code>
</td>
</tr>
<tr>
<td><strong>+1</strong></td>
<td>Calls <code>dayOfYear(month, day, year)</code>
</td>
</tr>
<tr>
<td><strong>+1</strong></td>
<td>Uses correct formula combining first day and day of year</td>
</tr>
<tr>
<td><strong>+1</strong></td>
<td>Uses modulo 7 to get day of week in range 0–6</td>
</tr>
<tr>
<td><strong>+1</strong></td>
<td>Returns the correct day of week (algorithm)</td>
</tr>
</table>
<h4>Solution</h4>
<pre>public static int dayOfWeek(int month, int day, int year)
{
    int firstDay = firstDayOfYear(year);
    int dayNum = dayOfYear(month, day, year);
    return (firstDay + dayNum - 1) % 7;
}</pre>
<div class=""key-insight"">
<strong>The formula:</strong> <code>firstDayOfYear</code> gives the day-of-week for Jan 1. <code>dayOfYear</code> gives how many days into the year the date is (Jan 1 = day 1). The day of week = (firstDay + dayNum - 1) % 7. The -1 accounts for Jan 1 being day 1 (not day 0).</div>
</div>
</div>
<div id=""frq19q1-mistakes"">
<h2>Common Mistakes to Avoid</h2>
<div class=""mistake-block"">
<div class=""mistake-header"">Off-by-one in dayOfWeek formula</div>
<div class=""mistake-body"">
<p>dayOfYear returns 1 for January 1 (not 0). The formula must subtract 1: <code>(firstDay + dayNum - 1) % 7</code>. Without the -1, January 1 would give <code>(firstDay + 1) % 7</code> which is wrong.</p>
</div>
</div>
</div>
<div id=""frq19q1-tips"">
<h2>Exam Tips</h2>
<div class=""exam-tip"">The -1 in the dayOfWeek formula is the critical off-by-one to remember: dayOfYear returns 1 for Jan 1, not 0.</div>
<div class=""exam-tip"">Part A is a simple loop + helper call. It's the easiest of the two parts. Focus time on the formula for Part B.</div>
</div>
<div class=""scoring-summary"">
<h2>Scoring Summary</h2>
<table>
<tr>
<th>Part</th>
<th>Method</th>
<th>Points</th>
</tr>
<tr>
<td>Part A</td>
<td><code>Write</code></td>
<td>4</td>
</tr>
<tr>
<td>Part B</td>
<td><code>Write</code></td>
<td>5</td>
</tr>
<tr>
<td><strong>Total</strong></td>
<td></td>
<td><strong>9</strong></td>
</tr>
</table>
</div>
<div class=""cta-box"">
<h3>Want the Complete 2019 FRQ Solutions?</h3>
<p>Browse all past AP CSA FRQs with full solutions and scoring breakdowns.</p>
<p style=""margin-top:16px!important""><a href=""/pages/ap-csa-frq-archive"" class=""btn"">FRQ Archive →</a></p>
</div>
<h2>Related FRQs</h2>
<a href=""/pages/ap-csa-2023-frq-1-appointmentbook"" class=""related-card"">
<span class=""card-type"">Methods &amp; Control Structures</span>
<span class=""card-title"">2023 FRQ 1: AppointmentBook — Consecutive-block scheduling algorithm</span>
</a>
<a href=""/pages/ap-csa-2018-frq-1-frogsimulation"" class=""related-card"">
<span class=""card-type"">Methods &amp; Control Structures</span>
<span class=""card-title"">2018 FRQ 1: FrogSimulation — Loop with three termination conditions</span>
</a>
<h2>Study the Concepts</h2>
<p><a href=""/pages/ap-csa-unit-1-complete-study-guide"" class=""btn"">Unit 1 Study Guide →</a>   <a href=""/pages/unit-2-selection-and-iteration-ultimate-study-guide"" class=""btn btn-outline"">Unit 2 Study Guide →</a></p>
<div class=""tutor-cta"">
<h3>Struggling with FRQs? Get 1-on-1 Help</h3>
<p>Work directly with Tanner — AP CS teacher with 11+ years experience and 1,845+ verified tutoring hours. 54.5% of students score 5s (vs. 25.5% national average).</p>
<div class=""tutor-stats"">
<div class=""tutor-stat"">
<span class=""tutor-stat-value"">5.0</span><span class=""tutor-stat-label"">Rating (451+ reviews)</span>
</div>
<div class=""tutor-stat"">
<span class=""tutor-stat-value"">1,845+</span><span class=""tutor-stat-label"">Verified Hours</span>
</div>
<div class=""tutor-stat"">
<span class=""tutor-stat-value"">54.5%</span><span class=""tutor-stat-label"">Score 5s</span>
</div>
</div>
<p style=""margin-top:16px!important""><a href=""/pages/ap-computer-science-tutor"" class=""btn"">Book a Session ($150/hr) →</a></p>
<p style=""font-size:13px!important;color:#64748b!important;margin-top:8px!important"">5-session packages at $125/hr. Venmo, Zelle, PayPal, or credit card.</p>
</div>
<div id=""frq19q1-faq"">
<h2>Frequently Asked Questions</h2>
<div class=""faq-item"">
<p class=""faq-q"">What does 2019 AP CSA FRQ 1 APCalendar test?</p>
<p class=""faq-a"">FRQ 1 tests static method calls with helper functions. numberOfLeapYears loops year1 to year2 counting isLeapYear calls. dayOfWeek uses a formula combining firstDayOfYear and dayOfYear with modulo 7.</p>
</div>
<div class=""faq-item"">
<p class=""faq-q"">How many points is 2019 FRQ 1 worth?</p>
<p class=""faq-a"">9 points: 4 for Part A (numberOfLeapYears) and 5 for Part B (dayOfWeek).</p>
</div>
<div class=""faq-item"">
<p class=""faq-q"">What is the formula for dayOfWeek?</p>
<p class=""faq-a"">(firstDayOfYear(year) + dayOfYear(month, day, year) - 1) % 7. The -1 is because dayOfYear returns 1 for January 1 (not 0).</p>
</div>
<div class=""faq-item"">
<p class=""faq-q"">Why use static methods here?</p>
<p class=""faq-a"">APCalendar uses all static methods (no instance needed) for calendar calculations. Static is appropriate when methods don't depend on any object state.</p>
</div>
</div>
<div class=""frq-nav"">
<a href=""/pages/ap-csa-frq-2019"" class=""btn btn-outline"">← 2019 FRQ Index</a>
<a href=""/pages/ap-csa-frq-2019"" class=""btn btn-outline"">2019 FRQ Index</a>
<a href=""/pages/ap-csa-2019-frq-2-steptracker"" class=""btn btn-outline"">FRQ 2: StepTracker →</a>
</div>
<div class=""frq-footer-links"">
<a href=""/pages/ap-csa-frq-archive"">Complete FRQ Archive (2004–2025)</a> •
<a href=""/pages/ap-csa-frqs-by-topic"">FRQs by Topic</a>
</div>
</div>
<script>
(function(){
var frq19q1S=22*60,frq19q1I=null,frq19q1R=false;
function frq19q1D(){var m=Math.floor(frq19q1S/60),s=frq19q1S%60;var e=document.getElementById('frq19q1-timer');if(e)e.textContent=m+':'+(s<10?'0':'')+s;}
window.frq19q1Start=function(){if(frq19q1R)return;frq19q1R=true;frq19q1I=setInterval(function(){if(frq19q1S>0){frq19q1S--;frq19q1D();}else{clearInterval(frq19q1I);frq19q1R=false;}},1000);};
window.frq19q1Pause=function(){clearInterval(frq19q1I);frq19q1R=false;};
window.frq19q1Reset=function(){clearInterval(frq19q1I);frq19q1R=false;frq19q1S=22*60;frq19q1D();};
var IND='    ';
function getInd(t,p){var ls=t.lastIndexOf('\n',p-1)+1;var m=t.substring(ls).match(/^([ \t]*)/);return m?m[1]:'';}
function initEd(el){
  if(!el)return;
  el.addEventListener('keydown',function(e){
    var ta=this,s=ta.selectionStart,end=ta.selectionEnd,v=ta.value;
    if(e.key==='Tab'){e.preventDefault();if(e.shiftKey){var ls=v.lastIndexOf('\n',s-1)+1;var lt=v.substring(ls);if(lt.substring(0,IND.length)===IND){ta.value=v.substring(0,ls)+lt.substring(IND.length);ta.selectionStart=ta.selectionEnd=Math.max(s-IND.length,ls);}}else{ta.value=v.substring(0,s)+IND+v.substring(end);ta.selectionStart=ta.selectionEnd=s+IND.length;}return;}
    var P={'(':')','[':']','{':'}','""':'""',""'"":""'""};
    if(P[e.key]){var cl=P[e.key];if(e.key==='""'||e.key===""'""){if(v.charAt(s)===e.key){e.preventDefault();ta.selectionStart=ta.selectionEnd=s+1;return;}var bf=v.substring(0,s);var ct=0;for(var i=0;i<bf.length;i++)if(bf[i]===e.key)ct++;if(ct%2===1)return;}if(v.charAt(s)===cl&&e.key!==cl){e.preventDefault();ta.selectionStart=ta.selectionEnd=s+1;return;}e.preventDefault();ta.value=v.substring(0,s)+e.key+cl+v.substring(end);ta.selectionStart=ta.selectionEnd=s+1;return;}
    var CLOSE=[')','[',']',String.fromCharCode(125)];
    if(CLOSE.indexOf(e.key)>=0&&e.key!==String.fromCharCode(91)){if(v.charAt(s)===e.key){e.preventDefault();ta.selectionStart=ta.selectionEnd=s+1;return;}}
    if(e.key==='Backspace'&&s===end&&s>0){var bc=v.charAt(s-1);var ac=v.charAt(s);if(P[bc]&&P[bc]===ac){e.preventDefault();ta.value=v.substring(0,s-1)+v.substring(s+1);ta.selectionStart=ta.selectionEnd=s-1;return;}}
  });
  el.addEventListener('beforeinput',function(e){
    if(e.inputType==='insertLineBreak'||e.inputType==='insertParagraph'){
      e.preventDefault();var ta=this;var v=ta.value;var s=ta.selectionStart;var end=ta.selectionEnd;
      var ind=getInd(v,s);var cb=v.charAt(s-1);var ca=v.charAt(s);
      var OB=String.fromCharCode(123);var CB=String.fromCharCode(125);
      if(cb===OB&&ca===CB){var nt='\n'+ind+IND+'\n'+ind;ta.value=v.substring(0,s)+nt+v.substring(end);ta.selectionStart=ta.selectionEnd=s+1+ind.length+IND.length;}
      else if(cb===OB){var nt='\n'+ind+IND;ta.value=v.substring(0,s)+nt+v.substring(end);ta.selectionStart=ta.selectionEnd=s+nt.length;}
      else{var nt='\n'+ind;ta.value=v.substring(0,s)+nt+v.substring(end);ta.selectionStart=ta.selectionEnd=s+nt.length;}
    }
  });
}
  initEd(document.getElementById('frq19q1-ea'));
  initEd(document.getElementById('frq19q1-eb'));
(function(){var m=/Android|iPhone|iPad|iPod|Opera Mini|IEMobile/i.test(navigator.userAgent);if(m){var ifr=document.getElementById('frq19q1-pdf-iframe');var fb=document.getElementById('frq19q1-pdf-fallback');if(ifr&&fb){ifr.style.display='none';fb.style.display='block';}};})();
})();
</script>","TRUE","2026-03-01 12:00:00"
"ap-csa-2019-frq-2-steptracker","MERGE","<style>#frq2026note-ap-csa-2019-frq-2-steptracker{all:initial!important;display:block!important;box-sizing:border-box!important;font-family:-apple-system,BlinkMacSystemFont,""Segoe UI"",Roboto,Helvetica,Arial,sans-serif!important;background:#fffbeb!important;border:1px solid #fcd34d!important;border-left:5px solid #d97706!important;border-radius:8px!important;margin:0 0 18px 0!important;padding:0!important;overflow:hidden!important;}#frq2026note-ap-csa-2019-frq-2-steptracker *{box-sizing:border-box!important;font-family:inherit!important;}#frq2026note-ap-csa-2019-frq-2-steptracker summary{display:block!important;cursor:pointer!important;padding:12px 15px!important;font-size:0.95em!important;line-height:1.5!important;list-style:none!important;color:#78350f!important;-webkit-text-fill-color:#78350f!important;}#frq2026note-ap-csa-2019-frq-2-steptracker summary::-webkit-details-marker{display:none!important;}#frq2026note-ap-csa-2019-frq-2-steptracker summary::marker{content:""""!important;}#frq2026note-ap-csa-2019-frq-2-steptracker summary:hover{background:#fef3c7!important;}#frq2026note-ap-csa-2019-frq-2-steptracker summary strong{font-weight:700!important;color:#78350f!important;-webkit-text-fill-color:#78350f!important;}#frq2026note-ap-csa-2019-frq-2-steptracker .n26-body{display:block!important;padding:0 15px 14px!important;font-size:0.92em!important;line-height:1.6!important;color:#78350f!important;-webkit-text-fill-color:#78350f!important;}#frq2026note-ap-csa-2019-frq-2-steptracker .n26-body p{margin:0 0 10px!important;color:#78350f!important;-webkit-text-fill-color:#78350f!important;}#frq2026note-ap-csa-2019-frq-2-steptracker .n26-body strong{font-weight:700!important;color:#78350f!important;-webkit-text-fill-color:#78350f!important;}#frq2026note-ap-csa-2019-frq-2-steptracker table{border-collapse:collapse!important;width:100%!important;margin:0 0 10px!important;font-size:0.95em!important;background:#fffdf5!important;}#frq2026note-ap-csa-2019-frq-2-steptracker th,#frq2026note-ap-csa-2019-frq-2-steptracker td{border:1px solid #fcd34d!important;padding:6px 9px!important;text-align:left!important;color:#78350f!important;-webkit-text-fill-color:#78350f!important;}#frq2026note-ap-csa-2019-frq-2-steptracker th{background:#fef3c7!important;font-weight:700!important;}#frq2026note-ap-csa-2019-frq-2-steptracker a{color:#92400e!important;-webkit-text-fill-color:#92400e!important;text-decoration:underline!important;}#frq2026note-ap-csa-2019-frq-2-steptracker .n26-src{font-size:0.85em!important;font-style:italic!important;margin:0!important;}</style>
<details id=""frq2026note-ap-csa-2019-frq-2-steptracker"">
<summary><strong>Heads up: the May 2027 exam scores free response differently from this one.</strong> Tap for the current point structure.</summary>
<div class=""n26-body"">
<p>Every AP CSA free-response question from 2004 through 2025 was worth <strong>9 points</strong>, and the section was 36. From 2026 the four questions are worth <strong>7, 7, 5 and 6</strong>, the section is <strong>25 points</strong>, and only Question 1 has parts.</p>
<table><tr><th>Question</th><th>Points</th><th>Parts</th><th>Type</th></tr><tr><td>Question 1</td><td><strong>7</strong></td><td>Part A 4 + Part B 3</td><td>Methods and Control Structures</td></tr><tr><td>Question 2</td><td><strong>7</strong></td><td>single part</td><td>Class Design</td></tr><tr><td>Question 3</td><td><strong>5</strong></td><td>single part</td><td>Data Analysis with ArrayList</td></tr><tr><td>Question 4</td><td><strong>6</strong></td><td>single part</td><td>2D Array</td></tr></table>
<p>Section I is now 42 multiple-choice questions at 55% of the score, and Section II is 45%. The question on this page is still worth practising. The 9 points printed below it are not the rubric you will be scored against.</p>
<p class=""n26-src"">Point totals from College Board's 2026 scoring guidelines; section weightings from the AP Computer Science A exam page. See the <a href=""/pages/ap-csa-frq-2026"">2026 questions</a> for the current format.</p>
</div>
</details>
<!-- ============================================================
  FRQ HOLY GRAIL TEMPLATE v2.5 (April 2026)
  
  REPLACE THESE TOKENS THROUGHOUT:
  frq2019q2      e.g. frq19q2  (must match #ID in CSS + JS + HTML; lowercase, no dashes)
  2019            e.g. 2019
  2            e.g. 2
  StepTracker          e.g. StepTracker
  steptracker           e.g. steptracker
  https://apcentral.collegeboard.org/media/pdf/ap19-frq-computer-science-a.pdf         College Board FRQ PDF
  7        Page number where THIS question starts (e.g. 7 for 2019 FRQ 2)
  https://apcentral.collegeboard.org/media/pdf/ap19-sg-computer-science-a.pdf    College Board scoring guidelines PDF
  1           1, 2, 3, or 4 parts (this template shows Part A; duplicate for B/C/D)
  ap-csa-2019-frq-1-apcalendar     previous FRQ page handle
  ap-csa-2019-frq-3-delimiters     next FRQ page handle
  ap-csa-frq-2019      year index page handle (e.g. ap-csa-frq-2019)
  Complete solution to 2019 AP CSA FRQ 2 (StepTracker) with the official 9-point rubric, common mistakes, and a 22-minute practice timer.       155-char meta description (also used for og:description)
  class writing with constructors and instance variables   e.g. ""complete class writing"" or ""ArrayList traversal""
  public class StepTracker e.g. ""public class StepTracker"" - used in Quick Recap ""Write:"" line
  Constructor that stores the active-day step threshold in an instance variable     Quick Recap requirement bullet 1 (concrete, not placeholder)
  addDailySteps method that updates total steps, day count, and active-day count     Quick Recap requirement bullet 2
  averageSteps method that returns 0.0 when no days are recorded (avoid integer division)     Quick Recap requirement bullet 3
  April 2026   Visible ""Last reviewed"" date, e.g. ""April 2026""

  SHOPIFY METAFIELDS REQUIRED (set in admin or via Matrixify):
  - SEO Title (title_tag): ""2019 AP CSA FRQ 2: StepTracker Solution + Rubric""
  - SEO Description: same as Complete solution to 2019 AP CSA FRQ 2 (StepTracker) with the official 9-point rubric, common mistakes, and a 22-minute practice timer. used in og:description below

  WHAT'S NEW IN v2.5:
  Pedagogical fix - removed test-day mismatch problem:
  - Quick Recap MOVED from above-editor into the Reveal Solution panel.
    Reasoning: students don't get a ""must do"" cheat sheet on the real Bluebook
    exam. Showing one above the editor while practicing trained the wrong
    reflex (peek at hints when stuck) and caused practice scores to overstate
    real exam readiness.
  - In the Reveal panel, recap is now positioned FIRST: ""What the prompt was
    asking"" - functioning as a self-check (""did I catch all the requirements?"")
    rather than a coding crutch.
  - Reveal panel order: Recap -> Sample Solution -> Rubric -> Mistakes -> Key Insight.
    This mirrors how AP readers grade.
  - Above the editor now shows ONLY the PDF iframe + jump nav. Same content
    students will face on May 15 in Bluebook.

  WHAT'S NEW IN v2.4:
  PDF iframe upgrades:
  - Default iframe height bumped 560px -> 800px (desktop) and 380px -> 500px (mobile)
  - Added ""Expand"" toggle that grows iframe to 1400px (desktop) / 800px (mobile)
  - PDF URL now uses #page=N anchor so embedded view scrolls directly to THIS question
    (works in Chrome/Firefox/Edge; Safari may ignore the anchor - graceful degradation)
  - ""Open PDF in New Tab"" links also use the page anchor

  SEO upgrades (the ""MOST"" tier - skipped HowTo/Speakable as risky/niche):
  - Visible byline near top: ""By Tanner Crow, AP CSA Teacher (1,800+ tutoring hours)""
  - Visible ""Last reviewed: April 2026"" date for freshness signal
  - Question-targeted H3s (""How to write the X step-by-step"", ""Common mistakes that cost points"")
  - 3 common mistakes per part instead of 1
  - Internal anchor variety (different anchor text on each link to same target)
  - Author E-E-A-T strengthened with Wyzant rating + verified hours
  - Quick Recap fields now templated, not placeholder

  WHAT'S NEW IN v2.3:
  - Removed misleading ""Check Answer"" button (it never actually checked anything;
    risked giving students false grades, which erodes trust)
  - Removed redundant ""View Solution and Rubric"" collapsible button
  - Replaced with single prominent self-grade CTA box: green-bordered note explaining
    that AP FRQs are human-graded + a big full-width ""Reveal Solution & Scoring Rubric""
    button. Honest framing aligns expectations with reality.
  - Reveal button hides itself once clicked (one-shot reveal, no double-click confusion)

  WHAT'S NEW IN v2.2:
  SEO fixes:
  - Removed self-imposed H1 (Shopify auto-injects one; we use H2 first to avoid 3-H1 problem)
  - Added og:title, og:description, og:image, og:type, twitter:card meta in body
    (only place to inject head-level tags from Shopify body_html on page templates)
  - Article schema datePublished updated to 2026 (page-creation date, not exam date)
  - Added Course schema for richer SERP appearance
  - Removed duplicate BreadcrumbList (Shopify already injects one - we keep ours, ditch Shopify's via CSS hide)
  - Keyword-rich H2s (used to be generic ""Part A"" - now ""Part A: [Method/Class] - Write Your Response"")
  - Question-driven FAQ items aligned with People Also Ask patterns
  - First paragraph now contains primary keyword + value prop in first 160 chars
  - Author E-E-A-T signal strengthened (linked credentials)
  
  v2.1 features retained:
  - Editor 380px tall + visible resize hint
  - Jump nav both directions (PDF <-> editor)
  - Quick Recap above editor
  
  v2.0 features retained:
  - Fixed double-indent on Enter (single source of truth)
  - Fixed wonky () autocomplete (only pairs when next char is empty/whitespace/closer)
  - Smart bracket-pair backspace
  
  NON-NEGOTIABLES PRESERVED:
  - Scoped under #frq2019q2 with all:initial !important
  - White button text with :link/:visited/:hover/:active
  - HTML entities only (no raw emojis)
  - <pre> preserves indentation
  - No Run Code button (matches Bluebook)
  - 22:00 timer (per-question pacing)
============================================================ -->

<script type=""application/ld+json"">{""@context"":""https://schema.org"",""@type"":""FAQPage"",""mainEntity"":[{""@type"":""Question"",""name"":""What does 2019 AP CSA FRQ 2 StepTracker test?"",""acceptedAnswer"":{""@type"":""Answer"",""text"":""FRQ 2 tests writing a complete Java class with private instance variables, a constructor that stores a parameter, and methods that update and return state. The exam wants you to handle the zero-days edge case in averageSteps without integer division.""}},{""@type"":""Question"",""name"":""How many points is FRQ 2 worth?"",""acceptedAnswer"":{""@type"":""Answer"",""text"":""9 points, awarded across the rubric criteria. FRQ 2 makes up about 11% of the AP CSA exam score.""}},{""@type"":""Question"",""name"":""What is the most common mistake on 2019 FRQ 2 StepTracker?"",""acceptedAnswer"":{""@type"":""Answer"",""text"":""Forgetting to cast to double in averageSteps. Without (double) on one operand, Java performs integer division and you lose decimal precision, which costs the rubric point.""}},{""@type"":""Question"",""name"":""How long should I spend on FRQ 2?"",""acceptedAnswer"":{""@type"":""Answer"",""text"":""Aim for 22 minutes per FRQ. The AP CSA free-response section is 90 minutes for 4 questions.""}},{""@type"":""Question"",""name"":""Is StepTracker still relevant for the 2026 AP CSA exam?"",""acceptedAnswer"":{""@type"":""Answer"",""text"":""Yes. The current AP CSA 4-unit curriculum still tests class writing with constructors and instance variables, so StepTracker is excellent practice for the 2026 exam format.""}},{""@type"":""Question"",""name"":""Where can I find the official scoring guidelines?"",""acceptedAnswer"":{""@type"":""Answer"",""text"":""College Board publishes the official scoring guidelines as a PDF on AP Central. The rubric on this page mirrors those criteria.""}}]}</script>
<script type=""application/ld+json"">{""@context"":""https://schema.org"",""@type"":""LearningResource"",""headline"":""2019 AP CSA FRQ 2: StepTracker - Complete Solution and Scoring Guide"",""description"":""Complete solution to 2019 AP CSA FRQ 2 (StepTracker) with the official 9-point rubric, common mistakes, and a 22-minute practice timer."",""name"":""2019 AP CSA FRQ 2: StepTracker Solution"",""educationalLevel"":""https://schema.org/AdvancedPlacement"",""educationalAlignment"":{""@type"":""AlignmentObject"",""alignmentType"":""educationalSubject"",""educationalFramework"":""Advanced Placement"",""targetName"":""AP Computer Science A""},""learningResourceType"":""PracticeProblem"",""teaches"":""class writing with constructors and instance variables"",""author"":{""@type"":""Person"",""name"":""Tanner Crow"",""url"":""https://www.wyzant.com/tutors/tannerc12"",""jobTitle"":""AP Computer Science Teacher"",""alumniOf"":""Blue Valley North High School"",""description"":""AP Computer Science teacher with 11+ years of experience and 1,800+ verified tutoring hours. 54.5% of his AP CSA students score 5s vs. 25.5% national average.""},""publisher"":{""@type"":""Organization"",""name"":""AP CS Exam Prep"",""url"":""https://www.apcsexamprep.com"",""logo"":{""@type"":""ImageObject"",""url"":""https://cdn.shopify.com/s/files/1/0778/8403/1191/files/AP_CS_Exam_Prep_logo_design_540cae34-fa86-4614-81af-51bd37d3f813.png""}},""datePublished"":""2026-01-07"",""dateModified"":""2026-04-25"",""mainEntityOfPage"":{""@type"":""WebPage"",""@id"":""https://www.apcsexamprep.com/pages/ap-csa-2019-frq-2-steptracker""},""image"":""https://cdn.shopify.com/s/files/1/0778/8403/1191/files/AP_CS_Exam_Prep_logo_design_540cae34-fa86-4614-81af-51bd37d3f813.png"",""inLanguage"":""en-US"",""timeRequired"":""PT22M"",""isAccessibleForFree"":true}</script>
<script type=""application/ld+json"">{""@context"":""https://schema.org"",""@type"":""BreadcrumbList"",""itemListElement"":[{""@type"":""ListItem"",""position"":1,""name"":""AP CSA"",""item"":""https://www.apcsexamprep.com/pages/ap-csa""},{""@type"":""ListItem"",""position"":2,""name"":""FRQ Archive"",""item"":""https://www.apcsexamprep.com/pages/ap-csa-frq-archive""},{""@type"":""ListItem"",""position"":3,""name"":""2019 FRQs"",""item"":""https://www.apcsexamprep.com/pages/ap-csa-frq-2019""},{""@type"":""ListItem"",""position"":4,""name"":""FRQ 2: StepTracker""}]}</script>
<script type=""application/ld+json"">{""@context"":""https://schema.org"",""@type"":""Quiz"",""name"":""2019 AP CSA FRQ 2: StepTracker"",""about"":{""@type"":""Thing"",""name"":""class writing with constructors and instance variables""},""educationalAlignment"":{""@type"":""AlignmentObject"",""alignmentType"":""assesses"",""educationalFramework"":""Advanced Placement"",""targetName"":""AP Computer Science A""},""timeRequired"":""PT22M"",""educationalUse"":""assessment"",""typicalAgeRange"":""15-18""}</script>

<!-- Open Graph + Twitter card meta tags
     Note: These are emitted in body_html. Most search engines and social platforms 
     (Facebook, LinkedIn, Discord, iMessage, Slack) will still parse them when they
     appear in body. For maximum reliability also set theme.liquid og: handlers via
     Shopify SEO metafields (title_tag + description_tag). -->
<meta property=""og:type"" content=""article"">
<meta property=""og:title"" content=""2019 AP CSA FRQ 2: StepTracker Solution + Rubric"">
<meta property=""og:description"" content=""Complete solution to 2019 AP CSA FRQ 2 (StepTracker) with the official 9-point rubric, common mistakes, and a 22-minute practice timer."">
<meta property=""og:url"" content=""https://www.apcsexamprep.com/pages/ap-csa-2019-frq-2-steptracker"">
<meta property=""og:site_name"" content=""AP CS Exam Prep"">
<meta property=""og:image"" content=""https://cdn.shopify.com/s/files/1/0778/8403/1191/files/AP_CS_Exam_Prep_logo_design_540cae34-fa86-4614-81af-51bd37d3f813.png"">
<meta property=""article:author"" content=""Tanner Crow"">
<meta property=""article:published_time"" content=""2026-01-07"">
<meta property=""article:modified_time"" content=""2026-04-25"">
<meta property=""article:section"" content=""AP CSA FRQ Solutions"">
<meta property=""article:tag"" content=""AP CSA, 2019 FRQ, StepTracker, class writing with constructors and instance variables"">
<meta name=""twitter:card"" content=""summary_large_image"">
<meta name=""twitter:title"" content=""2019 AP CSA FRQ 2: StepTracker Solution + Rubric"">
<meta name=""twitter:description"" content=""Complete solution to 2019 AP CSA FRQ 2 (StepTracker) with the official 9-point rubric, common mistakes, and a 22-minute practice timer."">
<meta name=""twitter:image"" content=""https://cdn.shopify.com/s/files/1/0778/8403/1191/files/AP_CS_Exam_Prep_logo_design_540cae34-fa86-4614-81af-51bd37d3f813.png"">

<style>
/* ===== SHOPIFY TITLE RESET ===== */
.page-title,.article__title,.page__title,.template-page h1:first-of-type{display:none!important;}

/* ===== WRAPPER RESET ===== */
#frq2019q2{
  all:initial!important;
  display:block!important;
  font-family:-apple-system,BlinkMacSystemFont,'Segoe UI',Roboto,sans-serif!important;
  color:#1f2937!important;
  background:#ffffff!important;
  line-height:1.65!important;
  max-width:900px!important;
  margin:0 auto!important;
  padding:24px 16px 60px!important;
  -webkit-font-smoothing:antialiased!important;
  -webkit-text-fill-color:#1f2937!important;
}
#frq2019q2 *{box-sizing:border-box!important;}

/* ===== TYPOGRAPHY ===== */
#frq2019q2 h1{
  font-family:inherit!important;
  font-size:1.85em!important;
  font-weight:700!important;
  color:#1e3a8a!important;
  -webkit-text-fill-color:#1e3a8a!important;
  margin:0 0 8px!important;
  border-bottom:3px solid #3b82f6!important;
  padding-bottom:14px!important;
  line-height:1.25!important;
}
/* The visible ""page title"" - we use H2 to avoid duplicating Shopify's auto-H1,
   but we style it like an H1 visually for users. */
#frq2019q2 h2.frq-pagetitle{
  font-family:inherit!important;
  font-size:1.85em!important;
  font-weight:700!important;
  color:#1e3a8a!important;
  -webkit-text-fill-color:#1e3a8a!important;
  margin:0 0 8px!important;
  padding:0 0 14px!important;
  border-left:0!important;
  border-bottom:3px solid #3b82f6!important;
  padding-left:0!important;
  line-height:1.25!important;
}
#frq2019q2 .frq-lede{
  font-size:1.05em!important;
  color:#374151!important;
  -webkit-text-fill-color:#374151!important;
  margin:0 0 14px!important;
  line-height:1.6!important;
}
#frq2019q2 .frq-byline{
  display:flex!important;
  flex-wrap:wrap!important;
  gap:8px 16px!important;
  align-items:center!important;
  margin:0 0 18px!important;
  padding:10px 14px!important;
  background:#f9fafb!important;
  border-left:3px solid #cbd5e1!important;
  border-radius:0 6px 6px 0!important;
  font-size:0.88em!important;
  color:#4b5563!important;
  -webkit-text-fill-color:#4b5563!important;
}
#frq2019q2 .frq-byline a{
  color:#2563eb!important;
  -webkit-text-fill-color:#2563eb!important;
  text-decoration:none!important;
  font-weight:600!important;
}
#frq2019q2 .frq-byline a:hover{text-decoration:underline!important;}
#frq2019q2 .frq-byline-author{font-weight:600!important;color:#1f2937!important;-webkit-text-fill-color:#1f2937!important;}
#frq2019q2 .frq-byline-sep{color:#9ca3af!important;-webkit-text-fill-color:#9ca3af!important;}
#frq2019q2 .frq-byline-date{color:#6b7280!important;-webkit-text-fill-color:#6b7280!important;font-style:italic!important;}
#frq2019q2 h2{
  font-family:inherit!important;
  font-size:1.4em!important;
  font-weight:700!important;
  color:#1e40af!important;
  -webkit-text-fill-color:#1e40af!important;
  margin:32px 0 14px!important;
  padding-left:12px!important;
  border-left:4px solid #60a5fa!important;
  line-height:1.3!important;
}
#frq2019q2 h3{
  font-family:inherit!important;
  font-size:1.15em!important;
  font-weight:700!important;
  color:#1e40af!important;
  -webkit-text-fill-color:#1e40af!important;
  margin:24px 0 10px!important;
}
#frq2019q2 h4{
  font-family:inherit!important;
  font-size:1.02em!important;
  font-weight:700!important;
  color:#1e3a8a!important;
  -webkit-text-fill-color:#1e3a8a!important;
  margin:18px 0 8px!important;
}
#frq2019q2 p{
  font-family:inherit!important;
  font-size:1em!important;
  margin:0 0 14px!important;
  color:#1f2937!important;
  -webkit-text-fill-color:#1f2937!important;
}
#frq2019q2 strong{font-weight:700!important;color:inherit!important;-webkit-text-fill-color:inherit!important;}
#frq2019q2 code{
  font-family:Consolas,Monaco,'Courier New',monospace!important;
  background:#f1f5f9!important;
  padding:2px 6px!important;
  border-radius:4px!important;
  font-size:0.92em!important;
  color:#be185d!important;
  -webkit-text-fill-color:#be185d!important;
}
#frq2019q2 pre{
  background:#1e293b!important;
  color:#e2e8f0!important;
  -webkit-text-fill-color:#e2e8f0!important;
  padding:18px!important;
  border-radius:8px!important;
  overflow-x:auto!important;
  font-family:Consolas,Monaco,'Courier New',monospace!important;
  font-size:13px!important;
  line-height:1.6!important;
  white-space:pre!important;
  margin:14px 0!important;
}
#frq2019q2 pre code{
  background:transparent!important;
  padding:0!important;
  color:#e2e8f0!important;
  -webkit-text-fill-color:#e2e8f0!important;
  font-size:13px!important;
}
#frq2019q2 ul,#frq2019q2 ol{margin:0 0 14px 24px!important;padding:0!important;}
#frq2019q2 li{margin:6px 0!important;color:#1f2937!important;-webkit-text-fill-color:#1f2937!important;}
#frq2019q2 a{color:#2563eb!important;-webkit-text-fill-color:#2563eb!important;text-decoration:underline!important;}
#frq2019q2 a:hover{color:#1d4ed8!important;-webkit-text-fill-color:#1d4ed8!important;}

/* ===== META BAR ===== */
#frq2019q2 .frq-meta{
  background:#eff6ff!important;
  border:1px solid #bfdbfe!important;
  border-radius:10px!important;
  padding:14px 18px!important;
  margin:0 0 22px!important;
  display:flex!important;
  flex-wrap:wrap!important;
  gap:18px!important;
  font-size:0.92em!important;
}
#frq2019q2 .frq-meta span{color:#1e40af!important;-webkit-text-fill-color:#1e40af!important;}
#frq2019q2 .frq-meta strong{color:#1e3a8a!important;-webkit-text-fill-color:#1e3a8a!important;}

/* ===== TIMER ===== */
#frq2019q2 .frq-timer-bar{
  background:#fef3c7!important;
  border:1px solid #fcd34d!important;
  border-radius:10px!important;
  padding:12px 16px!important;
  margin:0 0 22px!important;
  display:flex!important;
  flex-wrap:wrap!important;
  gap:10px!important;
  align-items:center!important;
  justify-content:space-between!important;
}
#frq2019q2 .frq-timer-bar .frq-timer-label{font-weight:600!important;color:#92400e!important;-webkit-text-fill-color:#92400e!important;font-size:0.92em!important;}
#frq2019q2 .frq-timer-bar .frq-timer-display{
  font-family:Consolas,Monaco,'Courier New',monospace!important;
  font-size:1.4em!important;
  font-weight:700!important;
  color:#78350f!important;
  -webkit-text-fill-color:#78350f!important;
  background:#ffffff!important;
  padding:4px 14px!important;
  border-radius:6px!important;
  border:1px solid #fcd34d!important;
}

/* ===== BUTTONS (white text locked in) ===== */
#frq2019q2 button,#frq2019q2 .btn,#frq2019q2 a.btn{
  font-family:inherit!important;
  font-size:0.93em!important;
  font-weight:600!important;
  padding:9px 18px!important;
  border-radius:6px!important;
  border:0!important;
  cursor:pointer!important;
  text-decoration:none!important;
  display:inline-block!important;
  line-height:1.3!important;
  transition:background-color 0.15s,opacity 0.15s!important;
}
#frq2019q2 .btn,#frq2019q2 a.btn,#frq2019q2 button.btn{
  background:#2563eb!important;
  color:#ffffff!important;
  -webkit-text-fill-color:#ffffff!important;
}
#frq2019q2 .btn:link,#frq2019q2 .btn:visited,
#frq2019q2 a.btn:link,#frq2019q2 a.btn:visited{
  color:#ffffff!important;-webkit-text-fill-color:#ffffff!important;
}
#frq2019q2 .btn:hover,#frq2019q2 a.btn:hover,#frq2019q2 button.btn:hover{
  background:#1d4ed8!important;color:#ffffff!important;-webkit-text-fill-color:#ffffff!important;
}
#frq2019q2 .btn:active,#frq2019q2 a.btn:active{
  background:#1e40af!important;color:#ffffff!important;-webkit-text-fill-color:#ffffff!important;
}
#frq2019q2 .btn-green{background:#15803d!important;}
#frq2019q2 .btn-green:link,#frq2019q2 .btn-green:visited,
#frq2019q2 .btn-green:hover{background:#166534!important;color:#ffffff!important;-webkit-text-fill-color:#ffffff!important;}
#frq2019q2 .btn-amber{background:#d97706!important;}
#frq2019q2 .btn-amber:link,#frq2019q2 .btn-amber:visited,
#frq2019q2 .btn-amber:hover{background:#b45309!important;color:#ffffff!important;-webkit-text-fill-color:#ffffff!important;}
#frq2019q2 .btn-outline{
  background:#ffffff!important;
  color:#2563eb!important;
  -webkit-text-fill-color:#2563eb!important;
  border:2px solid #2563eb!important;
  padding:7px 16px!important;
}
#frq2019q2 .btn-outline:link,#frq2019q2 .btn-outline:visited{
  color:#2563eb!important;-webkit-text-fill-color:#2563eb!important;
}
#frq2019q2 .btn-outline:hover{
  background:#eff6ff!important;color:#1d4ed8!important;-webkit-text-fill-color:#1d4ed8!important;
}
#frq2019q2 .btn-sm{font-size:0.85em!important;padding:7px 14px!important;}

/* ===== PDF VIEWER + JUMP-BACK NAV ===== */
#frq2019q2 .frq-pdf-wrap{
  margin:14px 0 22px!important;
  border:1px solid #cbd5e1!important;
  border-radius:10px!important;
  overflow:hidden!important;
  background:#f8fafc!important;
  position:relative!important;
}
#frq2019q2 .frq-pdf-wrap iframe{
  width:100%!important;
  height:800px!important;
  border:0!important;
  display:block!important;
  transition:height 0.25s ease-out!important;
}
#frq2019q2 .frq-pdf-wrap.expanded iframe{
  height:1400px!important;
}
#frq2019q2 .frq-pdf-expand-btn{
  position:absolute!important;
  top:10px!important;
  right:10px!important;
  background:rgba(30,41,59,0.92)!important;
  color:#ffffff!important;
  -webkit-text-fill-color:#ffffff!important;
  border:1px solid rgba(255,255,255,0.25)!important;
  padding:6px 12px!important;
  border-radius:6px!important;
  font-family:inherit!important;
  font-size:0.82em!important;
  font-weight:600!important;
  cursor:pointer!important;
  z-index:5!important;
  line-height:1.2!important;
  transition:background-color 0.15s!important;
}
#frq2019q2 .frq-pdf-expand-btn:hover{
  background:rgba(15,23,42,0.98)!important;
}
#frq2019q2 .frq-pdf-fallback{
  display:none;
  padding:18px!important;
  text-align:center!important;
}

/* ===== PROMPT QUICK-RECAP (above editor) ===== */
/* Exam-condition framing line above editor - reinforces the ""no hints"" pedagogy
   by making the choice explicit and explaining it matches Bluebook */
#frq2019q2 .frq-exam-condition{
  background:#fef3c7!important;
  border-left:4px solid #d97706!important;
  border-radius:0 6px 6px 0!important;
  padding:11px 16px!important;
  margin:0 0 14px!important;
  font-size:0.93em!important;
  line-height:1.55!important;
  color:#78350f!important;
  -webkit-text-fill-color:#78350f!important;
}
#frq2019q2 .frq-exam-condition strong{color:#78350f!important;-webkit-text-fill-color:#78350f!important;}

/* In-Reveal recap (formerly above-editor) - serves as a self-check after attempt */
#frq2019q2 .frq-recap-incollapsed{
  background:#f0f9ff!important;
  border:1px solid #7dd3fc!important;
  border-left:4px solid #0284c7!important;
  border-radius:8px!important;
  padding:14px 18px!important;
  margin:0 0 18px!important;
  font-size:0.95em!important;
}
#frq2019q2 .frq-recap-incollapsed p{margin:0 0 8px!important;color:#0c4a6e!important;-webkit-text-fill-color:#0c4a6e!important;}
#frq2019q2 .frq-recap-incollapsed p:last-child{margin-bottom:0!important;}
#frq2019q2 .frq-recap-incollapsed ul{margin:6px 0 0 22px!important;}
#frq2019q2 .frq-recap-incollapsed li{color:#0c4a6e!important;-webkit-text-fill-color:#0c4a6e!important;font-size:0.95em!important;margin:6px 0!important;}
#frq2019q2 .frq-recap-incollapsed strong{color:#075985!important;-webkit-text-fill-color:#075985!important;}

/* ===== EDITOR ===== */
#frq2019q2 .frq-editor{position:relative!important;margin:14px 0 12px!important;}
#frq2019q2 .frq-editor-toolbar{
  display:flex!important;
  justify-content:space-between!important;
  align-items:center!important;
  flex-wrap:wrap!important;
  gap:8px!important;
  background:#334155!important;
  color:#e2e8f0!important;
  -webkit-text-fill-color:#e2e8f0!important;
  padding:8px 14px!important;
  border-radius:8px 8px 0 0!important;
  font-size:0.82em!important;
}
#frq2019q2 .frq-editor-toolbar .frq-editor-label{
  font-family:Consolas,Monaco,'Courier New',monospace!important;
  color:#cbd5e1!important;
  -webkit-text-fill-color:#cbd5e1!important;
}
#frq2019q2 .frq-editor-toolbar .frq-editor-tip{
  color:#94a3b8!important;
  -webkit-text-fill-color:#94a3b8!important;
  font-size:0.92em!important;
}
#frq2019q2 .frq-editor textarea{
  width:100%!important;
  min-height:380px!important;
  font-family:Consolas,Monaco,'Courier New',monospace!important;
  font-size:14px!important;
  line-height:1.6!important;
  padding:16px 16px 22px 16px!important;
  border:2px solid #334155!important;
  border-top:0!important;
  border-radius:0 0 8px 8px!important;
  background:#1e293b!important;
  color:#e2e8f0!important;
  -webkit-text-fill-color:#e2e8f0!important;
  resize:vertical!important;
  tab-size:4!important;
  -moz-tab-size:4!important;
  white-space:pre!important;
  overflow-wrap:normal!important;
  overflow-x:auto!important;
  display:block!important;
}
#frq2019q2 .frq-editor textarea:focus{
  border-color:#3b82f6!important;
  outline:none!important;
  box-shadow:0 0 0 3px rgba(59,130,246,0.2)!important;
}
#frq2019q2 .frq-editor textarea::placeholder{color:#64748b!important;}

/* Visible resize hint at bottom of editor - clearer than the native corner triangle */
#frq2019q2 .frq-resize-hint{
  display:flex!important;
  justify-content:flex-end!important;
  align-items:center!important;
  gap:6px!important;
  margin:-6px 0 0 0!important;
  padding:0 14px 4px 0!important;
  font-size:0.78em!important;
  color:#64748b!important;
  -webkit-text-fill-color:#64748b!important;
  pointer-events:none!important;
}

#frq2019q2 .frq-editor-actions{
  display:flex!important;
  gap:10px!important;
  flex-wrap:wrap!important;
  margin:12px 0 18px!important;
}

/* ===== SELF-GRADE CTA (prominent, honest framing) ===== */
#frq2019q2 .frq-self-grade-cta{
  background:#f0fdf4!important;
  border:2px solid #86efac!important;
  border-left:5px solid #15803d!important;
  border-radius:10px!important;
  padding:18px 20px!important;
  margin:18px 0 22px!important;
}
#frq2019q2 .frq-self-grade-note{
  margin:0 0 14px!important;
  color:#14532d!important;
  -webkit-text-fill-color:#14532d!important;
  font-size:0.96em!important;
  line-height:1.55!important;
}
#frq2019q2 .frq-self-grade-note strong{
  color:#14532d!important;
  -webkit-text-fill-color:#14532d!important;
}
#frq2019q2 .frq-reveal-btn{
  background:#15803d!important;
  color:#ffffff!important;
  -webkit-text-fill-color:#ffffff!important;
  border:0!important;
  border-radius:8px!important;
  padding:14px 24px!important;
  font-family:inherit!important;
  font-size:1.02em!important;
  font-weight:700!important;
  cursor:pointer!important;
  display:block!important;
  width:100%!important;
  text-align:center!important;
  letter-spacing:0.2px!important;
  transition:background-color 0.15s,transform 0.05s!important;
  line-height:1.3!important;
}
#frq2019q2 .frq-reveal-btn:hover{
  background:#166534!important;
  color:#ffffff!important;
  -webkit-text-fill-color:#ffffff!important;
}
#frq2019q2 .frq-reveal-btn:active{
  background:#14532d!important;
  transform:translateY(1px)!important;
}

/* ===== JUMP NAV BUTTONS (PDF <-> Editor) ===== */
#frq2019q2 .frq-jump-row{
  display:flex!important;
  gap:10px!important;
  flex-wrap:wrap!important;
  justify-content:center!important;
  margin:18px 0!important;
  padding:12px!important;
  background:#f1f5f9!important;
  border:1px dashed #94a3b8!important;
  border-radius:8px!important;
}
#frq2019q2 .frq-jump-row .btn{font-size:0.88em!important;padding:8px 14px!important;}

/* ===== COLLAPSIBLES (Solution / Rubric) ===== */
#frq2019q2 .frq-collapsible{
  background:#f8fafc!important;
  color:#1e3a8a!important;
  -webkit-text-fill-color:#1e3a8a!important;
  border:2px solid #cbd5e1!important;
  border-radius:8px!important;
  padding:11px 16px!important;
  font-weight:600!important;
  font-size:0.95em!important;
  cursor:pointer!important;
  width:100%!important;
  text-align:left!important;
  display:block!important;
  margin:8px 0 0!important;
}
#frq2019q2 .frq-collapsible:hover{background:#eff6ff!important;border-color:#3b82f6!important;}
#frq2019q2 .frq-collapsible-content{
  display:none;
  padding:16px 18px!important;
  border:2px solid #cbd5e1!important;
  border-top:0!important;
  border-radius:0 0 8px 8px!important;
  margin-top:-8px!important;
  background:#ffffff!important;
}
#frq2019q2 .frq-collapsible-content.open{display:block!important;}

/* ===== RUBRIC TABLE ===== */
#frq2019q2 table{width:100%!important;border-collapse:collapse!important;margin:12px 0!important;font-size:0.93em!important;}
#frq2019q2 th,#frq2019q2 td{padding:9px 12px!important;border:1px solid #e5e7eb!important;text-align:left!important;vertical-align:top!important;color:#1f2937!important;-webkit-text-fill-color:#1f2937!important;}
#frq2019q2 th{background:#f3f4f6!important;font-weight:700!important;color:#1e3a8a!important;-webkit-text-fill-color:#1e3a8a!important;}
#frq2019q2 td:first-child{width:60px!important;text-align:center!important;background:#eff6ff!important;color:#1e40af!important;-webkit-text-fill-color:#1e40af!important;font-weight:700!important;}

/* ===== INSIGHT BOXES ===== */
#frq2019q2 .frq-tip,#frq2019q2 .frq-mistake,#frq2019q2 .frq-key{
  padding:14px 18px!important;
  border-radius:8px!important;
  margin:16px 0!important;
  border-left:4px solid!important;
}
#frq2019q2 .frq-tip{background:#f0fdf4!important;border-left-color:#16a34a!important;}
#frq2019q2 .frq-tip strong{color:#15803d!important;-webkit-text-fill-color:#15803d!important;}
#frq2019q2 .frq-mistake{background:#fef2f2!important;border-left-color:#dc2626!important;}
#frq2019q2 .frq-mistake strong{color:#b91c1c!important;-webkit-text-fill-color:#b91c1c!important;}
#frq2019q2 .frq-key{background:#eff6ff!important;border-left-color:#2563eb!important;}
#frq2019q2 .frq-key strong{color:#1d4ed8!important;-webkit-text-fill-color:#1d4ed8!important;}

/* ===== FAQ ===== */
#frq2019q2 .frq-faq{margin:30px 0!important;}
#frq2019q2 .faq-q{font-weight:700!important;color:#1e3a8a!important;-webkit-text-fill-color:#1e3a8a!important;margin:18px 0 6px!important;font-size:1.02em!important;}
#frq2019q2 .faq-a{margin:0 0 10px!important;color:#1f2937!important;-webkit-text-fill-color:#1f2937!important;}

/* ===== NAV ===== */
#frq2019q2 .frq-nav{
  display:flex!important;
  justify-content:space-between!important;
  flex-wrap:wrap!important;
  gap:10px!important;
  margin:32px 0 18px!important;
  padding-top:22px!important;
  border-top:1px solid #e5e7eb!important;
}
#frq2019q2 .frq-footer-links{
  text-align:center!important;
  font-size:0.9em!important;
  color:#6b7280!important;
  -webkit-text-fill-color:#6b7280!important;
  margin:14px 0 0!important;
}

/* ===== MOBILE ===== */
@media (max-width:640px){
  #frq2019q2{padding:16px 12px 40px!important;}
  #frq2019q2 h1,#frq2019q2 h2.frq-pagetitle{font-size:1.4em!important;}
  #frq2019q2 h2{font-size:1.18em!important;}
  #frq2019q2 .frq-pdf-wrap iframe{height:500px!important;}
  #frq2019q2 .frq-pdf-wrap.expanded iframe{height:800px!important;}
  #frq2019q2 .frq-editor textarea{font-size:13px!important;min-height:320px!important;}
  #frq2019q2 .frq-meta{gap:10px!important;font-size:0.86em!important;}
  #frq2019q2 .frq-nav .btn{width:100%!important;text-align:center!important;}
}
</style>

<div id=""frq2019q2"">

<!-- IMPORTANT: We use H2 here intentionally - Shopify auto-injects an H1 from the
     page Title (set via Matrixify or Shopify admin). Your Shopify page Title MUST
     be set to: ""2019 AP CSA FRQ 2: StepTracker Solution + Rubric""
     If left as the auto-cased handle (""Ap Csa 2019 Frq 2 Steptracker""), the H1
     will be ugly AND duplicate ours = 3-H1 SEO penalty. -->
<h2 class=""frq-pagetitle"">2019 AP CSA FRQ 2: StepTracker — Complete Solution &amp; Rubric</h2>

<p class=""frq-lede"">Step-by-step solution to <strong>2019 AP CSA FRQ 2 (StepTracker)</strong> with the official 9-point rubric, common mistakes that cost points, and a built-in 22-minute practice timer. Written by an AP Computer Science teacher whose students earn 5s at more than 2x the national rate.</p>

<div class=""frq-byline"">
<span class=""frq-byline-author"">By <a href=""https://www.wyzant.com/tutors/tannerc12"" target=""_blank"" rel=""author noopener"">Tanner Crow</a></span>
<span class=""frq-byline-sep"">|</span>
<span>AP CSA Teacher · 11+ years · 1,800+ verified tutoring hours (5.0 rating)</span>
<span class=""frq-byline-sep"">|</span>
<span class=""frq-byline-date"">Last reviewed: April 2026</span>
</div>

<div class=""frq-meta"">
<span><strong>Year:</strong> 2019</span>
<span><strong>Question:</strong> 2 of 4</span>
<span><strong>Points:</strong> 9</span>
<span><strong>Topics:</strong> Class Writing, Constructors</span>
<span><strong>Difficulty:</strong> Medium</span>
</div>

<div class=""frq-timer-bar"">
<span class=""frq-timer-label"">Recommended pace: 22:00 per FRQ</span>
<span class=""frq-timer-display"" id=""frq2019q2-timer"">22:00</span>
<span>
<button class=""btn btn-sm btn-green"" onclick=""frq2019q2Start()"">Start</button>
<button class=""btn btn-sm btn-amber"" onclick=""frq2019q2Pause()"">Pause</button>
<button class=""btn btn-sm btn-outline"" onclick=""frq2019q2Reset()"">Reset</button>
</span>
</div>

<h2 id=""frq2019q2-prompt"">The Official 2019 FRQ 2 Question</h2>
<p>The complete prompt is in the PDF below. Use the recap above the editor to keep the key requirements in mind while you write your response.</p>

<div class=""frq-pdf-wrap"" id=""frq2019q2-pdf-wrap"">
<button type=""button"" class=""frq-pdf-expand-btn"" id=""frq2019q2-pdf-expand"">Expand ▾</button>
<iframe id=""frq2019q2-pdf-iframe"" src=""https://apcentral.collegeboard.org/media/pdf/ap19-frq-computer-science-a.pdf#page=7&amp;toolbar=0&amp;navpanes=0"" title=""2019 AP CSA FRQ 2 Prompt PDF (page 7)"" loading=""lazy""></iframe>
<div class=""frq-pdf-fallback"" id=""frq2019q2-pdf-fallback"">
<p>The PDF cannot be embedded on this device.</p>
<a class=""btn"" href=""https://apcentral.collegeboard.org/media/pdf/ap19-frq-computer-science-a.pdf#page=7"" target=""_blank"" rel=""noopener"">Open Prompt PDF in New Tab</a>
</div>
</div>

<div class=""frq-jump-row"">
<a class=""btn btn-sm"" href=""https://apcentral.collegeboard.org/media/pdf/ap19-frq-computer-science-a.pdf#page=7"" target=""_blank"" rel=""noopener"">Open PDF in New Tab (Page 7)</a>
<a class=""btn btn-sm btn-outline"" href=""#frq2019q2-parta"">Jump to Code Editor ↓</a>
</div>

<h2 id=""frq2019q2-parta"">Write Your StepTracker Response (Part A)</h2>

<p class=""frq-exam-condition"">Read the prompt above and write your response in the editor. The real AP exam in Bluebook gives you the prompt and a blank editor — no requirement summary, no hints. Practice like that here. When you’re done, click <strong>Reveal Solution &amp; Scoring Rubric</strong> below to compare your code against the official rubric.</p>

<div class=""frq-editor"">
<div class=""frq-editor-toolbar"">
<span class=""frq-editor-label"">Response.java</span>
<span class=""frq-editor-tip"">Tab indents | Enter auto-indents | Brackets auto-close</span>
</div>
<textarea id=""frq2019q2-ea"" spellcheck=""false"" autocapitalize=""off"" autocorrect=""off"" placeholder=""// Write your Part A response here...""></textarea>
</div>
<div class=""frq-resize-hint"">Drag bottom-right corner to resize editor ⇲</div>

<div class=""frq-editor-actions"">
<button type=""button"" class=""btn btn-sm btn-outline"" onclick=""if(confirm('Clear your response?'))document.getElementById('frq2019q2-ea').value=''"">Clear Response</button>
</div>

<div class=""frq-jump-row"">
<a class=""btn btn-sm btn-outline"" href=""#frq2019q2-prompt"">↑ Jump to PDF Prompt</a>
<a class=""btn btn-sm"" href=""https://apcentral.collegeboard.org/media/pdf/ap19-frq-computer-science-a.pdf"" target=""_blank"" rel=""noopener"">Open PDF in New Tab</a>
</div>

<div class=""frq-self-grade-cta"">
<p class=""frq-self-grade-note""><strong>Ready to self-grade?</strong> Compare your code against the official 9-point rubric below. AP FRQs are graded by trained human readers, so we don’t auto-score — you’ll learn more by checking your work against the rubric criteria yourself.</p>
<button type=""button"" class=""frq-reveal-btn"" onclick=""var c=document.getElementById('frq2019q2-sola');c.classList.add('open');this.style.display='none';c.scrollIntoView({behavior:'smooth',block:'start'});"">Reveal Solution &amp; Scoring Rubric ▼</button>
</div>

<div class=""frq-collapsible-content"" id=""frq2019q2-sola"">

<h3>What the Prompt Was Asking</h3>
<div class=""frq-recap-incollapsed"">
<p>Before reading the solution, check whether your response covered each of these requirements:</p>
<p><strong>Write:</strong> <code>public class StepTracker</code></p>
<p><strong>Required behavior:</strong></p>
<ul>
<li>Constructor that stores the active-day step threshold in an instance variable</li>
<li>addDailySteps method that updates total steps, day count, and active-day count</li>
<li>averageSteps method that returns 0.0 when no days are recorded (avoid integer division)</li>
</ul>
</div>

<h3>How to Write the StepTracker Class Step-by-Step</h3>
<pre>// REPLACE WITH YOUR SOLUTION CODE
// Preserve indentation. Use 4 spaces, never tabs.
public class StepTracker {
    private int minSteps;
    private int totalSteps;
    private int numDays;
    private int activeDays;

    public StepTracker(int minimum) {
        minSteps = minimum;
    }

    public void addDailySteps(int steps) {
        totalSteps += steps;
        numDays++;
        if (steps &gt;= minSteps) {
            activeDays++;
        }
    }

    public int activeDays() {
        return activeDays;
    }

    public double averageSteps() {
        if (numDays == 0) return 0.0;
        return (double) totalSteps / numDays;
    }
}</pre>

<h3>Official 9-Point Scoring Rubric for StepTracker</h3>
<table>
<tr>
<th>Pts</th>
<th>Criterion</th>
</tr>
<tr>
<td><strong>+1</strong></td>
<td>Class header: <code>public class StepTracker</code>
</td>
</tr>
<tr>
<td><strong>+1</strong></td>
<td>Constructor stores the minimum threshold in an instance variable</td>
</tr>
<tr>
<td><strong>+1</strong></td>
<td>Constructor header declared <code>public</code>
</td>
</tr>
<tr>
<td><strong>+1</strong></td>
<td>Instance variables track total steps, day count, active days</td>
</tr>
<tr>
<td><strong>+1</strong></td>
<td>
<code>addDailySteps</code> header and updates total/days</td>
</tr>
<tr>
<td><strong>+1</strong></td>
<td>
<code>addDailySteps</code> increments active days when threshold met</td>
</tr>
<tr>
<td><strong>+1</strong></td>
<td>
<code>activeDays</code> returns the active-day count</td>
</tr>
<tr>
<td><strong>+1</strong></td>
<td>
<code>averageSteps</code> handles zero-days edge case (returns 0.0)</td>
</tr>
<tr>
<td><strong>+1</strong></td>
<td>
<code>averageSteps</code> avoids integer division</td>
</tr>
</table>

<h3>Common Mistakes That Cost Points on FRQ 2</h3>

<div class=""frq-mistake"">
<strong>Mistake 1:</strong> Storing averageSteps as an instance variable. The rubric expects it computed on demand from totalSteps and numDays - storing a redundant variable risks staleness and wastes a rubric line.
</div>

<div class=""frq-mistake"">
<strong>Mistake 2:</strong> Forgetting the (double) cast in averageSteps. Writing return totalSteps / numDays performs integer division and returns 0 for any case where totalSteps &lt; numDays. Cast one operand: return (double) totalSteps / numDays.
</div>

<div class=""frq-mistake"">
<strong>Mistake 3:</strong> Skipping the numDays == 0 guard. Without it, averageSteps throws ArithmeticException on the very first sample call before any days are added.
</div>

<div class=""frq-key"">
<strong>Key Insight:</strong> When two methods share state (addDailySteps writes, averageSteps reads), the cleanest design uses simple int counters and computes derived values like the average on demand. This avoids storing redundant state that can drift out of sync.
</div>

</div>

<!-- DUPLICATE THE Part A BLOCK FOR PARTS B, C, D AS NEEDED -->

<h2>FAQs About 2019 AP CSA FRQ 2</h2>
<div class=""frq-faq"">
<p class=""faq-q"">What does 2019 AP CSA FRQ 2 StepTracker test?</p>
<p class=""faq-a"">FRQ 2 tests writing a complete Java class with private instance variables, a constructor that stores a parameter, and methods that update and return state. The exam wants you to handle the zero-days edge case in averageSteps without integer division.</p>

<p class=""faq-q"">How many points is FRQ 2 worth?</p>
<p class=""faq-a"">9 points, awarded across the rubric criteria. FRQ 2 makes up about 11% of the AP CSA exam score.</p>

<p class=""faq-q"">What is the most common mistake on 2019 FRQ 2 StepTracker?</p>
<p class=""faq-a"">Forgetting to cast to double in averageSteps. Without (double) on one operand, Java performs integer division and you lose decimal precision, which costs the rubric point.</p>

<p class=""faq-q"">How long should I spend on FRQ 2?</p>
<p class=""faq-a"">Aim for 22 minutes per FRQ. The AP CSA free-response section is 90 minutes for 4 questions, so 22 minutes per question leaves a 2-minute buffer to review.</p>

<p class=""faq-q"">Is StepTracker still relevant for the 2026 AP CSA exam?</p>
<p class=""faq-a"">Yes. The current AP CSA 4-unit curriculum still tests class writing with constructors and instance variables, so StepTracker is excellent practice for the 2026 exam format.</p>

<p class=""faq-q"">Where can I find the official scoring guidelines?</p>
<p class=""faq-a"">College Board publishes the official scoring guidelines as a PDF on AP Central. The rubric on this page mirrors those criteria. You can <a href=""https://apcentral.collegeboard.org/media/pdf/ap19-sg-computer-science-a.pdf"" target=""_blank"" rel=""noopener"">download the official scoring guidelines here</a>.</p>
</div>

<h2>Related AP CSA FRQs to Practice Next</h2>
<p>If you found <strong>StepTracker</strong> useful, work through these next to lock in the same Java concepts:</p>
<ul>
<li>
<a href=""/pages/ap-csa-frq-2019"">See all four 2019 AP CSA FRQs</a> — finish the complete exam under timed conditions</li>
<li>
<a href=""/pages/ap-csa-frqs-by-topic"">Browse class writing with constructors and instance variables FRQs across every year</a> — the same skill, multiple exams</li>
<li>
<a href=""/pages/ap-csa-frq-archive"">Open the full FRQ archive (2004–2025)</a> — every released question with solutions</li>
<li>
<a href=""/pages/ap-csa-frq-strategy-guide"">Read the AP CSA FRQ strategy guide</a> — how to attack each FRQ type for full credit</li>
<li>
<a href=""/pages/ap-csa"">Return to the AP CSA hub</a> — all study guides, practice tests, and tutoring options</li>
</ul>

<h2>Why 2019 FRQ 2 Still Matters for the 2026 AP CSA Exam</h2>
<p>The 2026 AP CSA curriculum reorganized the topic list into 4 units, but the FRQ types stayed the same. <strong>2019 FRQ 2 (StepTracker)</strong> tests <strong>class writing with constructors and instance variables</strong>, which is still a core part of the exam. Practicing this question prepares you for the Bluebook digital test format and builds the muscle memory you need for the exam on Wednesday, May 12, 2027.</p>

<div class=""frq-nav"">
<a href=""/pages/ap-csa-2019-frq-1-apcalendar"" class=""btn btn-outline"">← Previous FRQ</a>
<a href=""/pages/ap-csa-frq-2019"" class=""btn btn-outline"">2019 FRQ Index</a>
<a href=""/pages/ap-csa-2019-frq-3-delimiters"" class=""btn btn-outline"">Next FRQ →</a>
</div>
<div class=""frq-footer-links"">
<a href=""/pages/ap-csa-frq-archive"">Every AP CSA FRQ since 2004</a> •
<a href=""/pages/ap-csa-frqs-by-topic"">Practice by topic instead of year</a> •
<a href=""/pages/ap-csa"">AP CSA exam prep hub</a>
</div>

</div>

<script>
(function(){
  /* =========================================================
     EDITOR & TIMER for frq2019q2
     v2 fixes:
       - Single source of truth for Enter (beforeinput only)
       - No more double-indent (suppresses default Enter behavior cleanly)
       - Cleaner bracket-pair handling (only insert pair when next char is empty/whitespace/closer)
       - ""Smart"" backspace removes empty bracket pair
  ========================================================= */
  var W='frq2019q2';
  var IND='    '; // 4 spaces

  /* ---------- TIMER ---------- */
  var S=22*60, I=null, R=false;
  function D(){
    var m=Math.floor(S/60), s=S%60;
    var e=document.getElementById(W+'-timer');
    if(e) e.textContent=m+':'+(s<10?'0':'')+s;
  }
  window[W+'Start']=function(){
    if(R) return; R=true;
    I=setInterval(function(){
      if(S>0){S--; D();}
      else{clearInterval(I); R=false;}
    },1000);
  };
  window[W+'Pause']=function(){clearInterval(I); R=false;};
  window[W+'Reset']=function(){clearInterval(I); R=false; S=22*60; D();};

  /* ---------- EDITOR ---------- */
  function getIndent(text, pos){
    var lineStart = text.lastIndexOf('\n', pos-1) + 1;
    var line = text.substring(lineStart, pos);
    var m = line.match(/^([ \t]*)/);
    return m ? m[1] : '';
  }

  function initEditor(el){
    if(!el) return;

    // Pairs: opener -> closer
    var PAIRS = {'(':')','[':']','{':'}','""':'""',""'"":""'""};
    var CLOSERS = {')':true, ']':true, '}':true};

    /* Bracket-pair + Tab handler (keydown, NOT Enter) */
    el.addEventListener('keydown', function(e){
      var ta = this;
      var s = ta.selectionStart;
      var end = ta.selectionEnd;
      var v = ta.value;
      var charAfter = v.charAt(s);
      var charBefore = v.charAt(s-1);

      // ----- TAB / SHIFT-TAB -----
      if(e.key === 'Tab'){
        e.preventDefault();
        if(e.shiftKey){
          // Outdent current line
          var lineStart = v.lastIndexOf('\n', s-1) + 1;
          var lineText = v.substring(lineStart);
          if(lineText.substring(0, IND.length) === IND){
            ta.value = v.substring(0, lineStart) + lineText.substring(IND.length);
            var newPos = Math.max(s - IND.length, lineStart);
            ta.selectionStart = ta.selectionEnd = newPos;
          }
        } else {
          // Insert 4 spaces
          ta.value = v.substring(0, s) + IND + v.substring(end);
          ta.selectionStart = ta.selectionEnd = s + IND.length;
        }
        return;
      }

      // ----- BRACKET-PAIR INSERTION -----
      if(PAIRS[e.key]){
        var closer = PAIRS[e.key];
        var isQuote = (e.key === '""' || e.key === ""'"");

        // If quote and next char is the same quote, just step over it
        if(isQuote && charAfter === e.key){
          e.preventDefault();
          ta.selectionStart = ta.selectionEnd = s + 1;
          return;
        }

        // For quotes, count odd vs even occurrences in current line - if odd, just type normally
        if(isQuote){
          var ls = v.lastIndexOf('\n', s-1) + 1;
          var lineToCursor = v.substring(ls, s);
          var ct = 0;
          for(var i=0; i<lineToCursor.length; i++) if(lineToCursor.charAt(i) === e.key) ct++;
          if(ct % 2 === 1) return; // already inside a string, don't pair
        }

        // Only auto-pair if next char is end-of-line, whitespace, or a closer
        // This fixes the ""wonky () behavior"" - don't pair if next char is alphanumeric
        var nextOK = (charAfter === '' || charAfter === '\n' || /\s/.test(charAfter) || CLOSERS[charAfter] || charAfter === ',' || charAfter === ';');
        if(!nextOK) return; // let it type normally

        // Auto-pair: insert opener + closer, place cursor between
        e.preventDefault();
        ta.value = v.substring(0, s) + e.key + closer + v.substring(end);
        ta.selectionStart = ta.selectionEnd = s + 1;
        return;
      }

      // ----- STEP-OVER existing closer -----
      if(CLOSERS[e.key]){
        if(charAfter === e.key){
          e.preventDefault();
          ta.selectionStart = ta.selectionEnd = s + 1;
          return;
        }
      }

      // ----- SMART BACKSPACE (removes empty bracket pair) -----
      if(e.key === 'Backspace' && s === end && s > 0){
        var bc = charBefore;
        var ac = charAfter;
        if(PAIRS[bc] && PAIRS[bc] === ac){
          e.preventDefault();
          ta.value = v.substring(0, s-1) + v.substring(s+1);
          ta.selectionStart = ta.selectionEnd = s - 1;
          return;
        }
      }
    });

    /* SINGLE Enter handler (beforeinput is the only source of truth)
       v1 had a double-indent bug because keydown didn't fire Enter
       and beforeinput was ALSO running while default Enter inserted a
       newline too. We now preventDefault and write the newline ourselves.
    */
    el.addEventListener('beforeinput', function(e){
      if(e.inputType !== 'insertLineBreak' && e.inputType !== 'insertParagraph') return;
      e.preventDefault();

      var ta = this;
      var v = ta.value;
      var s = ta.selectionStart;
      var end = ta.selectionEnd;
      var indent = getIndent(v, s);
      var charBefore = v.charAt(s-1);
      var charAfter = v.charAt(s);

      // Open brace on left, close brace on right -> expand block:
      //    {<cursor>}  becomes  {\n    <cursor>\n}
      if(charBefore === '{' && charAfter === '}'){
        var insert = '\n' + indent + IND + '\n' + indent;
        ta.value = v.substring(0, s) + insert + v.substring(end);
        ta.selectionStart = ta.selectionEnd = s + 1 + indent.length + IND.length;
        return;
      }

      // Open brace on left -> indent one level deeper
      if(charBefore === '{'){
        var insertB = '\n' + indent + IND;
        ta.value = v.substring(0, s) + insertB + v.substring(end);
        ta.selectionStart = ta.selectionEnd = s + insertB.length;
        return;
      }

      // Default: keep current indentation
      var insertC = '\n' + indent;
      ta.value = v.substring(0, s) + insertC + v.substring(end);
      ta.selectionStart = ta.selectionEnd = s + insertC.length;
    });
  }

  initEditor(document.getElementById(W + '-ea'));
  // Add: initEditor(document.getElementById(W + '-eb')); // for Part B
  // Add: initEditor(document.getElementById(W + '-ec')); // for Part C

  /* ---------- PDF EXPAND TOGGLE ---------- */
  var pdfWrap = document.getElementById(W + '-pdf-wrap');
  var pdfExpandBtn = document.getElementById(W + '-pdf-expand');
  if(pdfWrap && pdfExpandBtn){
    var EXPAND_LABEL = 'Expand ' + String.fromCharCode(9662);    // down triangle
    var COLLAPSE_LABEL = 'Collapse ' + String.fromCharCode(9652); // up triangle
    pdfExpandBtn.addEventListener('click', function(){
      if(pdfWrap.classList.contains('expanded')){
        pdfWrap.classList.remove('expanded');
        pdfExpandBtn.textContent = EXPAND_LABEL;
      } else {
        pdfWrap.classList.add('expanded');
        pdfExpandBtn.textContent = COLLAPSE_LABEL;
      }
    });
  }

  /* ---------- MOBILE PDF FALLBACK ---------- */
  var isMobile = /Android|iPhone|iPad|iPod|Opera Mini|IEMobile/i.test(navigator.userAgent);
  if(isMobile){
    var ifr = document.getElementById(W + '-pdf-iframe');
    var fb = document.getElementById(W + '-pdf-fallback');
    if(ifr && fb){
      ifr.style.display = 'none';
      fb.style.display = 'block';
      // Hide the expand button on mobile (PDF is in fallback mode)
      if(pdfExpandBtn) pdfExpandBtn.style.display = 'none';
    }
  }
})();
</script>","TRUE","2026-03-01 12:00:00"
"ap-csa-2019-frq-3-delimiters","MERGE","<style>#frq2026note-ap-csa-2019-frq-3-delimiters{all:initial!important;display:block!important;box-sizing:border-box!important;font-family:-apple-system,BlinkMacSystemFont,""Segoe UI"",Roboto,Helvetica,Arial,sans-serif!important;background:#fffbeb!important;border:1px solid #fcd34d!important;border-left:5px solid #d97706!important;border-radius:8px!important;margin:0 0 18px 0!important;padding:0!important;overflow:hidden!important;}#frq2026note-ap-csa-2019-frq-3-delimiters *{box-sizing:border-box!important;font-family:inherit!important;}#frq2026note-ap-csa-2019-frq-3-delimiters summary{display:block!important;cursor:pointer!important;padding:12px 15px!important;font-size:0.95em!important;line-height:1.5!important;list-style:none!important;color:#78350f!important;-webkit-text-fill-color:#78350f!important;}#frq2026note-ap-csa-2019-frq-3-delimiters summary::-webkit-details-marker{display:none!important;}#frq2026note-ap-csa-2019-frq-3-delimiters summary::marker{content:""""!important;}#frq2026note-ap-csa-2019-frq-3-delimiters summary:hover{background:#fef3c7!important;}#frq2026note-ap-csa-2019-frq-3-delimiters summary strong{font-weight:700!important;color:#78350f!important;-webkit-text-fill-color:#78350f!important;}#frq2026note-ap-csa-2019-frq-3-delimiters .n26-body{display:block!important;padding:0 15px 14px!important;font-size:0.92em!important;line-height:1.6!important;color:#78350f!important;-webkit-text-fill-color:#78350f!important;}#frq2026note-ap-csa-2019-frq-3-delimiters .n26-body p{margin:0 0 10px!important;color:#78350f!important;-webkit-text-fill-color:#78350f!important;}#frq2026note-ap-csa-2019-frq-3-delimiters .n26-body strong{font-weight:700!important;color:#78350f!important;-webkit-text-fill-color:#78350f!important;}#frq2026note-ap-csa-2019-frq-3-delimiters table{border-collapse:collapse!important;width:100%!important;margin:0 0 10px!important;font-size:0.95em!important;background:#fffdf5!important;}#frq2026note-ap-csa-2019-frq-3-delimiters th,#frq2026note-ap-csa-2019-frq-3-delimiters td{border:1px solid #fcd34d!important;padding:6px 9px!important;text-align:left!important;color:#78350f!important;-webkit-text-fill-color:#78350f!important;}#frq2026note-ap-csa-2019-frq-3-delimiters th{background:#fef3c7!important;font-weight:700!important;}#frq2026note-ap-csa-2019-frq-3-delimiters a{color:#92400e!important;-webkit-text-fill-color:#92400e!important;text-decoration:underline!important;}#frq2026note-ap-csa-2019-frq-3-delimiters .n26-src{font-size:0.85em!important;font-style:italic!important;margin:0!important;}</style>
<details id=""frq2026note-ap-csa-2019-frq-3-delimiters"">
<summary><strong>Heads up: the May 2027 exam scores free response differently from this one.</strong> Tap for the current point structure.</summary>
<div class=""n26-body"">
<p>Every AP CSA free-response question from 2004 through 2025 was worth <strong>9 points</strong>, and the section was 36. From 2026 the four questions are worth <strong>7, 7, 5 and 6</strong>, the section is <strong>25 points</strong>, and only Question 1 has parts.</p>
<table><tr><th>Question</th><th>Points</th><th>Parts</th><th>Type</th></tr><tr><td>Question 1</td><td><strong>7</strong></td><td>Part A 4 + Part B 3</td><td>Methods and Control Structures</td></tr><tr><td>Question 2</td><td><strong>7</strong></td><td>single part</td><td>Class Design</td></tr><tr><td>Question 3</td><td><strong>5</strong></td><td>single part</td><td>Data Analysis with ArrayList</td></tr><tr><td>Question 4</td><td><strong>6</strong></td><td>single part</td><td>2D Array</td></tr></table>
<p>Section I is now 42 multiple-choice questions at 55% of the score, and Section II is 45%. The question on this page is still worth practising. The 9 points printed below it are not the rubric you will be scored against.</p>
<p class=""n26-src"">Point totals from College Board's 2026 scoring guidelines; section weightings from the AP Computer Science A exam page. See the <a href=""/pages/ap-csa-frq-2026"">2026 questions</a> for the current format.</p>
</div>
</details>
<script type=""application/ld+json"">{""@context"":""https://schema.org"",""@type"":""FAQPage"",""mainEntity"":[{""@type"":""Question"",""name"":""What does 2019 AP CSA FRQ 3 Delimiters test?"",""acceptedAnswer"":{""@type"":""Answer"",""text"":""FRQ 3 tests ArrayList building from a String array (getDelimitersList) and a two-condition balance check algorithm (isBalanced): close count never exceeds open count during traversal, AND total open equals total close.""}},
    {""@type"":""Question"",""name"":""How many points is FRQ 3 worth?"",""acceptedAnswer"":{""@type"":""Answer"",""text"":""9 points: 4 for Part A (getDelimitersList) and 5 for Part B (isBalanced).""}},
    {""@type"":""Question"",""name"":""What are the two conditions for isBalanced?"",""acceptedAnswer"":{""@type"":""Answer"",""text"":""Condition 1: at no point during traversal can the close count exceed the open count. Condition 2: at the end, total open must equal total close. Both must hold for balanced.""}},
    {""@type"":""Question"",""name"":""Can I use openCount - closeCount >= 0 instead?"",""acceptedAnswer"":{""@type"":""Answer"",""text"":""Yes. Checking closeCount > openCount is equivalent to checking openCount - closeCount < 0. Either approach earns the rubric point.""}}]}</script>
<script type=""application/ld+json"">{""@context"":""https://schema.org"",""@type"":""Article"",""headline"":""2019 AP CSA FRQ 3: Delimiters - Complete Solution and Scoring Guide"",""description"":""Complete solution for 2019 AP CSA FRQ 3 (Delimiters) with step-by-step explanations, scoring rubric, common mistakes, and exam tips."",""author"":{""@type"":""Person"",""name"":""Tanner Crow"",""url"":""https://www.wyzant.com/tutors/tannerc12""},""publisher"":{""@type"":""Organization"",""name"":""AP CS Exam Prep"",""url"":""https://www.apcsexamprep.com""},""datePublished"":""2019-09-01"",""dateModified"":""2026-03-14"",""educationalLevel"":""AP""}</script>
<script type=""application/ld+json"">{""@context"":""https://schema.org"",""@type"":""BreadcrumbList"",""itemListElement"":[{""@type"":""ListItem"",""position"":1,""name"":""FRQ Archive"",""item"":""https://www.apcsexamprep.com/pages/ap-csa-frq-archive""},{""@type"":""ListItem"",""position"":2,""name"":""2019 FRQs"",""item"":""https://www.apcsexamprep.com/pages/ap-csa-frq-2019""},{""@type"":""ListItem"",""position"":3,""name"":""FRQ 3: Delimiters"",""item"":""https://www.apcsexamprep.com/pages/ap-csa-2019-frq-3-delimiters""}]}</script>
<div id=""frq19q3"">
<style>
.page-title,.article__title,.page__title,.template-page h1:first-of-type{display:none!important}
#frq19q3{all:initial!important;display:block!important;font-family:-apple-system,BlinkMacSystemFont,'Segoe UI',Roboto,Oxygen,Ubuntu,Cantarell,sans-serif!important;line-height:1.7!important;color:#1e293b!important;max-width:880px!important;margin:0 auto!important;padding:24px 20px 60px!important;-webkit-font-smoothing:antialiased!important;background:#ffffff!important}
#frq19q3 *{box-sizing:border-box!important}
#frq19q3 img{max-width:100%!important;height:auto!important}
#frq19q3 h1{font-size:2em!important;font-weight:800!important;color:#1e3a8a!important;-webkit-text-fill-color:#1e3a8a!important;margin:0 0 8px!important;line-height:1.2!important;border:none!important;padding:0!important}
#frq19q3 h2{font-size:1.5em!important;font-weight:700!important;color:#1e40af!important;-webkit-text-fill-color:#1e40af!important;margin:40px 0 16px!important;padding-left:12px!important;border-left:4px solid #60a5fa!important;border-bottom:none!important;line-height:1.3!important}
#frq19q3 h3{font-size:1.2em!important;font-weight:600!important;color:#1e40af!important;-webkit-text-fill-color:#1e40af!important;margin:24px 0 12px!important;line-height:1.3!important}
#frq19q3 h4{font-size:1.05em!important;font-weight:600!important;color:#334155!important;margin:20px 0 10px!important}
#frq19q3 p{margin:0 0 16px!important;color:#1e293b!important;font-size:16px!important;line-height:1.7!important}
#frq19q3 a{color:#2563eb!important;-webkit-text-fill-color:#2563eb!important;text-decoration:underline!important}
#frq19q3 a:link{color:#2563eb!important;-webkit-text-fill-color:#2563eb!important}
#frq19q3 a:visited{color:#2563eb!important;-webkit-text-fill-color:#2563eb!important}
#frq19q3 a:hover{color:#1d4ed8!important;-webkit-text-fill-color:#1d4ed8!important}
#frq19q3 strong{font-weight:700!important;color:#1e293b!important}
#frq19q3 ul,#frq19q3 ol{margin:0 0 16px!important;padding-left:24px!important;color:#1e293b!important}
#frq19q3 li{margin:0 0 8px!important;font-size:16px!important;line-height:1.7!important}
#frq19q3 .frq-breadcrumb{font-size:14px!important;color:#64748b!important;margin-bottom:24px!important;display:block!important}
#frq19q3 .frq-breadcrumb a{color:#2563eb!important;-webkit-text-fill-color:#2563eb!important;text-decoration:none!important;font-size:14px!important}
#frq19q3 .frq-breadcrumb a:link,#frq19q3 .frq-breadcrumb a:visited{color:#2563eb!important;-webkit-text-fill-color:#2563eb!important}
#frq19q3 .frq-year-label{display:inline-block!important;background:#dbeafe!important;color:#1e40af!important;font-size:13px!important;font-weight:600!important;padding:4px 12px!important;border-radius:4px!important;margin-bottom:8px!important;letter-spacing:0.5px!important;text-transform:uppercase!important}
#frq19q3 .frq-subtitle{color:#64748b!important;font-size:15px!important;margin:0 0 20px!important;line-height:1.6!important}
#frq19q3 .frq-badges{display:flex!important;flex-wrap:wrap!important;gap:8px!important;margin-bottom:24px!important}
#frq19q3 .frq-badge{display:inline-block!important;padding:6px 14px!important;border-radius:20px!important;font-size:13px!important;font-weight:600!important;line-height:1.4!important}
#frq19q3 .frq-badge-blue{background:#dbeafe!important;color:#1e40af!important}
#frq19q3 .frq-badge-green{background:#dcfce7!important;color:#166534!important}
#frq19q3 .frq-badge-purple{background:#ede9fe!important;color:#5b21b6!important}
#frq19q3 .frq-badge-amber{background:#fef3c7!important;color:#92400e!important}
#frq19q3 .frq-meta-table{width:100%!important;border-collapse:collapse!important;margin:0 0 24px!important;font-size:15px!important}
#frq19q3 .frq-meta-table td{padding:10px 16px!important;border-bottom:1px solid #e5e7eb!important;color:#1e293b!important;vertical-align:top!important}
#frq19q3 .frq-meta-table td:first-child{font-weight:600!important;color:#475569!important;width:160px!important}
#frq19q3 .frq-summary{background-color:#f0f9ff!important;border:1px solid #bae6fd!important;border-radius:8px!important;padding:20px 24px!important;margin:0 0 24px!important}
#frq19q3 .frq-summary h2{font-size:1.15em!important;margin:0 0 12px!important;padding-left:0!important;border-left:none!important;color:#0c4a6e!important;-webkit-text-fill-color:#0c4a6e!important}
#frq19q3 .frq-summary p{margin:0!important;color:#1e293b!important;font-size:15px!important;line-height:1.7!important}
#frq19q3 .frq-curriculum{background-color:#fefce8!important;border:1px solid #fde68a!important;border-radius:8px!important;padding:20px 24px!important;margin:0 0 24px!important}
#frq19q3 .frq-curriculum h2{font-size:1.15em!important;margin:0 0 12px!important;padding-left:0!important;border-left:none!important;color:#713f12!important;-webkit-text-fill-color:#713f12!important}
#frq19q3 .frq-curriculum p{margin:0 0 8px!important;color:#1e293b!important;font-size:15px!important}
#frq19q3 .frq-curriculum p:last-child{margin-bottom:0!important}
#frq19q3 .frq-jumplinks{display:flex!important;flex-wrap:wrap!important;gap:8px!important;margin:0 0 32px!important;padding:16px 0!important;border-top:1px solid #e5e7eb!important;border-bottom:1px solid #e5e7eb!important}
#frq19q3 .frq-jumplinks a{display:inline-block!important;padding:6px 14px!important;background:#f1f5f9!important;color:#334155!important;-webkit-text-fill-color:#334155!important;border-radius:6px!important;font-size:13px!important;font-weight:600!important;text-decoration:none!important}
#frq19q3 .frq-jumplinks a:link,#frq19q3 .frq-jumplinks a:visited{color:#334155!important;-webkit-text-fill-color:#334155!important}
#frq19q3 .frq-jumplinks a:hover{background:#e2e8f0!important;color:#1e293b!important;-webkit-text-fill-color:#1e293b!important}
#frq19q3 pre{background:#1e293b!important;color:#e2e8f0!important;padding:20px!important;border-radius:8px!important;overflow-x:auto!important;font-family:Consolas,Monaco,'Courier New',monospace!important;font-size:14px!important;line-height:1.6!important;white-space:pre!important;margin:16px 0!important;border:none!important}
#frq19q3 code{font-family:Consolas,Monaco,'Courier New',monospace!important;font-size:14px!important}
#frq19q3 p code,#frq19q3 li code,#frq19q3 td code{background:#f1f5f9!important;color:#be185d!important;padding:2px 6px!important;border-radius:4px!important;font-size:13px!important}
#frq19q3 table{width:100%!important;border-collapse:collapse!important;margin:16px 0!important;font-size:15px!important}
#frq19q3 th{background:#f8fafc!important;color:#334155!important;font-weight:600!important;padding:12px 16px!important;text-align:left!important;border-bottom:2px solid #cbd5e1!important}
#frq19q3 td{padding:10px 16px!important;border-bottom:1px solid #e5e7eb!important;color:#1e293b!important;vertical-align:top!important}
#frq19q3 .frq-intro{background-color:#eff6ff!important;padding:20px!important;border-radius:8px!important;margin:0 0 24px!important;border-left:4px solid #3b82f6!important}
#frq19q3 .practice-tip{background-color:#dcfce7!important;padding:16px 20px!important;border-radius:6px!important;margin:20px 0!important;border-left:4px solid #10b981!important}
#frq19q3 .key-insight{background-color:#dbeafe!important;padding:16px 20px!important;border-radius:6px!important;margin:20px 0!important;border-left:4px solid #3b82f6!important}
#frq19q3 .common-mistake{background-color:#fef2f2!important;padding:16px 20px!important;border-radius:6px!important;margin:20px 0!important;border-left:4px solid #ef4444!important}
#frq19q3 .scoring-guide{background-color:#f9fafb!important;border:1px solid #e5e7eb!important;border-radius:8px!important;padding:20px!important;margin:20px 0!important}
#frq19q3 .frq-collapsible{cursor:pointer!important;background:#f8fafc!important;border:1px solid #e2e8f0!important;border-radius:8px!important;padding:16px 20px!important;margin:16px 0!important;font-weight:600!important;font-size:15px!important;color:#1e40af!important;-webkit-text-fill-color:#1e40af!important;display:block!important;width:100%!important;text-align:left!important}
#frq19q3 .frq-collapsible:hover{background:#eef2ff!important}
#frq19q3 .frq-collapsible-content{display:none!important;padding:20px!important;border:1px solid #e2e8f0!important;border-top:none!important;border-radius:0 0 8px 8px!important;margin-top:-17px!important;background:#ffffff!important}
#frq19q3 .frq-collapsible-content.open{display:block!important}
#frq19q3 .frq-editor{position:relative!important;margin:20px 0!important}
#frq19q3 .frq-editor textarea{width:100%!important;min-height:200px!important;font-family:Consolas,Monaco,'Courier New',monospace!important;font-size:14px!important;line-height:1.6!important;padding:16px!important;border:2px solid #cbd5e1!important;border-radius:8px!important;background:#1e293b!important;color:#e2e8f0!important;resize:vertical!important;tab-size:4!important;-moz-tab-size:4!important;white-space:pre!important;overflow-wrap:normal!important;overflow-x:auto!important}
#frq19q3 .frq-editor textarea:focus{border-color:#3b82f6!important;outline:none!important;box-shadow:0 0 0 3px rgba(59,130,246,0.15)!important}
#frq19q3 .frq-editor textarea::placeholder{color:#64748b!important}
#frq19q3 .frq-editor-hint{display:block!important;text-align:right!important;font-size:11px!important;color:#94a3b8!important;margin-top:4px!important;font-style:italic!important;padding-right:4px!important}
#frq19q3 .btn{display:inline-block!important;padding:12px 24px!important;background-color:#3b82f6!important;color:white!important;-webkit-text-fill-color:white!important;text-decoration:none!important;border-radius:6px!important;font-weight:600!important;font-size:15px!important;border:none!important;cursor:pointer!important;opacity:1!important;visibility:visible!important}
#frq19q3 .btn:hover{background-color:#2563eb!important;color:white!important;-webkit-text-fill-color:white!important}
#frq19q3 a.btn:link,#frq19q3 a.btn:visited{color:white!important;-webkit-text-fill-color:white!important;text-decoration:none!important}
#frq19q3 .btn-sm{padding:8px 16px!important;font-size:13px!important}
#frq19q3 .btn-outline{background:transparent!important;border:2px solid #3b82f6!important;color:#3b82f6!important;-webkit-text-fill-color:#3b82f6!important}
#frq19q3 a.btn-outline:link,#frq19q3 a.btn-outline:visited{color:#3b82f6!important;-webkit-text-fill-color:#3b82f6!important;text-decoration:none!important}
#frq19q3 .btn-outline:hover{background:#3b82f6!important;color:white!important;-webkit-text-fill-color:white!important}
#frq19q3 .btn-green{background-color:#16a34a!important;color:white!important;-webkit-text-fill-color:white!important}
#frq19q3 a.btn-green:link,#frq19q3 a.btn-green:visited{color:white!important;-webkit-text-fill-color:white!important;text-decoration:none!important}
#frq19q3 .btn-green:hover{background-color:#15803d!important}
#frq19q3 .frq-timer{display:flex!important;align-items:center!important;gap:12px!important;margin:20px 0!important;padding:12px 20px!important;background:#f8fafc!important;border:1px solid #e2e8f0!important;border-radius:8px!important}
#frq19q3 .frq-timer-label{font-weight:600!important;color:#475569!important;font-size:14px!important}
#frq19q3 .frq-timer-display{font-family:Consolas,Monaco,monospace!important;font-size:24px!important;font-weight:700!important;color:#1e293b!important;min-width:80px!important}
#frq19q3 .frq-timer button{padding:6px 14px!important;border-radius:4px!important;border:1px solid #cbd5e1!important;background:#ffffff!important;color:#475569!important;-webkit-text-fill-color:#475569!important;font-size:13px!important;font-weight:600!important;cursor:pointer!important}
#frq19q3 .mistake-block{border:1px solid #e5e7eb!important;border-radius:8px!important;margin:20px 0!important;overflow:hidden!important}
#frq19q3 .mistake-header{padding:14px 20px!important;font-weight:600!important;font-size:15px!important;color:#1e293b!important;background:#fef2f2!important;border-bottom:1px solid #e5e7eb!important}
#frq19q3 .mistake-body{padding:16px 20px!important}
#frq19q3 .mistake-label{display:inline-block!important;font-size:12px!important;font-weight:700!important;text-transform:uppercase!important;letter-spacing:0.5px!important;padding:3px 8px!important;border-radius:4px!important;margin-bottom:8px!important}
#frq19q3 .mistake-wrong{background:#fef2f2!important;color:#dc2626!important}
#frq19q3 .mistake-right{background:#dcfce7!important;color:#16a34a!important}
#frq19q3 .exam-tip{padding:12px 16px 12px 44px!important;background:#f0fdf4!important;border-radius:6px!important;margin:10px 0!important;position:relative!important;font-size:15px!important;line-height:1.6!important;color:#1e293b!important}
#frq19q3 .exam-tip::before{content:'\2713'!important;position:absolute!important;left:16px!important;top:12px!important;color:#16a34a!important;font-weight:700!important;font-size:16px!important}
#frq19q3 .related-card{display:block!important;padding:16px 20px!important;border:1px solid #e5e7eb!important;border-radius:8px!important;margin:10px 0!important;text-decoration:none!important}
#frq19q3 .related-card:hover{border-color:#3b82f6!important;background:#f8fafc!important}
#frq19q3 a.related-card:link,#frq19q3 a.related-card:visited{text-decoration:none!important}
#frq19q3 .related-card .card-type{font-size:12px!important;font-weight:600!important;text-transform:uppercase!important;color:#64748b!important;letter-spacing:0.5px!important;margin-bottom:4px!important;display:block!important}
#frq19q3 .related-card .card-title{font-size:15px!important;font-weight:600!important;color:#1e40af!important;-webkit-text-fill-color:#1e40af!important;display:block!important}
#frq19q3 .cta-box{background:linear-gradient(135deg,#1e3a8a 0%,#1e40af 100%)!important;color:#ffffff!important;padding:32px!important;border-radius:12px!important;margin:32px 0!important;text-align:center!important}
#frq19q3 .cta-box h3{color:#ffffff!important;-webkit-text-fill-color:#ffffff!important;font-size:1.3em!important;margin:0 0 12px!important}
#frq19q3 .cta-box p{color:#dbeafe!important;font-size:15px!important}
#frq19q3 .cta-box .btn{background:#ffffff!important;color:#1e40af!important;-webkit-text-fill-color:#1e40af!important}
#frq19q3 .cta-box a.btn:link,#frq19q3 .cta-box a.btn:visited{color:#1e40af!important;-webkit-text-fill-color:#1e40af!important}
#frq19q3 .tutor-cta{background:#f8fafc!important;border:1px solid #e2e8f0!important;border-radius:12px!important;padding:28px!important;margin:32px 0!important}
#frq19q3 .tutor-stats{display:flex!important;gap:24px!important;flex-wrap:wrap!important;margin:16px 0!important}
#frq19q3 .tutor-stat{text-align:center!important}
#frq19q3 .tutor-stat-value{font-size:20px!important;font-weight:700!important;color:#1e40af!important;-webkit-text-fill-color:#1e40af!important;display:block!important}
#frq19q3 .tutor-stat-label{font-size:12px!important;color:#64748b!important}
#frq19q3 .frq-nav{display:flex!important;justify-content:space-between!important;align-items:center!important;margin:40px 0 20px!important;gap:12px!important;flex-wrap:wrap!important}
#frq19q3 .frq-footer-links{text-align:center!important;margin:16px 0 0!important;font-size:14px!important;color:#64748b!important}
#frq19q3 .frq-footer-links a{color:#2563eb!important;-webkit-text-fill-color:#2563eb!important;font-size:14px!important}
#frq19q3 .scoring-summary{margin:24px 0!important}
#frq19q3 .scoring-summary table{width:100%!important}
#frq19q3 .scoring-summary td:last-child,#frq19q3 .scoring-summary th:last-child{text-align:center!important;font-weight:700!important}
#frq19q3 .faq-item{border-bottom:1px solid #e5e7eb!important;padding:20px 0!important}
#frq19q3 .faq-item:last-child{border-bottom:none!important}
#frq19q3 .faq-q{font-weight:600!important;color:#1e293b!important;font-size:16px!important;margin:0 0 8px!important}
#frq19q3 .faq-a{color:#475569!important;font-size:15px!important;line-height:1.7!important;margin:0!important}
#frq19q3 .frq-pdf-wrap{width:100%!important;border:2px solid #cbd5e1!important;border-radius:8px!important;overflow:hidden!important;margin:16px 0 20px!important;background:#f1f5f9!important}
#frq19q3 .frq-pdf-wrap iframe{width:100%!important;height:680px!important;border:none!important;display:block!important}
#frq19q3 .frq-pdf-fallback{padding:20px!important;text-align:center!important;background:#f8fafc!important;display:none!important;font-size:14px!important;color:#475569!important}
#frq19q3 .frq-video-wrap{position:relative!important;padding-bottom:56.25%!important;height:0!important;overflow:hidden!important;border-radius:8px!important;margin:16px 0!important;background:#0f172a!important}
#frq19q3 .frq-video-wrap iframe{position:absolute!important;top:0!important;left:0!important;width:100%!important;height:100%!important;border:none!important;border-radius:8px!important}
#frq19q3 .frq-editor textarea::selection{background:#3b82f6!important;color:#ffffff!important;-webkit-text-fill-color:#ffffff!important}
#frq19q3 .frq-editor textarea::-moz-selection{background:#3b82f6!important;color:#ffffff!important}
@media(max-width:640px){
#frq19q3{padding:16px 14px 40px!important}
#frq19q3 h1{font-size:1.5em!important}
#frq19q3 h2{font-size:1.25em!important}
#frq19q3 .frq-timer{flex-wrap:wrap!important}
#frq19q3 .tutor-stats{gap:16px!important}
#frq19q3 .frq-nav{flex-direction:column!important;align-items:stretch!important}
#frq19q3 .frq-nav .btn{text-align:center!important}
}
</style>
<div class=""frq-breadcrumb"">
<a href=""/pages/ap-csa-frq-archive"">FRQ Archive</a> ›
<a href=""/pages/ap-csa-frq-2019"">2019 FRQs</a> ›
FRQ 3: Delimiters
</div>
<div class=""frq-year-label"">2019 AP CSA • ArrayList</div>
<h1>AP CSA 2019 FRQ 3: Delimiters</h1>
<p class=""frq-subtitle"">Complete solution, scoring rubric, and walkthrough — verified from the official College Board PDF</p>
<div class=""frq-badges"">
<span class=""frq-badge frq-badge-blue"">9 Points</span>
<span class=""frq-badge frq-badge-amber"">Medium-Hard</span>
<span class=""frq-badge frq-badge-green"">Unit 4</span>
</div>
<table class=""frq-meta-table"">
<tr>
<td>Question Type</td>
<td>ArrayList</td>
</tr>
<tr>
<td>Skills Tested</td>
<td>ArrayList building from array, two-condition balance algorithm, running count tracking</td>
</tr>
<tr>
<td>Difficulty</td>
<td>Medium-Hard</td>
</tr>
<tr>
<td>Recommended Time</td>
<td>22 minutes</td>
</tr>
</table>
<div class=""frq-summary"">
<h2>What This Problem Asks</h2>
<p>2019 AP CSA FRQ 3 Delimiters asks students to write two methods. <code>getDelimitersList</code> filters a String array to keep only the open and close delimiter tokens. <code>isBalanced</code> implements a two-condition balance check: close count must never exceed open count during traversal, AND total open must equal total close at the end.</p>
</div>
<div class=""frq-curriculum"">
<h2>What This FRQ Tests</h2>
<p>This FRQ tests <a href=""/pages/ap-csa-unit-4-data-collections-study-guide""><strong>Unit 4: ArrayList</strong></a> (building with add) and <a href=""/pages/unit-2-selection-and-iteration-ultimate-study-guide""><strong>Unit 2</strong></a> (conditionals, running count, early return).</p>
</div>
<div class=""frq-jumplinks"">
<a href=""#frq19q3-pdf"">Official PDF</a>
<a href=""#frq19q3-code"">Provided Code</a>
<a href=""#frq19q3-parta"">Part A</a>
<a href=""#frq19q3-partb"">Part B</a>
<a href=""#frq19q3-mistakes"">Mistakes</a>
<a href=""#frq19q3-tips"">Tips</a>
<a href=""#frq19q3-faq"">FAQ</a>
</div>
<div id=""frq19q3-pdf"">
<h2>Official Question &amp; PDF</h2>
<p>
<a href=""https://apcentral.collegeboard.org/media/pdf/ap19-frq-computer-science-a.pdf"" target=""_blank"" rel=""noopener"" class=""btn btn-sm"">Download Full FRQ PDF →</a>
</p>
<div class=""frq-pdf-wrap"">
<iframe src=""https://apcentral.collegeboard.org/media/pdf/ap19-frq-computer-science-a.pdf#page=9"" title=""2019 AP CSA FRQ 3 Delimiters"" loading=""lazy"" id=""frq19q3-pdf-iframe""></iframe>
<div class=""frq-pdf-fallback"" id=""frq19q3-pdf-fallback"">
<p>PDF cannot display on this device. <a href=""https://apcentral.collegeboard.org/media/pdf/ap19-frq-computer-science-a.pdf"" target=""_blank"" rel=""noopener"">Open PDF directly →</a></p>
</div>
</div>
</div>
<div class=""frq-timer"">
<span class=""frq-timer-label"">Timer</span>
<span class=""frq-timer-display"" id=""frq19q3-timer"">22:00</span>
<button onclick=""frq19q3Start()"">Start</button>
<button onclick=""frq19q3Pause()"">Pause</button>
<button onclick=""frq19q3Reset()"">Reset</button>
</div>
<div id=""frq19q3-code"">
<h2>Provided Code</h2>
<pre>public class Delimiters
{
    private String openDel;
    private String closeDel;
        public Delimiters(String open, String close) {
        openDel = open; closeDel = close;
    }
    /** Returns ArrayList of only the delimiter tokens (openDel or closeDel) from tokens array. */
        public ArrayList<string> getDelimitersList(String[] tokens) {
        /* part (a) */
    }
    /** Returns true if delimiters are balanced (no excess close before open; equal counts at end). */
        public boolean isBalanced(ArrayList<string> delimiters) {
        /* part (b) */
    }
}</string></string></pre>
</div>
<div id=""frq19q3-parta"">
<h2>Part A — 4 Points</h2>
<p>Write <code>getDelimitersList</code>: loop through <code>tokens</code>, add each token that equals <code>openDel</code> or <code>closeDel</code> to the result ArrayList, and return it.</p>
<h3>Write Your Solution</h3>
<div class=""frq-editor"">
<textarea id=""frq19q3-ea"" placeholder=""// Write Part A here...
// Tab to indent | Brackets auto-close | Enter auto-indents""></textarea>
<span class=""frq-editor-hint"">Drag corner to expand ▽</span>
</div>
<p>
<button class=""btn btn-sm btn-green"" onclick=""document.getElementById('frq19q3-sola').classList.add('open')"">Check Answer</button>
 
<button class=""btn btn-sm btn-outline"" onclick=""document.getElementById('frq19q3-ea').value=''"">Clear</button>
</p>
<button class=""frq-collapsible"" onclick=""this.nextElementSibling.classList.toggle('open')"">View Solution and Rubric ▼</button>
<div class=""frq-collapsible-content"" id=""frq19q3-sola"">
<h4>Scoring Rubric (Part A — 4 points)</h4>
<table>
<tr>
<td><strong>+1</strong></td>
<td>Traverses the <code>tokens</code> array</td>
</tr>
<tr>
<td><strong>+1</strong></td>
<td>Compares each token to <code>openDel</code> and <code>closeDel</code> using <code>equals</code>
</td>
</tr>
<tr>
<td><strong>+1</strong></td>
<td>Adds matching tokens to the result ArrayList</td>
</tr>
<tr>
<td><strong>+1</strong></td>
<td>Returns the correct ArrayList in original order (algorithm)</td>
</tr>
</table>
<h4>Solution</h4>
<pre>public ArrayList<string> getDelimitersList(String[] tokens)
{
    ArrayList<string> result = new ArrayList<string>();
    for (String token : tokens)
    {
        if (token.equals(openDel) || token.equals(closeDel))
        {
            result.add(token);
        }
    }
    return result;
}</string></string></string></pre>
</div>
</div>
<div id=""frq19q3-partb"">
<h2>Part B — 5 Points</h2>
<p>Write <code>isBalanced</code>: return <code>true</code> if (1) at no point do close delimiters exceed open delimiters in count, AND (2) the total open count equals total close count.</p>
<h3>Write Your Solution</h3>
<div class=""frq-editor"">
<textarea id=""frq19q3-eb"" placeholder=""// Write Part B here...
// Tab to indent | Brackets auto-close | Enter auto-indents""></textarea>
<span class=""frq-editor-hint"">Drag corner to expand ▽</span>
</div>
<p>
<button class=""btn btn-sm btn-green"" onclick=""document.getElementById('frq19q3-solb').classList.add('open')"">Check Answer</button>
 
<button class=""btn btn-sm btn-outline"" onclick=""document.getElementById('frq19q3-eb').value=''"">Clear</button>
</p>
<button class=""frq-collapsible"" onclick=""this.nextElementSibling.classList.toggle('open')"">View Solution and Rubric ▼</button>
<div class=""frq-collapsible-content"" id=""frq19q3-solb"">
<h4>Scoring Rubric (Part B — 5 points)</h4>
<table>
<tr>
<td><strong>+1</strong></td>
<td>Traverses the <code>delimiters</code> ArrayList</td>
</tr>
<tr>
<td><strong>+1</strong></td>
<td>Counts open vs. close delimiters</td>
</tr>
<tr>
<td><strong>+1</strong></td>
<td>Checks condition 1: close count never exceeds open count during traversal</td>
</tr>
<tr>
<td><strong>+1</strong></td>
<td>Checks condition 2: total open equals total close at end</td>
</tr>
<tr>
<td><strong>+1</strong></td>
<td>Returns correct boolean in all cases (algorithm)</td>
</tr>
</table>
<h4>Solution</h4>
<pre>public boolean isBalanced(ArrayList<string> delimiters)
{
    int openCount = 0;
    int closeCount = 0;
    for (String d : delimiters)
    {
        if (d.equals(openDel))
        {
            openCount++;
        }
        else
        {
            closeCount++;
        }
        if (closeCount &gt; openCount)
        {
            return false;
        }
    }
    return openCount == closeCount;
}</string></pre>
</div>
</div>
<div id=""frq19q3-mistakes"">
<h2>Common Mistakes to Avoid</h2>
<div class=""mistake-block"">
<div class=""mistake-header"">Only checking total counts, not condition 1</div>
<div class=""mistake-body"">
<p>It's not enough to check that open count equals close count at the end. You must also check that close count never exceeds open count DURING traversal.</p>
<p><span class=""mistake-label mistake-wrong"">Wrong (misses condition 1)</span></p>
<pre>return openCount == closeCount;  // passes for ""<sup> </sup> "" incorrectly!</pre>
<p><span class=""mistake-label mistake-right"">Correct</span></p>
<pre>if (closeCount &gt; openCount) {
    return false;  // condition 1 inside loop
}
return openCount == closeCount;  // condition 2 after loop</pre>
</div>
</div>
</div>
<div id=""frq19q3-tips"">
<h2>Exam Tips</h2>
<div class=""exam-tip"">isBalanced has TWO conditions. Condition 1 is checked inside the loop (early return). Condition 2 is checked after the loop.</div>
<div class=""exam-tip"">The precondition says delimiters contains only valid open and close delimiters, so you don't need to handle unknown strings.</div>
</div>
<div class=""scoring-summary"">
<h2>Scoring Summary</h2>
<table>
<tr>
<th>Part</th>
<th>Method</th>
<th>Points</th>
</tr>
<tr>
<td>Part A</td>
<td><code>Write</code></td>
<td>4</td>
</tr>
<tr>
<td>Part B</td>
<td><code>Write</code></td>
<td>5</td>
</tr>
<tr>
<td><strong>Total</strong></td>
<td></td>
<td><strong>9</strong></td>
</tr>
</table>
</div>
<div class=""cta-box"">
<h3>Want the Complete 2019 FRQ Solutions?</h3>
<p>Browse all past AP CSA FRQs with full solutions and scoring breakdowns.</p>
<p style=""margin-top:16px!important""><a href=""/pages/ap-csa-frq-archive"" class=""btn"">FRQ Archive →</a></p>
</div>
<h2>Related FRQs</h2>
<a href=""/pages/ap-csa-2023-frq-3-weatherdata"" class=""related-card"">
<span class=""card-type"">ArrayList</span>
<span class=""card-title"">2023 FRQ 3: WeatherData — ArrayList cleaning and heat wave detection</span>
</a>
<a href=""/pages/ap-csa-2021-frq-3-clubmembers"" class=""related-card"">
<span class=""card-type"">ArrayList</span>
<span class=""card-title"">2021 FRQ 3: ClubMembers — ArrayList add and backward removal</span>
</a>
<h2>Study the Concepts</h2>
<p><a href=""/pages/ap-csa-unit-4-data-collections-study-guide"" class=""btn"">Unit 4 Study Guide →</a></p>
<div class=""tutor-cta"">
<h3>Struggling with FRQs? Get 1-on-1 Help</h3>
<p>Work directly with Tanner — AP CS teacher with 11+ years experience and 1,845+ verified tutoring hours. 54.5% of students score 5s (vs. 25.5% national average).</p>
<div class=""tutor-stats"">
<div class=""tutor-stat"">
<span class=""tutor-stat-value"">5.0</span><span class=""tutor-stat-label"">Rating (451+ reviews)</span>
</div>
<div class=""tutor-stat"">
<span class=""tutor-stat-value"">1,845+</span><span class=""tutor-stat-label"">Verified Hours</span>
</div>
<div class=""tutor-stat"">
<span class=""tutor-stat-value"">54.5%</span><span class=""tutor-stat-label"">Score 5s</span>
</div>
</div>
<p style=""margin-top:16px!important""><a href=""/pages/ap-computer-science-tutor"" class=""btn"">Book a Session ($150/hr) →</a></p>
<p style=""font-size:13px!important;color:#64748b!important;margin-top:8px!important"">5-session packages at $125/hr. Venmo, Zelle, PayPal, or credit card.</p>
</div>
<div id=""frq19q3-faq"">
<h2>Frequently Asked Questions</h2>
<div class=""faq-item"">
<p class=""faq-q"">What does 2019 AP CSA FRQ 3 Delimiters test?</p>
<p class=""faq-a"">FRQ 3 tests ArrayList building from a String array (getDelimitersList) and a two-condition balance check algorithm (isBalanced): close count never exceeds open count during traversal, AND total open equals total close.</p>
</div>
<div class=""faq-item"">
<p class=""faq-q"">How many points is FRQ 3 worth?</p>
<p class=""faq-a"">9 points: 4 for Part A (getDelimitersList) and 5 for Part B (isBalanced).</p>
</div>
<div class=""faq-item"">
<p class=""faq-q"">What are the two conditions for isBalanced?</p>
<p class=""faq-a"">Condition 1: at no point during traversal can the close count exceed the open count. Condition 2: at the end, total open must equal total close. Both must hold for balanced.</p>
</div>
<div class=""faq-item"">
<p class=""faq-q"">Can I use openCount - closeCount &gt;= 0 instead?</p>
<p class=""faq-a"">Yes. Checking closeCount &gt; openCount is equivalent to checking openCount - closeCount &lt; 0. Either approach earns the rubric point.</p>
</div>
</div>
<div class=""frq-nav"">
<a href=""/pages/ap-csa-2019-frq-2-steptracker"" class=""btn btn-outline"">← FRQ 2: StepTracker</a>
<a href=""/pages/ap-csa-frq-2019"" class=""btn btn-outline"">2019 FRQ Index</a>
<a href=""/pages/ap-csa-2019-frq-4-lightboard"" class=""btn btn-outline"">FRQ 4: LightBoard →</a>
</div>
<div class=""frq-footer-links"">
<a href=""/pages/ap-csa-frq-archive"">Complete FRQ Archive (2004–2025)</a> •
<a href=""/pages/ap-csa-frqs-by-topic"">FRQs by Topic</a>
</div>
</div>
<script>
(function(){
var frq19q3S=22*60,frq19q3I=null,frq19q3R=false;
function frq19q3D(){var m=Math.floor(frq19q3S/60),s=frq19q3S%60;var e=document.getElementById('frq19q3-timer');if(e)e.textContent=m+':'+(s<10?'0':'')+s;}
window.frq19q3Start=function(){if(frq19q3R)return;frq19q3R=true;frq19q3I=setInterval(function(){if(frq19q3S>0){frq19q3S--;frq19q3D();}else{clearInterval(frq19q3I);frq19q3R=false;}},1000);};
window.frq19q3Pause=function(){clearInterval(frq19q3I);frq19q3R=false;};
window.frq19q3Reset=function(){clearInterval(frq19q3I);frq19q3R=false;frq19q3S=22*60;frq19q3D();};
var IND='    ';
function getInd(t,p){var ls=t.lastIndexOf('\n',p-1)+1;var m=t.substring(ls).match(/^([ \t]*)/);return m?m[1]:'';}
function initEd(el){
  if(!el)return;
  el.addEventListener('keydown',function(e){
    var ta=this,s=ta.selectionStart,end=ta.selectionEnd,v=ta.value;
    if(e.key==='Tab'){e.preventDefault();if(e.shiftKey){var ls=v.lastIndexOf('\n',s-1)+1;var lt=v.substring(ls);if(lt.substring(0,IND.length)===IND){ta.value=v.substring(0,ls)+lt.substring(IND.length);ta.selectionStart=ta.selectionEnd=Math.max(s-IND.length,ls);}}else{ta.value=v.substring(0,s)+IND+v.substring(end);ta.selectionStart=ta.selectionEnd=s+IND.length;}return;}
    var P={'(':')','[':']','{':'}','""':'""',""'"":""'""};
    if(P[e.key]){var cl=P[e.key];if(e.key==='""'||e.key===""'""){if(v.charAt(s)===e.key){e.preventDefault();ta.selectionStart=ta.selectionEnd=s+1;return;}var bf=v.substring(0,s);var ct=0;for(var i=0;i<bf.length;i++)if(bf[i]===e.key)ct++;if(ct%2===1)return;}if(v.charAt(s)===cl&&e.key!==cl){e.preventDefault();ta.selectionStart=ta.selectionEnd=s+1;return;}e.preventDefault();ta.value=v.substring(0,s)+e.key+cl+v.substring(end);ta.selectionStart=ta.selectionEnd=s+1;return;}
    var CLOSE=[')','[',']',String.fromCharCode(125)];
    if(CLOSE.indexOf(e.key)>=0&&e.key!==String.fromCharCode(91)){if(v.charAt(s)===e.key){e.preventDefault();ta.selectionStart=ta.selectionEnd=s+1;return;}}
    if(e.key==='Backspace'&&s===end&&s>0){var bc=v.charAt(s-1);var ac=v.charAt(s);if(P[bc]&&P[bc]===ac){e.preventDefault();ta.value=v.substring(0,s-1)+v.substring(s+1);ta.selectionStart=ta.selectionEnd=s-1;return;}}
  });
  el.addEventListener('beforeinput',function(e){
    if(e.inputType==='insertLineBreak'||e.inputType==='insertParagraph'){
      e.preventDefault();var ta=this;var v=ta.value;var s=ta.selectionStart;var end=ta.selectionEnd;
      var ind=getInd(v,s);var cb=v.charAt(s-1);var ca=v.charAt(s);
      var OB=String.fromCharCode(123);var CB=String.fromCharCode(125);
      if(cb===OB&&ca===CB){var nt='\n'+ind+IND+'\n'+ind;ta.value=v.substring(0,s)+nt+v.substring(end);ta.selectionStart=ta.selectionEnd=s+1+ind.length+IND.length;}
      else if(cb===OB){var nt='\n'+ind+IND;ta.value=v.substring(0,s)+nt+v.substring(end);ta.selectionStart=ta.selectionEnd=s+nt.length;}
      else{var nt='\n'+ind;ta.value=v.substring(0,s)+nt+v.substring(end);ta.selectionStart=ta.selectionEnd=s+nt.length;}
    }
  });
}
  initEd(document.getElementById('frq19q3-ea'));
  initEd(document.getElementById('frq19q3-eb'));
(function(){var m=/Android|iPhone|iPad|iPod|Opera Mini|IEMobile/i.test(navigator.userAgent);if(m){var ifr=document.getElementById('frq19q3-pdf-iframe');var fb=document.getElementById('frq19q3-pdf-fallback');if(ifr&&fb){ifr.style.display='none';fb.style.display='block';}};})();
})();
</script>","TRUE","2026-03-01 12:00:00"
"ap-csa-2019-frq-4-lightboard","MERGE","<style>#frq2026note-ap-csa-2019-frq-4-lightboard{all:initial!important;display:block!important;box-sizing:border-box!important;font-family:-apple-system,BlinkMacSystemFont,""Segoe UI"",Roboto,Helvetica,Arial,sans-serif!important;background:#fffbeb!important;border:1px solid #fcd34d!important;border-left:5px solid #d97706!important;border-radius:8px!important;margin:0 0 18px 0!important;padding:0!important;overflow:hidden!important;}#frq2026note-ap-csa-2019-frq-4-lightboard *{box-sizing:border-box!important;font-family:inherit!important;}#frq2026note-ap-csa-2019-frq-4-lightboard summary{display:block!important;cursor:pointer!important;padding:12px 15px!important;font-size:0.95em!important;line-height:1.5!important;list-style:none!important;color:#78350f!important;-webkit-text-fill-color:#78350f!important;}#frq2026note-ap-csa-2019-frq-4-lightboard summary::-webkit-details-marker{display:none!important;}#frq2026note-ap-csa-2019-frq-4-lightboard summary::marker{content:""""!important;}#frq2026note-ap-csa-2019-frq-4-lightboard summary:hover{background:#fef3c7!important;}#frq2026note-ap-csa-2019-frq-4-lightboard summary strong{font-weight:700!important;color:#78350f!important;-webkit-text-fill-color:#78350f!important;}#frq2026note-ap-csa-2019-frq-4-lightboard .n26-body{display:block!important;padding:0 15px 14px!important;font-size:0.92em!important;line-height:1.6!important;color:#78350f!important;-webkit-text-fill-color:#78350f!important;}#frq2026note-ap-csa-2019-frq-4-lightboard .n26-body p{margin:0 0 10px!important;color:#78350f!important;-webkit-text-fill-color:#78350f!important;}#frq2026note-ap-csa-2019-frq-4-lightboard .n26-body strong{font-weight:700!important;color:#78350f!important;-webkit-text-fill-color:#78350f!important;}#frq2026note-ap-csa-2019-frq-4-lightboard table{border-collapse:collapse!important;width:100%!important;margin:0 0 10px!important;font-size:0.95em!important;background:#fffdf5!important;}#frq2026note-ap-csa-2019-frq-4-lightboard th,#frq2026note-ap-csa-2019-frq-4-lightboard td{border:1px solid #fcd34d!important;padding:6px 9px!important;text-align:left!important;color:#78350f!important;-webkit-text-fill-color:#78350f!important;}#frq2026note-ap-csa-2019-frq-4-lightboard th{background:#fef3c7!important;font-weight:700!important;}#frq2026note-ap-csa-2019-frq-4-lightboard a{color:#92400e!important;-webkit-text-fill-color:#92400e!important;text-decoration:underline!important;}#frq2026note-ap-csa-2019-frq-4-lightboard .n26-src{font-size:0.85em!important;font-style:italic!important;margin:0!important;}</style>
<details id=""frq2026note-ap-csa-2019-frq-4-lightboard"">
<summary><strong>Heads up: the May 2027 exam scores free response differently from this one.</strong> Tap for the current point structure.</summary>
<div class=""n26-body"">
<p>Every AP CSA free-response question from 2004 through 2025 was worth <strong>9 points</strong>, and the section was 36. From 2026 the four questions are worth <strong>7, 7, 5 and 6</strong>, the section is <strong>25 points</strong>, and only Question 1 has parts.</p>
<table><tr><th>Question</th><th>Points</th><th>Parts</th><th>Type</th></tr><tr><td>Question 1</td><td><strong>7</strong></td><td>Part A 4 + Part B 3</td><td>Methods and Control Structures</td></tr><tr><td>Question 2</td><td><strong>7</strong></td><td>single part</td><td>Class Design</td></tr><tr><td>Question 3</td><td><strong>5</strong></td><td>single part</td><td>Data Analysis with ArrayList</td></tr><tr><td>Question 4</td><td><strong>6</strong></td><td>single part</td><td>2D Array</td></tr></table>
<p>Section I is now 42 multiple-choice questions at 55% of the score, and Section II is 45%. The question on this page is still worth practising. The 9 points printed below it are not the rubric you will be scored against.</p>
<p class=""n26-src"">Point totals from College Board's 2026 scoring guidelines; section weightings from the AP Computer Science A exam page. See the <a href=""/pages/ap-csa-frq-2026"">2026 questions</a> for the current format.</p>
</div>
</details>
<script type=""application/ld+json"">{""@context"":""https://schema.org"",""@type"":""FAQPage"",""mainEntity"":[{""@type"":""Question"",""name"":""What does 2019 AP CSA FRQ 4 LightBoard test?"",""acceptedAnswer"":{""@type"":""Answer"",""text"":""FRQ 4 tests 2D boolean array construction (with Math.random() for 40% probability initialization) and column traversal with multi-rule conditional evaluation.""}},
    {""@type"":""Question"",""name"":""How many points is FRQ 4 worth?"",""acceptedAnswer"":{""@type"":""Answer"",""text"":""9 points: 4 for Part A (constructor) and 5 for Part B (evaluateLight).""}},
    {""@type"":""Question"",""name"":""How do you get a 40% probability in a boolean assignment?"",""acceptedAnswer"":{""@type"":""Answer"",""text"":""Math.random() returns a random double in [0.0, 1.0). Comparing it to 0.4 gives true 40% of the time: lights[r][c] = Math.random() < 0.4;""}},
    {""@type"":""Question"",""name"":""Does the on-count in evaluateLight include the current light?"",""acceptedAnswer"":{""@type"":""Answer"",""text"":""Yes. Count all lights in column col that are on, including lights[row][col] itself if it is on.""}}]}</script>
<script type=""application/ld+json"">{""@context"":""https://schema.org"",""@type"":""Article"",""headline"":""2019 AP CSA FRQ 4: LightBoard - Complete Solution and Scoring Guide"",""description"":""Complete solution for 2019 AP CSA FRQ 4 (LightBoard) with step-by-step explanations, scoring rubric, common mistakes, and exam tips."",""author"":{""@type"":""Person"",""name"":""Tanner Crow"",""url"":""https://www.wyzant.com/tutors/tannerc12""},""publisher"":{""@type"":""Organization"",""name"":""AP CS Exam Prep"",""url"":""https://www.apcsexamprep.com""},""datePublished"":""2019-09-01"",""dateModified"":""2026-03-14"",""educationalLevel"":""AP""}</script>
<script type=""application/ld+json"">{""@context"":""https://schema.org"",""@type"":""BreadcrumbList"",""itemListElement"":[{""@type"":""ListItem"",""position"":1,""name"":""FRQ Archive"",""item"":""https://www.apcsexamprep.com/pages/ap-csa-frq-archive""},{""@type"":""ListItem"",""position"":2,""name"":""2019 FRQs"",""item"":""https://www.apcsexamprep.com/pages/ap-csa-frq-2019""},{""@type"":""ListItem"",""position"":3,""name"":""FRQ 4: LightBoard"",""item"":""https://www.apcsexamprep.com/pages/ap-csa-2019-frq-4-lightboard""}]}</script>
<div id=""frq19q4"">
<style>
.page-title,.article__title,.page__title,.template-page h1:first-of-type{display:none!important}
#frq19q4{all:initial!important;display:block!important;font-family:-apple-system,BlinkMacSystemFont,'Segoe UI',Roboto,Oxygen,Ubuntu,Cantarell,sans-serif!important;line-height:1.7!important;color:#1e293b!important;max-width:880px!important;margin:0 auto!important;padding:24px 20px 60px!important;-webkit-font-smoothing:antialiased!important;background:#ffffff!important}
#frq19q4 *{box-sizing:border-box!important}
#frq19q4 img{max-width:100%!important;height:auto!important}
#frq19q4 h1{font-size:2em!important;font-weight:800!important;color:#1e3a8a!important;-webkit-text-fill-color:#1e3a8a!important;margin:0 0 8px!important;line-height:1.2!important;border:none!important;padding:0!important}
#frq19q4 h2{font-size:1.5em!important;font-weight:700!important;color:#1e40af!important;-webkit-text-fill-color:#1e40af!important;margin:40px 0 16px!important;padding-left:12px!important;border-left:4px solid #60a5fa!important;border-bottom:none!important;line-height:1.3!important}
#frq19q4 h3{font-size:1.2em!important;font-weight:600!important;color:#1e40af!important;-webkit-text-fill-color:#1e40af!important;margin:24px 0 12px!important;line-height:1.3!important}
#frq19q4 h4{font-size:1.05em!important;font-weight:600!important;color:#334155!important;margin:20px 0 10px!important}
#frq19q4 p{margin:0 0 16px!important;color:#1e293b!important;font-size:16px!important;line-height:1.7!important}
#frq19q4 a{color:#2563eb!important;-webkit-text-fill-color:#2563eb!important;text-decoration:underline!important}
#frq19q4 a:link{color:#2563eb!important;-webkit-text-fill-color:#2563eb!important}
#frq19q4 a:visited{color:#2563eb!important;-webkit-text-fill-color:#2563eb!important}
#frq19q4 a:hover{color:#1d4ed8!important;-webkit-text-fill-color:#1d4ed8!important}
#frq19q4 strong{font-weight:700!important;color:#1e293b!important}
#frq19q4 ul,#frq19q4 ol{margin:0 0 16px!important;padding-left:24px!important;color:#1e293b!important}
#frq19q4 li{margin:0 0 8px!important;font-size:16px!important;line-height:1.7!important}
#frq19q4 .frq-breadcrumb{font-size:14px!important;color:#64748b!important;margin-bottom:24px!important;display:block!important}
#frq19q4 .frq-breadcrumb a{color:#2563eb!important;-webkit-text-fill-color:#2563eb!important;text-decoration:none!important;font-size:14px!important}
#frq19q4 .frq-breadcrumb a:link,#frq19q4 .frq-breadcrumb a:visited{color:#2563eb!important;-webkit-text-fill-color:#2563eb!important}
#frq19q4 .frq-year-label{display:inline-block!important;background:#dbeafe!important;color:#1e40af!important;font-size:13px!important;font-weight:600!important;padding:4px 12px!important;border-radius:4px!important;margin-bottom:8px!important;letter-spacing:0.5px!important;text-transform:uppercase!important}
#frq19q4 .frq-subtitle{color:#64748b!important;font-size:15px!important;margin:0 0 20px!important;line-height:1.6!important}
#frq19q4 .frq-badges{display:flex!important;flex-wrap:wrap!important;gap:8px!important;margin-bottom:24px!important}
#frq19q4 .frq-badge{display:inline-block!important;padding:6px 14px!important;border-radius:20px!important;font-size:13px!important;font-weight:600!important;line-height:1.4!important}
#frq19q4 .frq-badge-blue{background:#dbeafe!important;color:#1e40af!important}
#frq19q4 .frq-badge-green{background:#dcfce7!important;color:#166534!important}
#frq19q4 .frq-badge-purple{background:#ede9fe!important;color:#5b21b6!important}
#frq19q4 .frq-badge-amber{background:#fef3c7!important;color:#92400e!important}
#frq19q4 .frq-meta-table{width:100%!important;border-collapse:collapse!important;margin:0 0 24px!important;font-size:15px!important}
#frq19q4 .frq-meta-table td{padding:10px 16px!important;border-bottom:1px solid #e5e7eb!important;color:#1e293b!important;vertical-align:top!important}
#frq19q4 .frq-meta-table td:first-child{font-weight:600!important;color:#475569!important;width:160px!important}
#frq19q4 .frq-summary{background-color:#f0f9ff!important;border:1px solid #bae6fd!important;border-radius:8px!important;padding:20px 24px!important;margin:0 0 24px!important}
#frq19q4 .frq-summary h2{font-size:1.15em!important;margin:0 0 12px!important;padding-left:0!important;border-left:none!important;color:#0c4a6e!important;-webkit-text-fill-color:#0c4a6e!important}
#frq19q4 .frq-summary p{margin:0!important;color:#1e293b!important;font-size:15px!important;line-height:1.7!important}
#frq19q4 .frq-curriculum{background-color:#fefce8!important;border:1px solid #fde68a!important;border-radius:8px!important;padding:20px 24px!important;margin:0 0 24px!important}
#frq19q4 .frq-curriculum h2{font-size:1.15em!important;margin:0 0 12px!important;padding-left:0!important;border-left:none!important;color:#713f12!important;-webkit-text-fill-color:#713f12!important}
#frq19q4 .frq-curriculum p{margin:0 0 8px!important;color:#1e293b!important;font-size:15px!important}
#frq19q4 .frq-curriculum p:last-child{margin-bottom:0!important}
#frq19q4 .frq-jumplinks{display:flex!important;flex-wrap:wrap!important;gap:8px!important;margin:0 0 32px!important;padding:16px 0!important;border-top:1px solid #e5e7eb!important;border-bottom:1px solid #e5e7eb!important}
#frq19q4 .frq-jumplinks a{display:inline-block!important;padding:6px 14px!important;background:#f1f5f9!important;color:#334155!important;-webkit-text-fill-color:#334155!important;border-radius:6px!important;font-size:13px!important;font-weight:600!important;text-decoration:none!important}
#frq19q4 .frq-jumplinks a:link,#frq19q4 .frq-jumplinks a:visited{color:#334155!important;-webkit-text-fill-color:#334155!important}
#frq19q4 .frq-jumplinks a:hover{background:#e2e8f0!important;color:#1e293b!important;-webkit-text-fill-color:#1e293b!important}
#frq19q4 pre{background:#1e293b!important;color:#e2e8f0!important;padding:20px!important;border-radius:8px!important;overflow-x:auto!important;font-family:Consolas,Monaco,'Courier New',monospace!important;font-size:14px!important;line-height:1.6!important;white-space:pre!important;margin:16px 0!important;border:none!important}
#frq19q4 code{font-family:Consolas,Monaco,'Courier New',monospace!important;font-size:14px!important}
#frq19q4 p code,#frq19q4 li code,#frq19q4 td code{background:#f1f5f9!important;color:#be185d!important;padding:2px 6px!important;border-radius:4px!important;font-size:13px!important}
#frq19q4 table{width:100%!important;border-collapse:collapse!important;margin:16px 0!important;font-size:15px!important}
#frq19q4 th{background:#f8fafc!important;color:#334155!important;font-weight:600!important;padding:12px 16px!important;text-align:left!important;border-bottom:2px solid #cbd5e1!important}
#frq19q4 td{padding:10px 16px!important;border-bottom:1px solid #e5e7eb!important;color:#1e293b!important;vertical-align:top!important}
#frq19q4 .frq-intro{background-color:#eff6ff!important;padding:20px!important;border-radius:8px!important;margin:0 0 24px!important;border-left:4px solid #3b82f6!important}
#frq19q4 .practice-tip{background-color:#dcfce7!important;padding:16px 20px!important;border-radius:6px!important;margin:20px 0!important;border-left:4px solid #10b981!important}
#frq19q4 .key-insight{background-color:#dbeafe!important;padding:16px 20px!important;border-radius:6px!important;margin:20px 0!important;border-left:4px solid #3b82f6!important}
#frq19q4 .common-mistake{background-color:#fef2f2!important;padding:16px 20px!important;border-radius:6px!important;margin:20px 0!important;border-left:4px solid #ef4444!important}
#frq19q4 .scoring-guide{background-color:#f9fafb!important;border:1px solid #e5e7eb!important;border-radius:8px!important;padding:20px!important;margin:20px 0!important}
#frq19q4 .frq-collapsible{cursor:pointer!important;background:#f8fafc!important;border:1px solid #e2e8f0!important;border-radius:8px!important;padding:16px 20px!important;margin:16px 0!important;font-weight:600!important;font-size:15px!important;color:#1e40af!important;-webkit-text-fill-color:#1e40af!important;display:block!important;width:100%!important;text-align:left!important}
#frq19q4 .frq-collapsible:hover{background:#eef2ff!important}
#frq19q4 .frq-collapsible-content{display:none!important;padding:20px!important;border:1px solid #e2e8f0!important;border-top:none!important;border-radius:0 0 8px 8px!important;margin-top:-17px!important;background:#ffffff!important}
#frq19q4 .frq-collapsible-content.open{display:block!important}
#frq19q4 .frq-editor{position:relative!important;margin:20px 0!important}
#frq19q4 .frq-editor textarea{width:100%!important;min-height:200px!important;font-family:Consolas,Monaco,'Courier New',monospace!important;font-size:14px!important;line-height:1.6!important;padding:16px!important;border:2px solid #cbd5e1!important;border-radius:8px!important;background:#1e293b!important;color:#e2e8f0!important;resize:vertical!important;tab-size:4!important;-moz-tab-size:4!important;white-space:pre!important;overflow-wrap:normal!important;overflow-x:auto!important}
#frq19q4 .frq-editor textarea:focus{border-color:#3b82f6!important;outline:none!important;box-shadow:0 0 0 3px rgba(59,130,246,0.15)!important}
#frq19q4 .frq-editor textarea::placeholder{color:#64748b!important}
#frq19q4 .frq-editor-hint{display:block!important;text-align:right!important;font-size:11px!important;color:#94a3b8!important;margin-top:4px!important;font-style:italic!important;padding-right:4px!important}
#frq19q4 .btn{display:inline-block!important;padding:12px 24px!important;background-color:#3b82f6!important;color:white!important;-webkit-text-fill-color:white!important;text-decoration:none!important;border-radius:6px!important;font-weight:600!important;font-size:15px!important;border:none!important;cursor:pointer!important;opacity:1!important;visibility:visible!important}
#frq19q4 .btn:hover{background-color:#2563eb!important;color:white!important;-webkit-text-fill-color:white!important}
#frq19q4 a.btn:link,#frq19q4 a.btn:visited{color:white!important;-webkit-text-fill-color:white!important;text-decoration:none!important}
#frq19q4 .btn-sm{padding:8px 16px!important;font-size:13px!important}
#frq19q4 .btn-outline{background:transparent!important;border:2px solid #3b82f6!important;color:#3b82f6!important;-webkit-text-fill-color:#3b82f6!important}
#frq19q4 a.btn-outline:link,#frq19q4 a.btn-outline:visited{color:#3b82f6!important;-webkit-text-fill-color:#3b82f6!important;text-decoration:none!important}
#frq19q4 .btn-outline:hover{background:#3b82f6!important;color:white!important;-webkit-text-fill-color:white!important}
#frq19q4 .btn-green{background-color:#16a34a!important;color:white!important;-webkit-text-fill-color:white!important}
#frq19q4 a.btn-green:link,#frq19q4 a.btn-green:visited{color:white!important;-webkit-text-fill-color:white!important;text-decoration:none!important}
#frq19q4 .btn-green:hover{background-color:#15803d!important}
#frq19q4 .frq-timer{display:flex!important;align-items:center!important;gap:12px!important;margin:20px 0!important;padding:12px 20px!important;background:#f8fafc!important;border:1px solid #e2e8f0!important;border-radius:8px!important}
#frq19q4 .frq-timer-label{font-weight:600!important;color:#475569!important;font-size:14px!important}
#frq19q4 .frq-timer-display{font-family:Consolas,Monaco,monospace!important;font-size:24px!important;font-weight:700!important;color:#1e293b!important;min-width:80px!important}
#frq19q4 .frq-timer button{padding:6px 14px!important;border-radius:4px!important;border:1px solid #cbd5e1!important;background:#ffffff!important;color:#475569!important;-webkit-text-fill-color:#475569!important;font-size:13px!important;font-weight:600!important;cursor:pointer!important}
#frq19q4 .mistake-block{border:1px solid #e5e7eb!important;border-radius:8px!important;margin:20px 0!important;overflow:hidden!important}
#frq19q4 .mistake-header{padding:14px 20px!important;font-weight:600!important;font-size:15px!important;color:#1e293b!important;background:#fef2f2!important;border-bottom:1px solid #e5e7eb!important}
#frq19q4 .mistake-body{padding:16px 20px!important}
#frq19q4 .mistake-label{display:inline-block!important;font-size:12px!important;font-weight:700!important;text-transform:uppercase!important;letter-spacing:0.5px!important;padding:3px 8px!important;border-radius:4px!important;margin-bottom:8px!important}
#frq19q4 .mistake-wrong{background:#fef2f2!important;color:#dc2626!important}
#frq19q4 .mistake-right{background:#dcfce7!important;color:#16a34a!important}
#frq19q4 .exam-tip{padding:12px 16px 12px 44px!important;background:#f0fdf4!important;border-radius:6px!important;margin:10px 0!important;position:relative!important;font-size:15px!important;line-height:1.6!important;color:#1e293b!important}
#frq19q4 .exam-tip::before{content:'\2713'!important;position:absolute!important;left:16px!important;top:12px!important;color:#16a34a!important;font-weight:700!important;font-size:16px!important}
#frq19q4 .related-card{display:block!important;padding:16px 20px!important;border:1px solid #e5e7eb!important;border-radius:8px!important;margin:10px 0!important;text-decoration:none!important}
#frq19q4 .related-card:hover{border-color:#3b82f6!important;background:#f8fafc!important}
#frq19q4 a.related-card:link,#frq19q4 a.related-card:visited{text-decoration:none!important}
#frq19q4 .related-card .card-type{font-size:12px!important;font-weight:600!important;text-transform:uppercase!important;color:#64748b!important;letter-spacing:0.5px!important;margin-bottom:4px!important;display:block!important}
#frq19q4 .related-card .card-title{font-size:15px!important;font-weight:600!important;color:#1e40af!important;-webkit-text-fill-color:#1e40af!important;display:block!important}
#frq19q4 .cta-box{background:linear-gradient(135deg,#1e3a8a 0%,#1e40af 100%)!important;color:#ffffff!important;padding:32px!important;border-radius:12px!important;margin:32px 0!important;text-align:center!important}
#frq19q4 .cta-box h3{color:#ffffff!important;-webkit-text-fill-color:#ffffff!important;font-size:1.3em!important;margin:0 0 12px!important}
#frq19q4 .cta-box p{color:#dbeafe!important;font-size:15px!important}
#frq19q4 .cta-box .btn{background:#ffffff!important;color:#1e40af!important;-webkit-text-fill-color:#1e40af!important}
#frq19q4 .cta-box a.btn:link,#frq19q4 .cta-box a.btn:visited{color:#1e40af!important;-webkit-text-fill-color:#1e40af!important}
#frq19q4 .tutor-cta{background:#f8fafc!important;border:1px solid #e2e8f0!important;border-radius:12px!important;padding:28px!important;margin:32px 0!important}
#frq19q4 .tutor-stats{display:flex!important;gap:24px!important;flex-wrap:wrap!important;margin:16px 0!important}
#frq19q4 .tutor-stat{text-align:center!important}
#frq19q4 .tutor-stat-value{font-size:20px!important;font-weight:700!important;color:#1e40af!important;-webkit-text-fill-color:#1e40af!important;display:block!important}
#frq19q4 .tutor-stat-label{font-size:12px!important;color:#64748b!important}
#frq19q4 .frq-nav{display:flex!important;justify-content:space-between!important;align-items:center!important;margin:40px 0 20px!important;gap:12px!important;flex-wrap:wrap!important}
#frq19q4 .frq-footer-links{text-align:center!important;margin:16px 0 0!important;font-size:14px!important;color:#64748b!important}
#frq19q4 .frq-footer-links a{color:#2563eb!important;-webkit-text-fill-color:#2563eb!important;font-size:14px!important}
#frq19q4 .scoring-summary{margin:24px 0!important}
#frq19q4 .scoring-summary table{width:100%!important}
#frq19q4 .scoring-summary td:last-child,#frq19q4 .scoring-summary th:last-child{text-align:center!important;font-weight:700!important}
#frq19q4 .faq-item{border-bottom:1px solid #e5e7eb!important;padding:20px 0!important}
#frq19q4 .faq-item:last-child{border-bottom:none!important}
#frq19q4 .faq-q{font-weight:600!important;color:#1e293b!important;font-size:16px!important;margin:0 0 8px!important}
#frq19q4 .faq-a{color:#475569!important;font-size:15px!important;line-height:1.7!important;margin:0!important}
#frq19q4 .frq-pdf-wrap{width:100%!important;border:2px solid #cbd5e1!important;border-radius:8px!important;overflow:hidden!important;margin:16px 0 20px!important;background:#f1f5f9!important}
#frq19q4 .frq-pdf-wrap iframe{width:100%!important;height:680px!important;border:none!important;display:block!important}
#frq19q4 .frq-pdf-fallback{padding:20px!important;text-align:center!important;background:#f8fafc!important;display:none!important;font-size:14px!important;color:#475569!important}
#frq19q4 .frq-video-wrap{position:relative!important;padding-bottom:56.25%!important;height:0!important;overflow:hidden!important;border-radius:8px!important;margin:16px 0!important;background:#0f172a!important}
#frq19q4 .frq-video-wrap iframe{position:absolute!important;top:0!important;left:0!important;width:100%!important;height:100%!important;border:none!important;border-radius:8px!important}
#frq19q4 .frq-editor textarea::selection{background:#3b82f6!important;color:#ffffff!important;-webkit-text-fill-color:#ffffff!important}
#frq19q4 .frq-editor textarea::-moz-selection{background:#3b82f6!important;color:#ffffff!important}
@media(max-width:640px){
#frq19q4{padding:16px 14px 40px!important}
#frq19q4 h1{font-size:1.5em!important}
#frq19q4 h2{font-size:1.25em!important}
#frq19q4 .frq-timer{flex-wrap:wrap!important}
#frq19q4 .tutor-stats{gap:16px!important}
#frq19q4 .frq-nav{flex-direction:column!important;align-items:stretch!important}
#frq19q4 .frq-nav .btn{text-align:center!important}
}
</style>
<div class=""frq-breadcrumb"">
<a href=""/pages/ap-csa-frq-archive"">FRQ Archive</a> ›
<a href=""/pages/ap-csa-frq-2019"">2019 FRQs</a> ›
FRQ 4: LightBoard
</div>
<div class=""frq-year-label"">2019 AP CSA • 2D Array</div>
<h1>AP CSA 2019 FRQ 4: LightBoard</h1>
<p class=""frq-subtitle"">Complete solution, scoring rubric, and walkthrough — verified from the official College Board PDF</p>
<div class=""frq-badges"">
<span class=""frq-badge frq-badge-blue"">9 Points</span>
<span class=""frq-badge frq-badge-amber"">Medium-Hard</span>
<span class=""frq-badge frq-badge-amber"">Unit 4</span>
</div>
<table class=""frq-meta-table"">
<tr>
<td>Question Type</td>
<td>2D Array</td>
</tr>
<tr>
<td>Skills Tested</td>
<td>2D boolean array initialization, Math.random() probability, column count, three-rule conditional</td>
</tr>
<tr>
<td>Difficulty</td>
<td>Medium-Hard</td>
</tr>
<tr>
<td>Recommended Time</td>
<td>22 minutes</td>
</tr>
</table>
<div class=""frq-summary"">
<h2>What This Problem Asks</h2>
<p>2019 AP CSA FRQ 4 LightBoard asks students to write a constructor and an evaluation method for a 2D boolean light display. The constructor initializes every light with a 40% probability of being on using <code>Math.random()</code>. <code>evaluateLight</code> counts on-lights in a column and applies three rules: ON+even-count→false; OFF+div-by-3-count→true; otherwise return current status.</p>
</div>
<div class=""frq-curriculum"">
<h2>What This FRQ Tests</h2>
<p>This FRQ tests <a href=""/pages/ap-csa-unit-4-data-collections-study-guide""><strong>Unit 4: 2D Arrays</strong></a> and <a href=""/pages/unit-2-selection-and-iteration-ultimate-study-guide""><strong>Unit 2</strong></a> (Math.random(), modulo, multi-condition if-else chain).</p>
</div>
<div class=""frq-jumplinks"">
<a href=""#frq19q4-pdf"">Official PDF</a>
<a href=""#frq19q4-code"">Provided Code</a>
<a href=""#frq19q4-parta"">Part A</a>
<a href=""#frq19q4-partb"">Part B</a>
<a href=""#frq19q4-mistakes"">Mistakes</a>
<a href=""#frq19q4-tips"">Tips</a>
<a href=""#frq19q4-faq"">FAQ</a>
</div>
<div id=""frq19q4-pdf"">
<h2>Official Question &amp; PDF</h2>
<p>
<a href=""https://apcentral.collegeboard.org/media/pdf/ap19-frq-computer-science-a.pdf"" target=""_blank"" rel=""noopener"" class=""btn btn-sm"">Download Full FRQ PDF →</a>
</p>
<div class=""frq-pdf-wrap"">
<iframe src=""https://apcentral.collegeboard.org/media/pdf/ap19-frq-computer-science-a.pdf#page=14"" title=""2019 AP CSA FRQ 4 LightBoard"" loading=""lazy"" id=""frq19q4-pdf-iframe""></iframe>
<div class=""frq-pdf-fallback"" id=""frq19q4-pdf-fallback"">
<p>PDF cannot display on this device. <a href=""https://apcentral.collegeboard.org/media/pdf/ap19-frq-computer-science-a.pdf"" target=""_blank"" rel=""noopener"">Open PDF directly →</a></p>
</div>
</div>
</div>
<div class=""frq-timer"">
<span class=""frq-timer-label"">Timer</span>
<span class=""frq-timer-display"" id=""frq19q4-timer"">22:00</span>
<button onclick=""frq19q4Start()"">Start</button>
<button onclick=""frq19q4Pause()"">Pause</button>
<button onclick=""frq19q4Reset()"">Reset</button>
</div>
<div id=""frq19q4-code"">
<h2>Provided Code</h2>
<pre>public class LightBoard
{
    private boolean[][] lights;
    /** Initializes lights: each light has 40% probability of being on.
     *  Precondition: numRows &gt; 0, numCols &gt; 0 */
        public LightBoard(int numRows, int numCols) {
        /* part (a) */
    }
    /** Evaluates light at row, col using 3 rules.
     *  Precondition: row and col are valid indexes */
        public boolean evaluateLight(int row, int col) {
        /* part (b) */
    }
}</pre>
</div>
<div id=""frq19q4-parta"">
<h2>Part A — 4 Points</h2>
<p>Write the <code>LightBoard</code> constructor: initialize <code>lights</code> as a <code>numRows</code> × <code>numCols</code> boolean array where each light has a 40% probability of being set to <code>true</code> (on).</p>
<h3>Write Your Solution</h3>
<div class=""frq-editor"">
<textarea id=""frq19q4-ea"" placeholder=""// Write Part A here...
// Tab to indent | Brackets auto-close | Enter auto-indents""></textarea>
<span class=""frq-editor-hint"">Drag corner to expand ▽</span>
</div>
<p>
<button class=""btn btn-sm btn-green"" onclick=""document.getElementById('frq19q4-sola').classList.add('open')"">Check Answer</button>
 
<button class=""btn btn-sm btn-outline"" onclick=""document.getElementById('frq19q4-ea').value=''"">Clear</button>
</p>
<button class=""frq-collapsible"" onclick=""this.nextElementSibling.classList.toggle('open')"">View Solution and Rubric ▼</button>
<div class=""frq-collapsible-content"" id=""frq19q4-sola"">
<h4>Scoring Rubric (Part A — 4 points)</h4>
<table>
<tr>
<td><strong>+1</strong></td>
<td>Traverses all rows and columns with no bounds errors</td>
</tr>
<tr>
<td><strong>+1</strong></td>
<td>Uses <code>Math.random()</code> to generate a random value</td>
</tr>
<tr>
<td><strong>+1</strong></td>
<td>Assigns random boolean (40% probability of true)</td>
</tr>
<tr>
<td><strong>+1</strong></td>
<td>Correctly initializes <code>lights</code> as a 2D boolean array of the correct dimensions</td>
</tr>
</table>
<h4>Solution</h4>
<pre>public LightBoard(int numRows, int numCols)
{
    lights = new boolean[numRows][numCols];
    for (int r = 0; r &lt; numRows; r++)
    {
        for (int c = 0; c &lt; numCols; c++)
        {
            lights[r][c] = Math.random() &lt; 0.4;
        }
    }
}</pre>
</div>
</div>
<div id=""frq19q4-partb"">
<h2>Part B — 5 Points</h2>
<p>Write <code>evaluateLight</code>: count on-lights in column <code>col</code> (including the current light), then apply three rules to determine return value.</p>
<h3>Write Your Solution</h3>
<div class=""frq-editor"">
<textarea id=""frq19q4-eb"" placeholder=""// Write Part B here...
// Tab to indent | Brackets auto-close | Enter auto-indents""></textarea>
<span class=""frq-editor-hint"">Drag corner to expand ▽</span>
</div>
<p>
<button class=""btn btn-sm btn-green"" onclick=""document.getElementById('frq19q4-solb').classList.add('open')"">Check Answer</button>
 
<button class=""btn btn-sm btn-outline"" onclick=""document.getElementById('frq19q4-eb').value=''"">Clear</button>
</p>
<button class=""frq-collapsible"" onclick=""this.nextElementSibling.classList.toggle('open')"">View Solution and Rubric ▼</button>
<div class=""frq-collapsible-content"" id=""frq19q4-solb"">
<h4>Scoring Rubric (Part B — 5 points)</h4>
<table>
<tr>
<td><strong>+1</strong></td>
<td>Accesses <code>lights[row][col]</code> to check current status</td>
</tr>
<tr>
<td><strong>+1</strong></td>
<td>Counts the number of on-lights in column <code>col</code>
</td>
</tr>
<tr>
<td><strong>+1</strong></td>
<td>Rule 1: light is ON and count in column is even → return <code>false</code>
</td>
</tr>
<tr>
<td><strong>+1</strong></td>
<td>Rule 2: light is OFF and count in column is divisible by 3 → return <code>true</code>
</td>
</tr>
<tr>
<td><strong>+1</strong></td>
<td>Rule 3: return current status (algorithm)</td>
</tr>
</table>
<h4>Solution</h4>
<pre>public boolean evaluateLight(int row, int col)
{
    int onCount = 0;
    for (int r = 0; r &lt; lights.length; r++)
    {
        if (lights[r][col])
        {
            onCount++;
        }
    }
    if (lights[row][col] &amp;&amp; onCount % 2 == 0)
    {
        return false;
    }
    if (!lights[row][col] &amp;&amp; onCount % 3 == 0)
    {
        return true;
    }
    return lights[row][col];
}</pre>
<div class=""key-insight"">
<strong>Count includes the current light:</strong> The rules say ""number of lights in its column that are on, including the current light."" So count ALL lights in column col that are on.</div>
</div>
</div>
<div id=""frq19q4-mistakes"">
<h2>Common Mistakes to Avoid</h2>
<div class=""mistake-block"">
<div class=""mistake-header"">Forgetting to initialize lights = new boolean[numRows][numCols]</div>
<div class=""mistake-body"">
<p>The constructor must explicitly create the 2D array before assigning elements. Without the initialization line, lights is null and the loop causes NullPointerException.</p>
</div>
</div>
<div class=""mistake-block"">
<div class=""mistake-header"">Applying rules in wrong order</div>
<div class=""mistake-body"">
<p>The three rules are checked in order: Rule 1 (on + even), Rule 2 (off + div by 3), Rule 3 (return current status). Rules 1 and 2 are mutually exclusive since a light can't be both on and off, but the order still matters for clarity.</p>
</div>
</div>
</div>
<div id=""frq19q4-tips"">
<h2>Exam Tips</h2>
<div class=""exam-tip"">Math.random() &lt; 0.4 gives 40% probability of true. This is the standard pattern for probability initialization on AP CSA.</div>
<div class=""exam-tip"">evaluateLight must count on-lights in the entire column col, not just row col. Traverse all rows for the same column index.</div>
</div>
<div class=""scoring-summary"">
<h2>Scoring Summary</h2>
<table>
<tr>
<th>Part</th>
<th>Method</th>
<th>Points</th>
</tr>
<tr>
<td>Part A</td>
<td><code>Write</code></td>
<td>4</td>
</tr>
<tr>
<td>Part B</td>
<td><code>Write</code></td>
<td>5</td>
</tr>
<tr>
<td><strong>Total</strong></td>
<td></td>
<td><strong>9</strong></td>
</tr>
</table>
</div>
<div class=""cta-box"">
<h3>Want the Complete 2019 FRQ Solutions?</h3>
<p>Browse all past AP CSA FRQs with full solutions and scoring breakdowns.</p>
<p style=""margin-top:16px!important""><a href=""/pages/ap-csa-frq-archive"" class=""btn"">FRQ Archive →</a></p>
</div>
<h2>Related FRQs</h2>
<a href=""/pages/ap-csa-2022-frq-4-data"" class=""related-card"">
<span class=""card-type"">2D Array</span>
<span class=""card-title"">2022 FRQ 4: Data — Random fill with constraints and column increasing check</span>
</a>
<a href=""/pages/ap-csa-2023-frq-4-boxofcandy"" class=""related-card"">
<span class=""card-type"">2D Array</span>
<span class=""card-title"">2023 FRQ 4: BoxOfCandy — 2D array column operations and specified traversal</span>
</a>
<h2>Study the Concepts</h2>
<p><a href=""/pages/ap-csa-unit-4-data-collections-study-guide"" class=""btn"">Unit 4 Study Guide →</a></p>
<div class=""tutor-cta"">
<h3>Struggling with FRQs? Get 1-on-1 Help</h3>
<p>Work directly with Tanner — AP CS teacher with 11+ years experience and 1,845+ verified tutoring hours. 54.5% of students score 5s (vs. 25.5% national average).</p>
<div class=""tutor-stats"">
<div class=""tutor-stat"">
<span class=""tutor-stat-value"">5.0</span><span class=""tutor-stat-label"">Rating (451+ reviews)</span>
</div>
<div class=""tutor-stat"">
<span class=""tutor-stat-value"">1,845+</span><span class=""tutor-stat-label"">Verified Hours</span>
</div>
<div class=""tutor-stat"">
<span class=""tutor-stat-value"">54.5%</span><span class=""tutor-stat-label"">Score 5s</span>
</div>
</div>
<p style=""margin-top:16px!important""><a href=""/pages/ap-computer-science-tutor"" class=""btn"">Book a Session ($150/hr) →</a></p>
<p style=""font-size:13px!important;color:#64748b!important;margin-top:8px!important"">5-session packages at $125/hr. Venmo, Zelle, PayPal, or credit card.</p>
</div>
<div id=""frq19q4-faq"">
<h2>Frequently Asked Questions</h2>
<div class=""faq-item"">
<p class=""faq-q"">What does 2019 AP CSA FRQ 4 LightBoard test?</p>
<p class=""faq-a"">FRQ 4 tests 2D boolean array construction (with Math.random() for 40% probability initialization) and column traversal with multi-rule conditional evaluation.</p>
</div>
<div class=""faq-item"">
<p class=""faq-q"">How many points is FRQ 4 worth?</p>
<p class=""faq-a"">9 points: 4 for Part A (constructor) and 5 for Part B (evaluateLight).</p>
</div>
<div class=""faq-item"">
<p class=""faq-q"">How do you get a 40% probability in a boolean assignment?</p>
<p class=""faq-a"">Math.random() returns a random double in [0.0, 1.0). Comparing it to 0.4 gives true 40% of the time: lights[r][c] = Math.random() &lt; 0.4;</p>
</div>
<div class=""faq-item"">
<p class=""faq-q"">Does the on-count in evaluateLight include the current light?</p>
<p class=""faq-a"">Yes. Count all lights in column col that are on, including lights[row][col] itself if it is on.</p>
</div>
</div>
<div class=""frq-nav"">
<a href=""/pages/ap-csa-2019-frq-3-delimiters"" class=""btn btn-outline"">← FRQ 3: Delimiters</a>
<a href=""/pages/ap-csa-frq-2019"" class=""btn btn-outline"">2019 FRQ Index</a>

</div>
<div class=""frq-footer-links"">
<a href=""/pages/ap-csa-frq-archive"">Complete FRQ Archive (2004–2025)</a> •
<a href=""/pages/ap-csa-frqs-by-topic"">FRQs by Topic</a>
</div>
</div>
<script>
(function(){
var frq19q4S=22*60,frq19q4I=null,frq19q4R=false;
function frq19q4D(){var m=Math.floor(frq19q4S/60),s=frq19q4S%60;var e=document.getElementById('frq19q4-timer');if(e)e.textContent=m+':'+(s<10?'0':'')+s;}
window.frq19q4Start=function(){if(frq19q4R)return;frq19q4R=true;frq19q4I=setInterval(function(){if(frq19q4S>0){frq19q4S--;frq19q4D();}else{clearInterval(frq19q4I);frq19q4R=false;}},1000);};
window.frq19q4Pause=function(){clearInterval(frq19q4I);frq19q4R=false;};
window.frq19q4Reset=function(){clearInterval(frq19q4I);frq19q4R=false;frq19q4S=22*60;frq19q4D();};
var IND='    ';
function getInd(t,p){var ls=t.lastIndexOf('\n',p-1)+1;var m=t.substring(ls).match(/^([ \t]*)/);return m?m[1]:'';}
function initEd(el){
  if(!el)return;
  el.addEventListener('keydown',function(e){
    var ta=this,s=ta.selectionStart,end=ta.selectionEnd,v=ta.value;
    if(e.key==='Tab'){e.preventDefault();if(e.shiftKey){var ls=v.lastIndexOf('\n',s-1)+1;var lt=v.substring(ls);if(lt.substring(0,IND.length)===IND){ta.value=v.substring(0,ls)+lt.substring(IND.length);ta.selectionStart=ta.selectionEnd=Math.max(s-IND.length,ls);}}else{ta.value=v.substring(0,s)+IND+v.substring(end);ta.selectionStart=ta.selectionEnd=s+IND.length;}return;}
    var P={'(':')','[':']','{':'}','""':'""',""'"":""'""};
    if(P[e.key]){var cl=P[e.key];if(e.key==='""'||e.key===""'""){if(v.charAt(s)===e.key){e.preventDefault();ta.selectionStart=ta.selectionEnd=s+1;return;}var bf=v.substring(0,s);var ct=0;for(var i=0;i<bf.length;i++)if(bf[i]===e.key)ct++;if(ct%2===1)return;}if(v.charAt(s)===cl&&e.key!==cl){e.preventDefault();ta.selectionStart=ta.selectionEnd=s+1;return;}e.preventDefault();ta.value=v.substring(0,s)+e.key+cl+v.substring(end);ta.selectionStart=ta.selectionEnd=s+1;return;}
    var CLOSE=[')','[',']',String.fromCharCode(125)];
    if(CLOSE.indexOf(e.key)>=0&&e.key!==String.fromCharCode(91)){if(v.charAt(s)===e.key){e.preventDefault();ta.selectionStart=ta.selectionEnd=s+1;return;}}
    if(e.key==='Backspace'&&s===end&&s>0){var bc=v.charAt(s-1);var ac=v.charAt(s);if(P[bc]&&P[bc]===ac){e.preventDefault();ta.value=v.substring(0,s-1)+v.substring(s+1);ta.selectionStart=ta.selectionEnd=s-1;return;}}
  });
  el.addEventListener('beforeinput',function(e){
    if(e.inputType==='insertLineBreak'||e.inputType==='insertParagraph'){
      e.preventDefault();var ta=this;var v=ta.value;var s=ta.selectionStart;var end=ta.selectionEnd;
      var ind=getInd(v,s);var cb=v.charAt(s-1);var ca=v.charAt(s);
      var OB=String.fromCharCode(123);var CB=String.fromCharCode(125);
      if(cb===OB&&ca===CB){var nt='\n'+ind+IND+'\n'+ind;ta.value=v.substring(0,s)+nt+v.substring(end);ta.selectionStart=ta.selectionEnd=s+1+ind.length+IND.length;}
      else if(cb===OB){var nt='\n'+ind+IND;ta.value=v.substring(0,s)+nt+v.substring(end);ta.selectionStart=ta.selectionEnd=s+nt.length;}
      else{var nt='\n'+ind;ta.value=v.substring(0,s)+nt+v.substring(end);ta.selectionStart=ta.selectionEnd=s+nt.length;}
    }
  });
}
  initEd(document.getElementById('frq19q4-ea'));
  initEd(document.getElementById('frq19q4-eb'));
(function(){var m=/Android|iPhone|iPad|iPod|Opera Mini|IEMobile/i.test(navigator.userAgent);if(m){var ifr=document.getElementById('frq19q4-pdf-iframe');var fb=document.getElementById('frq19q4-pdf-fallback');if(ifr&&fb){ifr.style.display='none';fb.style.display='block';}};})();
})();
</script>","TRUE","2026-03-01 12:00:00"
"ap-csa-2020-frq-1-gizmo","MERGE","<style>#frq2026note-ap-csa-2020-frq-1-gizmo{all:initial!important;display:block!important;box-sizing:border-box!important;font-family:-apple-system,BlinkMacSystemFont,""Segoe UI"",Roboto,Helvetica,Arial,sans-serif!important;background:#fffbeb!important;border:1px solid #fcd34d!important;border-left:5px solid #d97706!important;border-radius:8px!important;margin:0 0 18px 0!important;padding:0!important;overflow:hidden!important;}#frq2026note-ap-csa-2020-frq-1-gizmo *{box-sizing:border-box!important;font-family:inherit!important;}#frq2026note-ap-csa-2020-frq-1-gizmo summary{display:block!important;cursor:pointer!important;padding:12px 15px!important;font-size:0.95em!important;line-height:1.5!important;list-style:none!important;color:#78350f!important;-webkit-text-fill-color:#78350f!important;}#frq2026note-ap-csa-2020-frq-1-gizmo summary::-webkit-details-marker{display:none!important;}#frq2026note-ap-csa-2020-frq-1-gizmo summary::marker{content:""""!important;}#frq2026note-ap-csa-2020-frq-1-gizmo summary:hover{background:#fef3c7!important;}#frq2026note-ap-csa-2020-frq-1-gizmo summary strong{font-weight:700!important;color:#78350f!important;-webkit-text-fill-color:#78350f!important;}#frq2026note-ap-csa-2020-frq-1-gizmo .n26-body{display:block!important;padding:0 15px 14px!important;font-size:0.92em!important;line-height:1.6!important;color:#78350f!important;-webkit-text-fill-color:#78350f!important;}#frq2026note-ap-csa-2020-frq-1-gizmo .n26-body p{margin:0 0 10px!important;color:#78350f!important;-webkit-text-fill-color:#78350f!important;}#frq2026note-ap-csa-2020-frq-1-gizmo .n26-body strong{font-weight:700!important;color:#78350f!important;-webkit-text-fill-color:#78350f!important;}#frq2026note-ap-csa-2020-frq-1-gizmo table{border-collapse:collapse!important;width:100%!important;margin:0 0 10px!important;font-size:0.95em!important;background:#fffdf5!important;}#frq2026note-ap-csa-2020-frq-1-gizmo th,#frq2026note-ap-csa-2020-frq-1-gizmo td{border:1px solid #fcd34d!important;padding:6px 9px!important;text-align:left!important;color:#78350f!important;-webkit-text-fill-color:#78350f!important;}#frq2026note-ap-csa-2020-frq-1-gizmo th{background:#fef3c7!important;font-weight:700!important;}#frq2026note-ap-csa-2020-frq-1-gizmo a{color:#92400e!important;-webkit-text-fill-color:#92400e!important;text-decoration:underline!important;}#frq2026note-ap-csa-2020-frq-1-gizmo .n26-src{font-size:0.85em!important;font-style:italic!important;margin:0!important;}</style>
<details id=""frq2026note-ap-csa-2020-frq-1-gizmo"">
<summary><strong>Heads up: the May 2027 exam scores free response differently from this one.</strong> Tap for the current point structure.</summary>
<div class=""n26-body"">
<p>Every AP CSA free-response question from 2004 through 2025 was worth <strong>9 points</strong>, and the section was 36. From 2026 the four questions are worth <strong>7, 7, 5 and 6</strong>, the section is <strong>25 points</strong>, and only Question 1 has parts.</p>
<table><tr><th>Question</th><th>Points</th><th>Parts</th><th>Type</th></tr><tr><td>Question 1</td><td><strong>7</strong></td><td>Part A 4 + Part B 3</td><td>Methods and Control Structures</td></tr><tr><td>Question 2</td><td><strong>7</strong></td><td>single part</td><td>Class Design</td></tr><tr><td>Question 3</td><td><strong>5</strong></td><td>single part</td><td>Data Analysis with ArrayList</td></tr><tr><td>Question 4</td><td><strong>6</strong></td><td>single part</td><td>2D Array</td></tr></table>
<p>Section I is now 42 multiple-choice questions at 55% of the score, and Section II is 45%. The question on this page is still worth practising. The 9 points printed below it are not the rubric you will be scored against.</p>
<p class=""n26-src"">Point totals from College Board's 2026 scoring guidelines; section weightings from the AP Computer Science A exam page. See the <a href=""/pages/ap-csa-frq-2026"">2026 questions</a> for the current format.</p>
</div>
</details>
<script type=""application/ld+json"">{""@context"":""https://schema.org"",""@type"":""FAQPage"",""mainEntity"":[{""@type"":""Question"",""name"":""What was the 2020 AP CSA exam format?"",""acceptedAnswer"":{""@type"":""Answer"",""text"":""The 2020 AP Computer Science A exam was a special take-home exam due to COVID-19. It had only 2 questions (vs the usual 4), each with code-writing parts (a) and (b) and a written design part (c). The exam was submitted digitally.""}},
    {""@type"":""Question"",""name"":""What does 2020 AP CSA FRQ 1 Gizmo test?"",""acceptedAnswer"":{""@type"":""Answer"",""text"":""FRQ 1 tests ArrayList traversal with compound conditions (isElectronic AND matching maker), adjacent-pair comparison using the object's own equals method, and written class design.""}},
    {""@type"":""Question"",""name"":""How many points is 2020 FRQ 1 worth?"",""acceptedAnswer"":{""@type"":""Answer"",""text"":""Part a is 4 points, Part b is 4 points. Part c was a written design question worth additional points under the special 2020 format.""}},
    {""@type"":""Question"",""name"":""Why use g.equals() instead of == in hasAdjacentEqualPair?"",""acceptedAnswer"":{""@type"":""Answer"",""text"":""The Gizmo class provides its own equals method that defines what 'equivalent' means for Gizmo objects. Using == would compare object references, not equivalence as defined by the class.""}}]}</script>
<script type=""application/ld+json"">{""@context"":""https://schema.org"",""@type"":""Article"",""headline"":""2020 AP CSA FRQ 1: Gizmo - Complete Solution and Scoring Guide"",""description"":""Complete solution for 2020 AP CSA FRQ 1 (Gizmo) with step-by-step explanations, scoring rubric, common mistakes, and exam tips."",""author"":{""@type"":""Person"",""name"":""Tanner Crow"",""url"":""https://www.wyzant.com/tutors/tannerc12""},""publisher"":{""@type"":""Organization"",""name"":""AP CS Exam Prep"",""url"":""https://www.apcsexamprep.com""},""datePublished"":""2020-09-01"",""dateModified"":""2026-03-14"",""educationalLevel"":""AP""}</script>
<script type=""application/ld+json"">{""@context"":""https://schema.org"",""@type"":""BreadcrumbList"",""itemListElement"":[{""@type"":""ListItem"",""position"":1,""name"":""FRQ Archive"",""item"":""https://www.apcsexamprep.com/pages/ap-csa-frq-archive""},{""@type"":""ListItem"",""position"":2,""name"":""2020 FRQs"",""item"":""https://www.apcsexamprep.com/pages/ap-csa-frq-2020""},{""@type"":""ListItem"",""position"":3,""name"":""FRQ 1: Gizmo"",""item"":""https://www.apcsexamprep.com/pages/ap-csa-2020-frq-1-gizmo""}]}</script>
<div id=""frq20q1"">
<style>
.page-title,.article__title,.page__title,.template-page h1:first-of-type{display:none!important}
#frq20q1{all:initial!important;display:block!important;font-family:-apple-system,BlinkMacSystemFont,'Segoe UI',Roboto,Oxygen,Ubuntu,Cantarell,sans-serif!important;line-height:1.7!important;color:#1e293b!important;max-width:880px!important;margin:0 auto!important;padding:24px 20px 60px!important;-webkit-font-smoothing:antialiased!important;background:#ffffff!important}
#frq20q1 *{box-sizing:border-box!important}
#frq20q1 img{max-width:100%!important;height:auto!important}
#frq20q1 h1{font-size:2em!important;font-weight:800!important;color:#1e3a8a!important;-webkit-text-fill-color:#1e3a8a!important;margin:0 0 8px!important;line-height:1.2!important;border:none!important;padding:0!important}
#frq20q1 h2{font-size:1.5em!important;font-weight:700!important;color:#1e40af!important;-webkit-text-fill-color:#1e40af!important;margin:40px 0 16px!important;padding-left:12px!important;border-left:4px solid #60a5fa!important;border-bottom:none!important;line-height:1.3!important}
#frq20q1 h3{font-size:1.2em!important;font-weight:600!important;color:#1e40af!important;-webkit-text-fill-color:#1e40af!important;margin:24px 0 12px!important;line-height:1.3!important}
#frq20q1 h4{font-size:1.05em!important;font-weight:600!important;color:#334155!important;margin:20px 0 10px!important}
#frq20q1 p{margin:0 0 16px!important;color:#1e293b!important;font-size:16px!important;line-height:1.7!important}
#frq20q1 a{color:#2563eb!important;-webkit-text-fill-color:#2563eb!important;text-decoration:underline!important}
#frq20q1 a:link{color:#2563eb!important;-webkit-text-fill-color:#2563eb!important}
#frq20q1 a:visited{color:#2563eb!important;-webkit-text-fill-color:#2563eb!important}
#frq20q1 a:hover{color:#1d4ed8!important;-webkit-text-fill-color:#1d4ed8!important}
#frq20q1 strong{font-weight:700!important;color:#1e293b!important}
#frq20q1 ul,#frq20q1 ol{margin:0 0 16px!important;padding-left:24px!important;color:#1e293b!important}
#frq20q1 li{margin:0 0 8px!important;font-size:16px!important;line-height:1.7!important}
#frq20q1 .frq-breadcrumb{font-size:14px!important;color:#64748b!important;margin-bottom:24px!important;display:block!important}
#frq20q1 .frq-breadcrumb a{color:#2563eb!important;-webkit-text-fill-color:#2563eb!important;text-decoration:none!important;font-size:14px!important}
#frq20q1 .frq-breadcrumb a:link,#frq20q1 .frq-breadcrumb a:visited{color:#2563eb!important;-webkit-text-fill-color:#2563eb!important}
#frq20q1 .frq-year-label{display:inline-block!important;background:#dbeafe!important;color:#1e40af!important;font-size:13px!important;font-weight:600!important;padding:4px 12px!important;border-radius:4px!important;margin-bottom:8px!important;letter-spacing:0.5px!important;text-transform:uppercase!important}
#frq20q1 .frq-subtitle{color:#64748b!important;font-size:15px!important;margin:0 0 20px!important;line-height:1.6!important}
#frq20q1 .frq-badges{display:flex!important;flex-wrap:wrap!important;gap:8px!important;margin-bottom:24px!important}
#frq20q1 .frq-badge{display:inline-block!important;padding:6px 14px!important;border-radius:20px!important;font-size:13px!important;font-weight:600!important;line-height:1.4!important}
#frq20q1 .frq-badge-blue{background:#dbeafe!important;color:#1e40af!important}
#frq20q1 .frq-badge-green{background:#dcfce7!important;color:#166534!important}
#frq20q1 .frq-badge-purple{background:#ede9fe!important;color:#5b21b6!important}
#frq20q1 .frq-badge-amber{background:#fef3c7!important;color:#92400e!important}
#frq20q1 .frq-meta-table{width:100%!important;border-collapse:collapse!important;margin:0 0 24px!important;font-size:15px!important}
#frq20q1 .frq-meta-table td{padding:10px 16px!important;border-bottom:1px solid #e5e7eb!important;color:#1e293b!important;vertical-align:top!important}
#frq20q1 .frq-meta-table td:first-child{font-weight:600!important;color:#475569!important;width:160px!important}
#frq20q1 .frq-summary{background-color:#f0f9ff!important;border:1px solid #bae6fd!important;border-radius:8px!important;padding:20px 24px!important;margin:0 0 24px!important}
#frq20q1 .frq-summary h2{font-size:1.15em!important;margin:0 0 12px!important;padding-left:0!important;border-left:none!important;color:#0c4a6e!important;-webkit-text-fill-color:#0c4a6e!important}
#frq20q1 .frq-summary p{margin:0!important;color:#1e293b!important;font-size:15px!important;line-height:1.7!important}
#frq20q1 .frq-curriculum{background-color:#fefce8!important;border:1px solid #fde68a!important;border-radius:8px!important;padding:20px 24px!important;margin:0 0 24px!important}
#frq20q1 .frq-curriculum h2{font-size:1.15em!important;margin:0 0 12px!important;padding-left:0!important;border-left:none!important;color:#713f12!important;-webkit-text-fill-color:#713f12!important}
#frq20q1 .frq-curriculum p{margin:0 0 8px!important;color:#1e293b!important;font-size:15px!important}
#frq20q1 .frq-curriculum p:last-child{margin-bottom:0!important}
#frq20q1 .frq-jumplinks{display:flex!important;flex-wrap:wrap!important;gap:8px!important;margin:0 0 32px!important;padding:16px 0!important;border-top:1px solid #e5e7eb!important;border-bottom:1px solid #e5e7eb!important}
#frq20q1 .frq-jumplinks a{display:inline-block!important;padding:6px 14px!important;background:#f1f5f9!important;color:#334155!important;-webkit-text-fill-color:#334155!important;border-radius:6px!important;font-size:13px!important;font-weight:600!important;text-decoration:none!important}
#frq20q1 .frq-jumplinks a:link,#frq20q1 .frq-jumplinks a:visited{color:#334155!important;-webkit-text-fill-color:#334155!important}
#frq20q1 .frq-jumplinks a:hover{background:#e2e8f0!important;color:#1e293b!important;-webkit-text-fill-color:#1e293b!important}
#frq20q1 pre{background:#1e293b!important;color:#e2e8f0!important;padding:20px!important;border-radius:8px!important;overflow-x:auto!important;font-family:Consolas,Monaco,'Courier New',monospace!important;font-size:14px!important;line-height:1.6!important;white-space:pre!important;margin:16px 0!important;border:none!important}
#frq20q1 code{font-family:Consolas,Monaco,'Courier New',monospace!important;font-size:14px!important}
#frq20q1 p code,#frq20q1 li code,#frq20q1 td code{background:#f1f5f9!important;color:#be185d!important;padding:2px 6px!important;border-radius:4px!important;font-size:13px!important}
#frq20q1 table{width:100%!important;border-collapse:collapse!important;margin:16px 0!important;font-size:15px!important}
#frq20q1 th{background:#f8fafc!important;color:#334155!important;font-weight:600!important;padding:12px 16px!important;text-align:left!important;border-bottom:2px solid #cbd5e1!important}
#frq20q1 td{padding:10px 16px!important;border-bottom:1px solid #e5e7eb!important;color:#1e293b!important;vertical-align:top!important}
#frq20q1 .frq-intro{background-color:#eff6ff!important;padding:20px!important;border-radius:8px!important;margin:0 0 24px!important;border-left:4px solid #3b82f6!important}
#frq20q1 .practice-tip{background-color:#dcfce7!important;padding:16px 20px!important;border-radius:6px!important;margin:20px 0!important;border-left:4px solid #10b981!important}
#frq20q1 .key-insight{background-color:#dbeafe!important;padding:16px 20px!important;border-radius:6px!important;margin:20px 0!important;border-left:4px solid #3b82f6!important}
#frq20q1 .common-mistake{background-color:#fef2f2!important;padding:16px 20px!important;border-radius:6px!important;margin:20px 0!important;border-left:4px solid #ef4444!important}
#frq20q1 .scoring-guide{background-color:#f9fafb!important;border:1px solid #e5e7eb!important;border-radius:8px!important;padding:20px!important;margin:20px 0!important}
#frq20q1 .frq-collapsible{cursor:pointer!important;background:#f8fafc!important;border:1px solid #e2e8f0!important;border-radius:8px!important;padding:16px 20px!important;margin:16px 0!important;font-weight:600!important;font-size:15px!important;color:#1e40af!important;-webkit-text-fill-color:#1e40af!important;display:block!important;width:100%!important;text-align:left!important}
#frq20q1 .frq-collapsible:hover{background:#eef2ff!important}
#frq20q1 .frq-collapsible-content{display:none!important;padding:20px!important;border:1px solid #e2e8f0!important;border-top:none!important;border-radius:0 0 8px 8px!important;margin-top:-17px!important;background:#ffffff!important}
#frq20q1 .frq-collapsible-content.open{display:block!important}
#frq20q1 .frq-editor{position:relative!important;margin:20px 0!important}
#frq20q1 .frq-editor textarea{width:100%!important;min-height:200px!important;font-family:Consolas,Monaco,'Courier New',monospace!important;font-size:14px!important;line-height:1.6!important;padding:16px!important;border:2px solid #cbd5e1!important;border-radius:8px!important;background:#1e293b!important;color:#e2e8f0!important;resize:vertical!important;tab-size:4!important;-moz-tab-size:4!important;white-space:pre!important;overflow-wrap:normal!important;overflow-x:auto!important}
#frq20q1 .frq-editor textarea:focus{border-color:#3b82f6!important;outline:none!important;box-shadow:0 0 0 3px rgba(59,130,246,0.15)!important}
#frq20q1 .frq-editor textarea::placeholder{color:#64748b!important}
#frq20q1 .frq-editor-hint{display:block!important;text-align:right!important;font-size:11px!important;color:#94a3b8!important;margin-top:4px!important;font-style:italic!important;padding-right:4px!important}
#frq20q1 .btn{display:inline-block!important;padding:12px 24px!important;background-color:#3b82f6!important;color:white!important;-webkit-text-fill-color:white!important;text-decoration:none!important;border-radius:6px!important;font-weight:600!important;font-size:15px!important;border:none!important;cursor:pointer!important;opacity:1!important;visibility:visible!important}
#frq20q1 .btn:hover{background-color:#2563eb!important;color:white!important;-webkit-text-fill-color:white!important}
#frq20q1 a.btn:link,#frq20q1 a.btn:visited{color:white!important;-webkit-text-fill-color:white!important;text-decoration:none!important}
#frq20q1 .btn-sm{padding:8px 16px!important;font-size:13px!important}
#frq20q1 .btn-outline{background:transparent!important;border:2px solid #3b82f6!important;color:#3b82f6!important;-webkit-text-fill-color:#3b82f6!important}
#frq20q1 a.btn-outline:link,#frq20q1 a.btn-outline:visited{color:#3b82f6!important;-webkit-text-fill-color:#3b82f6!important;text-decoration:none!important}
#frq20q1 .btn-outline:hover{background:#3b82f6!important;color:white!important;-webkit-text-fill-color:white!important}
#frq20q1 .btn-green{background-color:#16a34a!important;color:white!important;-webkit-text-fill-color:white!important}
#frq20q1 a.btn-green:link,#frq20q1 a.btn-green:visited{color:white!important;-webkit-text-fill-color:white!important;text-decoration:none!important}
#frq20q1 .btn-green:hover{background-color:#15803d!important}
#frq20q1 .frq-timer{display:flex!important;align-items:center!important;gap:12px!important;margin:20px 0!important;padding:12px 20px!important;background:#f8fafc!important;border:1px solid #e2e8f0!important;border-radius:8px!important}
#frq20q1 .frq-timer-label{font-weight:600!important;color:#475569!important;font-size:14px!important}
#frq20q1 .frq-timer-display{font-family:Consolas,Monaco,monospace!important;font-size:24px!important;font-weight:700!important;color:#1e293b!important;min-width:80px!important}
#frq20q1 .frq-timer button{padding:6px 14px!important;border-radius:4px!important;border:1px solid #cbd5e1!important;background:#ffffff!important;color:#475569!important;-webkit-text-fill-color:#475569!important;font-size:13px!important;font-weight:600!important;cursor:pointer!important}
#frq20q1 .mistake-block{border:1px solid #e5e7eb!important;border-radius:8px!important;margin:20px 0!important;overflow:hidden!important}
#frq20q1 .mistake-header{padding:14px 20px!important;font-weight:600!important;font-size:15px!important;color:#1e293b!important;background:#fef2f2!important;border-bottom:1px solid #e5e7eb!important}
#frq20q1 .mistake-body{padding:16px 20px!important}
#frq20q1 .mistake-label{display:inline-block!important;font-size:12px!important;font-weight:700!important;text-transform:uppercase!important;letter-spacing:0.5px!important;padding:3px 8px!important;border-radius:4px!important;margin-bottom:8px!important}
#frq20q1 .mistake-wrong{background:#fef2f2!important;color:#dc2626!important}
#frq20q1 .mistake-right{background:#dcfce7!important;color:#16a34a!important}
#frq20q1 .exam-tip{padding:12px 16px 12px 44px!important;background:#f0fdf4!important;border-radius:6px!important;margin:10px 0!important;position:relative!important;font-size:15px!important;line-height:1.6!important;color:#1e293b!important}
#frq20q1 .exam-tip::before{content:'\2713'!important;position:absolute!important;left:16px!important;top:12px!important;color:#16a34a!important;font-weight:700!important;font-size:16px!important}
#frq20q1 .related-card{display:block!important;padding:16px 20px!important;border:1px solid #e5e7eb!important;border-radius:8px!important;margin:10px 0!important;text-decoration:none!important}
#frq20q1 .related-card:hover{border-color:#3b82f6!important;background:#f8fafc!important}
#frq20q1 a.related-card:link,#frq20q1 a.related-card:visited{text-decoration:none!important}
#frq20q1 .related-card .card-type{font-size:12px!important;font-weight:600!important;text-transform:uppercase!important;color:#64748b!important;letter-spacing:0.5px!important;margin-bottom:4px!important;display:block!important}
#frq20q1 .related-card .card-title{font-size:15px!important;font-weight:600!important;color:#1e40af!important;-webkit-text-fill-color:#1e40af!important;display:block!important}
#frq20q1 .cta-box{background:linear-gradient(135deg,#1e3a8a 0%,#1e40af 100%)!important;color:#ffffff!important;padding:32px!important;border-radius:12px!important;margin:32px 0!important;text-align:center!important}
#frq20q1 .cta-box h3{color:#ffffff!important;-webkit-text-fill-color:#ffffff!important;font-size:1.3em!important;margin:0 0 12px!important}
#frq20q1 .cta-box p{color:#dbeafe!important;font-size:15px!important}
#frq20q1 .cta-box .btn{background:#ffffff!important;color:#1e40af!important;-webkit-text-fill-color:#1e40af!important}
#frq20q1 .cta-box a.btn:link,#frq20q1 .cta-box a.btn:visited{color:#1e40af!important;-webkit-text-fill-color:#1e40af!important}
#frq20q1 .tutor-cta{background:#f8fafc!important;border:1px solid #e2e8f0!important;border-radius:12px!important;padding:28px!important;margin:32px 0!important}
#frq20q1 .tutor-stats{display:flex!important;gap:24px!important;flex-wrap:wrap!important;margin:16px 0!important}
#frq20q1 .tutor-stat{text-align:center!important}
#frq20q1 .tutor-stat-value{font-size:20px!important;font-weight:700!important;color:#1e40af!important;-webkit-text-fill-color:#1e40af!important;display:block!important}
#frq20q1 .tutor-stat-label{font-size:12px!important;color:#64748b!important}
#frq20q1 .frq-nav{display:flex!important;justify-content:space-between!important;align-items:center!important;margin:40px 0 20px!important;gap:12px!important;flex-wrap:wrap!important}
#frq20q1 .frq-footer-links{text-align:center!important;margin:16px 0 0!important;font-size:14px!important;color:#64748b!important}
#frq20q1 .frq-footer-links a{color:#2563eb!important;-webkit-text-fill-color:#2563eb!important;font-size:14px!important}
#frq20q1 .scoring-summary{margin:24px 0!important}
#frq20q1 .scoring-summary table{width:100%!important}
#frq20q1 .scoring-summary td:last-child,#frq20q1 .scoring-summary th:last-child{text-align:center!important;font-weight:700!important}
#frq20q1 .faq-item{border-bottom:1px solid #e5e7eb!important;padding:20px 0!important}
#frq20q1 .faq-item:last-child{border-bottom:none!important}
#frq20q1 .faq-q{font-weight:600!important;color:#1e293b!important;font-size:16px!important;margin:0 0 8px!important}
#frq20q1 .faq-a{color:#475569!important;font-size:15px!important;line-height:1.7!important;margin:0!important}
#frq20q1 .frq-pdf-wrap{width:100%!important;border:2px solid #cbd5e1!important;border-radius:8px!important;overflow:hidden!important;margin:16px 0 20px!important;background:#f1f5f9!important}
#frq20q1 .frq-pdf-wrap iframe{width:100%!important;height:680px!important;border:none!important;display:block!important}
#frq20q1 .frq-pdf-fallback{padding:20px!important;text-align:center!important;background:#f8fafc!important;display:none!important;font-size:14px!important;color:#475569!important}
#frq20q1 .frq-video-wrap{position:relative!important;padding-bottom:56.25%!important;height:0!important;overflow:hidden!important;border-radius:8px!important;margin:16px 0!important;background:#0f172a!important}
#frq20q1 .frq-video-wrap iframe{position:absolute!important;top:0!important;left:0!important;width:100%!important;height:100%!important;border:none!important;border-radius:8px!important}
#frq20q1 .frq-editor textarea::selection{background:#3b82f6!important;color:#ffffff!important;-webkit-text-fill-color:#ffffff!important}
#frq20q1 .frq-editor textarea::-moz-selection{background:#3b82f6!important;color:#ffffff!important}
@media(max-width:640px){
#frq20q1{padding:16px 14px 40px!important}
#frq20q1 h1{font-size:1.5em!important}
#frq20q1 h2{font-size:1.25em!important}
#frq20q1 .frq-timer{flex-wrap:wrap!important}
#frq20q1 .tutor-stats{gap:16px!important}
#frq20q1 .frq-nav{flex-direction:column!important;align-items:stretch!important}
#frq20q1 .frq-nav .btn{text-align:center!important}
}
</style>
<div class=""frq-breadcrumb"">
<a href=""/pages/ap-csa-frq-archive"">FRQ Archive</a> ›
<a href=""/pages/ap-csa-frq-2020"">2020 FRQs</a> ›
FRQ 1: Gizmo
</div>
<div class=""frq-year-label"">2020 AP CSA • ArrayList</div>
<h1>AP CSA 2020 FRQ 1: Gizmo</h1>
<p class=""frq-subtitle"">Complete solution, scoring rubric, and walkthrough — verified from the official College Board PDF</p>
<div class=""frq-badges"">
<span class=""frq-badge frq-badge-blue"">8 Points</span>
<span class=""frq-badge frq-badge-amber"">Medium</span>
<span class=""frq-badge frq-badge-green"">Unit 4</span>
</div>
<table class=""frq-meta-table"">
<tr>
<td>Question Type</td>
<td>ArrayList</td>
</tr>
<tr>
<td>Skills Tested</td>
<td>ArrayList traversal, compound boolean conditions, object equals method, adjacent-pair pattern</td>
</tr>
<tr>
<td>Difficulty</td>
<td>Medium</td>
</tr>
<tr>
<td>Recommended Time</td>
<td>22 minutes</td>
</tr>
</table>
<div class=""frq-summary"">
<h2>What This Problem Asks</h2>
<p>2020 AP CSA FRQ 1 (Gizmo/OnlinePurchaseManager) was part of the special COVID take-home exam. <code>countElectronicsByMaker</code> counts items that are electronic AND from the specified maker. <code>hasAdjacentEqualPair</code> detects whether any two adjacent items in the purchases list are equivalent using the Gizmo’s own <code>equals</code> method.</p>
</div>
<div class=""frq-curriculum"">
<h2>What This FRQ Tests</h2>
<p>This FRQ tests <a href=""/pages/ap-csa-unit-4-data-collections-study-guide""><strong>Unit 4: ArrayList</strong></a> traversal and <a href=""/pages/unit-2-selection-and-iteration-ultimate-study-guide""><strong>Unit 2</strong></a> (compound conditions with <code>&amp;&amp;</code>, indexed loops for adjacent comparison).</p>
</div>
<div class=""frq-jumplinks"">
<a href=""#frq20q1-pdf"">Official PDF</a>
<a href=""#frq20q1-code"">Provided Code</a>
<a href=""#frq20q1-parta"">Part A</a>
<a href=""#frq20q1-partb"">Part B</a>
<a href=""#frq20q1-mistakes"">Mistakes</a>
<a href=""#frq20q1-tips"">Tips</a>
<a href=""#frq20q1-faq"">FAQ</a>
</div>
<div id=""frq20q1-pdf"">
<h2>Official Question &amp; PDF</h2>
<p>
<a href=""https://apcentral.collegeboard.org/media/pdf/ap-2020exam-sample-questions-computer-science.pdf"" target=""_blank"" rel=""noopener"" class=""btn btn-sm"">Download Full FRQ PDF →</a>
</p>
<div class=""frq-pdf-wrap"">
<iframe src=""https://apcentral.collegeboard.org/media/pdf/ap-2020exam-sample-questions-computer-science.pdf#page=2"" title=""2020 AP CSA FRQ 1 Gizmo"" loading=""lazy"" id=""frq20q1-pdf-iframe""></iframe>
<div class=""frq-pdf-fallback"" id=""frq20q1-pdf-fallback"">
<p>PDF cannot display on this device. <a href=""https://apcentral.collegeboard.org/media/pdf/ap-2020exam-sample-questions-computer-science.pdf"" target=""_blank"" rel=""noopener"">Open PDF directly →</a></p>
</div>
</div>
</div>
<div class=""frq-timer"">
<span class=""frq-timer-label"">Timer</span>
<span class=""frq-timer-display"" id=""frq20q1-timer"">22:00</span>
<button onclick=""frq20q1Start()"">Start</button>
<button onclick=""frq20q1Pause()"">Pause</button>
<button onclick=""frq20q1Reset()"">Reset</button>
</div>
<div id=""frq20q1-code"">
<h2>Provided Code</h2>
<pre>public class Gizmo
{
    public String getMaker() { /* not shown */ }
    public boolean isElectronic() { /* not shown */ }
    public boolean equals(Object other) { /* not shown */ }
}

public class OnlinePurchaseManager
{
    private ArrayList<gizmo> purchases;
    /** Returns count of electronic Gizmos from the given maker. */
        public int countElectronicsByMaker(String maker) {
        /* part (a) */
    }
    /** Returns true if any two adjacent Gizmos in purchases are equivalent. */
        public boolean hasAdjacentEqualPair() {
        /* part (b) */
    }
}</gizmo></pre>
</div>
<div id=""frq20q1-parta"">
<h2>Part A — 4 Points</h2>
<p>Write <code>countElectronicsByMaker</code>: examine <code>purchases</code> and return the number of Gizmo objects that are both electronic (<code>isElectronic()</code> is true) and manufactured by <code>maker</code>.</p>
<h3>Write Your Solution</h3>
<div class=""frq-editor"">
<textarea id=""frq20q1-ea"" placeholder=""// Write Part A here...
// Tab to indent | Brackets auto-close | Enter auto-indents""></textarea>
<span class=""frq-editor-hint"">Drag corner to expand ▽</span>
</div>
<p>
<button class=""btn btn-sm btn-green"" onclick=""document.getElementById('frq20q1-sola').classList.add('open')"">Check Answer</button>
 
<button class=""btn btn-sm btn-outline"" onclick=""document.getElementById('frq20q1-ea').value=''"">Clear</button>
</p>
<button class=""frq-collapsible"" onclick=""this.nextElementSibling.classList.toggle('open')"">View Solution and Rubric ▼</button>
<div class=""frq-collapsible-content"" id=""frq20q1-sola"">
<h4>Scoring Rubric (Part A — 4 points)</h4>
<table>
<tr>
<td><strong>+1</strong></td>
<td>Traverses the <code>purchases</code> ArrayList</td>
</tr>
<tr>
<td><strong>+1</strong></td>
<td>Calls <code>isElectronic()</code> on a <code>Gizmo</code> object</td>
</tr>
<tr>
<td><strong>+1</strong></td>
<td>Calls <code>getMaker()</code> and compares to <code>maker</code> using <code>equals</code>
</td>
</tr>
<tr>
<td><strong>+1</strong></td>
<td>Returns count of matching Gizmos (electronic AND matching maker)</td>
</tr>
</table>
<h4>Solution</h4>
<pre>public int countElectronicsByMaker(String maker)
{
    int count = 0;
    for (Gizmo g : purchases)
    {
        if (g.isElectronic() &amp;&amp; g.getMaker().equals(maker))
        {
            count++;
        }
    }
    return count;
}</pre>
</div>
</div>
<div id=""frq20q1-partb"">
<h2>Part B — 4 Points</h2>
<p>Write <code>hasAdjacentEqualPair</code>: return <code>true</code> if any two adjacent Gizmo objects in <code>purchases</code> are equivalent (using the <code>equals</code> method of Gizmo). Return <code>false</code> if no adjacent equal pair exists or if <code>purchases</code> has fewer than 2 elements.</p>
<h3>Write Your Solution</h3>
<div class=""frq-editor"">
<textarea id=""frq20q1-eb"" placeholder=""// Write Part B here...
// Tab to indent | Brackets auto-close | Enter auto-indents""></textarea>
<span class=""frq-editor-hint"">Drag corner to expand ▽</span>
</div>
<p>
<button class=""btn btn-sm btn-green"" onclick=""document.getElementById('frq20q1-solb').classList.add('open')"">Check Answer</button>
 
<button class=""btn btn-sm btn-outline"" onclick=""document.getElementById('frq20q1-eb').value=''"">Clear</button>
</p>
<button class=""frq-collapsible"" onclick=""this.nextElementSibling.classList.toggle('open')"">View Solution and Rubric ▼</button>
<div class=""frq-collapsible-content"" id=""frq20q1-solb"">
<h4>Scoring Rubric (Part B — 4 points)</h4>
<table>
<tr>
<td><strong>+1</strong></td>
<td>Traverses adjacent pairs in <code>purchases</code>
</td>
</tr>
<tr>
<td><strong>+1</strong></td>
<td>Calls <code>equals</code> on a <code>Gizmo</code> object to compare adjacent elements</td>
</tr>
<tr>
<td><strong>+1</strong></td>
<td>Returns <code>true</code> when an adjacent equal pair is found</td>
</tr>
<tr>
<td><strong>+1</strong></td>
<td>Returns <code>false</code> when no adjacent equal pair found (or fewer than 2 elements)</td>
</tr>
</table>
<h4>Solution</h4>
<pre>public boolean hasAdjacentEqualPair()
{
    for (int i = 0; i &lt; purchases.size() - 1; i++)
    {
        if (purchases.get(i).equals(purchases.get(i + 1)))
        {
            return true;
        }
    }
    return false;
}</pre>
<div class=""key-insight"">
<strong>Note on 2020 format:</strong> The 2020 exam had a special take-home format due to COVID-19. Part (c) asked students to describe in writing how to add a <code>getCheapestGizmoByMaker</code> method — no code required. Only Parts (a) and (b) required Java code.</div>
</div>
</div>
<div id=""frq20q1-mistakes"">
<h2>Common Mistakes to Avoid</h2>
<div class=""mistake-block"">
<div class=""mistake-header"">Using == instead of .equals() for Gizmo comparison in Part B</div>
<div class=""mistake-body"">
<p>The Gizmo class provides its own <code>equals</code> method. Use <code>purchases.get(i).equals(purchases.get(i+1))</code>.</p>
</div>
</div>
<div class=""mistake-block"">
<div class=""mistake-header"">Loop bound error in hasAdjacentEqualPair</div>
<div class=""mistake-body"">
<p>The loop must stop at <code>purchases.size() - 1</code> (exclusive) since you compare <code>i</code> with <code>i+1</code>. Going to <code>purchases.size()</code> causes IndexOutOfBoundsException on the last iteration.</p>
</div>
</div>
</div>
<div id=""frq20q1-tips"">
<h2>Exam Tips</h2>
<div class=""exam-tip"">The 2020 exam had only 2 questions due to COVID-19. Part (c) required a written class design response, not code.</div>
<div class=""exam-tip"">For hasAdjacentEqualPair, loop bound is purchases.size() - 1 since you access i and i+1.</div>
</div>
<div class=""scoring-summary"">
<h2>Scoring Summary</h2>
<table>
<tr>
<th>Part</th>
<th>Method</th>
<th>Points</th>
</tr>
<tr>
<td>Part A</td>
<td><code>Write</code></td>
<td>4</td>
</tr>
<tr>
<td>Part B</td>
<td><code>Write</code></td>
<td>4</td>
</tr>
<tr>
<td><strong>Total</strong></td>
<td></td>
<td><strong>8</strong></td>
</tr>
</table>
</div>
<div class=""cta-box"">
<h3>Want the Complete 2020 FRQ Solutions?</h3>
<p>Browse all past AP CSA FRQs with full solutions and scoring breakdowns.</p>
<p style=""margin-top:16px!important""><a href=""/pages/ap-csa-frq-archive"" class=""btn"">FRQ Archive →</a></p>
</div>
<h2>Related FRQs</h2>
<a href=""/pages/ap-csa-2021-frq-3-clubmembers"" class=""related-card"">
<span class=""card-type"">ArrayList</span>
<span class=""card-title"">2021 FRQ 3: ClubMembers — ArrayList add and backward removal</span>
</a>
<a href=""/pages/ap-csa-2023-frq-3-weatherdata"" class=""related-card"">
<span class=""card-type"">ArrayList</span>
<span class=""card-title"">2023 FRQ 3: WeatherData — ArrayList cleaning and heat wave detection</span>
</a>
<h2>Study the Concepts</h2>
<p><a href=""/pages/ap-csa-unit-4-data-collections-study-guide"" class=""btn"">Unit 4 Study Guide →</a></p>
<div class=""tutor-cta"">
<h3>Struggling with FRQs? Get 1-on-1 Help</h3>
<p>Work directly with Tanner — AP CS teacher with 11+ years experience and 1,845+ verified tutoring hours. 54.5% of students score 5s (vs. 25.5% national average).</p>
<div class=""tutor-stats"">
<div class=""tutor-stat"">
<span class=""tutor-stat-value"">5.0</span><span class=""tutor-stat-label"">Rating (451+ reviews)</span>
</div>
<div class=""tutor-stat"">
<span class=""tutor-stat-value"">1,845+</span><span class=""tutor-stat-label"">Verified Hours</span>
</div>
<div class=""tutor-stat"">
<span class=""tutor-stat-value"">54.5%</span><span class=""tutor-stat-label"">Score 5s</span>
</div>
</div>
<p style=""margin-top:16px!important""><a href=""/pages/ap-computer-science-tutor"" class=""btn"">Book a Session ($150/hr) →</a></p>
<p style=""font-size:13px!important;color:#64748b!important;margin-top:8px!important"">5-session packages at $125/hr. Venmo, Zelle, PayPal, or credit card.</p>
</div>
<div id=""frq20q1-faq"">
<h2>Frequently Asked Questions</h2>
<div class=""faq-item"">
<p class=""faq-q"">What was the 2020 AP CSA exam format?</p>
<p class=""faq-a"">The 2020 AP Computer Science A exam was a special take-home exam due to COVID-19. It had only 2 questions (vs the usual 4), each with code-writing parts (a) and (b) and a written design part (c). The exam was submitted digitally.</p>
</div>
<div class=""faq-item"">
<p class=""faq-q"">What does 2020 AP CSA FRQ 1 Gizmo test?</p>
<p class=""faq-a"">FRQ 1 tests ArrayList traversal with compound conditions (isElectronic AND matching maker), adjacent-pair comparison using the object's own equals method, and written class design.</p>
</div>
<div class=""faq-item"">
<p class=""faq-q"">How many points is 2020 FRQ 1 worth?</p>
<p class=""faq-a"">Part a is 4 points, Part b is 4 points. Part c was a written design question worth additional points under the special 2020 format.</p>
</div>
<div class=""faq-item"">
<p class=""faq-q"">Why use g.equals() instead of == in hasAdjacentEqualPair?</p>
<p class=""faq-a"">The Gizmo class provides its own equals method that defines what 'equivalent' means for Gizmo objects. Using == would compare object references, not equivalence as defined by the class.</p>
</div>
</div>
<div class=""frq-nav"">
<a href=""/pages/ap-csa-frq-2020"" class=""btn btn-outline"">← 2020 FRQ Index</a>
<a href=""/pages/ap-csa-frq-2020"" class=""btn btn-outline"">2020 FRQ Index</a>
<a href=""/pages/ap-csa-2020-frq-2-checkdigit"" class=""btn btn-outline"">FRQ 2: CheckDigit →</a>
</div>
<div class=""frq-footer-links"">
<a href=""/pages/ap-csa-frq-archive"">Complete FRQ Archive (2004–2025)</a> •
<a href=""/pages/ap-csa-frqs-by-topic"">FRQs by Topic</a>
</div>
</div>
<script>
(function(){
var frq20q1S=22*60,frq20q1I=null,frq20q1R=false;
function frq20q1D(){var m=Math.floor(frq20q1S/60),s=frq20q1S%60;var e=document.getElementById('frq20q1-timer');if(e)e.textContent=m+':'+(s<10?'0':'')+s;}
window.frq20q1Start=function(){if(frq20q1R)return;frq20q1R=true;frq20q1I=setInterval(function(){if(frq20q1S>0){frq20q1S--;frq20q1D();}else{clearInterval(frq20q1I);frq20q1R=false;}},1000);};
window.frq20q1Pause=function(){clearInterval(frq20q1I);frq20q1R=false;};
window.frq20q1Reset=function(){clearInterval(frq20q1I);frq20q1R=false;frq20q1S=22*60;frq20q1D();};
var IND='    ';
function getInd(t,p){var ls=t.lastIndexOf('\n',p-1)+1;var m=t.substring(ls).match(/^([ \t]*)/);return m?m[1]:'';}
function initEd(el){
  if(!el)return;
  el.addEventListener('keydown',function(e){
    var ta=this,s=ta.selectionStart,end=ta.selectionEnd,v=ta.value;
    if(e.key==='Tab'){e.preventDefault();if(e.shiftKey){var ls=v.lastIndexOf('\n',s-1)+1;var lt=v.substring(ls);if(lt.substring(0,IND.length)===IND){ta.value=v.substring(0,ls)+lt.substring(IND.length);ta.selectionStart=ta.selectionEnd=Math.max(s-IND.length,ls);}}else{ta.value=v.substring(0,s)+IND+v.substring(end);ta.selectionStart=ta.selectionEnd=s+IND.length;}return;}
    var P={'(':')','[':']','{':'}','""':'""',""'"":""'""};
    if(P[e.key]){var cl=P[e.key];if(e.key==='""'||e.key===""'""){if(v.charAt(s)===e.key){e.preventDefault();ta.selectionStart=ta.selectionEnd=s+1;return;}var bf=v.substring(0,s);var ct=0;for(var i=0;i<bf.length;i++)if(bf[i]===e.key)ct++;if(ct%2===1)return;}if(v.charAt(s)===cl&&e.key!==cl){e.preventDefault();ta.selectionStart=ta.selectionEnd=s+1;return;}e.preventDefault();ta.value=v.substring(0,s)+e.key+cl+v.substring(end);ta.selectionStart=ta.selectionEnd=s+1;return;}
    var CLOSE=[')','[',']',String.fromCharCode(125)];
    if(CLOSE.indexOf(e.key)>=0&&e.key!==String.fromCharCode(91)){if(v.charAt(s)===e.key){e.preventDefault();ta.selectionStart=ta.selectionEnd=s+1;return;}}
    if(e.key==='Backspace'&&s===end&&s>0){var bc=v.charAt(s-1);var ac=v.charAt(s);if(P[bc]&&P[bc]===ac){e.preventDefault();ta.value=v.substring(0,s-1)+v.substring(s+1);ta.selectionStart=ta.selectionEnd=s-1;return;}}
  });
  el.addEventListener('beforeinput',function(e){
    if(e.inputType==='insertLineBreak'||e.inputType==='insertParagraph'){
      e.preventDefault();var ta=this;var v=ta.value;var s=ta.selectionStart;var end=ta.selectionEnd;
      var ind=getInd(v,s);var cb=v.charAt(s-1);var ca=v.charAt(s);
      var OB=String.fromCharCode(123);var CB=String.fromCharCode(125);
      if(cb===OB&&ca===CB){var nt='\n'+ind+IND+'\n'+ind;ta.value=v.substring(0,s)+nt+v.substring(end);ta.selectionStart=ta.selectionEnd=s+1+ind.length+IND.length;}
      else if(cb===OB){var nt='\n'+ind+IND;ta.value=v.substring(0,s)+nt+v.substring(end);ta.selectionStart=ta.selectionEnd=s+nt.length;}
      else{var nt='\n'+ind;ta.value=v.substring(0,s)+nt+v.substring(end);ta.selectionStart=ta.selectionEnd=s+nt.length;}
    }
  });
}
  initEd(document.getElementById('frq20q1-ea'));
  initEd(document.getElementById('frq20q1-eb'));
(function(){var m=/Android|iPhone|iPad|iPod|Opera Mini|IEMobile/i.test(navigator.userAgent);if(m){var ifr=document.getElementById('frq20q1-pdf-iframe');var fb=document.getElementById('frq20q1-pdf-fallback');if(ifr&&fb){ifr.style.display='none';fb.style.display='block';}};})();
})();
</script>","TRUE","2026-03-01 12:00:00"
"ap-csa-2020-frq-2-checkdigit","MERGE","<style>#frq2026note-ap-csa-2020-frq-2-checkdigit{all:initial!important;display:block!important;box-sizing:border-box!important;font-family:-apple-system,BlinkMacSystemFont,""Segoe UI"",Roboto,Helvetica,Arial,sans-serif!important;background:#fffbeb!important;border:1px solid #fcd34d!important;border-left:5px solid #d97706!important;border-radius:8px!important;margin:0 0 18px 0!important;padding:0!important;overflow:hidden!important;}#frq2026note-ap-csa-2020-frq-2-checkdigit *{box-sizing:border-box!important;font-family:inherit!important;}#frq2026note-ap-csa-2020-frq-2-checkdigit summary{display:block!important;cursor:pointer!important;padding:12px 15px!important;font-size:0.95em!important;line-height:1.5!important;list-style:none!important;color:#78350f!important;-webkit-text-fill-color:#78350f!important;}#frq2026note-ap-csa-2020-frq-2-checkdigit summary::-webkit-details-marker{display:none!important;}#frq2026note-ap-csa-2020-frq-2-checkdigit summary::marker{content:""""!important;}#frq2026note-ap-csa-2020-frq-2-checkdigit summary:hover{background:#fef3c7!important;}#frq2026note-ap-csa-2020-frq-2-checkdigit summary strong{font-weight:700!important;color:#78350f!important;-webkit-text-fill-color:#78350f!important;}#frq2026note-ap-csa-2020-frq-2-checkdigit .n26-body{display:block!important;padding:0 15px 14px!important;font-size:0.92em!important;line-height:1.6!important;color:#78350f!important;-webkit-text-fill-color:#78350f!important;}#frq2026note-ap-csa-2020-frq-2-checkdigit .n26-body p{margin:0 0 10px!important;color:#78350f!important;-webkit-text-fill-color:#78350f!important;}#frq2026note-ap-csa-2020-frq-2-checkdigit .n26-body strong{font-weight:700!important;color:#78350f!important;-webkit-text-fill-color:#78350f!important;}#frq2026note-ap-csa-2020-frq-2-checkdigit table{border-collapse:collapse!important;width:100%!important;margin:0 0 10px!important;font-size:0.95em!important;background:#fffdf5!important;}#frq2026note-ap-csa-2020-frq-2-checkdigit th,#frq2026note-ap-csa-2020-frq-2-checkdigit td{border:1px solid #fcd34d!important;padding:6px 9px!important;text-align:left!important;color:#78350f!important;-webkit-text-fill-color:#78350f!important;}#frq2026note-ap-csa-2020-frq-2-checkdigit th{background:#fef3c7!important;font-weight:700!important;}#frq2026note-ap-csa-2020-frq-2-checkdigit a{color:#92400e!important;-webkit-text-fill-color:#92400e!important;text-decoration:underline!important;}#frq2026note-ap-csa-2020-frq-2-checkdigit .n26-src{font-size:0.85em!important;font-style:italic!important;margin:0!important;}</style>
<details id=""frq2026note-ap-csa-2020-frq-2-checkdigit"">
<summary><strong>Heads up: the May 2027 exam scores free response differently from this one.</strong> Tap for the current point structure.</summary>
<div class=""n26-body"">
<p>Every AP CSA free-response question from 2004 through 2025 was worth <strong>9 points</strong>, and the section was 36. From 2026 the four questions are worth <strong>7, 7, 5 and 6</strong>, the section is <strong>25 points</strong>, and only Question 1 has parts.</p>
<table><tr><th>Question</th><th>Points</th><th>Parts</th><th>Type</th></tr><tr><td>Question 1</td><td><strong>7</strong></td><td>Part A 4 + Part B 3</td><td>Methods and Control Structures</td></tr><tr><td>Question 2</td><td><strong>7</strong></td><td>single part</td><td>Class Design</td></tr><tr><td>Question 3</td><td><strong>5</strong></td><td>single part</td><td>Data Analysis with ArrayList</td></tr><tr><td>Question 4</td><td><strong>6</strong></td><td>single part</td><td>2D Array</td></tr></table>
<p>Section I is now 42 multiple-choice questions at 55% of the score, and Section II is 45%. The question on this page is still worth practising. The 9 points printed below it are not the rubric you will be scored against.</p>
<p class=""n26-src"">Point totals from College Board's 2026 scoring guidelines; section weightings from the AP Computer Science A exam page. See the <a href=""/pages/ap-csa-frq-2026"">2026 questions</a> for the current format.</p>
</div>
</details>
<script type=""application/ld+json"">{""@context"":""https://schema.org"",""@type"":""FAQPage"",""mainEntity"":[{""@type"":""Question"",""name"":""What was the 2020 AP CSA exam?"",""acceptedAnswer"":{""@type"":""Answer"",""text"":""The 2020 AP CSA exam was a special COVID take-home format with only 2 FRQs instead of 4. Each had code parts (a) and (b) plus a written design part (c).""}},
    {""@type"":""Question"",""name"":""What does 2020 FRQ 2 CheckDigit test?"",""acceptedAnswer"":{""@type"":""Answer"",""text"":""isValid tests integer modulo and integer division to extract digits, then calls getCheck on the extracted number to verify the check digit.""}},
    {""@type"":""Question"",""name"":""How do you extract the last digit of a number?"",""acceptedAnswer"":{""@type"":""Answer"",""text"":""Use num % 10. For 1592: 1592 % 10 = 2.""}},
    {""@type"":""Question"",""name"":""How do you remove the last digit of a number?"",""acceptedAnswer"":{""@type"":""Answer"",""text"":""Use num / 10 (integer division). For 1592: 1592 / 10 = 159.""}}]}</script>
<script type=""application/ld+json"">{""@context"":""https://schema.org"",""@type"":""Article"",""headline"":""2020 AP CSA FRQ 2: CheckDigit - Complete Solution and Scoring Guide"",""description"":""Complete solution for 2020 AP CSA FRQ 2 (CheckDigit) with step-by-step explanations, scoring rubric, common mistakes, and exam tips."",""author"":{""@type"":""Person"",""name"":""Tanner Crow"",""url"":""https://www.wyzant.com/tutors/tannerc12""},""publisher"":{""@type"":""Organization"",""name"":""AP CS Exam Prep"",""url"":""https://www.apcsexamprep.com""},""datePublished"":""2020-09-01"",""dateModified"":""2026-03-14"",""educationalLevel"":""AP""}</script>
<script type=""application/ld+json"">{""@context"":""https://schema.org"",""@type"":""BreadcrumbList"",""itemListElement"":[{""@type"":""ListItem"",""position"":1,""name"":""FRQ Archive"",""item"":""https://www.apcsexamprep.com/pages/ap-csa-frq-archive""},{""@type"":""ListItem"",""position"":2,""name"":""2020 FRQs"",""item"":""https://www.apcsexamprep.com/pages/ap-csa-frq-2020""},{""@type"":""ListItem"",""position"":3,""name"":""FRQ 2: CheckDigit"",""item"":""https://www.apcsexamprep.com/pages/ap-csa-2020-frq-2-checkdigit""}]}</script>
<div id=""frq20q2"">
<style>
.page-title,.article__title,.page__title,.template-page h1:first-of-type{display:none!important}
#frq20q2{all:initial!important;display:block!important;font-family:-apple-system,BlinkMacSystemFont,'Segoe UI',Roboto,Oxygen,Ubuntu,Cantarell,sans-serif!important;line-height:1.7!important;color:#1e293b!important;max-width:880px!important;margin:0 auto!important;padding:24px 20px 60px!important;-webkit-font-smoothing:antialiased!important;background:#ffffff!important}
#frq20q2 *{box-sizing:border-box!important}
#frq20q2 img{max-width:100%!important;height:auto!important}
#frq20q2 h1{font-size:2em!important;font-weight:800!important;color:#1e3a8a!important;-webkit-text-fill-color:#1e3a8a!important;margin:0 0 8px!important;line-height:1.2!important;border:none!important;padding:0!important}
#frq20q2 h2{font-size:1.5em!important;font-weight:700!important;color:#1e40af!important;-webkit-text-fill-color:#1e40af!important;margin:40px 0 16px!important;padding-left:12px!important;border-left:4px solid #60a5fa!important;border-bottom:none!important;line-height:1.3!important}
#frq20q2 h3{font-size:1.2em!important;font-weight:600!important;color:#1e40af!important;-webkit-text-fill-color:#1e40af!important;margin:24px 0 12px!important;line-height:1.3!important}
#frq20q2 h4{font-size:1.05em!important;font-weight:600!important;color:#334155!important;margin:20px 0 10px!important}
#frq20q2 p{margin:0 0 16px!important;color:#1e293b!important;font-size:16px!important;line-height:1.7!important}
#frq20q2 a{color:#2563eb!important;-webkit-text-fill-color:#2563eb!important;text-decoration:underline!important}
#frq20q2 a:link{color:#2563eb!important;-webkit-text-fill-color:#2563eb!important}
#frq20q2 a:visited{color:#2563eb!important;-webkit-text-fill-color:#2563eb!important}
#frq20q2 a:hover{color:#1d4ed8!important;-webkit-text-fill-color:#1d4ed8!important}
#frq20q2 strong{font-weight:700!important;color:#1e293b!important}
#frq20q2 ul,#frq20q2 ol{margin:0 0 16px!important;padding-left:24px!important;color:#1e293b!important}
#frq20q2 li{margin:0 0 8px!important;font-size:16px!important;line-height:1.7!important}
#frq20q2 .frq-breadcrumb{font-size:14px!important;color:#64748b!important;margin-bottom:24px!important;display:block!important}
#frq20q2 .frq-breadcrumb a{color:#2563eb!important;-webkit-text-fill-color:#2563eb!important;text-decoration:none!important;font-size:14px!important}
#frq20q2 .frq-breadcrumb a:link,#frq20q2 .frq-breadcrumb a:visited{color:#2563eb!important;-webkit-text-fill-color:#2563eb!important}
#frq20q2 .frq-year-label{display:inline-block!important;background:#dbeafe!important;color:#1e40af!important;font-size:13px!important;font-weight:600!important;padding:4px 12px!important;border-radius:4px!important;margin-bottom:8px!important;letter-spacing:0.5px!important;text-transform:uppercase!important}
#frq20q2 .frq-subtitle{color:#64748b!important;font-size:15px!important;margin:0 0 20px!important;line-height:1.6!important}
#frq20q2 .frq-badges{display:flex!important;flex-wrap:wrap!important;gap:8px!important;margin-bottom:24px!important}
#frq20q2 .frq-badge{display:inline-block!important;padding:6px 14px!important;border-radius:20px!important;font-size:13px!important;font-weight:600!important;line-height:1.4!important}
#frq20q2 .frq-badge-blue{background:#dbeafe!important;color:#1e40af!important}
#frq20q2 .frq-badge-green{background:#dcfce7!important;color:#166534!important}
#frq20q2 .frq-badge-purple{background:#ede9fe!important;color:#5b21b6!important}
#frq20q2 .frq-badge-amber{background:#fef3c7!important;color:#92400e!important}
#frq20q2 .frq-meta-table{width:100%!important;border-collapse:collapse!important;margin:0 0 24px!important;font-size:15px!important}
#frq20q2 .frq-meta-table td{padding:10px 16px!important;border-bottom:1px solid #e5e7eb!important;color:#1e293b!important;vertical-align:top!important}
#frq20q2 .frq-meta-table td:first-child{font-weight:600!important;color:#475569!important;width:160px!important}
#frq20q2 .frq-summary{background-color:#f0f9ff!important;border:1px solid #bae6fd!important;border-radius:8px!important;padding:20px 24px!important;margin:0 0 24px!important}
#frq20q2 .frq-summary h2{font-size:1.15em!important;margin:0 0 12px!important;padding-left:0!important;border-left:none!important;color:#0c4a6e!important;-webkit-text-fill-color:#0c4a6e!important}
#frq20q2 .frq-summary p{margin:0!important;color:#1e293b!important;font-size:15px!important;line-height:1.7!important}
#frq20q2 .frq-curriculum{background-color:#fefce8!important;border:1px solid #fde68a!important;border-radius:8px!important;padding:20px 24px!important;margin:0 0 24px!important}
#frq20q2 .frq-curriculum h2{font-size:1.15em!important;margin:0 0 12px!important;padding-left:0!important;border-left:none!important;color:#713f12!important;-webkit-text-fill-color:#713f12!important}
#frq20q2 .frq-curriculum p{margin:0 0 8px!important;color:#1e293b!important;font-size:15px!important}
#frq20q2 .frq-curriculum p:last-child{margin-bottom:0!important}
#frq20q2 .frq-jumplinks{display:flex!important;flex-wrap:wrap!important;gap:8px!important;margin:0 0 32px!important;padding:16px 0!important;border-top:1px solid #e5e7eb!important;border-bottom:1px solid #e5e7eb!important}
#frq20q2 .frq-jumplinks a{display:inline-block!important;padding:6px 14px!important;background:#f1f5f9!important;color:#334155!important;-webkit-text-fill-color:#334155!important;border-radius:6px!important;font-size:13px!important;font-weight:600!important;text-decoration:none!important}
#frq20q2 .frq-jumplinks a:link,#frq20q2 .frq-jumplinks a:visited{color:#334155!important;-webkit-text-fill-color:#334155!important}
#frq20q2 .frq-jumplinks a:hover{background:#e2e8f0!important;color:#1e293b!important;-webkit-text-fill-color:#1e293b!important}
#frq20q2 pre{background:#1e293b!important;color:#e2e8f0!important;padding:20px!important;border-radius:8px!important;overflow-x:auto!important;font-family:Consolas,Monaco,'Courier New',monospace!important;font-size:14px!important;line-height:1.6!important;white-space:pre!important;margin:16px 0!important;border:none!important}
#frq20q2 code{font-family:Consolas,Monaco,'Courier New',monospace!important;font-size:14px!important}
#frq20q2 p code,#frq20q2 li code,#frq20q2 td code{background:#f1f5f9!important;color:#be185d!important;padding:2px 6px!important;border-radius:4px!important;font-size:13px!important}
#frq20q2 table{width:100%!important;border-collapse:collapse!important;margin:16px 0!important;font-size:15px!important}
#frq20q2 th{background:#f8fafc!important;color:#334155!important;font-weight:600!important;padding:12px 16px!important;text-align:left!important;border-bottom:2px solid #cbd5e1!important}
#frq20q2 td{padding:10px 16px!important;border-bottom:1px solid #e5e7eb!important;color:#1e293b!important;vertical-align:top!important}
#frq20q2 .frq-intro{background-color:#eff6ff!important;padding:20px!important;border-radius:8px!important;margin:0 0 24px!important;border-left:4px solid #3b82f6!important}
#frq20q2 .practice-tip{background-color:#dcfce7!important;padding:16px 20px!important;border-radius:6px!important;margin:20px 0!important;border-left:4px solid #10b981!important}
#frq20q2 .key-insight{background-color:#dbeafe!important;padding:16px 20px!important;border-radius:6px!important;margin:20px 0!important;border-left:4px solid #3b82f6!important}
#frq20q2 .common-mistake{background-color:#fef2f2!important;padding:16px 20px!important;border-radius:6px!important;margin:20px 0!important;border-left:4px solid #ef4444!important}
#frq20q2 .scoring-guide{background-color:#f9fafb!important;border:1px solid #e5e7eb!important;border-radius:8px!important;padding:20px!important;margin:20px 0!important}
#frq20q2 .frq-collapsible{cursor:pointer!important;background:#f8fafc!important;border:1px solid #e2e8f0!important;border-radius:8px!important;padding:16px 20px!important;margin:16px 0!important;font-weight:600!important;font-size:15px!important;color:#1e40af!important;-webkit-text-fill-color:#1e40af!important;display:block!important;width:100%!important;text-align:left!important}
#frq20q2 .frq-collapsible:hover{background:#eef2ff!important}
#frq20q2 .frq-collapsible-content{display:none!important;padding:20px!important;border:1px solid #e2e8f0!important;border-top:none!important;border-radius:0 0 8px 8px!important;margin-top:-17px!important;background:#ffffff!important}
#frq20q2 .frq-collapsible-content.open{display:block!important}
#frq20q2 .frq-editor{position:relative!important;margin:20px 0!important}
#frq20q2 .frq-editor textarea{width:100%!important;min-height:200px!important;font-family:Consolas,Monaco,'Courier New',monospace!important;font-size:14px!important;line-height:1.6!important;padding:16px!important;border:2px solid #cbd5e1!important;border-radius:8px!important;background:#1e293b!important;color:#e2e8f0!important;resize:vertical!important;tab-size:4!important;-moz-tab-size:4!important;white-space:pre!important;overflow-wrap:normal!important;overflow-x:auto!important}
#frq20q2 .frq-editor textarea:focus{border-color:#3b82f6!important;outline:none!important;box-shadow:0 0 0 3px rgba(59,130,246,0.15)!important}
#frq20q2 .frq-editor textarea::placeholder{color:#64748b!important}
#frq20q2 .frq-editor-hint{display:block!important;text-align:right!important;font-size:11px!important;color:#94a3b8!important;margin-top:4px!important;font-style:italic!important;padding-right:4px!important}
#frq20q2 .btn{display:inline-block!important;padding:12px 24px!important;background-color:#3b82f6!important;color:white!important;-webkit-text-fill-color:white!important;text-decoration:none!important;border-radius:6px!important;font-weight:600!important;font-size:15px!important;border:none!important;cursor:pointer!important;opacity:1!important;visibility:visible!important}
#frq20q2 .btn:hover{background-color:#2563eb!important;color:white!important;-webkit-text-fill-color:white!important}
#frq20q2 a.btn:link,#frq20q2 a.btn:visited{color:white!important;-webkit-text-fill-color:white!important;text-decoration:none!important}
#frq20q2 .btn-sm{padding:8px 16px!important;font-size:13px!important}
#frq20q2 .btn-outline{background:transparent!important;border:2px solid #3b82f6!important;color:#3b82f6!important;-webkit-text-fill-color:#3b82f6!important}
#frq20q2 a.btn-outline:link,#frq20q2 a.btn-outline:visited{color:#3b82f6!important;-webkit-text-fill-color:#3b82f6!important;text-decoration:none!important}
#frq20q2 .btn-outline:hover{background:#3b82f6!important;color:white!important;-webkit-text-fill-color:white!important}
#frq20q2 .btn-green{background-color:#16a34a!important;color:white!important;-webkit-text-fill-color:white!important}
#frq20q2 a.btn-green:link,#frq20q2 a.btn-green:visited{color:white!important;-webkit-text-fill-color:white!important;text-decoration:none!important}
#frq20q2 .btn-green:hover{background-color:#15803d!important}
#frq20q2 .frq-timer{display:flex!important;align-items:center!important;gap:12px!important;margin:20px 0!important;padding:12px 20px!important;background:#f8fafc!important;border:1px solid #e2e8f0!important;border-radius:8px!important}
#frq20q2 .frq-timer-label{font-weight:600!important;color:#475569!important;font-size:14px!important}
#frq20q2 .frq-timer-display{font-family:Consolas,Monaco,monospace!important;font-size:24px!important;font-weight:700!important;color:#1e293b!important;min-width:80px!important}
#frq20q2 .frq-timer button{padding:6px 14px!important;border-radius:4px!important;border:1px solid #cbd5e1!important;background:#ffffff!important;color:#475569!important;-webkit-text-fill-color:#475569!important;font-size:13px!important;font-weight:600!important;cursor:pointer!important}
#frq20q2 .mistake-block{border:1px solid #e5e7eb!important;border-radius:8px!important;margin:20px 0!important;overflow:hidden!important}
#frq20q2 .mistake-header{padding:14px 20px!important;font-weight:600!important;font-size:15px!important;color:#1e293b!important;background:#fef2f2!important;border-bottom:1px solid #e5e7eb!important}
#frq20q2 .mistake-body{padding:16px 20px!important}
#frq20q2 .mistake-label{display:inline-block!important;font-size:12px!important;font-weight:700!important;text-transform:uppercase!important;letter-spacing:0.5px!important;padding:3px 8px!important;border-radius:4px!important;margin-bottom:8px!important}
#frq20q2 .mistake-wrong{background:#fef2f2!important;color:#dc2626!important}
#frq20q2 .mistake-right{background:#dcfce7!important;color:#16a34a!important}
#frq20q2 .exam-tip{padding:12px 16px 12px 44px!important;background:#f0fdf4!important;border-radius:6px!important;margin:10px 0!important;position:relative!important;font-size:15px!important;line-height:1.6!important;color:#1e293b!important}
#frq20q2 .exam-tip::before{content:'\2713'!important;position:absolute!important;left:16px!important;top:12px!important;color:#16a34a!important;font-weight:700!important;font-size:16px!important}
#frq20q2 .related-card{display:block!important;padding:16px 20px!important;border:1px solid #e5e7eb!important;border-radius:8px!important;margin:10px 0!important;text-decoration:none!important}
#frq20q2 .related-card:hover{border-color:#3b82f6!important;background:#f8fafc!important}
#frq20q2 a.related-card:link,#frq20q2 a.related-card:visited{text-decoration:none!important}
#frq20q2 .related-card .card-type{font-size:12px!important;font-weight:600!important;text-transform:uppercase!important;color:#64748b!important;letter-spacing:0.5px!important;margin-bottom:4px!important;display:block!important}
#frq20q2 .related-card .card-title{font-size:15px!important;font-weight:600!important;color:#1e40af!important;-webkit-text-fill-color:#1e40af!important;display:block!important}
#frq20q2 .cta-box{background:linear-gradient(135deg,#1e3a8a 0%,#1e40af 100%)!important;color:#ffffff!important;padding:32px!important;border-radius:12px!important;margin:32px 0!important;text-align:center!important}
#frq20q2 .cta-box h3{color:#ffffff!important;-webkit-text-fill-color:#ffffff!important;font-size:1.3em!important;margin:0 0 12px!important}
#frq20q2 .cta-box p{color:#dbeafe!important;font-size:15px!important}
#frq20q2 .cta-box .btn{background:#ffffff!important;color:#1e40af!important;-webkit-text-fill-color:#1e40af!important}
#frq20q2 .cta-box a.btn:link,#frq20q2 .cta-box a.btn:visited{color:#1e40af!important;-webkit-text-fill-color:#1e40af!important}
#frq20q2 .tutor-cta{background:#f8fafc!important;border:1px solid #e2e8f0!important;border-radius:12px!important;padding:28px!important;margin:32px 0!important}
#frq20q2 .tutor-stats{display:flex!important;gap:24px!important;flex-wrap:wrap!important;margin:16px 0!important}
#frq20q2 .tutor-stat{text-align:center!important}
#frq20q2 .tutor-stat-value{font-size:20px!important;font-weight:700!important;color:#1e40af!important;-webkit-text-fill-color:#1e40af!important;display:block!important}
#frq20q2 .tutor-stat-label{font-size:12px!important;color:#64748b!important}
#frq20q2 .frq-nav{display:flex!important;justify-content:space-between!important;align-items:center!important;margin:40px 0 20px!important;gap:12px!important;flex-wrap:wrap!important}
#frq20q2 .frq-footer-links{text-align:center!important;margin:16px 0 0!important;font-size:14px!important;color:#64748b!important}
#frq20q2 .frq-footer-links a{color:#2563eb!important;-webkit-text-fill-color:#2563eb!important;font-size:14px!important}
#frq20q2 .scoring-summary{margin:24px 0!important}
#frq20q2 .scoring-summary table{width:100%!important}
#frq20q2 .scoring-summary td:last-child,#frq20q2 .scoring-summary th:last-child{text-align:center!important;font-weight:700!important}
#frq20q2 .faq-item{border-bottom:1px solid #e5e7eb!important;padding:20px 0!important}
#frq20q2 .faq-item:last-child{border-bottom:none!important}
#frq20q2 .faq-q{font-weight:600!important;color:#1e293b!important;font-size:16px!important;margin:0 0 8px!important}
#frq20q2 .faq-a{color:#475569!important;font-size:15px!important;line-height:1.7!important;margin:0!important}
#frq20q2 .frq-pdf-wrap{width:100%!important;border:2px solid #cbd5e1!important;border-radius:8px!important;overflow:hidden!important;margin:16px 0 20px!important;background:#f1f5f9!important}
#frq20q2 .frq-pdf-wrap iframe{width:100%!important;height:680px!important;border:none!important;display:block!important}
#frq20q2 .frq-pdf-fallback{padding:20px!important;text-align:center!important;background:#f8fafc!important;display:none!important;font-size:14px!important;color:#475569!important}
#frq20q2 .frq-video-wrap{position:relative!important;padding-bottom:56.25%!important;height:0!important;overflow:hidden!important;border-radius:8px!important;margin:16px 0!important;background:#0f172a!important}
#frq20q2 .frq-video-wrap iframe{position:absolute!important;top:0!important;left:0!important;width:100%!important;height:100%!important;border:none!important;border-radius:8px!important}
#frq20q2 .frq-editor textarea::selection{background:#3b82f6!important;color:#ffffff!important;-webkit-text-fill-color:#ffffff!important}
#frq20q2 .frq-editor textarea::-moz-selection{background:#3b82f6!important;color:#ffffff!important}
@media(max-width:640px){
#frq20q2{padding:16px 14px 40px!important}
#frq20q2 h1{font-size:1.5em!important}
#frq20q2 h2{font-size:1.25em!important}
#frq20q2 .frq-timer{flex-wrap:wrap!important}
#frq20q2 .tutor-stats{gap:16px!important}
#frq20q2 .frq-nav{flex-direction:column!important;align-items:stretch!important}
#frq20q2 .frq-nav .btn{text-align:center!important}
}
</style>
<div class=""frq-breadcrumb"">
<a href=""/pages/ap-csa-frq-archive"">FRQ Archive</a> ›
<a href=""/pages/ap-csa-frq-2020"">2020 FRQs</a> ›
FRQ 2: CheckDigit
</div>
<div class=""frq-year-label"">2020 AP CSA • Methods &amp; Control Structures</div>
<h1>AP CSA 2020 FRQ 2: CheckDigit</h1>
<p class=""frq-subtitle"">Complete solution, scoring rubric, and walkthrough — verified from the official College Board PDF</p>
<div class=""frq-badges"">
<span class=""frq-badge frq-badge-blue"">4 Points</span>
<span class=""frq-badge frq-badge-amber"">Easy-Medium</span>
<span class=""frq-badge frq-badge-blue"">Units 1 &amp; 2</span>
</div>
<table class=""frq-meta-table"">
<tr>
<td>Question Type</td>
<td>Methods &amp; Control Structures</td>
</tr>
<tr>
<td>Skills Tested</td>
<td>Integer modulo and division for digit extraction, helper method call, boolean return</td>
</tr>
<tr>
<td>Difficulty</td>
<td>Easy-Medium</td>
</tr>
<tr>
<td>Recommended Time</td>
<td>22 minutes</td>
</tr>
</table>
<div class=""frq-summary"">
<h2>What This Problem Asks</h2>
<p>2020 AP CSA FRQ 2 CheckDigit was part of the special COVID take-home exam. <code>isValid</code> checks whether a number is a valid combination of a number and its check digit. The check digit is always the rightmost digit. Use <code>% 10</code> to extract it and <code>/ 10</code> to get the number, then compare <code>getCheck(num)</code> to the extracted check digit.</p>
</div>
<div class=""frq-curriculum"">
<h2>What This FRQ Tests</h2>
<p>This FRQ tests <a href=""/pages/ap-csa-unit-2-complete-study-guide""><strong>Unit 2: Selection &amp; Iteration</strong></a> (modulo operator, integer division) and <a href=""/pages/ap-csa-unit-1-complete-study-guide""><strong>Unit 1</strong></a> (calling static helper methods).</p>
</div>
<div class=""frq-jumplinks"">
<a href=""#frq20q2-pdf"">Official PDF</a>
<a href=""#frq20q2-code"">Provided Code</a>
<a href=""#frq20q2-parta"">Part A</a>

<a href=""#frq20q2-mistakes"">Mistakes</a>
<a href=""#frq20q2-tips"">Tips</a>
<a href=""#frq20q2-faq"">FAQ</a>
</div>
<div id=""frq20q2-pdf"">
<h2>Official Question &amp; PDF</h2>
<p>
<a href=""https://apcentral.collegeboard.org/media/pdf/ap-2020exam-sample-questions-computer-science.pdf"" target=""_blank"" rel=""noopener"" class=""btn btn-sm"">Download Full FRQ PDF →</a>
</p>
<div class=""frq-pdf-wrap"">
<iframe src=""https://apcentral.collegeboard.org/media/pdf/ap-2020exam-sample-questions-computer-science.pdf#page=5"" title=""2020 AP CSA FRQ 2 CheckDigit"" loading=""lazy"" id=""frq20q2-pdf-iframe""></iframe>
<div class=""frq-pdf-fallback"" id=""frq20q2-pdf-fallback"">
<p>PDF cannot display on this device. <a href=""https://apcentral.collegeboard.org/media/pdf/ap-2020exam-sample-questions-computer-science.pdf"" target=""_blank"" rel=""noopener"">Open PDF directly →</a></p>
</div>
</div>
</div>
<div class=""frq-timer"">
<span class=""frq-timer-label"">Timer</span>
<span class=""frq-timer-display"" id=""frq20q2-timer"">22:00</span>
<button onclick=""frq20q2Start()"">Start</button>
<button onclick=""frq20q2Pause()"">Pause</button>
<button onclick=""frq20q2Reset()"">Reset</button>
</div>
<div id=""frq20q2-code"">
<h2>Provided Code</h2>
<pre>public class CheckDigit
{
    /** Returns the check digit for num.
     *  Precondition: 1-6 digits; num &gt;= 0 */
    public static int getCheck(int num) { /* not shown */ }
    /** Returns true if numWithCheckDigit is valid (last digit is the correct check digit).
     *  Precondition: 2-7 digits; numWithCheckDigit &gt;= 0 */
    public static boolean isValid(int numWithCheckDigit) { /* to be implemented in part (a) */ }
}</pre>
</div>
<div id=""frq20q2-parta"">
<h2>Part A — 4 Points</h2>
<p>Write <code>isValid</code>: extract the check digit (last digit of <code>numWithCheckDigit</code>), extract the number (remaining digits), call <code>getCheck</code> on the number, and return whether it equals the extracted check digit.</p>
<h3>Write Your Solution</h3>
<div class=""frq-editor"">
<textarea id=""frq20q2-ea"" placeholder=""// Write Part A here...
// Tab to indent | Brackets auto-close | Enter auto-indents""></textarea>
<span class=""frq-editor-hint"">Drag corner to expand ▽</span>
</div>
<p>
<button class=""btn btn-sm btn-green"" onclick=""document.getElementById('frq20q2-sola').classList.add('open')"">Check Answer</button>
 
<button class=""btn btn-sm btn-outline"" onclick=""document.getElementById('frq20q2-ea').value=''"">Clear</button>
</p>
<button class=""frq-collapsible"" onclick=""this.nextElementSibling.classList.toggle('open')"">View Solution and Rubric ▼</button>
<div class=""frq-collapsible-content"" id=""frq20q2-sola"">
<h4>Scoring Rubric (Part A — 4 points)</h4>
<table>
<tr>
<td><strong>+1</strong></td>
<td>Extracts the check digit from <code>numWithCheckDigit</code> (using <code>% 10</code>)</td>
</tr>
<tr>
<td><strong>+1</strong></td>
<td>Extracts the number without the check digit (using <code>/ 10</code>)</td>
</tr>
<tr>
<td><strong>+1</strong></td>
<td>Calls <code>getCheck</code> appropriately with the extracted number</td>
</tr>
<tr>
<td><strong>+1</strong></td>
<td>Returns correct boolean comparison</td>
</tr>
</table>
<h4>Solution</h4>
<pre>public static boolean isValid(int numWithCheckDigit)
{
    int checkDigit = numWithCheckDigit % 10;
    int num = numWithCheckDigit / 10;
    return getCheck(num) == checkDigit;
}</pre>
<div class=""key-insight"">
<strong>Integer math:</strong> The rightmost digit is always <code>numWithCheckDigit % 10</code>. Removing the rightmost digit is <code>numWithCheckDigit / 10</code> (integer division). For example, 1592: check = 1592 % 10 = 2; number = 1592 / 10 = 159. Then <code>getCheck(159) == 2</code> → true.</div>
</div>
</div>

<div id=""frq20q2-mistakes"">
<h2>Common Mistakes to Avoid</h2>
<div class=""mistake-block"">
<div class=""mistake-header"">Confusing which part is the check digit</div>
<div class=""mistake-body"">
<p>The check digit is always the RIGHTMOST (last) digit: <code>numWithCheckDigit % 10</code>. The number (without check digit) is <code>numWithCheckDigit / 10</code>.</p>
</div>
</div>
</div>
<div id=""frq20q2-tips"">
<h2>Exam Tips</h2>
<div class=""exam-tip"">The 2020 exam was a special COVID take-home format with only 2 questions. Part (c) was a written design question, not code.</div>
<div class=""exam-tip"">% 10 always gives the last digit. / 10 (integer division) always removes the last digit.</div>
</div>
<div class=""scoring-summary"">
<h2>Scoring Summary</h2>
<table>
<tr>
<th>Part</th>
<th>Method</th>
<th>Points</th>
</tr>
<tr>
<td><strong>Total (complete class)</strong></td>
<td></td>
<td><strong>4</strong></td>
</tr>
</table>
</div>
<div class=""cta-box"">
<h3>Want the Complete 2020 FRQ Solutions?</h3>
<p>Browse all past AP CSA FRQs with full solutions and scoring breakdowns.</p>
<p style=""margin-top:16px!important""><a href=""/pages/ap-csa-frq-archive"" class=""btn"">FRQ Archive →</a></p>
</div>
<h2>Related FRQs</h2>
<a href=""/pages/ap-csa-2021-frq-1-wordmatch"" class=""related-card"">
<span class=""card-type"">Methods &amp; Control Structures</span>
<span class=""card-title"">2021 FRQ 1: WordMatch — Substring scoring with String methods</span>
</a>
<h2>Study the Concepts</h2>
<p><a href=""/pages/unit-2-selection-and-iteration-ultimate-study-guide"" class=""btn"">Unit 2 Study Guide →</a></p>
<div class=""tutor-cta"">
<h3>Struggling with FRQs? Get 1-on-1 Help</h3>
<p>Work directly with Tanner — AP CS teacher with 11+ years experience and 1,845+ verified tutoring hours. 54.5% of students score 5s (vs. 25.5% national average).</p>
<div class=""tutor-stats"">
<div class=""tutor-stat"">
<span class=""tutor-stat-value"">5.0</span><span class=""tutor-stat-label"">Rating (451+ reviews)</span>
</div>
<div class=""tutor-stat"">
<span class=""tutor-stat-value"">1,845+</span><span class=""tutor-stat-label"">Verified Hours</span>
</div>
<div class=""tutor-stat"">
<span class=""tutor-stat-value"">54.5%</span><span class=""tutor-stat-label"">Score 5s</span>
</div>
</div>
<p style=""margin-top:16px!important""><a href=""/pages/ap-computer-science-tutor"" class=""btn"">Book a Session ($150/hr) →</a></p>
<p style=""font-size:13px!important;color:#64748b!important;margin-top:8px!important"">5-session packages at $125/hr. Venmo, Zelle, PayPal, or credit card.</p>
</div>
<div id=""frq20q2-faq"">
<h2>Frequently Asked Questions</h2>
<div class=""faq-item"">
<p class=""faq-q"">What was the 2020 AP CSA exam?</p>
<p class=""faq-a"">The 2020 AP CSA exam was a special COVID take-home format with only 2 FRQs instead of 4. Each had code parts (a) and (b) plus a written design part (c).</p>
</div>
<div class=""faq-item"">
<p class=""faq-q"">What does 2020 FRQ 2 CheckDigit test?</p>
<p class=""faq-a"">isValid tests integer modulo and integer division to extract digits, then calls getCheck on the extracted number to verify the check digit.</p>
</div>
<div class=""faq-item"">
<p class=""faq-q"">How do you extract the last digit of a number?</p>
<p class=""faq-a"">Use num % 10. For 1592: 1592 % 10 = 2.</p>
</div>
<div class=""faq-item"">
<p class=""faq-q"">How do you remove the last digit of a number?</p>
<p class=""faq-a"">Use num / 10 (integer division). For 1592: 1592 / 10 = 159.</p>
</div>
</div>
<div class=""frq-nav"">
<a href=""/pages/ap-csa-2020-frq-1-gizmo"" class=""btn btn-outline"">← FRQ 1: Gizmo</a>
<a href=""/pages/ap-csa-frq-2020"" class=""btn btn-outline"">2020 FRQ Index</a>

</div>
<div class=""frq-footer-links"">
<a href=""/pages/ap-csa-frq-archive"">Complete FRQ Archive (2004–2025)</a> •
<a href=""/pages/ap-csa-frqs-by-topic"">FRQs by Topic</a>
</div>
</div>
<script>
(function(){
var frq20q2S=22*60,frq20q2I=null,frq20q2R=false;
function frq20q2D(){var m=Math.floor(frq20q2S/60),s=frq20q2S%60;var e=document.getElementById('frq20q2-timer');if(e)e.textContent=m+':'+(s<10?'0':'')+s;}
window.frq20q2Start=function(){if(frq20q2R)return;frq20q2R=true;frq20q2I=setInterval(function(){if(frq20q2S>0){frq20q2S--;frq20q2D();}else{clearInterval(frq20q2I);frq20q2R=false;}},1000);};
window.frq20q2Pause=function(){clearInterval(frq20q2I);frq20q2R=false;};
window.frq20q2Reset=function(){clearInterval(frq20q2I);frq20q2R=false;frq20q2S=22*60;frq20q2D();};
var IND='    ';
function getInd(t,p){var ls=t.lastIndexOf('\n',p-1)+1;var m=t.substring(ls).match(/^([ \t]*)/);return m?m[1]:'';}
function initEd(el){
  if(!el)return;
  el.addEventListener('keydown',function(e){
    var ta=this,s=ta.selectionStart,end=ta.selectionEnd,v=ta.value;
    if(e.key==='Tab'){e.preventDefault();if(e.shiftKey){var ls=v.lastIndexOf('\n',s-1)+1;var lt=v.substring(ls);if(lt.substring(0,IND.length)===IND){ta.value=v.substring(0,ls)+lt.substring(IND.length);ta.selectionStart=ta.selectionEnd=Math.max(s-IND.length,ls);}}else{ta.value=v.substring(0,s)+IND+v.substring(end);ta.selectionStart=ta.selectionEnd=s+IND.length;}return;}
    var P={'(':')','[':']','{':'}','""':'""',""'"":""'""};
    if(P[e.key]){var cl=P[e.key];if(e.key==='""'||e.key===""'""){if(v.charAt(s)===e.key){e.preventDefault();ta.selectionStart=ta.selectionEnd=s+1;return;}var bf=v.substring(0,s);var ct=0;for(var i=0;i<bf.length;i++)if(bf[i]===e.key)ct++;if(ct%2===1)return;}if(v.charAt(s)===cl&&e.key!==cl){e.preventDefault();ta.selectionStart=ta.selectionEnd=s+1;return;}e.preventDefault();ta.value=v.substring(0,s)+e.key+cl+v.substring(end);ta.selectionStart=ta.selectionEnd=s+1;return;}
    var CLOSE=[')','[',']',String.fromCharCode(125)];
    if(CLOSE.indexOf(e.key)>=0&&e.key!==String.fromCharCode(91)){if(v.charAt(s)===e.key){e.preventDefault();ta.selectionStart=ta.selectionEnd=s+1;return;}}
    if(e.key==='Backspace'&&s===end&&s>0){var bc=v.charAt(s-1);var ac=v.charAt(s);if(P[bc]&&P[bc]===ac){e.preventDefault();ta.value=v.substring(0,s-1)+v.substring(s+1);ta.selectionStart=ta.selectionEnd=s-1;return;}}
  });
  el.addEventListener('beforeinput',function(e){
    if(e.inputType==='insertLineBreak'||e.inputType==='insertParagraph'){
      e.preventDefault();var ta=this;var v=ta.value;var s=ta.selectionStart;var end=ta.selectionEnd;
      var ind=getInd(v,s);var cb=v.charAt(s-1);var ca=v.charAt(s);
      var OB=String.fromCharCode(123);var CB=String.fromCharCode(125);
      if(cb===OB&&ca===CB){var nt='\n'+ind+IND+'\n'+ind;ta.value=v.substring(0,s)+nt+v.substring(end);ta.selectionStart=ta.selectionEnd=s+1+ind.length+IND.length;}
      else if(cb===OB){var nt='\n'+ind+IND;ta.value=v.substring(0,s)+nt+v.substring(end);ta.selectionStart=ta.selectionEnd=s+nt.length;}
      else{var nt='\n'+ind;ta.value=v.substring(0,s)+nt+v.substring(end);ta.selectionStart=ta.selectionEnd=s+nt.length;}
    }
  });
}
  initEd(document.getElementById('frq20q2-ea'));
(function(){var m=/Android|iPhone|iPad|iPod|Opera Mini|IEMobile/i.test(navigator.userAgent);if(m){var ifr=document.getElementById('frq20q2-pdf-iframe');var fb=document.getElementById('frq20q2-pdf-fallback');if(ifr&&fb){ifr.style.display='none';fb.style.display='block';}};})();
})();
</script>","TRUE","2026-03-01 12:00:00"
"ap-csa-2021-frq-1-wordmatch","MERGE","<style>#frq2026note-ap-csa-2021-frq-1-wordmatch{all:initial!important;display:block!important;box-sizing:border-box!important;font-family:-apple-system,BlinkMacSystemFont,""Segoe UI"",Roboto,Helvetica,Arial,sans-serif!important;background:#fffbeb!important;border:1px solid #fcd34d!important;border-left:5px solid #d97706!important;border-radius:8px!important;margin:0 0 18px 0!important;padding:0!important;overflow:hidden!important;}#frq2026note-ap-csa-2021-frq-1-wordmatch *{box-sizing:border-box!important;font-family:inherit!important;}#frq2026note-ap-csa-2021-frq-1-wordmatch summary{display:block!important;cursor:pointer!important;padding:12px 15px!important;font-size:0.95em!important;line-height:1.5!important;list-style:none!important;color:#78350f!important;-webkit-text-fill-color:#78350f!important;}#frq2026note-ap-csa-2021-frq-1-wordmatch summary::-webkit-details-marker{display:none!important;}#frq2026note-ap-csa-2021-frq-1-wordmatch summary::marker{content:""""!important;}#frq2026note-ap-csa-2021-frq-1-wordmatch summary:hover{background:#fef3c7!important;}#frq2026note-ap-csa-2021-frq-1-wordmatch summary strong{font-weight:700!important;color:#78350f!important;-webkit-text-fill-color:#78350f!important;}#frq2026note-ap-csa-2021-frq-1-wordmatch .n26-body{display:block!important;padding:0 15px 14px!important;font-size:0.92em!important;line-height:1.6!important;color:#78350f!important;-webkit-text-fill-color:#78350f!important;}#frq2026note-ap-csa-2021-frq-1-wordmatch .n26-body p{margin:0 0 10px!important;color:#78350f!important;-webkit-text-fill-color:#78350f!important;}#frq2026note-ap-csa-2021-frq-1-wordmatch .n26-body strong{font-weight:700!important;color:#78350f!important;-webkit-text-fill-color:#78350f!important;}#frq2026note-ap-csa-2021-frq-1-wordmatch table{border-collapse:collapse!important;width:100%!important;margin:0 0 10px!important;font-size:0.95em!important;background:#fffdf5!important;}#frq2026note-ap-csa-2021-frq-1-wordmatch th,#frq2026note-ap-csa-2021-frq-1-wordmatch td{border:1px solid #fcd34d!important;padding:6px 9px!important;text-align:left!important;color:#78350f!important;-webkit-text-fill-color:#78350f!important;}#frq2026note-ap-csa-2021-frq-1-wordmatch th{background:#fef3c7!important;font-weight:700!important;}#frq2026note-ap-csa-2021-frq-1-wordmatch a{color:#92400e!important;-webkit-text-fill-color:#92400e!important;text-decoration:underline!important;}#frq2026note-ap-csa-2021-frq-1-wordmatch .n26-src{font-size:0.85em!important;font-style:italic!important;margin:0!important;}</style>
<details id=""frq2026note-ap-csa-2021-frq-1-wordmatch"">
<summary><strong>Heads up: the May 2027 exam scores free response differently from this one.</strong> Tap for the current point structure.</summary>
<div class=""n26-body"">
<p>Every AP CSA free-response question from 2004 through 2025 was worth <strong>9 points</strong>, and the section was 36. From 2026 the four questions are worth <strong>7, 7, 5 and 6</strong>, the section is <strong>25 points</strong>, and only Question 1 has parts.</p>
<table><tr><th>Question</th><th>Points</th><th>Parts</th><th>Type</th></tr><tr><td>Question 1</td><td><strong>7</strong></td><td>Part A 4 + Part B 3</td><td>Methods and Control Structures</td></tr><tr><td>Question 2</td><td><strong>7</strong></td><td>single part</td><td>Class Design</td></tr><tr><td>Question 3</td><td><strong>5</strong></td><td>single part</td><td>Data Analysis with ArrayList</td></tr><tr><td>Question 4</td><td><strong>6</strong></td><td>single part</td><td>2D Array</td></tr></table>
<p>Section I is now 42 multiple-choice questions at 55% of the score, and Section II is 45%. The question on this page is still worth practising. The 9 points printed below it are not the rubric you will be scored against.</p>
<p class=""n26-src"">Point totals from College Board's 2026 scoring guidelines; section weightings from the AP Computer Science A exam page. See the <a href=""/pages/ap-csa-frq-2026"">2026 questions</a> for the current format.</p>
</div>
</details>
<script type=""application/ld+json"">{""@context"":""https://schema.org"",""@type"":""FAQPage"",""mainEntity"":[{""@type"":""Question"",""name"":""What does 2021 AP CSA FRQ 1 WordMatch test?"",""acceptedAnswer"":{""@type"":""Answer"",""text"":""FRQ 1 tests String methods (substring, equals, compareTo) and loop-based substring counting. scoreGuess counts overlapping occurrences of guess in secret and multiplies by the square of guess length. findBetterGuess compares scores with a tie-breaking compareTo.""}},
    {""@type"":""Question"",""name"":""How many points is 2021 AP CSA FRQ 1 worth?"",""acceptedAnswer"":{""@type"":""Answer"",""text"":""9 points: 4 for Part A (scoreGuess) and 5 for Part B (findBetterGuess).""}},
    {""@type"":""Question"",""name"":""What is the correct loop bound for scoreGuess?"",""acceptedAnswer"":{""@type"":""Answer"",""text"":""Use i <= secret.length() - guess.length(). Going up to secret.length() - 1 would try to take a substring that goes out of bounds for any guess longer than 1 character.""}},
    {""@type"":""Question"",""name"":""How does the alphabetical tie-breaker work?"",""acceptedAnswer"":{""@type"":""Answer"",""text"":""Use guess1.compareTo(guess2). If it returns a positive value, guess1 comes after guess2 alphabetically (is 'greater'), so return guess1. The precondition guarantees the guesses are different, so compareTo will never return 0.""}}]}</script>
<script type=""application/ld+json"">{""@context"":""https://schema.org"",""@type"":""Article"",""headline"":""2021 AP CSA FRQ 1: WordMatch - Complete Solution and Scoring Guide"",""description"":""Complete solution for 2021 AP CSA FRQ 1 (WordMatch) with step-by-step explanations, scoring rubric, common mistakes, and exam tips."",""author"":{""@type"":""Person"",""name"":""Tanner Crow"",""url"":""https://www.wyzant.com/tutors/tannerc12""},""publisher"":{""@type"":""Organization"",""name"":""AP CS Exam Prep"",""url"":""https://www.apcsexamprep.com""},""datePublished"":""2021-09-01"",""dateModified"":""2026-03-14"",""educationalLevel"":""AP""}</script>
<script type=""application/ld+json"">{""@context"":""https://schema.org"",""@type"":""BreadcrumbList"",""itemListElement"":[{""@type"":""ListItem"",""position"":1,""name"":""FRQ Archive"",""item"":""https://www.apcsexamprep.com/pages/ap-csa-frq-archive""},{""@type"":""ListItem"",""position"":2,""name"":""2021 FRQs"",""item"":""https://www.apcsexamprep.com/pages/ap-csa-frq-2021""},{""@type"":""ListItem"",""position"":3,""name"":""FRQ 1: WordMatch"",""item"":""https://www.apcsexamprep.com/pages/ap-csa-2021-frq-1-wordmatch""}]}</script>
<div id=""frq21q1"">
<style>
.page-title,.article__title,.page__title,.template-page h1:first-of-type{display:none!important}
#frq21q1{all:initial!important;display:block!important;font-family:-apple-system,BlinkMacSystemFont,'Segoe UI',Roboto,Oxygen,Ubuntu,Cantarell,sans-serif!important;line-height:1.7!important;color:#1e293b!important;max-width:880px!important;margin:0 auto!important;padding:24px 20px 60px!important;-webkit-font-smoothing:antialiased!important;background:#ffffff!important}
#frq21q1 *{box-sizing:border-box!important}
#frq21q1 img{max-width:100%!important;height:auto!important}
#frq21q1 h1{font-size:2em!important;font-weight:800!important;color:#1e3a8a!important;-webkit-text-fill-color:#1e3a8a!important;margin:0 0 8px!important;line-height:1.2!important;border:none!important;padding:0!important}
#frq21q1 h2{font-size:1.5em!important;font-weight:700!important;color:#1e40af!important;-webkit-text-fill-color:#1e40af!important;margin:40px 0 16px!important;padding-left:12px!important;border-left:4px solid #60a5fa!important;border-bottom:none!important;line-height:1.3!important}
#frq21q1 h3{font-size:1.2em!important;font-weight:600!important;color:#1e40af!important;-webkit-text-fill-color:#1e40af!important;margin:24px 0 12px!important;line-height:1.3!important}
#frq21q1 h4{font-size:1.05em!important;font-weight:600!important;color:#334155!important;margin:20px 0 10px!important}
#frq21q1 p{margin:0 0 16px!important;color:#1e293b!important;font-size:16px!important;line-height:1.7!important}
#frq21q1 a{color:#2563eb!important;-webkit-text-fill-color:#2563eb!important;text-decoration:underline!important}
#frq21q1 a:link{color:#2563eb!important;-webkit-text-fill-color:#2563eb!important}
#frq21q1 a:visited{color:#2563eb!important;-webkit-text-fill-color:#2563eb!important}
#frq21q1 a:hover{color:#1d4ed8!important;-webkit-text-fill-color:#1d4ed8!important}
#frq21q1 strong{font-weight:700!important;color:#1e293b!important}
#frq21q1 ul,#frq21q1 ol{margin:0 0 16px!important;padding-left:24px!important;color:#1e293b!important}
#frq21q1 li{margin:0 0 8px!important;font-size:16px!important;line-height:1.7!important}
#frq21q1 .frq-breadcrumb{font-size:14px!important;color:#64748b!important;margin-bottom:24px!important;display:block!important}
#frq21q1 .frq-breadcrumb a{color:#2563eb!important;-webkit-text-fill-color:#2563eb!important;text-decoration:none!important;font-size:14px!important}
#frq21q1 .frq-breadcrumb a:link,#frq21q1 .frq-breadcrumb a:visited{color:#2563eb!important;-webkit-text-fill-color:#2563eb!important}
#frq21q1 .frq-year-label{display:inline-block!important;background:#dbeafe!important;color:#1e40af!important;font-size:13px!important;font-weight:600!important;padding:4px 12px!important;border-radius:4px!important;margin-bottom:8px!important;letter-spacing:0.5px!important;text-transform:uppercase!important}
#frq21q1 .frq-subtitle{color:#64748b!important;font-size:15px!important;margin:0 0 20px!important;line-height:1.6!important}
#frq21q1 .frq-badges{display:flex!important;flex-wrap:wrap!important;gap:8px!important;margin-bottom:24px!important}
#frq21q1 .frq-badge{display:inline-block!important;padding:6px 14px!important;border-radius:20px!important;font-size:13px!important;font-weight:600!important;line-height:1.4!important}
#frq21q1 .frq-badge-blue{background:#dbeafe!important;color:#1e40af!important}
#frq21q1 .frq-badge-green{background:#dcfce7!important;color:#166534!important}
#frq21q1 .frq-badge-purple{background:#ede9fe!important;color:#5b21b6!important}
#frq21q1 .frq-badge-amber{background:#fef3c7!important;color:#92400e!important}
#frq21q1 .frq-meta-table{width:100%!important;border-collapse:collapse!important;margin:0 0 24px!important;font-size:15px!important}
#frq21q1 .frq-meta-table td{padding:10px 16px!important;border-bottom:1px solid #e5e7eb!important;color:#1e293b!important;vertical-align:top!important}
#frq21q1 .frq-meta-table td:first-child{font-weight:600!important;color:#475569!important;width:160px!important}
#frq21q1 .frq-summary{background-color:#f0f9ff!important;border:1px solid #bae6fd!important;border-radius:8px!important;padding:20px 24px!important;margin:0 0 24px!important}
#frq21q1 .frq-summary h2{font-size:1.15em!important;margin:0 0 12px!important;padding-left:0!important;border-left:none!important;color:#0c4a6e!important;-webkit-text-fill-color:#0c4a6e!important}
#frq21q1 .frq-summary p{margin:0!important;color:#1e293b!important;font-size:15px!important;line-height:1.7!important}
#frq21q1 .frq-curriculum{background-color:#fefce8!important;border:1px solid #fde68a!important;border-radius:8px!important;padding:20px 24px!important;margin:0 0 24px!important}
#frq21q1 .frq-curriculum h2{font-size:1.15em!important;margin:0 0 12px!important;padding-left:0!important;border-left:none!important;color:#713f12!important;-webkit-text-fill-color:#713f12!important}
#frq21q1 .frq-curriculum p{margin:0 0 8px!important;color:#1e293b!important;font-size:15px!important}
#frq21q1 .frq-curriculum p:last-child{margin-bottom:0!important}
#frq21q1 .frq-jumplinks{display:flex!important;flex-wrap:wrap!important;gap:8px!important;margin:0 0 32px!important;padding:16px 0!important;border-top:1px solid #e5e7eb!important;border-bottom:1px solid #e5e7eb!important}
#frq21q1 .frq-jumplinks a{display:inline-block!important;padding:6px 14px!important;background:#f1f5f9!important;color:#334155!important;-webkit-text-fill-color:#334155!important;border-radius:6px!important;font-size:13px!important;font-weight:600!important;text-decoration:none!important}
#frq21q1 .frq-jumplinks a:link,#frq21q1 .frq-jumplinks a:visited{color:#334155!important;-webkit-text-fill-color:#334155!important}
#frq21q1 .frq-jumplinks a:hover{background:#e2e8f0!important;color:#1e293b!important;-webkit-text-fill-color:#1e293b!important}
#frq21q1 pre{background:#1e293b!important;color:#e2e8f0!important;padding:20px!important;border-radius:8px!important;overflow-x:auto!important;font-family:Consolas,Monaco,'Courier New',monospace!important;font-size:14px!important;line-height:1.6!important;white-space:pre!important;margin:16px 0!important;border:none!important}
#frq21q1 code{font-family:Consolas,Monaco,'Courier New',monospace!important;font-size:14px!important}
#frq21q1 p code,#frq21q1 li code,#frq21q1 td code{background:#f1f5f9!important;color:#be185d!important;padding:2px 6px!important;border-radius:4px!important;font-size:13px!important}
#frq21q1 table{width:100%!important;border-collapse:collapse!important;margin:16px 0!important;font-size:15px!important}
#frq21q1 th{background:#f8fafc!important;color:#334155!important;font-weight:600!important;padding:12px 16px!important;text-align:left!important;border-bottom:2px solid #cbd5e1!important}
#frq21q1 td{padding:10px 16px!important;border-bottom:1px solid #e5e7eb!important;color:#1e293b!important;vertical-align:top!important}
#frq21q1 .frq-intro{background-color:#eff6ff!important;padding:20px!important;border-radius:8px!important;margin:0 0 24px!important;border-left:4px solid #3b82f6!important}
#frq21q1 .practice-tip{background-color:#dcfce7!important;padding:16px 20px!important;border-radius:6px!important;margin:20px 0!important;border-left:4px solid #10b981!important}
#frq21q1 .key-insight{background-color:#dbeafe!important;padding:16px 20px!important;border-radius:6px!important;margin:20px 0!important;border-left:4px solid #3b82f6!important}
#frq21q1 .common-mistake{background-color:#fef2f2!important;padding:16px 20px!important;border-radius:6px!important;margin:20px 0!important;border-left:4px solid #ef4444!important}
#frq21q1 .scoring-guide{background-color:#f9fafb!important;border:1px solid #e5e7eb!important;border-radius:8px!important;padding:20px!important;margin:20px 0!important}
#frq21q1 .frq-collapsible{cursor:pointer!important;background:#f8fafc!important;border:1px solid #e2e8f0!important;border-radius:8px!important;padding:16px 20px!important;margin:16px 0!important;font-weight:600!important;font-size:15px!important;color:#1e40af!important;-webkit-text-fill-color:#1e40af!important;display:block!important;width:100%!important;text-align:left!important}
#frq21q1 .frq-collapsible:hover{background:#eef2ff!important}
#frq21q1 .frq-collapsible-content{display:none!important;padding:20px!important;border:1px solid #e2e8f0!important;border-top:none!important;border-radius:0 0 8px 8px!important;margin-top:-17px!important;background:#ffffff!important}
#frq21q1 .frq-collapsible-content.open{display:block!important}
#frq21q1 .frq-editor{position:relative!important;margin:20px 0!important}
#frq21q1 .frq-editor textarea{width:100%!important;min-height:200px!important;font-family:Consolas,Monaco,'Courier New',monospace!important;font-size:14px!important;line-height:1.6!important;padding:16px!important;border:2px solid #cbd5e1!important;border-radius:8px!important;background:#1e293b!important;color:#e2e8f0!important;resize:vertical!important;tab-size:4!important;-moz-tab-size:4!important;white-space:pre!important;overflow-wrap:normal!important;overflow-x:auto!important}
#frq21q1 .frq-editor textarea:focus{border-color:#3b82f6!important;outline:none!important;box-shadow:0 0 0 3px rgba(59,130,246,0.15)!important}
#frq21q1 .frq-editor textarea::placeholder{color:#64748b!important}
#frq21q1 .frq-editor-hint{display:block!important;text-align:right!important;font-size:11px!important;color:#94a3b8!important;margin-top:4px!important;font-style:italic!important;padding-right:4px!important}
#frq21q1 .btn{display:inline-block!important;padding:12px 24px!important;background-color:#3b82f6!important;color:white!important;-webkit-text-fill-color:white!important;text-decoration:none!important;border-radius:6px!important;font-weight:600!important;font-size:15px!important;border:none!important;cursor:pointer!important;opacity:1!important;visibility:visible!important}
#frq21q1 .btn:hover{background-color:#2563eb!important;color:white!important;-webkit-text-fill-color:white!important}
#frq21q1 a.btn:link,#frq21q1 a.btn:visited{color:white!important;-webkit-text-fill-color:white!important;text-decoration:none!important}
#frq21q1 .btn-sm{padding:8px 16px!important;font-size:13px!important}
#frq21q1 .btn-outline{background:transparent!important;border:2px solid #3b82f6!important;color:#3b82f6!important;-webkit-text-fill-color:#3b82f6!important}
#frq21q1 a.btn-outline:link,#frq21q1 a.btn-outline:visited{color:#3b82f6!important;-webkit-text-fill-color:#3b82f6!important;text-decoration:none!important}
#frq21q1 .btn-outline:hover{background:#3b82f6!important;color:white!important;-webkit-text-fill-color:white!important}
#frq21q1 .btn-green{background-color:#16a34a!important;color:white!important;-webkit-text-fill-color:white!important}
#frq21q1 a.btn-green:link,#frq21q1 a.btn-green:visited{color:white!important;-webkit-text-fill-color:white!important;text-decoration:none!important}
#frq21q1 .btn-green:hover{background-color:#15803d!important}
#frq21q1 .frq-timer{display:flex!important;align-items:center!important;gap:12px!important;margin:20px 0!important;padding:12px 20px!important;background:#f8fafc!important;border:1px solid #e2e8f0!important;border-radius:8px!important}
#frq21q1 .frq-timer-label{font-weight:600!important;color:#475569!important;font-size:14px!important}
#frq21q1 .frq-timer-display{font-family:Consolas,Monaco,monospace!important;font-size:24px!important;font-weight:700!important;color:#1e293b!important;min-width:80px!important}
#frq21q1 .frq-timer button{padding:6px 14px!important;border-radius:4px!important;border:1px solid #cbd5e1!important;background:#ffffff!important;color:#475569!important;-webkit-text-fill-color:#475569!important;font-size:13px!important;font-weight:600!important;cursor:pointer!important}
#frq21q1 .mistake-block{border:1px solid #e5e7eb!important;border-radius:8px!important;margin:20px 0!important;overflow:hidden!important}
#frq21q1 .mistake-header{padding:14px 20px!important;font-weight:600!important;font-size:15px!important;color:#1e293b!important;background:#fef2f2!important;border-bottom:1px solid #e5e7eb!important}
#frq21q1 .mistake-body{padding:16px 20px!important}
#frq21q1 .mistake-label{display:inline-block!important;font-size:12px!important;font-weight:700!important;text-transform:uppercase!important;letter-spacing:0.5px!important;padding:3px 8px!important;border-radius:4px!important;margin-bottom:8px!important}
#frq21q1 .mistake-wrong{background:#fef2f2!important;color:#dc2626!important}
#frq21q1 .mistake-right{background:#dcfce7!important;color:#16a34a!important}
#frq21q1 .exam-tip{padding:12px 16px 12px 44px!important;background:#f0fdf4!important;border-radius:6px!important;margin:10px 0!important;position:relative!important;font-size:15px!important;line-height:1.6!important;color:#1e293b!important}
#frq21q1 .exam-tip::before{content:'\2713'!important;position:absolute!important;left:16px!important;top:12px!important;color:#16a34a!important;font-weight:700!important;font-size:16px!important}
#frq21q1 .related-card{display:block!important;padding:16px 20px!important;border:1px solid #e5e7eb!important;border-radius:8px!important;margin:10px 0!important;text-decoration:none!important}
#frq21q1 .related-card:hover{border-color:#3b82f6!important;background:#f8fafc!important}
#frq21q1 a.related-card:link,#frq21q1 a.related-card:visited{text-decoration:none!important}
#frq21q1 .related-card .card-type{font-size:12px!important;font-weight:600!important;text-transform:uppercase!important;color:#64748b!important;letter-spacing:0.5px!important;margin-bottom:4px!important;display:block!important}
#frq21q1 .related-card .card-title{font-size:15px!important;font-weight:600!important;color:#1e40af!important;-webkit-text-fill-color:#1e40af!important;display:block!important}
#frq21q1 .cta-box{background:linear-gradient(135deg,#1e3a8a 0%,#1e40af 100%)!important;color:#ffffff!important;padding:32px!important;border-radius:12px!important;margin:32px 0!important;text-align:center!important}
#frq21q1 .cta-box h3{color:#ffffff!important;-webkit-text-fill-color:#ffffff!important;font-size:1.3em!important;margin:0 0 12px!important}
#frq21q1 .cta-box p{color:#dbeafe!important;font-size:15px!important}
#frq21q1 .cta-box .btn{background:#ffffff!important;color:#1e40af!important;-webkit-text-fill-color:#1e40af!important}
#frq21q1 .cta-box a.btn:link,#frq21q1 .cta-box a.btn:visited{color:#1e40af!important;-webkit-text-fill-color:#1e40af!important}
#frq21q1 .tutor-cta{background:#f8fafc!important;border:1px solid #e2e8f0!important;border-radius:12px!important;padding:28px!important;margin:32px 0!important}
#frq21q1 .tutor-stats{display:flex!important;gap:24px!important;flex-wrap:wrap!important;margin:16px 0!important}
#frq21q1 .tutor-stat{text-align:center!important}
#frq21q1 .tutor-stat-value{font-size:20px!important;font-weight:700!important;color:#1e40af!important;-webkit-text-fill-color:#1e40af!important;display:block!important}
#frq21q1 .tutor-stat-label{font-size:12px!important;color:#64748b!important}
#frq21q1 .frq-nav{display:flex!important;justify-content:space-between!important;align-items:center!important;margin:40px 0 20px!important;gap:12px!important;flex-wrap:wrap!important}
#frq21q1 .frq-footer-links{text-align:center!important;margin:16px 0 0!important;font-size:14px!important;color:#64748b!important}
#frq21q1 .frq-footer-links a{color:#2563eb!important;-webkit-text-fill-color:#2563eb!important;font-size:14px!important}
#frq21q1 .scoring-summary{margin:24px 0!important}
#frq21q1 .scoring-summary table{width:100%!important}
#frq21q1 .scoring-summary td:last-child,#frq21q1 .scoring-summary th:last-child{text-align:center!important;font-weight:700!important}
#frq21q1 .faq-item{border-bottom:1px solid #e5e7eb!important;padding:20px 0!important}
#frq21q1 .faq-item:last-child{border-bottom:none!important}
#frq21q1 .faq-q{font-weight:600!important;color:#1e293b!important;font-size:16px!important;margin:0 0 8px!important}
#frq21q1 .faq-a{color:#475569!important;font-size:15px!important;line-height:1.7!important;margin:0!important}
#frq21q1 .frq-pdf-wrap{width:100%!important;border:2px solid #cbd5e1!important;border-radius:8px!important;overflow:hidden!important;margin:16px 0 20px!important;background:#f1f5f9!important}
#frq21q1 .frq-pdf-wrap iframe{width:100%!important;height:680px!important;border:none!important;display:block!important}
#frq21q1 .frq-pdf-fallback{padding:20px!important;text-align:center!important;background:#f8fafc!important;display:none!important;font-size:14px!important;color:#475569!important}
#frq21q1 .frq-video-wrap{position:relative!important;padding-bottom:56.25%!important;height:0!important;overflow:hidden!important;border-radius:8px!important;margin:16px 0!important;background:#0f172a!important}
#frq21q1 .frq-video-wrap iframe{position:absolute!important;top:0!important;left:0!important;width:100%!important;height:100%!important;border:none!important;border-radius:8px!important}
#frq21q1 .frq-editor textarea::selection{background:#3b82f6!important;color:#ffffff!important;-webkit-text-fill-color:#ffffff!important}
#frq21q1 .frq-editor textarea::-moz-selection{background:#3b82f6!important;color:#ffffff!important}
@media(max-width:640px){
#frq21q1{padding:16px 14px 40px!important}
#frq21q1 h1{font-size:1.5em!important}
#frq21q1 h2{font-size:1.25em!important}
#frq21q1 .frq-timer{flex-wrap:wrap!important}
#frq21q1 .tutor-stats{gap:16px!important}
#frq21q1 .frq-nav{flex-direction:column!important;align-items:stretch!important}
#frq21q1 .frq-nav .btn{text-align:center!important}
}
</style>
<div class=""frq-breadcrumb"">
<a href=""/pages/ap-csa-frq-archive"">FRQ Archive</a> ›
<a href=""/pages/ap-csa-frq-2021"">2021 FRQs</a> ›
FRQ 1: WordMatch
</div>
<div class=""frq-year-label"">2021 AP CSA • Methods &amp; Control Structures</div>
<h1>AP CSA 2021 FRQ 1: WordMatch</h1>
<p class=""frq-subtitle"">Complete solution, scoring rubric, and walkthrough — verified from the official College Board PDF</p>
<div class=""frq-badges"">
<span class=""frq-badge frq-badge-blue"">9 Points</span>
<span class=""frq-badge frq-badge-amber"">Medium</span>
<span class=""frq-badge frq-badge-blue"">Units 1 &amp; 2</span>
</div>
<table class=""frq-meta-table"">
<tr>
<td>Question Type</td>
<td>Methods &amp; Control Structures</td>
</tr>
<tr>
<td>Skills Tested</td>
<td>String substring/equals/compareTo, overlapping occurrence counting, running max with tie-break</td>
</tr>
<tr>
<td>Difficulty</td>
<td>Medium</td>
</tr>
<tr>
<td>Recommended Time</td>
<td>22 minutes</td>
</tr>
</table>
<div class=""frq-summary"">
<h2>What This Problem Asks</h2>
<p>2021 AP CSA FRQ 1 WordMatch asks students to write two methods for a word-matching game. <code>scoreGuess</code> counts how many times <code>guess</code> appears as a (possibly overlapping) substring of <code>secret</code> and multiplies by <code>guess.length()</code> squared. <code>findBetterGuess</code> returns the higher-scoring guess; on a tie, it returns the alphabetically greater one using <code>compareTo</code>.</p>
</div>
<div class=""frq-curriculum"">
<h2>What This FRQ Tests</h2>
<p>This FRQ tests <a href=""/pages/ap-csa-unit-1-complete-study-guide""><strong>Unit 1: String methods</strong></a> (<code>substring</code>, <code>equals</code>, <code>compareTo</code>, <code>length</code>) and <a href=""/pages/unit-2-selection-and-iteration-ultimate-study-guide""><strong>Unit 2</strong></a> (loops, conditionals).</p>
</div>
<div class=""frq-jumplinks"">
<a href=""#frq21q1-pdf"">Official PDF</a>
<a href=""#frq21q1-code"">Provided Code</a>
<a href=""#frq21q1-parta"">Part A</a>
<a href=""#frq21q1-partb"">Part B</a>
<a href=""#frq21q1-mistakes"">Mistakes</a>
<a href=""#frq21q1-tips"">Tips</a>
<a href=""#frq21q1-faq"">FAQ</a>
</div>
<div id=""frq21q1-pdf"">
<h2>Official Question &amp; PDF</h2>
<p>
<a href=""https://apcentral.collegeboard.org/media/pdf/ap21-frq-computer-science-a.pdf"" target=""_blank"" rel=""noopener"" class=""btn btn-sm"">Download Full FRQ PDF →</a>
</p>
<div class=""frq-pdf-wrap"">
<iframe src=""https://apcentral.collegeboard.org/media/pdf/ap21-frq-computer-science-a.pdf#page=2"" title=""2021 AP CSA FRQ 1 WordMatch"" loading=""lazy"" id=""frq21q1-pdf-iframe""></iframe>
<div class=""frq-pdf-fallback"" id=""frq21q1-pdf-fallback"">
<p>PDF cannot display on this device. <a href=""https://apcentral.collegeboard.org/media/pdf/ap21-frq-computer-science-a.pdf"" target=""_blank"" rel=""noopener"">Open PDF directly →</a></p>
</div>
</div>
</div>
<div class=""frq-timer"">
<span class=""frq-timer-label"">Timer</span>
<span class=""frq-timer-display"" id=""frq21q1-timer"">22:00</span>
<button onclick=""frq21q1Start()"">Start</button>
<button onclick=""frq21q1Pause()"">Pause</button>
<button onclick=""frq21q1Reset()"">Reset</button>
</div>
<div id=""frq21q1-code"">
<h2>Provided Code</h2>
<pre>public class WordMatch
{
    private String secret;
    public WordMatch(String word) { /* not shown */ }
    /** Returns count of overlapping occurrences of guess in secret, multiplied by guess.length()^2. */
    public int scoreGuess(String guess) { /* to be implemented in part (a) */ }
    /** Returns the better of two guesses: higher score wins; if tied, alphabetically greater wins. */
    public String findBetterGuess(String guess1, String guess2) { /* to be implemented in part (b) */ }
}</pre>
</div>
<div id=""frq21q1-parta"">
<h2>Part A — 4 Points</h2>
<p>Write <code>scoreGuess</code>: count overlapping occurrences of <code>guess</code> in <code>secret</code> and return the count multiplied by <code>guess.length() * guess.length()</code>.</p>
<h3>Write Your Solution</h3>
<div class=""frq-editor"">
<textarea id=""frq21q1-ea"" placeholder=""// Write Part A here...
// Tab to indent | Brackets auto-close | Enter auto-indents""></textarea>
<span class=""frq-editor-hint"">Drag corner to expand ▽</span>
</div>
<p>
<button class=""btn btn-sm btn-green"" onclick=""document.getElementById('frq21q1-sola').classList.add('open')"">Check Answer</button>
 
<button class=""btn btn-sm btn-outline"" onclick=""document.getElementById('frq21q1-ea').value=''"">Clear</button>
</p>
<button class=""frq-collapsible"" onclick=""this.nextElementSibling.classList.toggle('open')"">View Solution and Rubric ▼</button>
<div class=""frq-collapsible-content"" id=""frq21q1-sola"">
<h4>Scoring Rubric (Part A — 4 points)</h4>
<table>
<tr>
<td><strong>+1</strong></td>
<td>Loops through substrings of <code>secret</code> of length <code>guess.length()</code>
</td>
</tr>
<tr>
<td><strong>+1</strong></td>
<td>Uses <code>substring</code> correctly to extract substrings of the right length</td>
</tr>
<tr>
<td><strong>+1</strong></td>
<td>Counts occurrences using <code>equals</code> or <code>compareTo</code>
</td>
</tr>
<tr>
<td><strong>+1</strong></td>
<td>Returns count multiplied by <code>guess.length() * guess.length()</code>
</td>
</tr>
</table>
<h4>Solution</h4>
<pre>public int scoreGuess(String guess)
{
    int count = 0;
    int gLen = guess.length();
    for (int i = 0; i &lt;= secret.length() - gLen; i++)
    {
        if (secret.substring(i, i + gLen).equals(guess))
        {
            count++;
        }
    }
    return count * gLen * gLen;
}</pre>
<div class=""key-insight"">
<strong>Overlapping substrings:</strong> The loop increments by 1 each time, allowing overlapping matches. For <code>secret = ""aaaabb""</code> and <code>guess = ""aa""</code>, positions 0, 1, and 2 all match — that's 3 occurrences. The loop bound is <code>&lt;= secret.length() - gLen</code> to avoid going out of bounds.</div>
</div>
</div>
<div id=""frq21q1-partb"">
<h2>Part B — 5 Points</h2>
<p>Write <code>findBetterGuess</code>: return the guess with the higher score. On a tie, return the alphabetically greater guess. Must use <code>scoreGuess</code>.</p>
<h3>Write Your Solution</h3>
<div class=""frq-editor"">
<textarea id=""frq21q1-eb"" placeholder=""// Write Part B here...
// Tab to indent | Brackets auto-close | Enter auto-indents""></textarea>
<span class=""frq-editor-hint"">Drag corner to expand ▽</span>
</div>
<p>
<button class=""btn btn-sm btn-green"" onclick=""document.getElementById('frq21q1-solb').classList.add('open')"">Check Answer</button>
 
<button class=""btn btn-sm btn-outline"" onclick=""document.getElementById('frq21q1-eb').value=''"">Clear</button>
</p>
<button class=""frq-collapsible"" onclick=""this.nextElementSibling.classList.toggle('open')"">View Solution and Rubric ▼</button>
<div class=""frq-collapsible-content"" id=""frq21q1-solb"">
<h4>Scoring Rubric (Part B — 5 points)</h4>
<table>
<tr>
<td><strong>+1</strong></td>
<td>Calls <code>scoreGuess</code> for both guesses</td>
</tr>
<tr>
<td><strong>+1</strong></td>
<td>Compares the two scores</td>
</tr>
<tr>
<td><strong>+1</strong></td>
<td>Returns the guess with the higher score when scores differ</td>
</tr>
<tr>
<td><strong>+1</strong></td>
<td>Handles the tie-breaking case (alphabetically greater)</td>
</tr>
<tr>
<td><strong>+1</strong></td>
<td>Returns the correct value in all cases (algorithm)</td>
</tr>
</table>
<h4>Solution</h4>
<pre>public String findBetterGuess(String guess1, String guess2)
{
    int score1 = scoreGuess(guess1);
    int score2 = scoreGuess(guess2);
    if (score1 &gt; score2) {
        return guess1;
    }
    if (score2 &gt; score1) {
        return guess2;
    }
    // tie: return alphabetically greater
    if (guess1.compareTo(guess2) &gt; 0) {
        return guess1;
    }
    return guess2;
}</pre>
<div class=""practice-tip"">
<strong>Alphabetically greater:</strong> <code>compareTo</code> returns a positive value when <code>guess1</code> comes AFTER <code>guess2</code> alphabetically. ""con"" &gt; ""cat"" because 'o' comes after 'a'. The precondition guarantees the guesses are not equal, so exactly one will be alphabetically greater.</div>
</div>
</div>
<div id=""frq21q1-mistakes"">
<h2>Common Mistakes to Avoid</h2>
<div class=""mistake-block"">
<div class=""mistake-header"">Incorrect loop bound for substring extraction</div>
<div class=""mistake-body"">
<p>The loop must stop at <code>secret.length() - gLen</code> (inclusive) to avoid a StringIndexOutOfBoundsException.</p>
<p><span class=""mistake-label mistake-wrong"">Wrong</span></p>
<pre>for (int i = 0; i &lt; secret.length(); i++)  // too far!</pre>
<p><span class=""mistake-label mistake-right"">Correct</span></p>
<pre>for (int i = 0; i &lt;= secret.length() - gLen; i++)</pre>
</div>
</div>
<div class=""mistake-block"">
<div class=""mistake-header"">Using == instead of .equals() for String comparison</div>
<div class=""mistake-body"">
<p><span class=""mistake-label mistake-wrong"">Wrong</span></p>
<pre>if (secret.substring(i, i + gLen) == guess)</pre>
<p><span class=""mistake-label mistake-right"">Correct</span></p>
<pre>if (secret.substring(i, i + gLen).equals(guess))</pre>
</div>
</div>
</div>
<div id=""frq21q1-tips"">
<h2>Exam Tips</h2>
<div class=""exam-tip"">The loop bound <code>i &lt;= secret.length() - guess.length()</code> is crucial. Going too far causes StringIndexOutOfBoundsException.</div>
<div class=""exam-tip"">Part B says ""Assume scoreGuess works as intended."" Use it — the rubric requires calling scoreGuess.</div>
<div class=""exam-tip"">compareTo returns positive if the calling string is alphabetically greater. ""con"".compareTo(""cat"") &gt; 0, so ""con"" is returned as the alphabetically greater string.</div>
</div>
<div class=""scoring-summary"">
<h2>Scoring Summary</h2>
<table>
<tr>
<th>Part</th>
<th>Method</th>
<th>Points</th>
</tr>
<tr>
<td>Part A</td>
<td><code>Write</code></td>
<td>4</td>
</tr>
<tr>
<td>Part B</td>
<td><code>Write</code></td>
<td>5</td>
</tr>
<tr>
<td><strong>Total</strong></td>
<td></td>
<td><strong>9</strong></td>
</tr>
</table>
</div>
<div class=""cta-box"">
<h3>Want the Complete 2021 FRQ Solutions?</h3>
<p>Browse all past AP CSA FRQs with full solutions and scoring breakdowns.</p>
<p style=""margin-top:16px!important""><a href=""/pages/ap-csa-frq-archive"" class=""btn"">FRQ Archive →</a></p>
</div>
<h2>Related FRQs</h2>
<a href=""/pages/ap-csa-2022-frq-1-game"" class=""related-card"">
<span class=""card-type"">Methods &amp; Control Structures</span>
<span class=""card-title"">2022 FRQ 1: Game — Cascading level scoring and max simulation</span>
</a>
<a href=""/pages/ap-csa-2023-frq-1-appointmentbook"" class=""related-card"">
<span class=""card-type"">Methods &amp; Control Structures</span>
<span class=""card-title"">2023 FRQ 1: AppointmentBook — Consecutive-block scheduling algorithm</span>
</a>
<h2>Study the Concepts</h2>
<p><a href=""/pages/ap-csa-unit-1-complete-study-guide"" class=""btn"">Unit 1 Study Guide →</a>   <a href=""/pages/unit-2-selection-and-iteration-ultimate-study-guide"" class=""btn btn-outline"">Unit 2 Study Guide →</a></p>
<div class=""tutor-cta"">
<h3>Struggling with FRQs? Get 1-on-1 Help</h3>
<p>Work directly with Tanner — AP CS teacher with 11+ years experience and 1,845+ verified tutoring hours. 54.5% of students score 5s (vs. 25.5% national average).</p>
<div class=""tutor-stats"">
<div class=""tutor-stat"">
<span class=""tutor-stat-value"">5.0</span><span class=""tutor-stat-label"">Rating (451+ reviews)</span>
</div>
<div class=""tutor-stat"">
<span class=""tutor-stat-value"">1,845+</span><span class=""tutor-stat-label"">Verified Hours</span>
</div>
<div class=""tutor-stat"">
<span class=""tutor-stat-value"">54.5%</span><span class=""tutor-stat-label"">Score 5s</span>
</div>
</div>
<p style=""margin-top:16px!important""><a href=""/pages/ap-computer-science-tutor"" class=""btn"">Book a Session ($150/hr) →</a></p>
<p style=""font-size:13px!important;color:#64748b!important;margin-top:8px!important"">5-session packages at $125/hr. Venmo, Zelle, PayPal, or credit card.</p>
</div>
<div id=""frq21q1-faq"">
<h2>Frequently Asked Questions</h2>
<div class=""faq-item"">
<p class=""faq-q"">What does 2021 AP CSA FRQ 1 WordMatch test?</p>
<p class=""faq-a"">FRQ 1 tests String methods (substring, equals, compareTo) and loop-based substring counting. scoreGuess counts overlapping occurrences of guess in secret and multiplies by the square of guess length. findBetterGuess compares scores with a tie-breaking compareTo.</p>
</div>
<div class=""faq-item"">
<p class=""faq-q"">How many points is 2021 AP CSA FRQ 1 worth?</p>
<p class=""faq-a"">9 points: 4 for Part A (scoreGuess) and 5 for Part B (findBetterGuess).</p>
</div>
<div class=""faq-item"">
<p class=""faq-q"">What is the correct loop bound for scoreGuess?</p>
<p class=""faq-a"">Use i &lt;= secret.length() - guess.length(). Going up to secret.length() - 1 would try to take a substring that goes out of bounds for any guess longer than 1 character.</p>
</div>
<div class=""faq-item"">
<p class=""faq-q"">How does the alphabetical tie-breaker work?</p>
<p class=""faq-a"">Use guess1.compareTo(guess2). If it returns a positive value, guess1 comes after guess2 alphabetically (is 'greater'), so return guess1. The precondition guarantees the guesses are different, so compareTo will never return 0.</p>
</div>
</div>
<div class=""frq-nav"">
<a href=""/pages/ap-csa-frq-2021"" class=""btn btn-outline"">← 2021 FRQ Index</a>
<a href=""/pages/ap-csa-frq-2021"" class=""btn btn-outline"">2021 FRQ Index</a>
<a href=""/pages/ap-csa-2021-frq-2-combinedtable"" class=""btn btn-outline"">FRQ 2: CombinedTable →</a>
</div>
<div class=""frq-footer-links"">
<a href=""/pages/ap-csa-frq-archive"">Complete FRQ Archive (2004–2025)</a> •
<a href=""/pages/ap-csa-frqs-by-topic"">FRQs by Topic</a>
</div>
</div>
<script>
(function(){
var frq21q1S=22*60,frq21q1I=null,frq21q1R=false;
function frq21q1D(){var m=Math.floor(frq21q1S/60),s=frq21q1S%60;var e=document.getElementById('frq21q1-timer');if(e)e.textContent=m+':'+(s<10?'0':'')+s;}
window.frq21q1Start=function(){if(frq21q1R)return;frq21q1R=true;frq21q1I=setInterval(function(){if(frq21q1S>0){frq21q1S--;frq21q1D();}else{clearInterval(frq21q1I);frq21q1R=false;}},1000);};
window.frq21q1Pause=function(){clearInterval(frq21q1I);frq21q1R=false;};
window.frq21q1Reset=function(){clearInterval(frq21q1I);frq21q1R=false;frq21q1S=22*60;frq21q1D();};
var IND='    ';
function getInd(t,p){var ls=t.lastIndexOf('\n',p-1)+1;var m=t.substring(ls).match(/^([ \t]*)/);return m?m[1]:'';}
function initEd(el){
  if(!el)return;
  el.addEventListener('keydown',function(e){
    var ta=this,s=ta.selectionStart,end=ta.selectionEnd,v=ta.value;
    if(e.key==='Tab'){e.preventDefault();if(e.shiftKey){var ls=v.lastIndexOf('\n',s-1)+1;var lt=v.substring(ls);if(lt.substring(0,IND.length)===IND){ta.value=v.substring(0,ls)+lt.substring(IND.length);ta.selectionStart=ta.selectionEnd=Math.max(s-IND.length,ls);}}else{ta.value=v.substring(0,s)+IND+v.substring(end);ta.selectionStart=ta.selectionEnd=s+IND.length;}return;}
    var P={'(':')','[':']','{':'}','""':'""',""'"":""'""};
    if(P[e.key]){var cl=P[e.key];if(e.key==='""'||e.key===""'""){if(v.charAt(s)===e.key){e.preventDefault();ta.selectionStart=ta.selectionEnd=s+1;return;}var bf=v.substring(0,s);var ct=0;for(var i=0;i<bf.length;i++)if(bf[i]===e.key)ct++;if(ct%2===1)return;}if(v.charAt(s)===cl&&e.key!==cl){e.preventDefault();ta.selectionStart=ta.selectionEnd=s+1;return;}e.preventDefault();ta.value=v.substring(0,s)+e.key+cl+v.substring(end);ta.selectionStart=ta.selectionEnd=s+1;return;}
    var CLOSE=[')','[',']',String.fromCharCode(125)];
    if(CLOSE.indexOf(e.key)>=0&&e.key!==String.fromCharCode(91)){if(v.charAt(s)===e.key){e.preventDefault();ta.selectionStart=ta.selectionEnd=s+1;return;}}
    if(e.key==='Backspace'&&s===end&&s>0){var bc=v.charAt(s-1);var ac=v.charAt(s);if(P[bc]&&P[bc]===ac){e.preventDefault();ta.value=v.substring(0,s-1)+v.substring(s+1);ta.selectionStart=ta.selectionEnd=s-1;return;}}
  });
  el.addEventListener('beforeinput',function(e){
    if(e.inputType==='insertLineBreak'||e.inputType==='insertParagraph'){
      e.preventDefault();var ta=this;var v=ta.value;var s=ta.selectionStart;var end=ta.selectionEnd;
      var ind=getInd(v,s);var cb=v.charAt(s-1);var ca=v.charAt(s);
      var OB=String.fromCharCode(123);var CB=String.fromCharCode(125);
      if(cb===OB&&ca===CB){var nt='\n'+ind+IND+'\n'+ind;ta.value=v.substring(0,s)+nt+v.substring(end);ta.selectionStart=ta.selectionEnd=s+1+ind.length+IND.length;}
      else if(cb===OB){var nt='\n'+ind+IND;ta.value=v.substring(0,s)+nt+v.substring(end);ta.selectionStart=ta.selectionEnd=s+nt.length;}
      else{var nt='\n'+ind;ta.value=v.substring(0,s)+nt+v.substring(end);ta.selectionStart=ta.selectionEnd=s+nt.length;}
    }
  });
}
  initEd(document.getElementById('frq21q1-ea'));
  initEd(document.getElementById('frq21q1-eb'));
(function(){var m=/Android|iPhone|iPad|iPod|Opera Mini|IEMobile/i.test(navigator.userAgent);if(m){var ifr=document.getElementById('frq21q1-pdf-iframe');var fb=document.getElementById('frq21q1-pdf-fallback');if(ifr&&fb){ifr.style.display='none';fb.style.display='block';}};})();
})();
</script>","TRUE","2026-03-01 12:00:00"
"ap-csa-2021-frq-2-combinedtable","MERGE","<style>#frq2026note-ap-csa-2021-frq-2-combinedtable{all:initial!important;display:block!important;box-sizing:border-box!important;font-family:-apple-system,BlinkMacSystemFont,""Segoe UI"",Roboto,Helvetica,Arial,sans-serif!important;background:#fffbeb!important;border:1px solid #fcd34d!important;border-left:5px solid #d97706!important;border-radius:8px!important;margin:0 0 18px 0!important;padding:0!important;overflow:hidden!important;}#frq2026note-ap-csa-2021-frq-2-combinedtable *{box-sizing:border-box!important;font-family:inherit!important;}#frq2026note-ap-csa-2021-frq-2-combinedtable summary{display:block!important;cursor:pointer!important;padding:12px 15px!important;font-size:0.95em!important;line-height:1.5!important;list-style:none!important;color:#78350f!important;-webkit-text-fill-color:#78350f!important;}#frq2026note-ap-csa-2021-frq-2-combinedtable summary::-webkit-details-marker{display:none!important;}#frq2026note-ap-csa-2021-frq-2-combinedtable summary::marker{content:""""!important;}#frq2026note-ap-csa-2021-frq-2-combinedtable summary:hover{background:#fef3c7!important;}#frq2026note-ap-csa-2021-frq-2-combinedtable summary strong{font-weight:700!important;color:#78350f!important;-webkit-text-fill-color:#78350f!important;}#frq2026note-ap-csa-2021-frq-2-combinedtable .n26-body{display:block!important;padding:0 15px 14px!important;font-size:0.92em!important;line-height:1.6!important;color:#78350f!important;-webkit-text-fill-color:#78350f!important;}#frq2026note-ap-csa-2021-frq-2-combinedtable .n26-body p{margin:0 0 10px!important;color:#78350f!important;-webkit-text-fill-color:#78350f!important;}#frq2026note-ap-csa-2021-frq-2-combinedtable .n26-body strong{font-weight:700!important;color:#78350f!important;-webkit-text-fill-color:#78350f!important;}#frq2026note-ap-csa-2021-frq-2-combinedtable table{border-collapse:collapse!important;width:100%!important;margin:0 0 10px!important;font-size:0.95em!important;background:#fffdf5!important;}#frq2026note-ap-csa-2021-frq-2-combinedtable th,#frq2026note-ap-csa-2021-frq-2-combinedtable td{border:1px solid #fcd34d!important;padding:6px 9px!important;text-align:left!important;color:#78350f!important;-webkit-text-fill-color:#78350f!important;}#frq2026note-ap-csa-2021-frq-2-combinedtable th{background:#fef3c7!important;font-weight:700!important;}#frq2026note-ap-csa-2021-frq-2-combinedtable a{color:#92400e!important;-webkit-text-fill-color:#92400e!important;text-decoration:underline!important;}#frq2026note-ap-csa-2021-frq-2-combinedtable .n26-src{font-size:0.85em!important;font-style:italic!important;margin:0!important;}</style>
<details id=""frq2026note-ap-csa-2021-frq-2-combinedtable"">
<summary><strong>Heads up: the May 2027 exam scores free response differently from this one.</strong> Tap for the current point structure.</summary>
<div class=""n26-body"">
<p>Every AP CSA free-response question from 2004 through 2025 was worth <strong>9 points</strong>, and the section was 36. From 2026 the four questions are worth <strong>7, 7, 5 and 6</strong>, the section is <strong>25 points</strong>, and only Question 1 has parts.</p>
<table><tr><th>Question</th><th>Points</th><th>Parts</th><th>Type</th></tr><tr><td>Question 1</td><td><strong>7</strong></td><td>Part A 4 + Part B 3</td><td>Methods and Control Structures</td></tr><tr><td>Question 2</td><td><strong>7</strong></td><td>single part</td><td>Class Design</td></tr><tr><td>Question 3</td><td><strong>5</strong></td><td>single part</td><td>Data Analysis with ArrayList</td></tr><tr><td>Question 4</td><td><strong>6</strong></td><td>single part</td><td>2D Array</td></tr></table>
<p>Section I is now 42 multiple-choice questions at 55% of the score, and Section II is 45%. The question on this page is still worth practising. The 9 points printed below it are not the rubric you will be scored against.</p>
<p class=""n26-src"">Point totals from College Board's 2026 scoring guidelines; section weightings from the AP Computer Science A exam page. See the <a href=""/pages/ap-csa-frq-2026"">2026 questions</a> for the current format.</p>
</div>
</details>
<script type=""application/ld+json"">{""@context"":""https://schema.org"",""@type"":""FAQPage"",""mainEntity"":[{""@type"":""Question"",""name"":""What does 2021 AP CSA FRQ 2 CombinedTable test?"",""acceptedAnswer"":{""@type"":""Answer"",""text"":""FRQ 2 tests writing a complete class that contains two object references. The class composes two SingleTable objects and provides methods to compute seating capacity and desirability based on those objects' data.""}},
    {""@type"":""Question"",""name"":""How many points is FRQ 2 worth?"",""acceptedAnswer"":{""@type"":""Answer"",""text"":""9 points for the complete CombinedTable class.""}},
    {""@type"":""Question"",""name"":""Why must I store references to the SingleTable objects, not copies?"",""acceptedAnswer"":{""@type"":""Answer"",""text"":""The example shows that when setViewQuality is called on one of the single tables, the getDesirability() of the CombinedTable changes too. This only works if you store references to the actual objects, not cached values.""}},
    {""@type"":""Question"",""name"":""Why divide by 2.0 instead of 2 in getDesirability?"",""acceptedAnswer"":{""@type"":""Answer"",""text"":""Dividing two ints by 2 would use integer division. Using 2.0 forces a double result, preserving the decimal for the average.""}}]}</script>
<script type=""application/ld+json"">{""@context"":""https://schema.org"",""@type"":""Article"",""headline"":""2021 AP CSA FRQ 2: CombinedTable - Complete Solution and Scoring Guide"",""description"":""Complete solution for 2021 AP CSA FRQ 2 (CombinedTable) with step-by-step explanations, scoring rubric, common mistakes, and exam tips."",""author"":{""@type"":""Person"",""name"":""Tanner Crow"",""url"":""https://www.wyzant.com/tutors/tannerc12""},""publisher"":{""@type"":""Organization"",""name"":""AP CS Exam Prep"",""url"":""https://www.apcsexamprep.com""},""datePublished"":""2021-09-01"",""dateModified"":""2026-03-14"",""educationalLevel"":""AP""}</script>
<script type=""application/ld+json"">{""@context"":""https://schema.org"",""@type"":""BreadcrumbList"",""itemListElement"":[{""@type"":""ListItem"",""position"":1,""name"":""FRQ Archive"",""item"":""https://www.apcsexamprep.com/pages/ap-csa-frq-archive""},{""@type"":""ListItem"",""position"":2,""name"":""2021 FRQs"",""item"":""https://www.apcsexamprep.com/pages/ap-csa-frq-2021""},{""@type"":""ListItem"",""position"":3,""name"":""FRQ 2: CombinedTable"",""item"":""https://www.apcsexamprep.com/pages/ap-csa-2021-frq-2-combinedtable""}]}</script>
<div id=""frq21q2"">
<style>
.page-title,.article__title,.page__title,.template-page h1:first-of-type{display:none!important}
#frq21q2{all:initial!important;display:block!important;font-family:-apple-system,BlinkMacSystemFont,'Segoe UI',Roboto,Oxygen,Ubuntu,Cantarell,sans-serif!important;line-height:1.7!important;color:#1e293b!important;max-width:880px!important;margin:0 auto!important;padding:24px 20px 60px!important;-webkit-font-smoothing:antialiased!important;background:#ffffff!important}
#frq21q2 *{box-sizing:border-box!important}
#frq21q2 img{max-width:100%!important;height:auto!important}
#frq21q2 h1{font-size:2em!important;font-weight:800!important;color:#1e3a8a!important;-webkit-text-fill-color:#1e3a8a!important;margin:0 0 8px!important;line-height:1.2!important;border:none!important;padding:0!important}
#frq21q2 h2{font-size:1.5em!important;font-weight:700!important;color:#1e40af!important;-webkit-text-fill-color:#1e40af!important;margin:40px 0 16px!important;padding-left:12px!important;border-left:4px solid #60a5fa!important;border-bottom:none!important;line-height:1.3!important}
#frq21q2 h3{font-size:1.2em!important;font-weight:600!important;color:#1e40af!important;-webkit-text-fill-color:#1e40af!important;margin:24px 0 12px!important;line-height:1.3!important}
#frq21q2 h4{font-size:1.05em!important;font-weight:600!important;color:#334155!important;margin:20px 0 10px!important}
#frq21q2 p{margin:0 0 16px!important;color:#1e293b!important;font-size:16px!important;line-height:1.7!important}
#frq21q2 a{color:#2563eb!important;-webkit-text-fill-color:#2563eb!important;text-decoration:underline!important}
#frq21q2 a:link{color:#2563eb!important;-webkit-text-fill-color:#2563eb!important}
#frq21q2 a:visited{color:#2563eb!important;-webkit-text-fill-color:#2563eb!important}
#frq21q2 a:hover{color:#1d4ed8!important;-webkit-text-fill-color:#1d4ed8!important}
#frq21q2 strong{font-weight:700!important;color:#1e293b!important}
#frq21q2 ul,#frq21q2 ol{margin:0 0 16px!important;padding-left:24px!important;color:#1e293b!important}
#frq21q2 li{margin:0 0 8px!important;font-size:16px!important;line-height:1.7!important}
#frq21q2 .frq-breadcrumb{font-size:14px!important;color:#64748b!important;margin-bottom:24px!important;display:block!important}
#frq21q2 .frq-breadcrumb a{color:#2563eb!important;-webkit-text-fill-color:#2563eb!important;text-decoration:none!important;font-size:14px!important}
#frq21q2 .frq-breadcrumb a:link,#frq21q2 .frq-breadcrumb a:visited{color:#2563eb!important;-webkit-text-fill-color:#2563eb!important}
#frq21q2 .frq-year-label{display:inline-block!important;background:#dbeafe!important;color:#1e40af!important;font-size:13px!important;font-weight:600!important;padding:4px 12px!important;border-radius:4px!important;margin-bottom:8px!important;letter-spacing:0.5px!important;text-transform:uppercase!important}
#frq21q2 .frq-subtitle{color:#64748b!important;font-size:15px!important;margin:0 0 20px!important;line-height:1.6!important}
#frq21q2 .frq-badges{display:flex!important;flex-wrap:wrap!important;gap:8px!important;margin-bottom:24px!important}
#frq21q2 .frq-badge{display:inline-block!important;padding:6px 14px!important;border-radius:20px!important;font-size:13px!important;font-weight:600!important;line-height:1.4!important}
#frq21q2 .frq-badge-blue{background:#dbeafe!important;color:#1e40af!important}
#frq21q2 .frq-badge-green{background:#dcfce7!important;color:#166534!important}
#frq21q2 .frq-badge-purple{background:#ede9fe!important;color:#5b21b6!important}
#frq21q2 .frq-badge-amber{background:#fef3c7!important;color:#92400e!important}
#frq21q2 .frq-meta-table{width:100%!important;border-collapse:collapse!important;margin:0 0 24px!important;font-size:15px!important}
#frq21q2 .frq-meta-table td{padding:10px 16px!important;border-bottom:1px solid #e5e7eb!important;color:#1e293b!important;vertical-align:top!important}
#frq21q2 .frq-meta-table td:first-child{font-weight:600!important;color:#475569!important;width:160px!important}
#frq21q2 .frq-summary{background-color:#f0f9ff!important;border:1px solid #bae6fd!important;border-radius:8px!important;padding:20px 24px!important;margin:0 0 24px!important}
#frq21q2 .frq-summary h2{font-size:1.15em!important;margin:0 0 12px!important;padding-left:0!important;border-left:none!important;color:#0c4a6e!important;-webkit-text-fill-color:#0c4a6e!important}
#frq21q2 .frq-summary p{margin:0!important;color:#1e293b!important;font-size:15px!important;line-height:1.7!important}
#frq21q2 .frq-curriculum{background-color:#fefce8!important;border:1px solid #fde68a!important;border-radius:8px!important;padding:20px 24px!important;margin:0 0 24px!important}
#frq21q2 .frq-curriculum h2{font-size:1.15em!important;margin:0 0 12px!important;padding-left:0!important;border-left:none!important;color:#713f12!important;-webkit-text-fill-color:#713f12!important}
#frq21q2 .frq-curriculum p{margin:0 0 8px!important;color:#1e293b!important;font-size:15px!important}
#frq21q2 .frq-curriculum p:last-child{margin-bottom:0!important}
#frq21q2 .frq-jumplinks{display:flex!important;flex-wrap:wrap!important;gap:8px!important;margin:0 0 32px!important;padding:16px 0!important;border-top:1px solid #e5e7eb!important;border-bottom:1px solid #e5e7eb!important}
#frq21q2 .frq-jumplinks a{display:inline-block!important;padding:6px 14px!important;background:#f1f5f9!important;color:#334155!important;-webkit-text-fill-color:#334155!important;border-radius:6px!important;font-size:13px!important;font-weight:600!important;text-decoration:none!important}
#frq21q2 .frq-jumplinks a:link,#frq21q2 .frq-jumplinks a:visited{color:#334155!important;-webkit-text-fill-color:#334155!important}
#frq21q2 .frq-jumplinks a:hover{background:#e2e8f0!important;color:#1e293b!important;-webkit-text-fill-color:#1e293b!important}
#frq21q2 pre{background:#1e293b!important;color:#e2e8f0!important;padding:20px!important;border-radius:8px!important;overflow-x:auto!important;font-family:Consolas,Monaco,'Courier New',monospace!important;font-size:14px!important;line-height:1.6!important;white-space:pre!important;margin:16px 0!important;border:none!important}
#frq21q2 code{font-family:Consolas,Monaco,'Courier New',monospace!important;font-size:14px!important}
#frq21q2 p code,#frq21q2 li code,#frq21q2 td code{background:#f1f5f9!important;color:#be185d!important;padding:2px 6px!important;border-radius:4px!important;font-size:13px!important}
#frq21q2 table{width:100%!important;border-collapse:collapse!important;margin:16px 0!important;font-size:15px!important}
#frq21q2 th{background:#f8fafc!important;color:#334155!important;font-weight:600!important;padding:12px 16px!important;text-align:left!important;border-bottom:2px solid #cbd5e1!important}
#frq21q2 td{padding:10px 16px!important;border-bottom:1px solid #e5e7eb!important;color:#1e293b!important;vertical-align:top!important}
#frq21q2 .frq-intro{background-color:#eff6ff!important;padding:20px!important;border-radius:8px!important;margin:0 0 24px!important;border-left:4px solid #3b82f6!important}
#frq21q2 .practice-tip{background-color:#dcfce7!important;padding:16px 20px!important;border-radius:6px!important;margin:20px 0!important;border-left:4px solid #10b981!important}
#frq21q2 .key-insight{background-color:#dbeafe!important;padding:16px 20px!important;border-radius:6px!important;margin:20px 0!important;border-left:4px solid #3b82f6!important}
#frq21q2 .common-mistake{background-color:#fef2f2!important;padding:16px 20px!important;border-radius:6px!important;margin:20px 0!important;border-left:4px solid #ef4444!important}
#frq21q2 .scoring-guide{background-color:#f9fafb!important;border:1px solid #e5e7eb!important;border-radius:8px!important;padding:20px!important;margin:20px 0!important}
#frq21q2 .frq-collapsible{cursor:pointer!important;background:#f8fafc!important;border:1px solid #e2e8f0!important;border-radius:8px!important;padding:16px 20px!important;margin:16px 0!important;font-weight:600!important;font-size:15px!important;color:#1e40af!important;-webkit-text-fill-color:#1e40af!important;display:block!important;width:100%!important;text-align:left!important}
#frq21q2 .frq-collapsible:hover{background:#eef2ff!important}
#frq21q2 .frq-collapsible-content{display:none!important;padding:20px!important;border:1px solid #e2e8f0!important;border-top:none!important;border-radius:0 0 8px 8px!important;margin-top:-17px!important;background:#ffffff!important}
#frq21q2 .frq-collapsible-content.open{display:block!important}
#frq21q2 .frq-editor{position:relative!important;margin:20px 0!important}
#frq21q2 .frq-editor textarea{width:100%!important;min-height:200px!important;font-family:Consolas,Monaco,'Courier New',monospace!important;font-size:14px!important;line-height:1.6!important;padding:16px!important;border:2px solid #cbd5e1!important;border-radius:8px!important;background:#1e293b!important;color:#e2e8f0!important;resize:vertical!important;tab-size:4!important;-moz-tab-size:4!important;white-space:pre!important;overflow-wrap:normal!important;overflow-x:auto!important}
#frq21q2 .frq-editor textarea:focus{border-color:#3b82f6!important;outline:none!important;box-shadow:0 0 0 3px rgba(59,130,246,0.15)!important}
#frq21q2 .frq-editor textarea::placeholder{color:#64748b!important}
#frq21q2 .frq-editor-hint{display:block!important;text-align:right!important;font-size:11px!important;color:#94a3b8!important;margin-top:4px!important;font-style:italic!important;padding-right:4px!important}
#frq21q2 .btn{display:inline-block!important;padding:12px 24px!important;background-color:#3b82f6!important;color:white!important;-webkit-text-fill-color:white!important;text-decoration:none!important;border-radius:6px!important;font-weight:600!important;font-size:15px!important;border:none!important;cursor:pointer!important;opacity:1!important;visibility:visible!important}
#frq21q2 .btn:hover{background-color:#2563eb!important;color:white!important;-webkit-text-fill-color:white!important}
#frq21q2 a.btn:link,#frq21q2 a.btn:visited{color:white!important;-webkit-text-fill-color:white!important;text-decoration:none!important}
#frq21q2 .btn-sm{padding:8px 16px!important;font-size:13px!important}
#frq21q2 .btn-outline{background:transparent!important;border:2px solid #3b82f6!important;color:#3b82f6!important;-webkit-text-fill-color:#3b82f6!important}
#frq21q2 a.btn-outline:link,#frq21q2 a.btn-outline:visited{color:#3b82f6!important;-webkit-text-fill-color:#3b82f6!important;text-decoration:none!important}
#frq21q2 .btn-outline:hover{background:#3b82f6!important;color:white!important;-webkit-text-fill-color:white!important}
#frq21q2 .btn-green{background-color:#16a34a!important;color:white!important;-webkit-text-fill-color:white!important}
#frq21q2 a.btn-green:link,#frq21q2 a.btn-green:visited{color:white!important;-webkit-text-fill-color:white!important;text-decoration:none!important}
#frq21q2 .btn-green:hover{background-color:#15803d!important}
#frq21q2 .frq-timer{display:flex!important;align-items:center!important;gap:12px!important;margin:20px 0!important;padding:12px 20px!important;background:#f8fafc!important;border:1px solid #e2e8f0!important;border-radius:8px!important}
#frq21q2 .frq-timer-label{font-weight:600!important;color:#475569!important;font-size:14px!important}
#frq21q2 .frq-timer-display{font-family:Consolas,Monaco,monospace!important;font-size:24px!important;font-weight:700!important;color:#1e293b!important;min-width:80px!important}
#frq21q2 .frq-timer button{padding:6px 14px!important;border-radius:4px!important;border:1px solid #cbd5e1!important;background:#ffffff!important;color:#475569!important;-webkit-text-fill-color:#475569!important;font-size:13px!important;font-weight:600!important;cursor:pointer!important}
#frq21q2 .mistake-block{border:1px solid #e5e7eb!important;border-radius:8px!important;margin:20px 0!important;overflow:hidden!important}
#frq21q2 .mistake-header{padding:14px 20px!important;font-weight:600!important;font-size:15px!important;color:#1e293b!important;background:#fef2f2!important;border-bottom:1px solid #e5e7eb!important}
#frq21q2 .mistake-body{padding:16px 20px!important}
#frq21q2 .mistake-label{display:inline-block!important;font-size:12px!important;font-weight:700!important;text-transform:uppercase!important;letter-spacing:0.5px!important;padding:3px 8px!important;border-radius:4px!important;margin-bottom:8px!important}
#frq21q2 .mistake-wrong{background:#fef2f2!important;color:#dc2626!important}
#frq21q2 .mistake-right{background:#dcfce7!important;color:#16a34a!important}
#frq21q2 .exam-tip{padding:12px 16px 12px 44px!important;background:#f0fdf4!important;border-radius:6px!important;margin:10px 0!important;position:relative!important;font-size:15px!important;line-height:1.6!important;color:#1e293b!important}
#frq21q2 .exam-tip::before{content:'\2713'!important;position:absolute!important;left:16px!important;top:12px!important;color:#16a34a!important;font-weight:700!important;font-size:16px!important}
#frq21q2 .related-card{display:block!important;padding:16px 20px!important;border:1px solid #e5e7eb!important;border-radius:8px!important;margin:10px 0!important;text-decoration:none!important}
#frq21q2 .related-card:hover{border-color:#3b82f6!important;background:#f8fafc!important}
#frq21q2 a.related-card:link,#frq21q2 a.related-card:visited{text-decoration:none!important}
#frq21q2 .related-card .card-type{font-size:12px!important;font-weight:600!important;text-transform:uppercase!important;color:#64748b!important;letter-spacing:0.5px!important;margin-bottom:4px!important;display:block!important}
#frq21q2 .related-card .card-title{font-size:15px!important;font-weight:600!important;color:#1e40af!important;-webkit-text-fill-color:#1e40af!important;display:block!important}
#frq21q2 .cta-box{background:linear-gradient(135deg,#1e3a8a 0%,#1e40af 100%)!important;color:#ffffff!important;padding:32px!important;border-radius:12px!important;margin:32px 0!important;text-align:center!important}
#frq21q2 .cta-box h3{color:#ffffff!important;-webkit-text-fill-color:#ffffff!important;font-size:1.3em!important;margin:0 0 12px!important}
#frq21q2 .cta-box p{color:#dbeafe!important;font-size:15px!important}
#frq21q2 .cta-box .btn{background:#ffffff!important;color:#1e40af!important;-webkit-text-fill-color:#1e40af!important}
#frq21q2 .cta-box a.btn:link,#frq21q2 .cta-box a.btn:visited{color:#1e40af!important;-webkit-text-fill-color:#1e40af!important}
#frq21q2 .tutor-cta{background:#f8fafc!important;border:1px solid #e2e8f0!important;border-radius:12px!important;padding:28px!important;margin:32px 0!important}
#frq21q2 .tutor-stats{display:flex!important;gap:24px!important;flex-wrap:wrap!important;margin:16px 0!important}
#frq21q2 .tutor-stat{text-align:center!important}
#frq21q2 .tutor-stat-value{font-size:20px!important;font-weight:700!important;color:#1e40af!important;-webkit-text-fill-color:#1e40af!important;display:block!important}
#frq21q2 .tutor-stat-label{font-size:12px!important;color:#64748b!important}
#frq21q2 .frq-nav{display:flex!important;justify-content:space-between!important;align-items:center!important;margin:40px 0 20px!important;gap:12px!important;flex-wrap:wrap!important}
#frq21q2 .frq-footer-links{text-align:center!important;margin:16px 0 0!important;font-size:14px!important;color:#64748b!important}
#frq21q2 .frq-footer-links a{color:#2563eb!important;-webkit-text-fill-color:#2563eb!important;font-size:14px!important}
#frq21q2 .scoring-summary{margin:24px 0!important}
#frq21q2 .scoring-summary table{width:100%!important}
#frq21q2 .scoring-summary td:last-child,#frq21q2 .scoring-summary th:last-child{text-align:center!important;font-weight:700!important}
#frq21q2 .faq-item{border-bottom:1px solid #e5e7eb!important;padding:20px 0!important}
#frq21q2 .faq-item:last-child{border-bottom:none!important}
#frq21q2 .faq-q{font-weight:600!important;color:#1e293b!important;font-size:16px!important;margin:0 0 8px!important}
#frq21q2 .faq-a{color:#475569!important;font-size:15px!important;line-height:1.7!important;margin:0!important}
#frq21q2 .frq-pdf-wrap{width:100%!important;border:2px solid #cbd5e1!important;border-radius:8px!important;overflow:hidden!important;margin:16px 0 20px!important;background:#f1f5f9!important}
#frq21q2 .frq-pdf-wrap iframe{width:100%!important;height:680px!important;border:none!important;display:block!important}
#frq21q2 .frq-pdf-fallback{padding:20px!important;text-align:center!important;background:#f8fafc!important;display:none!important;font-size:14px!important;color:#475569!important}
#frq21q2 .frq-video-wrap{position:relative!important;padding-bottom:56.25%!important;height:0!important;overflow:hidden!important;border-radius:8px!important;margin:16px 0!important;background:#0f172a!important}
#frq21q2 .frq-video-wrap iframe{position:absolute!important;top:0!important;left:0!important;width:100%!important;height:100%!important;border:none!important;border-radius:8px!important}
#frq21q2 .frq-editor textarea::selection{background:#3b82f6!important;color:#ffffff!important;-webkit-text-fill-color:#ffffff!important}
#frq21q2 .frq-editor textarea::-moz-selection{background:#3b82f6!important;color:#ffffff!important}
@media(max-width:640px){
#frq21q2{padding:16px 14px 40px!important}
#frq21q2 h1{font-size:1.5em!important}
#frq21q2 h2{font-size:1.25em!important}
#frq21q2 .frq-timer{flex-wrap:wrap!important}
#frq21q2 .tutor-stats{gap:16px!important}
#frq21q2 .frq-nav{flex-direction:column!important;align-items:stretch!important}
#frq21q2 .frq-nav .btn{text-align:center!important}
}
</style>
<div class=""frq-breadcrumb"">
<a href=""/pages/ap-csa-frq-archive"">FRQ Archive</a> ›
<a href=""/pages/ap-csa-frq-2021"">2021 FRQs</a> ›
FRQ 2: CombinedTable
</div>
<div class=""frq-year-label"">2021 AP CSA • Class Writing</div>
<h1>AP CSA 2021 FRQ 2: CombinedTable</h1>
<p class=""frq-subtitle"">Complete solution, scoring rubric, and walkthrough — verified from the official College Board PDF</p>
<div class=""frq-badges"">
<span class=""frq-badge frq-badge-blue"">9 Points</span>
<span class=""frq-badge frq-badge-amber"">Medium</span>
<span class=""frq-badge frq-badge-purple"">Unit 3</span>
</div>
<table class=""frq-meta-table"">
<tr>
<td>Question Type</td>
<td>Class Writing</td>
</tr>
<tr>
<td>Skills Tested</td>
<td>Class design, object composition, method delegation, reference semantics</td>
</tr>
<tr>
<td>Difficulty</td>
<td>Medium</td>
</tr>
<tr>
<td>Recommended Time</td>
<td>22 minutes</td>
</tr>
</table>
<div class=""frq-summary"">
<h2>What This Problem Asks</h2>
<p>2021 AP CSA FRQ 2 CombinedTable asks students to write a class that combines two <code>SingleTable</code> objects. The class stores references to both tables, <code>canSeat(n)</code> checks whether the combined table (total seats minus 2) can accommodate n people, and <code>getDesirability</code> averages the view qualities and subtracts 10 if the heights differ.</p>
</div>
<div class=""frq-curriculum"">
<h2>What This FRQ Tests</h2>
<p>This FRQ tests <a href=""/pages/ap-csa-unit-3-complete-study-guide""><strong>Unit 3: Class Creation</strong></a> (object composition, method delegation, reference semantics) and <a href=""/pages/ap-csa-unit-1-complete-study-guide""><strong>Unit 1</strong></a> (calling methods on objects).</p>
</div>
<div class=""frq-jumplinks"">
<a href=""#frq21q2-pdf"">Official PDF</a>
<a href=""#frq21q2-code"">Provided Code</a>
<a href=""#frq21q2-parta"">Part A</a>

<a href=""#frq21q2-mistakes"">Mistakes</a>
<a href=""#frq21q2-tips"">Tips</a>
<a href=""#frq21q2-faq"">FAQ</a>
</div>
<div id=""frq21q2-pdf"">
<h2>Official Question &amp; PDF</h2>
<p>
<a href=""https://apcentral.collegeboard.org/media/pdf/ap21-frq-computer-science-a.pdf"" target=""_blank"" rel=""noopener"" class=""btn btn-sm"">Download Full FRQ PDF →</a>
</p>
<div class=""frq-pdf-wrap"">
<iframe src=""https://apcentral.collegeboard.org/media/pdf/ap21-frq-computer-science-a.pdf#page=7"" title=""2021 AP CSA FRQ 2 CombinedTable"" loading=""lazy"" id=""frq21q2-pdf-iframe""></iframe>
<div class=""frq-pdf-fallback"" id=""frq21q2-pdf-fallback"">
<p>PDF cannot display on this device. <a href=""https://apcentral.collegeboard.org/media/pdf/ap21-frq-computer-science-a.pdf"" target=""_blank"" rel=""noopener"">Open PDF directly →</a></p>
</div>
</div>
</div>
<div class=""frq-timer"">
<span class=""frq-timer-label"">Timer</span>
<span class=""frq-timer-display"" id=""frq21q2-timer"">22:00</span>
<button onclick=""frq21q2Start()"">Start</button>
<button onclick=""frq21q2Pause()"">Pause</button>
<button onclick=""frq21q2Reset()"">Reset</button>
</div>
<div id=""frq21q2-code"">
<h2>Provided Code</h2>
<pre>public class SingleTable
{
        public int getNumSeats() {
        /* &gt;= 4, not shown */
    }
    public int getHeight() { /* not shown */ }
    public double getViewQuality() { /* not shown */ }
    public void setViewQuality(double value) { /* not shown */ }
}

// Write the complete CombinedTable class:
// - Composed of two SingleTable objects
// - canSeat(int n): returns true if (total seats - 2) &gt;= n
// - getDesirability(): average of view qualities; if heights differ, subtract 10</pre>
</div>
<div id=""frq21q2-parta"">
<h2>Part A — 9 Points</h2>
<p>Write the complete <code>CombinedTable</code> class with a constructor taking two <code>SingleTable</code> parameters, <code>canSeat(int numPeople)</code>, and <code>getDesirability()</code> methods.</p>
<h3>Write Your Solution</h3>
<div class=""frq-editor"">
<textarea id=""frq21q2-ea"" placeholder=""// Write Part A here...
// Tab to indent | Brackets auto-close | Enter auto-indents""></textarea>
<span class=""frq-editor-hint"">Drag corner to expand ▽</span>
</div>
<p>
<button class=""btn btn-sm btn-green"" onclick=""document.getElementById('frq21q2-sola').classList.add('open')"">Check Answer</button>
 
<button class=""btn btn-sm btn-outline"" onclick=""document.getElementById('frq21q2-ea').value=''"">Clear</button>
</p>
<button class=""frq-collapsible"" onclick=""this.nextElementSibling.classList.toggle('open')"">View Solution and Rubric ▼</button>
<div class=""frq-collapsible-content"" id=""frq21q2-sola"">
<h4>Scoring Rubric — 9 Points</h4>
<table>
<tr>
<td><strong>+1</strong></td>
<td>Class header: <code>public class CombinedTable</code>
</td>
</tr>
<tr>
<td><strong>+1</strong></td>
<td>Constructor stores references to both SingleTable objects in instance variables</td>
</tr>
<tr>
<td><strong>+1</strong></td>
<td>Constructor header: <code>CombinedTable(SingleTable, SingleTable)</code> declared <code>public</code>
</td>
</tr>
<tr>
<td><strong>+1</strong></td>
<td>Declares public method headers for <code>canSeat</code> and <code>getDesirability</code>
</td>
</tr>
<tr>
<td><strong>+1</strong></td>
<td>
<code>canSeat</code> computes total seats and subtracts 2</td>
</tr>
<tr>
<td><strong>+1</strong></td>
<td>
<code>canSeat</code> returns correct boolean</td>
</tr>
<tr>
<td><strong>+1</strong></td>
<td>
<code>getDesirability</code> computes average of the two view qualities</td>
</tr>
<tr>
<td><strong>+1</strong></td>
<td>
<code>getDesirability</code> subtracts 10 when heights differ</td>
</tr>
<tr>
<td><strong>+1</strong></td>
<td>
<code>getDesirability</code> returns the correct value (algorithm)</td>
</tr>
</table>
<h4>Complete Solution</h4>
<pre>public class CombinedTable
{
    private SingleTable table1;
    private SingleTable table2;

    public CombinedTable(SingleTable t1, SingleTable t2)
    {
        table1 = t1;
        table2 = t2;
    }

    public boolean canSeat(int numPeople)
    {
        int totalSeats = table1.getNumSeats() + table2.getNumSeats() - 2;
        return numPeople &lt;= totalSeats;
    }

    public double getDesirability()
    {
        double avg = (table1.getViewQuality() + table2.getViewQuality()) / 2.0;
        if (table1.getHeight() != table2.getHeight())
        {
            avg -= 10;
        }
        return avg;
    }
}</pre>
<div class=""key-insight"">
<strong>Store references, not copies:</strong> Store the SingleTable objects themselves (references) so that when <code>t2.setViewQuality(80)</code> is called externally, <code>getDesirability()</code> reflects the updated value. This is shown in the last row of the example table.</div>
</div>
</div>

<div id=""frq21q2-mistakes"">
<h2>Common Mistakes to Avoid</h2>
<div class=""mistake-block"">
<div class=""mistake-header"">Storing values instead of object references</div>
<div class=""mistake-body"">
<p>If you store <code>viewQuality1</code> in the constructor, later changes to the SingleTable won’t be reflected. Store the objects themselves.</p>
<p><span class=""mistake-label mistake-wrong"">Wrong (stores copies)</span></p>
<pre>private double viewQuality1;
public CombinedTable(SingleTable t1, SingleTable t2) {
    viewQuality1 = t1.getViewQuality();  // cached, won't update!
}</pre>
<p><span class=""mistake-label mistake-right"">Correct (stores references)</span></p>
<pre>private SingleTable table1;
public CombinedTable(SingleTable t1, SingleTable t2) {
    table1 = t1;  // reference -- updates automatically
}</pre>
</div>
</div>
</div>
<div id=""frq21q2-tips"">
<h2>Exam Tips</h2>
<div class=""exam-tip"">Store SingleTable references (not extracted values) so that if a table's view quality is later updated, getDesirability() reflects the change.</div>
<div class=""exam-tip"">Use 2.0 (not 2) in the average calculation to avoid integer division.</div>
</div>
<div class=""scoring-summary"">
<h2>Scoring Summary</h2>
<table>
<tr>
<th>Part</th>
<th>Method</th>
<th>Points</th>
</tr>
<tr>
<td><strong>Total (complete class)</strong></td>
<td></td>
<td><strong>9</strong></td>
</tr>
</table>
</div>
<div class=""cta-box"">
<h3>Want the Complete 2021 FRQ Solutions?</h3>
<p>Browse all past AP CSA FRQs with full solutions and scoring breakdowns.</p>
<p style=""margin-top:16px!important""><a href=""/pages/ap-csa-frq-archive"" class=""btn"">FRQ Archive →</a></p>
</div>
<h2>Related FRQs</h2>
<a href=""/pages/ap-csa-2022-frq-2-textbook"" class=""related-card"">
<span class=""card-type"">Class Writing</span>
<span class=""card-title"">2022 FRQ 2: Textbook — Subclass with inheritance</span>
</a>
<a href=""/pages/ap-csa-2023-frq-2-sign"" class=""related-card"">
<span class=""card-type"">Class Writing</span>
<span class=""card-title"">2023 FRQ 2: Sign — Complete class with ceiling division and getLines</span>
</a>
<h2>Study the Concepts</h2>
<p><a href=""/pages/ap-csa-unit-3-complete-study-guide"" class=""btn"">Unit 3 Study Guide →</a>   <a href=""/pages/ap-csa-unit-1-complete-study-guide"" class=""btn btn-outline"">Unit 1 Study Guide →</a></p>
<div class=""tutor-cta"">
<h3>Struggling with FRQs? Get 1-on-1 Help</h3>
<p>Work directly with Tanner — AP CS teacher with 11+ years experience and 1,845+ verified tutoring hours. 54.5% of students score 5s (vs. 25.5% national average).</p>
<div class=""tutor-stats"">
<div class=""tutor-stat"">
<span class=""tutor-stat-value"">5.0</span><span class=""tutor-stat-label"">Rating (451+ reviews)</span>
</div>
<div class=""tutor-stat"">
<span class=""tutor-stat-value"">1,845+</span><span class=""tutor-stat-label"">Verified Hours</span>
</div>
<div class=""tutor-stat"">
<span class=""tutor-stat-value"">54.5%</span><span class=""tutor-stat-label"">Score 5s</span>
</div>
</div>
<p style=""margin-top:16px!important""><a href=""/pages/ap-computer-science-tutor"" class=""btn"">Book a Session ($150/hr) →</a></p>
<p style=""font-size:13px!important;color:#64748b!important;margin-top:8px!important"">5-session packages at $125/hr. Venmo, Zelle, PayPal, or credit card.</p>
</div>
<div id=""frq21q2-faq"">
<h2>Frequently Asked Questions</h2>
<div class=""faq-item"">
<p class=""faq-q"">What does 2021 AP CSA FRQ 2 CombinedTable test?</p>
<p class=""faq-a"">FRQ 2 tests writing a complete class that contains two object references. The class composes two SingleTable objects and provides methods to compute seating capacity and desirability based on those objects' data.</p>
</div>
<div class=""faq-item"">
<p class=""faq-q"">How many points is FRQ 2 worth?</p>
<p class=""faq-a"">9 points for the complete CombinedTable class.</p>
</div>
<div class=""faq-item"">
<p class=""faq-q"">Why must I store references to the SingleTable objects, not copies?</p>
<p class=""faq-a"">The example shows that when setViewQuality is called on one of the single tables, the getDesirability() of the CombinedTable changes too. This only works if you store references to the actual objects, not cached values.</p>
</div>
<div class=""faq-item"">
<p class=""faq-q"">Why divide by 2.0 instead of 2 in getDesirability?</p>
<p class=""faq-a"">Dividing two ints by 2 would use integer division. Using 2.0 forces a double result, preserving the decimal for the average.</p>
</div>
</div>
<div class=""frq-nav"">
<a href=""/pages/ap-csa-2021-frq-1-wordmatch"" class=""btn btn-outline"">← FRQ 1: WordMatch</a>
<a href=""/pages/ap-csa-frq-2021"" class=""btn btn-outline"">2021 FRQ Index</a>
<a href=""/pages/ap-csa-2021-frq-3-clubmembers"" class=""btn btn-outline"">FRQ 3: ClubMembers →</a>
</div>
<div class=""frq-footer-links"">
<a href=""/pages/ap-csa-frq-archive"">Complete FRQ Archive (2004–2025)</a> •
<a href=""/pages/ap-csa-frqs-by-topic"">FRQs by Topic</a>
</div>
</div>
<script>
(function(){
var frq21q2S=22*60,frq21q2I=null,frq21q2R=false;
function frq21q2D(){var m=Math.floor(frq21q2S/60),s=frq21q2S%60;var e=document.getElementById('frq21q2-timer');if(e)e.textContent=m+':'+(s<10?'0':'')+s;}
window.frq21q2Start=function(){if(frq21q2R)return;frq21q2R=true;frq21q2I=setInterval(function(){if(frq21q2S>0){frq21q2S--;frq21q2D();}else{clearInterval(frq21q2I);frq21q2R=false;}},1000);};
window.frq21q2Pause=function(){clearInterval(frq21q2I);frq21q2R=false;};
window.frq21q2Reset=function(){clearInterval(frq21q2I);frq21q2R=false;frq21q2S=22*60;frq21q2D();};
var IND='    ';
function getInd(t,p){var ls=t.lastIndexOf('\n',p-1)+1;var m=t.substring(ls).match(/^([ \t]*)/);return m?m[1]:'';}
function initEd(el){
  if(!el)return;
  el.addEventListener('keydown',function(e){
    var ta=this,s=ta.selectionStart,end=ta.selectionEnd,v=ta.value;
    if(e.key==='Tab'){e.preventDefault();if(e.shiftKey){var ls=v.lastIndexOf('\n',s-1)+1;var lt=v.substring(ls);if(lt.substring(0,IND.length)===IND){ta.value=v.substring(0,ls)+lt.substring(IND.length);ta.selectionStart=ta.selectionEnd=Math.max(s-IND.length,ls);}}else{ta.value=v.substring(0,s)+IND+v.substring(end);ta.selectionStart=ta.selectionEnd=s+IND.length;}return;}
    var P={'(':')','[':']','{':'}','""':'""',""'"":""'""};
    if(P[e.key]){var cl=P[e.key];if(e.key==='""'||e.key===""'""){if(v.charAt(s)===e.key){e.preventDefault();ta.selectionStart=ta.selectionEnd=s+1;return;}var bf=v.substring(0,s);var ct=0;for(var i=0;i<bf.length;i++)if(bf[i]===e.key)ct++;if(ct%2===1)return;}if(v.charAt(s)===cl&&e.key!==cl){e.preventDefault();ta.selectionStart=ta.selectionEnd=s+1;return;}e.preventDefault();ta.value=v.substring(0,s)+e.key+cl+v.substring(end);ta.selectionStart=ta.selectionEnd=s+1;return;}
    var CLOSE=[')','[',']',String.fromCharCode(125)];
    if(CLOSE.indexOf(e.key)>=0&&e.key!==String.fromCharCode(91)){if(v.charAt(s)===e.key){e.preventDefault();ta.selectionStart=ta.selectionEnd=s+1;return;}}
    if(e.key==='Backspace'&&s===end&&s>0){var bc=v.charAt(s-1);var ac=v.charAt(s);if(P[bc]&&P[bc]===ac){e.preventDefault();ta.value=v.substring(0,s-1)+v.substring(s+1);ta.selectionStart=ta.selectionEnd=s-1;return;}}
  });
  el.addEventListener('beforeinput',function(e){
    if(e.inputType==='insertLineBreak'||e.inputType==='insertParagraph'){
      e.preventDefault();var ta=this;var v=ta.value;var s=ta.selectionStart;var end=ta.selectionEnd;
      var ind=getInd(v,s);var cb=v.charAt(s-1);var ca=v.charAt(s);
      var OB=String.fromCharCode(123);var CB=String.fromCharCode(125);
      if(cb===OB&&ca===CB){var nt='\n'+ind+IND+'\n'+ind;ta.value=v.substring(0,s)+nt+v.substring(end);ta.selectionStart=ta.selectionEnd=s+1+ind.length+IND.length;}
      else if(cb===OB){var nt='\n'+ind+IND;ta.value=v.substring(0,s)+nt+v.substring(end);ta.selectionStart=ta.selectionEnd=s+nt.length;}
      else{var nt='\n'+ind;ta.value=v.substring(0,s)+nt+v.substring(end);ta.selectionStart=ta.selectionEnd=s+nt.length;}
    }
  });
}
  initEd(document.getElementById('frq21q2-ea'));
(function(){var m=/Android|iPhone|iPad|iPod|Opera Mini|IEMobile/i.test(navigator.userAgent);if(m){var ifr=document.getElementById('frq21q2-pdf-iframe');var fb=document.getElementById('frq21q2-pdf-fallback');if(ifr&&fb){ifr.style.display='none';fb.style.display='block';}};})();
})();
</script>","TRUE","2026-03-01 12:00:00"
"ap-csa-2021-frq-3-clubmembers","MERGE","<style>#frq2026note-ap-csa-2021-frq-3-clubmembers{all:initial!important;display:block!important;box-sizing:border-box!important;font-family:-apple-system,BlinkMacSystemFont,""Segoe UI"",Roboto,Helvetica,Arial,sans-serif!important;background:#fffbeb!important;border:1px solid #fcd34d!important;border-left:5px solid #d97706!important;border-radius:8px!important;margin:0 0 18px 0!important;padding:0!important;overflow:hidden!important;}#frq2026note-ap-csa-2021-frq-3-clubmembers *{box-sizing:border-box!important;font-family:inherit!important;}#frq2026note-ap-csa-2021-frq-3-clubmembers summary{display:block!important;cursor:pointer!important;padding:12px 15px!important;font-size:0.95em!important;line-height:1.5!important;list-style:none!important;color:#78350f!important;-webkit-text-fill-color:#78350f!important;}#frq2026note-ap-csa-2021-frq-3-clubmembers summary::-webkit-details-marker{display:none!important;}#frq2026note-ap-csa-2021-frq-3-clubmembers summary::marker{content:""""!important;}#frq2026note-ap-csa-2021-frq-3-clubmembers summary:hover{background:#fef3c7!important;}#frq2026note-ap-csa-2021-frq-3-clubmembers summary strong{font-weight:700!important;color:#78350f!important;-webkit-text-fill-color:#78350f!important;}#frq2026note-ap-csa-2021-frq-3-clubmembers .n26-body{display:block!important;padding:0 15px 14px!important;font-size:0.92em!important;line-height:1.6!important;color:#78350f!important;-webkit-text-fill-color:#78350f!important;}#frq2026note-ap-csa-2021-frq-3-clubmembers .n26-body p{margin:0 0 10px!important;color:#78350f!important;-webkit-text-fill-color:#78350f!important;}#frq2026note-ap-csa-2021-frq-3-clubmembers .n26-body strong{font-weight:700!important;color:#78350f!important;-webkit-text-fill-color:#78350f!important;}#frq2026note-ap-csa-2021-frq-3-clubmembers table{border-collapse:collapse!important;width:100%!important;margin:0 0 10px!important;font-size:0.95em!important;background:#fffdf5!important;}#frq2026note-ap-csa-2021-frq-3-clubmembers th,#frq2026note-ap-csa-2021-frq-3-clubmembers td{border:1px solid #fcd34d!important;padding:6px 9px!important;text-align:left!important;color:#78350f!important;-webkit-text-fill-color:#78350f!important;}#frq2026note-ap-csa-2021-frq-3-clubmembers th{background:#fef3c7!important;font-weight:700!important;}#frq2026note-ap-csa-2021-frq-3-clubmembers a{color:#92400e!important;-webkit-text-fill-color:#92400e!important;text-decoration:underline!important;}#frq2026note-ap-csa-2021-frq-3-clubmembers .n26-src{font-size:0.85em!important;font-style:italic!important;margin:0!important;}</style>
<details id=""frq2026note-ap-csa-2021-frq-3-clubmembers"">
<summary><strong>Heads up: the May 2027 exam scores free response differently from this one.</strong> Tap for the current point structure.</summary>
<div class=""n26-body"">
<p>Every AP CSA free-response question from 2004 through 2025 was worth <strong>9 points</strong>, and the section was 36. From 2026 the four questions are worth <strong>7, 7, 5 and 6</strong>, the section is <strong>25 points</strong>, and only Question 1 has parts.</p>
<table><tr><th>Question</th><th>Points</th><th>Parts</th><th>Type</th></tr><tr><td>Question 1</td><td><strong>7</strong></td><td>Part A 4 + Part B 3</td><td>Methods and Control Structures</td></tr><tr><td>Question 2</td><td><strong>7</strong></td><td>single part</td><td>Class Design</td></tr><tr><td>Question 3</td><td><strong>5</strong></td><td>single part</td><td>Data Analysis with ArrayList</td></tr><tr><td>Question 4</td><td><strong>6</strong></td><td>single part</td><td>2D Array</td></tr></table>
<p>Section I is now 42 multiple-choice questions at 55% of the score, and Section II is 45%. The question on this page is still worth practising. The 9 points printed below it are not the rubric you will be scored against.</p>
<p class=""n26-src"">Point totals from College Board's 2026 scoring guidelines; section weightings from the AP Computer Science A exam page. See the <a href=""/pages/ap-csa-frq-2026"">2026 questions</a> for the current format.</p>
</div>
</details>
<script type=""application/ld+json"">{""@context"":""https://schema.org"",""@type"":""FAQPage"",""mainEntity"":[{""@type"":""Question"",""name"":""What does 2021 AP CSA FRQ 3 ClubMembers test?"",""acceptedAnswer"":{""@type"":""Answer"",""text"":""FRQ 3 tests ArrayList operations. addMembers loops through a String array and adds MemberInfo objects. removeMembers traverses backwards (to avoid skipping), conditionally adds graduated-good-standing members to a return list, and always removes graduated members.""}},
    {""@type"":""Question"",""name"":""How many points is FRQ 3 worth?"",""acceptedAnswer"":{""@type"":""Answer"",""text"":""9 points: 4 for Part A (addMembers) and 5 for Part B (removeMembers).""}},
    {""@type"":""Question"",""name"":""Why traverse backwards in removeMembers?"",""acceptedAnswer"":{""@type"":""Answer"",""text"":""When you remove an element from an ArrayList at index i, all subsequent elements shift left. If you traverse forward and remove, you skip the next element. Traversing backwards avoids this issue.""}},
    {""@type"":""Question"",""name"":""What's the difference between the return list and the removal condition?"",""acceptedAnswer"":{""@type"":""Answer"",""text"":""ALL graduated members (gradYear <= year) are removed from memberList regardless of standing. Only graduated members who are ALSO in good standing are added to the returned list.""}}]}</script>
<script type=""application/ld+json"">{""@context"":""https://schema.org"",""@type"":""Article"",""headline"":""2021 AP CSA FRQ 3: ClubMembers - Complete Solution and Scoring Guide"",""description"":""Complete solution for 2021 AP CSA FRQ 3 (ClubMembers) with step-by-step explanations, scoring rubric, common mistakes, and exam tips."",""author"":{""@type"":""Person"",""name"":""Tanner Crow"",""url"":""https://www.wyzant.com/tutors/tannerc12""},""publisher"":{""@type"":""Organization"",""name"":""AP CS Exam Prep"",""url"":""https://www.apcsexamprep.com""},""datePublished"":""2021-09-01"",""dateModified"":""2026-03-14"",""educationalLevel"":""AP""}</script>
<script type=""application/ld+json"">{""@context"":""https://schema.org"",""@type"":""BreadcrumbList"",""itemListElement"":[{""@type"":""ListItem"",""position"":1,""name"":""FRQ Archive"",""item"":""https://www.apcsexamprep.com/pages/ap-csa-frq-archive""},{""@type"":""ListItem"",""position"":2,""name"":""2021 FRQs"",""item"":""https://www.apcsexamprep.com/pages/ap-csa-frq-2021""},{""@type"":""ListItem"",""position"":3,""name"":""FRQ 3: ClubMembers"",""item"":""https://www.apcsexamprep.com/pages/ap-csa-2021-frq-3-clubmembers""}]}</script>
<div id=""frq21q3"">
<style>
.page-title,.article__title,.page__title,.template-page h1:first-of-type{display:none!important}
#frq21q3{all:initial!important;display:block!important;font-family:-apple-system,BlinkMacSystemFont,'Segoe UI',Roboto,Oxygen,Ubuntu,Cantarell,sans-serif!important;line-height:1.7!important;color:#1e293b!important;max-width:880px!important;margin:0 auto!important;padding:24px 20px 60px!important;-webkit-font-smoothing:antialiased!important;background:#ffffff!important}
#frq21q3 *{box-sizing:border-box!important}
#frq21q3 img{max-width:100%!important;height:auto!important}
#frq21q3 h1{font-size:2em!important;font-weight:800!important;color:#1e3a8a!important;-webkit-text-fill-color:#1e3a8a!important;margin:0 0 8px!important;line-height:1.2!important;border:none!important;padding:0!important}
#frq21q3 h2{font-size:1.5em!important;font-weight:700!important;color:#1e40af!important;-webkit-text-fill-color:#1e40af!important;margin:40px 0 16px!important;padding-left:12px!important;border-left:4px solid #60a5fa!important;border-bottom:none!important;line-height:1.3!important}
#frq21q3 h3{font-size:1.2em!important;font-weight:600!important;color:#1e40af!important;-webkit-text-fill-color:#1e40af!important;margin:24px 0 12px!important;line-height:1.3!important}
#frq21q3 h4{font-size:1.05em!important;font-weight:600!important;color:#334155!important;margin:20px 0 10px!important}
#frq21q3 p{margin:0 0 16px!important;color:#1e293b!important;font-size:16px!important;line-height:1.7!important}
#frq21q3 a{color:#2563eb!important;-webkit-text-fill-color:#2563eb!important;text-decoration:underline!important}
#frq21q3 a:link{color:#2563eb!important;-webkit-text-fill-color:#2563eb!important}
#frq21q3 a:visited{color:#2563eb!important;-webkit-text-fill-color:#2563eb!important}
#frq21q3 a:hover{color:#1d4ed8!important;-webkit-text-fill-color:#1d4ed8!important}
#frq21q3 strong{font-weight:700!important;color:#1e293b!important}
#frq21q3 ul,#frq21q3 ol{margin:0 0 16px!important;padding-left:24px!important;color:#1e293b!important}
#frq21q3 li{margin:0 0 8px!important;font-size:16px!important;line-height:1.7!important}
#frq21q3 .frq-breadcrumb{font-size:14px!important;color:#64748b!important;margin-bottom:24px!important;display:block!important}
#frq21q3 .frq-breadcrumb a{color:#2563eb!important;-webkit-text-fill-color:#2563eb!important;text-decoration:none!important;font-size:14px!important}
#frq21q3 .frq-breadcrumb a:link,#frq21q3 .frq-breadcrumb a:visited{color:#2563eb!important;-webkit-text-fill-color:#2563eb!important}
#frq21q3 .frq-year-label{display:inline-block!important;background:#dbeafe!important;color:#1e40af!important;font-size:13px!important;font-weight:600!important;padding:4px 12px!important;border-radius:4px!important;margin-bottom:8px!important;letter-spacing:0.5px!important;text-transform:uppercase!important}
#frq21q3 .frq-subtitle{color:#64748b!important;font-size:15px!important;margin:0 0 20px!important;line-height:1.6!important}
#frq21q3 .frq-badges{display:flex!important;flex-wrap:wrap!important;gap:8px!important;margin-bottom:24px!important}
#frq21q3 .frq-badge{display:inline-block!important;padding:6px 14px!important;border-radius:20px!important;font-size:13px!important;font-weight:600!important;line-height:1.4!important}
#frq21q3 .frq-badge-blue{background:#dbeafe!important;color:#1e40af!important}
#frq21q3 .frq-badge-green{background:#dcfce7!important;color:#166534!important}
#frq21q3 .frq-badge-purple{background:#ede9fe!important;color:#5b21b6!important}
#frq21q3 .frq-badge-amber{background:#fef3c7!important;color:#92400e!important}
#frq21q3 .frq-meta-table{width:100%!important;border-collapse:collapse!important;margin:0 0 24px!important;font-size:15px!important}
#frq21q3 .frq-meta-table td{padding:10px 16px!important;border-bottom:1px solid #e5e7eb!important;color:#1e293b!important;vertical-align:top!important}
#frq21q3 .frq-meta-table td:first-child{font-weight:600!important;color:#475569!important;width:160px!important}
#frq21q3 .frq-summary{background-color:#f0f9ff!important;border:1px solid #bae6fd!important;border-radius:8px!important;padding:20px 24px!important;margin:0 0 24px!important}
#frq21q3 .frq-summary h2{font-size:1.15em!important;margin:0 0 12px!important;padding-left:0!important;border-left:none!important;color:#0c4a6e!important;-webkit-text-fill-color:#0c4a6e!important}
#frq21q3 .frq-summary p{margin:0!important;color:#1e293b!important;font-size:15px!important;line-height:1.7!important}
#frq21q3 .frq-curriculum{background-color:#fefce8!important;border:1px solid #fde68a!important;border-radius:8px!important;padding:20px 24px!important;margin:0 0 24px!important}
#frq21q3 .frq-curriculum h2{font-size:1.15em!important;margin:0 0 12px!important;padding-left:0!important;border-left:none!important;color:#713f12!important;-webkit-text-fill-color:#713f12!important}
#frq21q3 .frq-curriculum p{margin:0 0 8px!important;color:#1e293b!important;font-size:15px!important}
#frq21q3 .frq-curriculum p:last-child{margin-bottom:0!important}
#frq21q3 .frq-jumplinks{display:flex!important;flex-wrap:wrap!important;gap:8px!important;margin:0 0 32px!important;padding:16px 0!important;border-top:1px solid #e5e7eb!important;border-bottom:1px solid #e5e7eb!important}
#frq21q3 .frq-jumplinks a{display:inline-block!important;padding:6px 14px!important;background:#f1f5f9!important;color:#334155!important;-webkit-text-fill-color:#334155!important;border-radius:6px!important;font-size:13px!important;font-weight:600!important;text-decoration:none!important}
#frq21q3 .frq-jumplinks a:link,#frq21q3 .frq-jumplinks a:visited{color:#334155!important;-webkit-text-fill-color:#334155!important}
#frq21q3 .frq-jumplinks a:hover{background:#e2e8f0!important;color:#1e293b!important;-webkit-text-fill-color:#1e293b!important}
#frq21q3 pre{background:#1e293b!important;color:#e2e8f0!important;padding:20px!important;border-radius:8px!important;overflow-x:auto!important;font-family:Consolas,Monaco,'Courier New',monospace!important;font-size:14px!important;line-height:1.6!important;white-space:pre!important;margin:16px 0!important;border:none!important}
#frq21q3 code{font-family:Consolas,Monaco,'Courier New',monospace!important;font-size:14px!important}
#frq21q3 p code,#frq21q3 li code,#frq21q3 td code{background:#f1f5f9!important;color:#be185d!important;padding:2px 6px!important;border-radius:4px!important;font-size:13px!important}
#frq21q3 table{width:100%!important;border-collapse:collapse!important;margin:16px 0!important;font-size:15px!important}
#frq21q3 th{background:#f8fafc!important;color:#334155!important;font-weight:600!important;padding:12px 16px!important;text-align:left!important;border-bottom:2px solid #cbd5e1!important}
#frq21q3 td{padding:10px 16px!important;border-bottom:1px solid #e5e7eb!important;color:#1e293b!important;vertical-align:top!important}
#frq21q3 .frq-intro{background-color:#eff6ff!important;padding:20px!important;border-radius:8px!important;margin:0 0 24px!important;border-left:4px solid #3b82f6!important}
#frq21q3 .practice-tip{background-color:#dcfce7!important;padding:16px 20px!important;border-radius:6px!important;margin:20px 0!important;border-left:4px solid #10b981!important}
#frq21q3 .key-insight{background-color:#dbeafe!important;padding:16px 20px!important;border-radius:6px!important;margin:20px 0!important;border-left:4px solid #3b82f6!important}
#frq21q3 .common-mistake{background-color:#fef2f2!important;padding:16px 20px!important;border-radius:6px!important;margin:20px 0!important;border-left:4px solid #ef4444!important}
#frq21q3 .scoring-guide{background-color:#f9fafb!important;border:1px solid #e5e7eb!important;border-radius:8px!important;padding:20px!important;margin:20px 0!important}
#frq21q3 .frq-collapsible{cursor:pointer!important;background:#f8fafc!important;border:1px solid #e2e8f0!important;border-radius:8px!important;padding:16px 20px!important;margin:16px 0!important;font-weight:600!important;font-size:15px!important;color:#1e40af!important;-webkit-text-fill-color:#1e40af!important;display:block!important;width:100%!important;text-align:left!important}
#frq21q3 .frq-collapsible:hover{background:#eef2ff!important}
#frq21q3 .frq-collapsible-content{display:none!important;padding:20px!important;border:1px solid #e2e8f0!important;border-top:none!important;border-radius:0 0 8px 8px!important;margin-top:-17px!important;background:#ffffff!important}
#frq21q3 .frq-collapsible-content.open{display:block!important}
#frq21q3 .frq-editor{position:relative!important;margin:20px 0!important}
#frq21q3 .frq-editor textarea{width:100%!important;min-height:200px!important;font-family:Consolas,Monaco,'Courier New',monospace!important;font-size:14px!important;line-height:1.6!important;padding:16px!important;border:2px solid #cbd5e1!important;border-radius:8px!important;background:#1e293b!important;color:#e2e8f0!important;resize:vertical!important;tab-size:4!important;-moz-tab-size:4!important;white-space:pre!important;overflow-wrap:normal!important;overflow-x:auto!important}
#frq21q3 .frq-editor textarea:focus{border-color:#3b82f6!important;outline:none!important;box-shadow:0 0 0 3px rgba(59,130,246,0.15)!important}
#frq21q3 .frq-editor textarea::placeholder{color:#64748b!important}
#frq21q3 .frq-editor-hint{display:block!important;text-align:right!important;font-size:11px!important;color:#94a3b8!important;margin-top:4px!important;font-style:italic!important;padding-right:4px!important}
#frq21q3 .btn{display:inline-block!important;padding:12px 24px!important;background-color:#3b82f6!important;color:white!important;-webkit-text-fill-color:white!important;text-decoration:none!important;border-radius:6px!important;font-weight:600!important;font-size:15px!important;border:none!important;cursor:pointer!important;opacity:1!important;visibility:visible!important}
#frq21q3 .btn:hover{background-color:#2563eb!important;color:white!important;-webkit-text-fill-color:white!important}
#frq21q3 a.btn:link,#frq21q3 a.btn:visited{color:white!important;-webkit-text-fill-color:white!important;text-decoration:none!important}
#frq21q3 .btn-sm{padding:8px 16px!important;font-size:13px!important}
#frq21q3 .btn-outline{background:transparent!important;border:2px solid #3b82f6!important;color:#3b82f6!important;-webkit-text-fill-color:#3b82f6!important}
#frq21q3 a.btn-outline:link,#frq21q3 a.btn-outline:visited{color:#3b82f6!important;-webkit-text-fill-color:#3b82f6!important;text-decoration:none!important}
#frq21q3 .btn-outline:hover{background:#3b82f6!important;color:white!important;-webkit-text-fill-color:white!important}
#frq21q3 .btn-green{background-color:#16a34a!important;color:white!important;-webkit-text-fill-color:white!important}
#frq21q3 a.btn-green:link,#frq21q3 a.btn-green:visited{color:white!important;-webkit-text-fill-color:white!important;text-decoration:none!important}
#frq21q3 .btn-green:hover{background-color:#15803d!important}
#frq21q3 .frq-timer{display:flex!important;align-items:center!important;gap:12px!important;margin:20px 0!important;padding:12px 20px!important;background:#f8fafc!important;border:1px solid #e2e8f0!important;border-radius:8px!important}
#frq21q3 .frq-timer-label{font-weight:600!important;color:#475569!important;font-size:14px!important}
#frq21q3 .frq-timer-display{font-family:Consolas,Monaco,monospace!important;font-size:24px!important;font-weight:700!important;color:#1e293b!important;min-width:80px!important}
#frq21q3 .frq-timer button{padding:6px 14px!important;border-radius:4px!important;border:1px solid #cbd5e1!important;background:#ffffff!important;color:#475569!important;-webkit-text-fill-color:#475569!important;font-size:13px!important;font-weight:600!important;cursor:pointer!important}
#frq21q3 .mistake-block{border:1px solid #e5e7eb!important;border-radius:8px!important;margin:20px 0!important;overflow:hidden!important}
#frq21q3 .mistake-header{padding:14px 20px!important;font-weight:600!important;font-size:15px!important;color:#1e293b!important;background:#fef2f2!important;border-bottom:1px solid #e5e7eb!important}
#frq21q3 .mistake-body{padding:16px 20px!important}
#frq21q3 .mistake-label{display:inline-block!important;font-size:12px!important;font-weight:700!important;text-transform:uppercase!important;letter-spacing:0.5px!important;padding:3px 8px!important;border-radius:4px!important;margin-bottom:8px!important}
#frq21q3 .mistake-wrong{background:#fef2f2!important;color:#dc2626!important}
#frq21q3 .mistake-right{background:#dcfce7!important;color:#16a34a!important}
#frq21q3 .exam-tip{padding:12px 16px 12px 44px!important;background:#f0fdf4!important;border-radius:6px!important;margin:10px 0!important;position:relative!important;font-size:15px!important;line-height:1.6!important;color:#1e293b!important}
#frq21q3 .exam-tip::before{content:'\2713'!important;position:absolute!important;left:16px!important;top:12px!important;color:#16a34a!important;font-weight:700!important;font-size:16px!important}
#frq21q3 .related-card{display:block!important;padding:16px 20px!important;border:1px solid #e5e7eb!important;border-radius:8px!important;margin:10px 0!important;text-decoration:none!important}
#frq21q3 .related-card:hover{border-color:#3b82f6!important;background:#f8fafc!important}
#frq21q3 a.related-card:link,#frq21q3 a.related-card:visited{text-decoration:none!important}
#frq21q3 .related-card .card-type{font-size:12px!important;font-weight:600!important;text-transform:uppercase!important;color:#64748b!important;letter-spacing:0.5px!important;margin-bottom:4px!important;display:block!important}
#frq21q3 .related-card .card-title{font-size:15px!important;font-weight:600!important;color:#1e40af!important;-webkit-text-fill-color:#1e40af!important;display:block!important}
#frq21q3 .cta-box{background:linear-gradient(135deg,#1e3a8a 0%,#1e40af 100%)!important;color:#ffffff!important;padding:32px!important;border-radius:12px!important;margin:32px 0!important;text-align:center!important}
#frq21q3 .cta-box h3{color:#ffffff!important;-webkit-text-fill-color:#ffffff!important;font-size:1.3em!important;margin:0 0 12px!important}
#frq21q3 .cta-box p{color:#dbeafe!important;font-size:15px!important}
#frq21q3 .cta-box .btn{background:#ffffff!important;color:#1e40af!important;-webkit-text-fill-color:#1e40af!important}
#frq21q3 .cta-box a.btn:link,#frq21q3 .cta-box a.btn:visited{color:#1e40af!important;-webkit-text-fill-color:#1e40af!important}
#frq21q3 .tutor-cta{background:#f8fafc!important;border:1px solid #e2e8f0!important;border-radius:12px!important;padding:28px!important;margin:32px 0!important}
#frq21q3 .tutor-stats{display:flex!important;gap:24px!important;flex-wrap:wrap!important;margin:16px 0!important}
#frq21q3 .tutor-stat{text-align:center!important}
#frq21q3 .tutor-stat-value{font-size:20px!important;font-weight:700!important;color:#1e40af!important;-webkit-text-fill-color:#1e40af!important;display:block!important}
#frq21q3 .tutor-stat-label{font-size:12px!important;color:#64748b!important}
#frq21q3 .frq-nav{display:flex!important;justify-content:space-between!important;align-items:center!important;margin:40px 0 20px!important;gap:12px!important;flex-wrap:wrap!important}
#frq21q3 .frq-footer-links{text-align:center!important;margin:16px 0 0!important;font-size:14px!important;color:#64748b!important}
#frq21q3 .frq-footer-links a{color:#2563eb!important;-webkit-text-fill-color:#2563eb!important;font-size:14px!important}
#frq21q3 .scoring-summary{margin:24px 0!important}
#frq21q3 .scoring-summary table{width:100%!important}
#frq21q3 .scoring-summary td:last-child,#frq21q3 .scoring-summary th:last-child{text-align:center!important;font-weight:700!important}
#frq21q3 .faq-item{border-bottom:1px solid #e5e7eb!important;padding:20px 0!important}
#frq21q3 .faq-item:last-child{border-bottom:none!important}
#frq21q3 .faq-q{font-weight:600!important;color:#1e293b!important;font-size:16px!important;margin:0 0 8px!important}
#frq21q3 .faq-a{color:#475569!important;font-size:15px!important;line-height:1.7!important;margin:0!important}
#frq21q3 .frq-pdf-wrap{width:100%!important;border:2px solid #cbd5e1!important;border-radius:8px!important;overflow:hidden!important;margin:16px 0 20px!important;background:#f1f5f9!important}
#frq21q3 .frq-pdf-wrap iframe{width:100%!important;height:680px!important;border:none!important;display:block!important}
#frq21q3 .frq-pdf-fallback{padding:20px!important;text-align:center!important;background:#f8fafc!important;display:none!important;font-size:14px!important;color:#475569!important}
#frq21q3 .frq-video-wrap{position:relative!important;padding-bottom:56.25%!important;height:0!important;overflow:hidden!important;border-radius:8px!important;margin:16px 0!important;background:#0f172a!important}
#frq21q3 .frq-video-wrap iframe{position:absolute!important;top:0!important;left:0!important;width:100%!important;height:100%!important;border:none!important;border-radius:8px!important}
#frq21q3 .frq-editor textarea::selection{background:#3b82f6!important;color:#ffffff!important;-webkit-text-fill-color:#ffffff!important}
#frq21q3 .frq-editor textarea::-moz-selection{background:#3b82f6!important;color:#ffffff!important}
@media(max-width:640px){
#frq21q3{padding:16px 14px 40px!important}
#frq21q3 h1{font-size:1.5em!important}
#frq21q3 h2{font-size:1.25em!important}
#frq21q3 .frq-timer{flex-wrap:wrap!important}
#frq21q3 .tutor-stats{gap:16px!important}
#frq21q3 .frq-nav{flex-direction:column!important;align-items:stretch!important}
#frq21q3 .frq-nav .btn{text-align:center!important}
}
</style>
<div class=""frq-breadcrumb"">
<a href=""/pages/ap-csa-frq-archive"">FRQ Archive</a> ›
<a href=""/pages/ap-csa-frq-2021"">2021 FRQs</a> ›
FRQ 3: ClubMembers
</div>
<div class=""frq-year-label"">2021 AP CSA • ArrayList</div>
<h1>AP CSA 2021 FRQ 3: ClubMembers</h1>
<p class=""frq-subtitle"">Complete solution, scoring rubric, and walkthrough — verified from the official College Board PDF</p>
<div class=""frq-badges"">
<span class=""frq-badge frq-badge-blue"">9 Points</span>
<span class=""frq-badge frq-badge-amber"">Medium</span>
<span class=""frq-badge frq-badge-green"">Unit 4</span>
</div>
<table class=""frq-meta-table"">
<tr>
<td>Question Type</td>
<td>ArrayList</td>
</tr>
<tr>
<td>Skills Tested</td>
<td>ArrayList add/remove, backwards traversal for safe removal, conditional filtering with two separate criteria</td>
</tr>
<tr>
<td>Difficulty</td>
<td>Medium</td>
</tr>
<tr>
<td>Recommended Time</td>
<td>22 minutes</td>
</tr>
</table>
<div class=""frq-summary"">
<h2>What This Problem Asks</h2>
<p>2021 AP CSA FRQ 3 ClubMembers asks students to write two ArrayList methods. <code>addMembers</code> takes an array of names and adds each as a new <code>MemberInfo</code> object with the given graduation year and true (good standing). <code>removeMembers</code> traverses backwards, removes all members whose graduation year &lt;= the parameter, and returns a list of those who were also in good standing.</p>
</div>
<div class=""frq-curriculum"">
<h2>What This FRQ Tests</h2>
<p>This FRQ tests <a href=""/pages/ap-csa-unit-4-data-collections-study-guide""><strong>Unit 4: ArrayList</strong></a> (add, remove, backwards traversal) and <a href=""/pages/unit-2-selection-and-iteration-ultimate-study-guide""><strong>Unit 2</strong></a> (conditionals, loops).</p>
</div>
<div class=""frq-jumplinks"">
<a href=""#frq21q3-pdf"">Official PDF</a>
<a href=""#frq21q3-code"">Provided Code</a>
<a href=""#frq21q3-parta"">Part A</a>
<a href=""#frq21q3-partb"">Part B</a>
<a href=""#frq21q3-mistakes"">Mistakes</a>
<a href=""#frq21q3-tips"">Tips</a>
<a href=""#frq21q3-faq"">FAQ</a>
</div>
<div id=""frq21q3-pdf"">
<h2>Official Question &amp; PDF</h2>
<p>
<a href=""https://apcentral.collegeboard.org/media/pdf/ap21-frq-computer-science-a.pdf"" target=""_blank"" rel=""noopener"" class=""btn btn-sm"">Download Full FRQ PDF →</a>
</p>
<div class=""frq-pdf-wrap"">
<iframe src=""https://apcentral.collegeboard.org/media/pdf/ap21-frq-computer-science-a.pdf#page=9"" title=""2021 AP CSA FRQ 3 ClubMembers"" loading=""lazy"" id=""frq21q3-pdf-iframe""></iframe>
<div class=""frq-pdf-fallback"" id=""frq21q3-pdf-fallback"">
<p>PDF cannot display on this device. <a href=""https://apcentral.collegeboard.org/media/pdf/ap21-frq-computer-science-a.pdf"" target=""_blank"" rel=""noopener"">Open PDF directly →</a></p>
</div>
</div>
</div>
<div class=""frq-timer"">
<span class=""frq-timer-label"">Timer</span>
<span class=""frq-timer-display"" id=""frq21q3-timer"">22:00</span>
<button onclick=""frq21q3Start()"">Start</button>
<button onclick=""frq21q3Pause()"">Pause</button>
<button onclick=""frq21q3Reset()"">Reset</button>
</div>
<div id=""frq21q3-code"">
<h2>Provided Code</h2>
<pre>public class MemberInfo
{
    public MemberInfo(String name, int gradYear, boolean hasGoodStanding) { /* not shown */ }
    public int getGradYear() { /* not shown */ }
    public boolean inGoodStanding() { /* not shown */ }
}

public class ClubMembers
{
    private ArrayList<memberinfo> memberList;
    /** Adds new members with given graduation year, all initially in good standing. */
    public void addMembers(String[] names, int gradYear) { /* to be implemented in part (a) */ }
    /** Returns list of graduated members in good standing; removes ALL graduated members. */
    public ArrayList<memberinfo> removeMembers(int year) { /* to be implemented in part (b) */ }
}</memberinfo></memberinfo></pre>
</div>
<div id=""frq21q3-parta"">
<h2>Part A — 4 Points</h2>
<p>Write <code>addMembers</code>, which adds a new <code>MemberInfo</code> for each name in <code>names</code> to <code>memberList</code>, using <code>gradYear</code> and <code>true</code> (initially in good standing). Names can be added in any order.</p>
<h3>Write Your Solution</h3>
<div class=""frq-editor"">
<textarea id=""frq21q3-ea"" placeholder=""// Write Part A here...
// Tab to indent | Brackets auto-close | Enter auto-indents""></textarea>
<span class=""frq-editor-hint"">Drag corner to expand ▽</span>
</div>
<p>
<button class=""btn btn-sm btn-green"" onclick=""document.getElementById('frq21q3-sola').classList.add('open')"">Check Answer</button>
 
<button class=""btn btn-sm btn-outline"" onclick=""document.getElementById('frq21q3-ea').value=''"">Clear</button>
</p>
<button class=""frq-collapsible"" onclick=""this.nextElementSibling.classList.toggle('open')"">View Solution and Rubric ▼</button>
<div class=""frq-collapsible-content"" id=""frq21q3-sola"">
<h4>Scoring Rubric (Part A — 4 points)</h4>
<table>
<tr>
<td><strong>+1</strong></td>
<td>Traverses the <code>names</code> array</td>
</tr>
<tr>
<td><strong>+1</strong></td>
<td>Creates a <code>MemberInfo</code> object for each name with <code>gradYear</code> and <code>true</code>
</td>
</tr>
<tr>
<td><strong>+1</strong></td>
<td>Adds each <code>MemberInfo</code> to <code>memberList</code>
</td>
</tr>
<tr>
<td><strong>+1</strong></td>
<td>All new members added with correct graduation year and good standing (algorithm)</td>
</tr>
</table>
<h4>Solution</h4>
<pre>public void addMembers(String[] names, int gradYear)
{
    for (String name : names)
    {
        memberList.add(new MemberInfo(name, gradYear, true));
    }
}</pre>
</div>
</div>
<div id=""frq21q3-partb"">
<h2>Part B — 5 Points</h2>
<p>Write <code>removeMembers</code>: remove all members with <code>gradYear &lt;= year</code> from <code>memberList</code>; return an ArrayList of those who were also <code>inGoodStanding()</code>.</p>
<h3>Write Your Solution</h3>
<div class=""frq-editor"">
<textarea id=""frq21q3-eb"" placeholder=""// Write Part B here...
// Tab to indent | Brackets auto-close | Enter auto-indents""></textarea>
<span class=""frq-editor-hint"">Drag corner to expand ▽</span>
</div>
<p>
<button class=""btn btn-sm btn-green"" onclick=""document.getElementById('frq21q3-solb').classList.add('open')"">Check Answer</button>
 
<button class=""btn btn-sm btn-outline"" onclick=""document.getElementById('frq21q3-eb').value=''"">Clear</button>
</p>
<button class=""frq-collapsible"" onclick=""this.nextElementSibling.classList.toggle('open')"">View Solution and Rubric ▼</button>
<div class=""frq-collapsible-content"" id=""frq21q3-solb"">
<h4>Scoring Rubric (Part B — 5 points)</h4>
<table>
<tr>
<td><strong>+1</strong></td>
<td>Traverses <code>memberList</code> (backwards or using index carefully)</td>
</tr>
<tr>
<td><strong>+1</strong></td>
<td>Calls <code>getGradYear</code> and compares to <code>year</code>
</td>
</tr>
<tr>
<td><strong>+1</strong></td>
<td>Calls <code>inGoodStanding</code> and adds qualifying members to result list</td>
</tr>
<tr>
<td><strong>+1</strong></td>
<td>Removes graduated members (regardless of standing) from <code>memberList</code>
</td>
</tr>
<tr>
<td><strong>+1</strong></td>
<td>Returns correct result list with no skipped elements (algorithm)</td>
</tr>
</table>
<h4>Solution</h4>
<pre>public ArrayList<memberinfo> removeMembers(int year)
{
    ArrayList<memberinfo> graduated = new ArrayList<memberinfo>();
    for (int i = memberList.size() - 1; i &gt;= 0; i--)
    {
        MemberInfo m = memberList.get(i);
        if (m.getGradYear() &lt;= year)
        {
            if (m.inGoodStanding())
            {
                graduated.add(m);
            }
            memberList.remove(i);
        }
    }
    return graduated;
}</memberinfo></memberinfo></memberinfo></pre>
<div class=""practice-tip"">
<strong>Two separate actions:</strong> For graduated members (gradYear &lt;= year): (1) if in good standing, add to result; (2) ALWAYS remove from memberList. Use backwards traversal to avoid skipping elements after removal.</div>
</div>
</div>
<div id=""frq21q3-mistakes"">
<h2>Common Mistakes to Avoid</h2>
<div class=""mistake-block"">
<div class=""mistake-header"">Forward traversal when removing causes skipped elements</div>
<div class=""mistake-body"">
<p><span class=""mistake-label mistake-wrong"">Wrong</span></p>
<pre>for (int i = 0; i &lt; memberList.size(); i++) {
    if (memberList.get(i).getGradYear() &lt;= year) {
        memberList.remove(i);  // next element shifts to i, gets skipped!
    }
}</pre>
<p><span class=""mistake-label mistake-right"">Correct (backwards)</span></p>
<pre>for (int i = memberList.size() - 1; i &gt;= 0; i--) {
    memberList.remove(i);  // elements to the right of i, not yet checked
}</pre>
</div>
</div>
<div class=""mistake-block"">
<div class=""mistake-header"">Only removing members who are in good standing</div>
<div class=""mistake-body"">
<p>ALL graduated members must be removed, regardless of standing. Only the return list is filtered by good standing.</p>
</div>
</div>
</div>
<div id=""frq21q3-tips"">
<h2>Exam Tips</h2>
<div class=""exam-tip"">Backwards traversal for safe ArrayList removal: loop from size()-1 down to 0.</div>
<div class=""exam-tip"">Remember: REMOVE all graduated members. RETURN only the graduated ones in good standing. These are two separate actions for the same condition (gradYear &lt;= year).</div>
</div>
<div class=""scoring-summary"">
<h2>Scoring Summary</h2>
<table>
<tr>
<th>Part</th>
<th>Method</th>
<th>Points</th>
</tr>
<tr>
<td>Part A</td>
<td><code>Write</code></td>
<td>4</td>
</tr>
<tr>
<td>Part B</td>
<td><code>Write</code></td>
<td>5</td>
</tr>
<tr>
<td><strong>Total</strong></td>
<td></td>
<td><strong>9</strong></td>
</tr>
</table>
</div>
<div class=""cta-box"">
<h3>Want the Complete 2021 FRQ Solutions?</h3>
<p>Browse all past AP CSA FRQs with full solutions and scoring breakdowns.</p>
<p style=""margin-top:16px!important""><a href=""/pages/ap-csa-frq-archive"" class=""btn"">FRQ Archive →</a></p>
</div>
<h2>Related FRQs</h2>
<a href=""/pages/ap-csa-2023-frq-3-weatherdata"" class=""related-card"">
<span class=""card-type"">ArrayList</span>
<span class=""card-title"">2023 FRQ 3: WeatherData — cleanData backward traversal and longest heat wave</span>
</a>
<a href=""/pages/ap-csa-2022-frq-3-reviewanalysis"" class=""related-card"">
<span class=""card-type"">ArrayList</span>
<span class=""card-title"">2022 FRQ 3: ReviewAnalysis — Array average and formatted ArrayList building</span>
</a>
<h2>Study the Concepts</h2>
<p><a href=""/pages/ap-csa-unit-4-data-collections-study-guide"" class=""btn"">Unit 4 Study Guide →</a></p>
<div class=""tutor-cta"">
<h3>Struggling with FRQs? Get 1-on-1 Help</h3>
<p>Work directly with Tanner — AP CS teacher with 11+ years experience and 1,845+ verified tutoring hours. 54.5% of students score 5s (vs. 25.5% national average).</p>
<div class=""tutor-stats"">
<div class=""tutor-stat"">
<span class=""tutor-stat-value"">5.0</span><span class=""tutor-stat-label"">Rating (451+ reviews)</span>
</div>
<div class=""tutor-stat"">
<span class=""tutor-stat-value"">1,845+</span><span class=""tutor-stat-label"">Verified Hours</span>
</div>
<div class=""tutor-stat"">
<span class=""tutor-stat-value"">54.5%</span><span class=""tutor-stat-label"">Score 5s</span>
</div>
</div>
<p style=""margin-top:16px!important""><a href=""/pages/ap-computer-science-tutor"" class=""btn"">Book a Session ($150/hr) →</a></p>
<p style=""font-size:13px!important;color:#64748b!important;margin-top:8px!important"">5-session packages at $125/hr. Venmo, Zelle, PayPal, or credit card.</p>
</div>
<div id=""frq21q3-faq"">
<h2>Frequently Asked Questions</h2>
<div class=""faq-item"">
<p class=""faq-q"">What does 2021 AP CSA FRQ 3 ClubMembers test?</p>
<p class=""faq-a"">FRQ 3 tests ArrayList operations. addMembers loops through a String array and adds MemberInfo objects. removeMembers traverses backwards (to avoid skipping), conditionally adds graduated-good-standing members to a return list, and always removes graduated members.</p>
</div>
<div class=""faq-item"">
<p class=""faq-q"">How many points is FRQ 3 worth?</p>
<p class=""faq-a"">9 points: 4 for Part A (addMembers) and 5 for Part B (removeMembers).</p>
</div>
<div class=""faq-item"">
<p class=""faq-q"">Why traverse backwards in removeMembers?</p>
<p class=""faq-a"">When you remove an element from an ArrayList at index i, all subsequent elements shift left. If you traverse forward and remove, you skip the next element. Traversing backwards avoids this issue.</p>
</div>
<div class=""faq-item"">
<p class=""faq-q"">What's the difference between the return list and the removal condition?</p>
<p class=""faq-a"">ALL graduated members (gradYear &lt;= year) are removed from memberList regardless of standing. Only graduated members who are ALSO in good standing are added to the returned list.</p>
</div>
</div>
<div class=""frq-nav"">
<a href=""/pages/ap-csa-2021-frq-2-combinedtable"" class=""btn btn-outline"">← FRQ 2: CombinedTable</a>
<a href=""/pages/ap-csa-frq-2021"" class=""btn btn-outline"">2021 FRQ Index</a>
<a href=""/pages/ap-csa-2021-frq-4-arrayresizer"" class=""btn btn-outline"">FRQ 4: ArrayResizer →</a>
</div>
<div class=""frq-footer-links"">
<a href=""/pages/ap-csa-frq-archive"">Complete FRQ Archive (2004–2025)</a> •
<a href=""/pages/ap-csa-frqs-by-topic"">FRQs by Topic</a>
</div>
</div>
<script>
(function(){
var frq21q3S=22*60,frq21q3I=null,frq21q3R=false;
function frq21q3D(){var m=Math.floor(frq21q3S/60),s=frq21q3S%60;var e=document.getElementById('frq21q3-timer');if(e)e.textContent=m+':'+(s<10?'0':'')+s;}
window.frq21q3Start=function(){if(frq21q3R)return;frq21q3R=true;frq21q3I=setInterval(function(){if(frq21q3S>0){frq21q3S--;frq21q3D();}else{clearInterval(frq21q3I);frq21q3R=false;}},1000);};
window.frq21q3Pause=function(){clearInterval(frq21q3I);frq21q3R=false;};
window.frq21q3Reset=function(){clearInterval(frq21q3I);frq21q3R=false;frq21q3S=22*60;frq21q3D();};
var IND='    ';
function getInd(t,p){var ls=t.lastIndexOf('\n',p-1)+1;var m=t.substring(ls).match(/^([ \t]*)/);return m?m[1]:'';}
function initEd(el){
  if(!el)return;
  el.addEventListener('keydown',function(e){
    var ta=this,s=ta.selectionStart,end=ta.selectionEnd,v=ta.value;
    if(e.key==='Tab'){e.preventDefault();if(e.shiftKey){var ls=v.lastIndexOf('\n',s-1)+1;var lt=v.substring(ls);if(lt.substring(0,IND.length)===IND){ta.value=v.substring(0,ls)+lt.substring(IND.length);ta.selectionStart=ta.selectionEnd=Math.max(s-IND.length,ls);}}else{ta.value=v.substring(0,s)+IND+v.substring(end);ta.selectionStart=ta.selectionEnd=s+IND.length;}return;}
    var P={'(':')','[':']','{':'}','""':'""',""'"":""'""};
    if(P[e.key]){var cl=P[e.key];if(e.key==='""'||e.key===""'""){if(v.charAt(s)===e.key){e.preventDefault();ta.selectionStart=ta.selectionEnd=s+1;return;}var bf=v.substring(0,s);var ct=0;for(var i=0;i<bf.length;i++)if(bf[i]===e.key)ct++;if(ct%2===1)return;}if(v.charAt(s)===cl&&e.key!==cl){e.preventDefault();ta.selectionStart=ta.selectionEnd=s+1;return;}e.preventDefault();ta.value=v.substring(0,s)+e.key+cl+v.substring(end);ta.selectionStart=ta.selectionEnd=s+1;return;}
    var CLOSE=[')','[',']',String.fromCharCode(125)];
    if(CLOSE.indexOf(e.key)>=0&&e.key!==String.fromCharCode(91)){if(v.charAt(s)===e.key){e.preventDefault();ta.selectionStart=ta.selectionEnd=s+1;return;}}
    if(e.key==='Backspace'&&s===end&&s>0){var bc=v.charAt(s-1);var ac=v.charAt(s);if(P[bc]&&P[bc]===ac){e.preventDefault();ta.value=v.substring(0,s-1)+v.substring(s+1);ta.selectionStart=ta.selectionEnd=s-1;return;}}
  });
  el.addEventListener('beforeinput',function(e){
    if(e.inputType==='insertLineBreak'||e.inputType==='insertParagraph'){
      e.preventDefault();var ta=this;var v=ta.value;var s=ta.selectionStart;var end=ta.selectionEnd;
      var ind=getInd(v,s);var cb=v.charAt(s-1);var ca=v.charAt(s);
      var OB=String.fromCharCode(123);var CB=String.fromCharCode(125);
      if(cb===OB&&ca===CB){var nt='\n'+ind+IND+'\n'+ind;ta.value=v.substring(0,s)+nt+v.substring(end);ta.selectionStart=ta.selectionEnd=s+1+ind.length+IND.length;}
      else if(cb===OB){var nt='\n'+ind+IND;ta.value=v.substring(0,s)+nt+v.substring(end);ta.selectionStart=ta.selectionEnd=s+nt.length;}
      else{var nt='\n'+ind;ta.value=v.substring(0,s)+nt+v.substring(end);ta.selectionStart=ta.selectionEnd=s+nt.length;}
    }
  });
}
  initEd(document.getElementById('frq21q3-ea'));
  initEd(document.getElementById('frq21q3-eb'));
(function(){var m=/Android|iPhone|iPad|iPod|Opera Mini|IEMobile/i.test(navigator.userAgent);if(m){var ifr=document.getElementById('frq21q3-pdf-iframe');var fb=document.getElementById('frq21q3-pdf-fallback');if(ifr&&fb){ifr.style.display='none';fb.style.display='block';}};})();
})();
</script>","TRUE","2026-03-01 12:00:00"
"ap-csa-2021-frq-4-arrayresizer","MERGE","<style>#frq2026note-ap-csa-2021-frq-4-arrayresizer{all:initial!important;display:block!important;box-sizing:border-box!important;font-family:-apple-system,BlinkMacSystemFont,""Segoe UI"",Roboto,Helvetica,Arial,sans-serif!important;background:#fffbeb!important;border:1px solid #fcd34d!important;border-left:5px solid #d97706!important;border-radius:8px!important;margin:0 0 18px 0!important;padding:0!important;overflow:hidden!important;}#frq2026note-ap-csa-2021-frq-4-arrayresizer *{box-sizing:border-box!important;font-family:inherit!important;}#frq2026note-ap-csa-2021-frq-4-arrayresizer summary{display:block!important;cursor:pointer!important;padding:12px 15px!important;font-size:0.95em!important;line-height:1.5!important;list-style:none!important;color:#78350f!important;-webkit-text-fill-color:#78350f!important;}#frq2026note-ap-csa-2021-frq-4-arrayresizer summary::-webkit-details-marker{display:none!important;}#frq2026note-ap-csa-2021-frq-4-arrayresizer summary::marker{content:""""!important;}#frq2026note-ap-csa-2021-frq-4-arrayresizer summary:hover{background:#fef3c7!important;}#frq2026note-ap-csa-2021-frq-4-arrayresizer summary strong{font-weight:700!important;color:#78350f!important;-webkit-text-fill-color:#78350f!important;}#frq2026note-ap-csa-2021-frq-4-arrayresizer .n26-body{display:block!important;padding:0 15px 14px!important;font-size:0.92em!important;line-height:1.6!important;color:#78350f!important;-webkit-text-fill-color:#78350f!important;}#frq2026note-ap-csa-2021-frq-4-arrayresizer .n26-body p{margin:0 0 10px!important;color:#78350f!important;-webkit-text-fill-color:#78350f!important;}#frq2026note-ap-csa-2021-frq-4-arrayresizer .n26-body strong{font-weight:700!important;color:#78350f!important;-webkit-text-fill-color:#78350f!important;}#frq2026note-ap-csa-2021-frq-4-arrayresizer table{border-collapse:collapse!important;width:100%!important;margin:0 0 10px!important;font-size:0.95em!important;background:#fffdf5!important;}#frq2026note-ap-csa-2021-frq-4-arrayresizer th,#frq2026note-ap-csa-2021-frq-4-arrayresizer td{border:1px solid #fcd34d!important;padding:6px 9px!important;text-align:left!important;color:#78350f!important;-webkit-text-fill-color:#78350f!important;}#frq2026note-ap-csa-2021-frq-4-arrayresizer th{background:#fef3c7!important;font-weight:700!important;}#frq2026note-ap-csa-2021-frq-4-arrayresizer a{color:#92400e!important;-webkit-text-fill-color:#92400e!important;text-decoration:underline!important;}#frq2026note-ap-csa-2021-frq-4-arrayresizer .n26-src{font-size:0.85em!important;font-style:italic!important;margin:0!important;}</style>
<details id=""frq2026note-ap-csa-2021-frq-4-arrayresizer"">
<summary><strong>Heads up: the May 2027 exam scores free response differently from this one.</strong> Tap for the current point structure.</summary>
<div class=""n26-body"">
<p>Every AP CSA free-response question from 2004 through 2025 was worth <strong>9 points</strong>, and the section was 36. From 2026 the four questions are worth <strong>7, 7, 5 and 6</strong>, the section is <strong>25 points</strong>, and only Question 1 has parts.</p>
<table><tr><th>Question</th><th>Points</th><th>Parts</th><th>Type</th></tr><tr><td>Question 1</td><td><strong>7</strong></td><td>Part A 4 + Part B 3</td><td>Methods and Control Structures</td></tr><tr><td>Question 2</td><td><strong>7</strong></td><td>single part</td><td>Class Design</td></tr><tr><td>Question 3</td><td><strong>5</strong></td><td>single part</td><td>Data Analysis with ArrayList</td></tr><tr><td>Question 4</td><td><strong>6</strong></td><td>single part</td><td>2D Array</td></tr></table>
<p>Section I is now 42 multiple-choice questions at 55% of the score, and Section II is 45%. The question on this page is still worth practising. The 9 points printed below it are not the rubric you will be scored against.</p>
<p class=""n26-src"">Point totals from College Board's 2026 scoring guidelines; section weightings from the AP Computer Science A exam page. See the <a href=""/pages/ap-csa-frq-2026"">2026 questions</a> for the current format.</p>
</div>
</details>
<script type=""application/ld+json"">{""@context"":""https://schema.org"",""@type"":""FAQPage"",""mainEntity"":[{""@type"":""Question"",""name"":""What does 2021 AP CSA FRQ 4 ArrayResizer test?"",""acceptedAnswer"":{""@type"":""Answer"",""text"":""FRQ 4 tests 2D array traversal and helper method usage. isNonZeroRow checks one row for any zero values. resize creates a new 2D array containing only rows that pass isNonZeroRow, using numNonZeroRows to determine the new array size.""}},
    {""@type"":""Question"",""name"":""How many points is FRQ 4 worth?"",""acceptedAnswer"":{""@type"":""Answer"",""text"":""9 points: 4 for Part A (isNonZeroRow) and 5 for Part B (resize).""}},
    {""@type"":""Question"",""name"":""Why do resize use two row index variables?"",""acceptedAnswer"":{""@type"":""Answer"",""text"":""r iterates all rows of the original array. nextRow tracks where to insert the next qualifying row in the result array. They increment at different rates.""}},
    {""@type"":""Question"",""name"":""What happens if array2D[0] is used for column count?"",""acceptedAnswer"":{""@type"":""Answer"",""text"":""array2D[0].length gives the number of columns, which is guaranteed to be the same for all rows in a rectangular 2D array. This is safe and is the standard approach.""}}]}</script>
<script type=""application/ld+json"">{""@context"":""https://schema.org"",""@type"":""Article"",""headline"":""2021 AP CSA FRQ 4: ArrayResizer - Complete Solution and Scoring Guide"",""description"":""Complete solution for 2021 AP CSA FRQ 4 (ArrayResizer) with step-by-step explanations, scoring rubric, common mistakes, and exam tips."",""author"":{""@type"":""Person"",""name"":""Tanner Crow"",""url"":""https://www.wyzant.com/tutors/tannerc12""},""publisher"":{""@type"":""Organization"",""name"":""AP CS Exam Prep"",""url"":""https://www.apcsexamprep.com""},""datePublished"":""2021-09-01"",""dateModified"":""2026-03-14"",""educationalLevel"":""AP""}</script>
<script type=""application/ld+json"">{""@context"":""https://schema.org"",""@type"":""BreadcrumbList"",""itemListElement"":[{""@type"":""ListItem"",""position"":1,""name"":""FRQ Archive"",""item"":""https://www.apcsexamprep.com/pages/ap-csa-frq-archive""},{""@type"":""ListItem"",""position"":2,""name"":""2021 FRQs"",""item"":""https://www.apcsexamprep.com/pages/ap-csa-frq-2021""},{""@type"":""ListItem"",""position"":3,""name"":""FRQ 4: ArrayResizer"",""item"":""https://www.apcsexamprep.com/pages/ap-csa-2021-frq-4-arrayresizer""}]}</script>
<div id=""frq21q4"">
<style>
.page-title,.article__title,.page__title,.template-page h1:first-of-type{display:none!important}
#frq21q4{all:initial!important;display:block!important;font-family:-apple-system,BlinkMacSystemFont,'Segoe UI',Roboto,Oxygen,Ubuntu,Cantarell,sans-serif!important;line-height:1.7!important;color:#1e293b!important;max-width:880px!important;margin:0 auto!important;padding:24px 20px 60px!important;-webkit-font-smoothing:antialiased!important;background:#ffffff!important}
#frq21q4 *{box-sizing:border-box!important}
#frq21q4 img{max-width:100%!important;height:auto!important}
#frq21q4 h1{font-size:2em!important;font-weight:800!important;color:#1e3a8a!important;-webkit-text-fill-color:#1e3a8a!important;margin:0 0 8px!important;line-height:1.2!important;border:none!important;padding:0!important}
#frq21q4 h2{font-size:1.5em!important;font-weight:700!important;color:#1e40af!important;-webkit-text-fill-color:#1e40af!important;margin:40px 0 16px!important;padding-left:12px!important;border-left:4px solid #60a5fa!important;border-bottom:none!important;line-height:1.3!important}
#frq21q4 h3{font-size:1.2em!important;font-weight:600!important;color:#1e40af!important;-webkit-text-fill-color:#1e40af!important;margin:24px 0 12px!important;line-height:1.3!important}
#frq21q4 h4{font-size:1.05em!important;font-weight:600!important;color:#334155!important;margin:20px 0 10px!important}
#frq21q4 p{margin:0 0 16px!important;color:#1e293b!important;font-size:16px!important;line-height:1.7!important}
#frq21q4 a{color:#2563eb!important;-webkit-text-fill-color:#2563eb!important;text-decoration:underline!important}
#frq21q4 a:link{color:#2563eb!important;-webkit-text-fill-color:#2563eb!important}
#frq21q4 a:visited{color:#2563eb!important;-webkit-text-fill-color:#2563eb!important}
#frq21q4 a:hover{color:#1d4ed8!important;-webkit-text-fill-color:#1d4ed8!important}
#frq21q4 strong{font-weight:700!important;color:#1e293b!important}
#frq21q4 ul,#frq21q4 ol{margin:0 0 16px!important;padding-left:24px!important;color:#1e293b!important}
#frq21q4 li{margin:0 0 8px!important;font-size:16px!important;line-height:1.7!important}
#frq21q4 .frq-breadcrumb{font-size:14px!important;color:#64748b!important;margin-bottom:24px!important;display:block!important}
#frq21q4 .frq-breadcrumb a{color:#2563eb!important;-webkit-text-fill-color:#2563eb!important;text-decoration:none!important;font-size:14px!important}
#frq21q4 .frq-breadcrumb a:link,#frq21q4 .frq-breadcrumb a:visited{color:#2563eb!important;-webkit-text-fill-color:#2563eb!important}
#frq21q4 .frq-year-label{display:inline-block!important;background:#dbeafe!important;color:#1e40af!important;font-size:13px!important;font-weight:600!important;padding:4px 12px!important;border-radius:4px!important;margin-bottom:8px!important;letter-spacing:0.5px!important;text-transform:uppercase!important}
#frq21q4 .frq-subtitle{color:#64748b!important;font-size:15px!important;margin:0 0 20px!important;line-height:1.6!important}
#frq21q4 .frq-badges{display:flex!important;flex-wrap:wrap!important;gap:8px!important;margin-bottom:24px!important}
#frq21q4 .frq-badge{display:inline-block!important;padding:6px 14px!important;border-radius:20px!important;font-size:13px!important;font-weight:600!important;line-height:1.4!important}
#frq21q4 .frq-badge-blue{background:#dbeafe!important;color:#1e40af!important}
#frq21q4 .frq-badge-green{background:#dcfce7!important;color:#166534!important}
#frq21q4 .frq-badge-purple{background:#ede9fe!important;color:#5b21b6!important}
#frq21q4 .frq-badge-amber{background:#fef3c7!important;color:#92400e!important}
#frq21q4 .frq-meta-table{width:100%!important;border-collapse:collapse!important;margin:0 0 24px!important;font-size:15px!important}
#frq21q4 .frq-meta-table td{padding:10px 16px!important;border-bottom:1px solid #e5e7eb!important;color:#1e293b!important;vertical-align:top!important}
#frq21q4 .frq-meta-table td:first-child{font-weight:600!important;color:#475569!important;width:160px!important}
#frq21q4 .frq-summary{background-color:#f0f9ff!important;border:1px solid #bae6fd!important;border-radius:8px!important;padding:20px 24px!important;margin:0 0 24px!important}
#frq21q4 .frq-summary h2{font-size:1.15em!important;margin:0 0 12px!important;padding-left:0!important;border-left:none!important;color:#0c4a6e!important;-webkit-text-fill-color:#0c4a6e!important}
#frq21q4 .frq-summary p{margin:0!important;color:#1e293b!important;font-size:15px!important;line-height:1.7!important}
#frq21q4 .frq-curriculum{background-color:#fefce8!important;border:1px solid #fde68a!important;border-radius:8px!important;padding:20px 24px!important;margin:0 0 24px!important}
#frq21q4 .frq-curriculum h2{font-size:1.15em!important;margin:0 0 12px!important;padding-left:0!important;border-left:none!important;color:#713f12!important;-webkit-text-fill-color:#713f12!important}
#frq21q4 .frq-curriculum p{margin:0 0 8px!important;color:#1e293b!important;font-size:15px!important}
#frq21q4 .frq-curriculum p:last-child{margin-bottom:0!important}
#frq21q4 .frq-jumplinks{display:flex!important;flex-wrap:wrap!important;gap:8px!important;margin:0 0 32px!important;padding:16px 0!important;border-top:1px solid #e5e7eb!important;border-bottom:1px solid #e5e7eb!important}
#frq21q4 .frq-jumplinks a{display:inline-block!important;padding:6px 14px!important;background:#f1f5f9!important;color:#334155!important;-webkit-text-fill-color:#334155!important;border-radius:6px!important;font-size:13px!important;font-weight:600!important;text-decoration:none!important}
#frq21q4 .frq-jumplinks a:link,#frq21q4 .frq-jumplinks a:visited{color:#334155!important;-webkit-text-fill-color:#334155!important}
#frq21q4 .frq-jumplinks a:hover{background:#e2e8f0!important;color:#1e293b!important;-webkit-text-fill-color:#1e293b!important}
#frq21q4 pre{background:#1e293b!important;color:#e2e8f0!important;padding:20px!important;border-radius:8px!important;overflow-x:auto!important;font-family:Consolas,Monaco,'Courier New',monospace!important;font-size:14px!important;line-height:1.6!important;white-space:pre!important;margin:16px 0!important;border:none!important}
#frq21q4 code{font-family:Consolas,Monaco,'Courier New',monospace!important;font-size:14px!important}
#frq21q4 p code,#frq21q4 li code,#frq21q4 td code{background:#f1f5f9!important;color:#be185d!important;padding:2px 6px!important;border-radius:4px!important;font-size:13px!important}
#frq21q4 table{width:100%!important;border-collapse:collapse!important;margin:16px 0!important;font-size:15px!important}
#frq21q4 th{background:#f8fafc!important;color:#334155!important;font-weight:600!important;padding:12px 16px!important;text-align:left!important;border-bottom:2px solid #cbd5e1!important}
#frq21q4 td{padding:10px 16px!important;border-bottom:1px solid #e5e7eb!important;color:#1e293b!important;vertical-align:top!important}
#frq21q4 .frq-intro{background-color:#eff6ff!important;padding:20px!important;border-radius:8px!important;margin:0 0 24px!important;border-left:4px solid #3b82f6!important}
#frq21q4 .practice-tip{background-color:#dcfce7!important;padding:16px 20px!important;border-radius:6px!important;margin:20px 0!important;border-left:4px solid #10b981!important}
#frq21q4 .key-insight{background-color:#dbeafe!important;padding:16px 20px!important;border-radius:6px!important;margin:20px 0!important;border-left:4px solid #3b82f6!important}
#frq21q4 .common-mistake{background-color:#fef2f2!important;padding:16px 20px!important;border-radius:6px!important;margin:20px 0!important;border-left:4px solid #ef4444!important}
#frq21q4 .scoring-guide{background-color:#f9fafb!important;border:1px solid #e5e7eb!important;border-radius:8px!important;padding:20px!important;margin:20px 0!important}
#frq21q4 .frq-collapsible{cursor:pointer!important;background:#f8fafc!important;border:1px solid #e2e8f0!important;border-radius:8px!important;padding:16px 20px!important;margin:16px 0!important;font-weight:600!important;font-size:15px!important;color:#1e40af!important;-webkit-text-fill-color:#1e40af!important;display:block!important;width:100%!important;text-align:left!important}
#frq21q4 .frq-collapsible:hover{background:#eef2ff!important}
#frq21q4 .frq-collapsible-content{display:none!important;padding:20px!important;border:1px solid #e2e8f0!important;border-top:none!important;border-radius:0 0 8px 8px!important;margin-top:-17px!important;background:#ffffff!important}
#frq21q4 .frq-collapsible-content.open{display:block!important}
#frq21q4 .frq-editor{position:relative!important;margin:20px 0!important}
#frq21q4 .frq-editor textarea{width:100%!important;min-height:200px!important;font-family:Consolas,Monaco,'Courier New',monospace!important;font-size:14px!important;line-height:1.6!important;padding:16px!important;border:2px solid #cbd5e1!important;border-radius:8px!important;background:#1e293b!important;color:#e2e8f0!important;resize:vertical!important;tab-size:4!important;-moz-tab-size:4!important;white-space:pre!important;overflow-wrap:normal!important;overflow-x:auto!important}
#frq21q4 .frq-editor textarea:focus{border-color:#3b82f6!important;outline:none!important;box-shadow:0 0 0 3px rgba(59,130,246,0.15)!important}
#frq21q4 .frq-editor textarea::placeholder{color:#64748b!important}
#frq21q4 .frq-editor-hint{display:block!important;text-align:right!important;font-size:11px!important;color:#94a3b8!important;margin-top:4px!important;font-style:italic!important;padding-right:4px!important}
#frq21q4 .btn{display:inline-block!important;padding:12px 24px!important;background-color:#3b82f6!important;color:white!important;-webkit-text-fill-color:white!important;text-decoration:none!important;border-radius:6px!important;font-weight:600!important;font-size:15px!important;border:none!important;cursor:pointer!important;opacity:1!important;visibility:visible!important}
#frq21q4 .btn:hover{background-color:#2563eb!important;color:white!important;-webkit-text-fill-color:white!important}
#frq21q4 a.btn:link,#frq21q4 a.btn:visited{color:white!important;-webkit-text-fill-color:white!important;text-decoration:none!important}
#frq21q4 .btn-sm{padding:8px 16px!important;font-size:13px!important}
#frq21q4 .btn-outline{background:transparent!important;border:2px solid #3b82f6!important;color:#3b82f6!important;-webkit-text-fill-color:#3b82f6!important}
#frq21q4 a.btn-outline:link,#frq21q4 a.btn-outline:visited{color:#3b82f6!important;-webkit-text-fill-color:#3b82f6!important;text-decoration:none!important}
#frq21q4 .btn-outline:hover{background:#3b82f6!important;color:white!important;-webkit-text-fill-color:white!important}
#frq21q4 .btn-green{background-color:#16a34a!important;color:white!important;-webkit-text-fill-color:white!important}
#frq21q4 a.btn-green:link,#frq21q4 a.btn-green:visited{color:white!important;-webkit-text-fill-color:white!important;text-decoration:none!important}
#frq21q4 .btn-green:hover{background-color:#15803d!important}
#frq21q4 .frq-timer{display:flex!important;align-items:center!important;gap:12px!important;margin:20px 0!important;padding:12px 20px!important;background:#f8fafc!important;border:1px solid #e2e8f0!important;border-radius:8px!important}
#frq21q4 .frq-timer-label{font-weight:600!important;color:#475569!important;font-size:14px!important}
#frq21q4 .frq-timer-display{font-family:Consolas,Monaco,monospace!important;font-size:24px!important;font-weight:700!important;color:#1e293b!important;min-width:80px!important}
#frq21q4 .frq-timer button{padding:6px 14px!important;border-radius:4px!important;border:1px solid #cbd5e1!important;background:#ffffff!important;color:#475569!important;-webkit-text-fill-color:#475569!important;font-size:13px!important;font-weight:600!important;cursor:pointer!important}
#frq21q4 .mistake-block{border:1px solid #e5e7eb!important;border-radius:8px!important;margin:20px 0!important;overflow:hidden!important}
#frq21q4 .mistake-header{padding:14px 20px!important;font-weight:600!important;font-size:15px!important;color:#1e293b!important;background:#fef2f2!important;border-bottom:1px solid #e5e7eb!important}
#frq21q4 .mistake-body{padding:16px 20px!important}
#frq21q4 .mistake-label{display:inline-block!important;font-size:12px!important;font-weight:700!important;text-transform:uppercase!important;letter-spacing:0.5px!important;padding:3px 8px!important;border-radius:4px!important;margin-bottom:8px!important}
#frq21q4 .mistake-wrong{background:#fef2f2!important;color:#dc2626!important}
#frq21q4 .mistake-right{background:#dcfce7!important;color:#16a34a!important}
#frq21q4 .exam-tip{padding:12px 16px 12px 44px!important;background:#f0fdf4!important;border-radius:6px!important;margin:10px 0!important;position:relative!important;font-size:15px!important;line-height:1.6!important;color:#1e293b!important}
#frq21q4 .exam-tip::before{content:'\2713'!important;position:absolute!important;left:16px!important;top:12px!important;color:#16a34a!important;font-weight:700!important;font-size:16px!important}
#frq21q4 .related-card{display:block!important;padding:16px 20px!important;border:1px solid #e5e7eb!important;border-radius:8px!important;margin:10px 0!important;text-decoration:none!important}
#frq21q4 .related-card:hover{border-color:#3b82f6!important;background:#f8fafc!important}
#frq21q4 a.related-card:link,#frq21q4 a.related-card:visited{text-decoration:none!important}
#frq21q4 .related-card .card-type{font-size:12px!important;font-weight:600!important;text-transform:uppercase!important;color:#64748b!important;letter-spacing:0.5px!important;margin-bottom:4px!important;display:block!important}
#frq21q4 .related-card .card-title{font-size:15px!important;font-weight:600!important;color:#1e40af!important;-webkit-text-fill-color:#1e40af!important;display:block!important}
#frq21q4 .cta-box{background:linear-gradient(135deg,#1e3a8a 0%,#1e40af 100%)!important;color:#ffffff!important;padding:32px!important;border-radius:12px!important;margin:32px 0!important;text-align:center!important}
#frq21q4 .cta-box h3{color:#ffffff!important;-webkit-text-fill-color:#ffffff!important;font-size:1.3em!important;margin:0 0 12px!important}
#frq21q4 .cta-box p{color:#dbeafe!important;font-size:15px!important}
#frq21q4 .cta-box .btn{background:#ffffff!important;color:#1e40af!important;-webkit-text-fill-color:#1e40af!important}
#frq21q4 .cta-box a.btn:link,#frq21q4 .cta-box a.btn:visited{color:#1e40af!important;-webkit-text-fill-color:#1e40af!important}
#frq21q4 .tutor-cta{background:#f8fafc!important;border:1px solid #e2e8f0!important;border-radius:12px!important;padding:28px!important;margin:32px 0!important}
#frq21q4 .tutor-stats{display:flex!important;gap:24px!important;flex-wrap:wrap!important;margin:16px 0!important}
#frq21q4 .tutor-stat{text-align:center!important}
#frq21q4 .tutor-stat-value{font-size:20px!important;font-weight:700!important;color:#1e40af!important;-webkit-text-fill-color:#1e40af!important;display:block!important}
#frq21q4 .tutor-stat-label{font-size:12px!important;color:#64748b!important}
#frq21q4 .frq-nav{display:flex!important;justify-content:space-between!important;align-items:center!important;margin:40px 0 20px!important;gap:12px!important;flex-wrap:wrap!important}
#frq21q4 .frq-footer-links{text-align:center!important;margin:16px 0 0!important;font-size:14px!important;color:#64748b!important}
#frq21q4 .frq-footer-links a{color:#2563eb!important;-webkit-text-fill-color:#2563eb!important;font-size:14px!important}
#frq21q4 .scoring-summary{margin:24px 0!important}
#frq21q4 .scoring-summary table{width:100%!important}
#frq21q4 .scoring-summary td:last-child,#frq21q4 .scoring-summary th:last-child{text-align:center!important;font-weight:700!important}
#frq21q4 .faq-item{border-bottom:1px solid #e5e7eb!important;padding:20px 0!important}
#frq21q4 .faq-item:last-child{border-bottom:none!important}
#frq21q4 .faq-q{font-weight:600!important;color:#1e293b!important;font-size:16px!important;margin:0 0 8px!important}
#frq21q4 .faq-a{color:#475569!important;font-size:15px!important;line-height:1.7!important;margin:0!important}
#frq21q4 .frq-pdf-wrap{width:100%!important;border:2px solid #cbd5e1!important;border-radius:8px!important;overflow:hidden!important;margin:16px 0 20px!important;background:#f1f5f9!important}
#frq21q4 .frq-pdf-wrap iframe{width:100%!important;height:680px!important;border:none!important;display:block!important}
#frq21q4 .frq-pdf-fallback{padding:20px!important;text-align:center!important;background:#f8fafc!important;display:none!important;font-size:14px!important;color:#475569!important}
#frq21q4 .frq-video-wrap{position:relative!important;padding-bottom:56.25%!important;height:0!important;overflow:hidden!important;border-radius:8px!important;margin:16px 0!important;background:#0f172a!important}
#frq21q4 .frq-video-wrap iframe{position:absolute!important;top:0!important;left:0!important;width:100%!important;height:100%!important;border:none!important;border-radius:8px!important}
#frq21q4 .frq-editor textarea::selection{background:#3b82f6!important;color:#ffffff!important;-webkit-text-fill-color:#ffffff!important}
#frq21q4 .frq-editor textarea::-moz-selection{background:#3b82f6!important;color:#ffffff!important}
@media(max-width:640px){
#frq21q4{padding:16px 14px 40px!important}
#frq21q4 h1{font-size:1.5em!important}
#frq21q4 h2{font-size:1.25em!important}
#frq21q4 .frq-timer{flex-wrap:wrap!important}
#frq21q4 .tutor-stats{gap:16px!important}
#frq21q4 .frq-nav{flex-direction:column!important;align-items:stretch!important}
#frq21q4 .frq-nav .btn{text-align:center!important}
}
</style>
<div class=""frq-breadcrumb"">
<a href=""/pages/ap-csa-frq-archive"">FRQ Archive</a> ›
<a href=""/pages/ap-csa-frq-2021"">2021 FRQs</a> ›
FRQ 4: ArrayResizer
</div>
<div class=""frq-year-label"">2021 AP CSA • 2D Array</div>
<h1>AP CSA 2021 FRQ 4: ArrayResizer</h1>
<p class=""frq-subtitle"">Complete solution, scoring rubric, and walkthrough — verified from the official College Board PDF</p>
<div class=""frq-badges"">
<span class=""frq-badge frq-badge-blue"">9 Points</span>
<span class=""frq-badge frq-badge-amber"">Medium</span>
<span class=""frq-badge frq-badge-amber"">Unit 4</span>
</div>
<table class=""frq-meta-table"">
<tr>
<td>Question Type</td>
<td>2D Array</td>
</tr>
<tr>
<td>Skills Tested</td>
<td>2D array row traversal, helper method chaining, two-index copy pattern</td>
</tr>
<tr>
<td>Difficulty</td>
<td>Medium</td>
</tr>
<tr>
<td>Recommended Time</td>
<td>22 minutes</td>
</tr>
</table>
<div class=""frq-summary"">
<h2>What This Problem Asks</h2>
<p>2021 AP CSA FRQ 4 ArrayResizer asks students to write two static methods. <code>isNonZeroRow</code> returns true if every element in a specified row is non-zero. <code>resize</code> creates a new 2D array containing only the rows that pass <code>isNonZeroRow</code>, using <code>numNonZeroRows</code> to size the new array and a separate index for insertion.</p>
</div>
<div class=""frq-curriculum"">
<h2>What This FRQ Tests</h2>
<p>This FRQ tests <a href=""/pages/ap-csa-unit-4-data-collections-study-guide""><strong>Unit 4: 2D Arrays</strong></a> and <a href=""/pages/unit-2-selection-and-iteration-ultimate-study-guide""><strong>Unit 2</strong></a> (boolean short-circuit, nested loops, helper method usage).</p>
</div>
<div class=""frq-jumplinks"">
<a href=""#frq21q4-pdf"">Official PDF</a>
<a href=""#frq21q4-code"">Provided Code</a>
<a href=""#frq21q4-parta"">Part A</a>
<a href=""#frq21q4-partb"">Part B</a>
<a href=""#frq21q4-mistakes"">Mistakes</a>
<a href=""#frq21q4-tips"">Tips</a>
<a href=""#frq21q4-faq"">FAQ</a>
</div>
<div id=""frq21q4-pdf"">
<h2>Official Question &amp; PDF</h2>
<p>
<a href=""https://apcentral.collegeboard.org/media/pdf/ap21-frq-computer-science-a.pdf"" target=""_blank"" rel=""noopener"" class=""btn btn-sm"">Download Full FRQ PDF →</a>
</p>
<div class=""frq-pdf-wrap"">
<iframe src=""https://apcentral.collegeboard.org/media/pdf/ap21-frq-computer-science-a.pdf#page=13"" title=""2021 AP CSA FRQ 4 ArrayResizer"" loading=""lazy"" id=""frq21q4-pdf-iframe""></iframe>
<div class=""frq-pdf-fallback"" id=""frq21q4-pdf-fallback"">
<p>PDF cannot display on this device. <a href=""https://apcentral.collegeboard.org/media/pdf/ap21-frq-computer-science-a.pdf"" target=""_blank"" rel=""noopener"">Open PDF directly →</a></p>
</div>
</div>
</div>
<div class=""frq-timer"">
<span class=""frq-timer-label"">Timer</span>
<span class=""frq-timer-display"" id=""frq21q4-timer"">22:00</span>
<button onclick=""frq21q4Start()"">Start</button>
<button onclick=""frq21q4Pause()"">Pause</button>
<button onclick=""frq21q4Reset()"">Reset</button>
</div>
<div id=""frq21q4-code"">
<h2>Provided Code</h2>
<pre>public class ArrayResizer
{
    /** Returns true if all elements in row r of array2D are non-zero. */
    public static boolean isNonZeroRow(int[][] array2D, int r)
    { /* to be implemented in part (a) */ }
    /** Returns the number of rows with all non-zero values. */
    public static int numNonZeroRows(int[][] array2D)
    { /* implementation not shown */ }
    /** Returns a new 2D array containing only rows with no zeros.
     *  Precondition: at least one row with no zeros exists. */
    public static int[][] resize(int[][] array2D)
    { /* to be implemented in part (b) */ }
}</pre>
</div>
<div id=""frq21q4-parta"">
<h2>Part A — 4 Points</h2>
<p>Write <code>isNonZeroRow</code>: return <code>true</code> if and only if every element in row <code>r</code> of <code>array2D</code> is non-zero.</p>
<h3>Write Your Solution</h3>
<div class=""frq-editor"">
<textarea id=""frq21q4-ea"" placeholder=""// Write Part A here...
// Tab to indent | Brackets auto-close | Enter auto-indents""></textarea>
<span class=""frq-editor-hint"">Drag corner to expand ▽</span>
</div>
<p>
<button class=""btn btn-sm btn-green"" onclick=""document.getElementById('frq21q4-sola').classList.add('open')"">Check Answer</button>
 
<button class=""btn btn-sm btn-outline"" onclick=""document.getElementById('frq21q4-ea').value=''"">Clear</button>
</p>
<button class=""frq-collapsible"" onclick=""this.nextElementSibling.classList.toggle('open')"">View Solution and Rubric ▼</button>
<div class=""frq-collapsible-content"" id=""frq21q4-sola"">
<h4>Scoring Rubric (Part A — 4 points)</h4>
<table>
<tr>
<td><strong>+1</strong></td>
<td>Traverses row <code>r</code> of <code>array2D</code>
</td>
</tr>
<tr>
<td><strong>+1</strong></td>
<td>Compares each element to zero (using <code>!= 0</code> or <code>== 0</code>)</td>
</tr>
<tr>
<td><strong>+1</strong></td>
<td>Returns <code>false</code> if any element is zero</td>
</tr>
<tr>
<td><strong>+1</strong></td>
<td>Returns <code>true</code> if and only if all elements are non-zero (algorithm)</td>
</tr>
</table>
<h4>Solution</h4>
<pre>public static boolean isNonZeroRow(int[][] array2D, int r)
{
    for (int c = 0; c &lt; array2D[r].length; c++)
    {
        if (array2D[r][c] == 0)
        {
            return false;
        }
    }
    return true;
}</pre>
</div>
</div>
<div id=""frq21q4-partb"">
<h2>Part B — 5 Points</h2>
<p>Write <code>resize</code>: return a new 2D array containing only the rows from <code>array2D</code> that have no zero values, in the same order. Must use both <code>numNonZeroRows</code> and <code>isNonZeroRow</code>.</p>
<h3>Write Your Solution</h3>
<div class=""frq-editor"">
<textarea id=""frq21q4-eb"" placeholder=""// Write Part B here...
// Tab to indent | Brackets auto-close | Enter auto-indents""></textarea>
<span class=""frq-editor-hint"">Drag corner to expand ▽</span>
</div>
<p>
<button class=""btn btn-sm btn-green"" onclick=""document.getElementById('frq21q4-solb').classList.add('open')"">Check Answer</button>
 
<button class=""btn btn-sm btn-outline"" onclick=""document.getElementById('frq21q4-eb').value=''"">Clear</button>
</p>
<button class=""frq-collapsible"" onclick=""this.nextElementSibling.classList.toggle('open')"">View Solution and Rubric ▼</button>
<div class=""frq-collapsible-content"" id=""frq21q4-solb"">
<h4>Scoring Rubric (Part B — 5 points)</h4>
<table>
<tr>
<td><strong>+1</strong></td>
<td>Creates a new 2D array of the correct size using <code>numNonZeroRows</code>
</td>
</tr>
<tr>
<td><strong>+1</strong></td>
<td>Calls <code>isNonZeroRow</code> to identify rows to include</td>
</tr>
<tr>
<td><strong>+1</strong></td>
<td>Copies qualifying rows from <code>array2D</code> to the new array</td>
</tr>
<tr>
<td><strong>+1</strong></td>
<td>Maintains original row order (algorithm)</td>
</tr>
<tr>
<td><strong>+1</strong></td>
<td>Returns the new array</td>
</tr>
</table>
<h4>Solution</h4>
<pre>public static int[][] resize(int[][] array2D)
{
    int newRows = numNonZeroRows(array2D);
    int[][] result = new int[newRows][array2D[0].length];
    int nextRow = 0;
    for (int r = 0; r &lt; array2D.length; r++)
    {
        if (isNonZeroRow(array2D, r))
        {
            result[nextRow] = array2D[r];
            nextRow++;
        }
    }
    return result;
}</pre>
<div class=""key-insight"">
<strong>Two row indices:</strong> <code>r</code> iterates over all rows of the original array. <code>nextRow</code> tracks where to insert the next qualifying row in the result. These must be separate variables.</div>
</div>
</div>
<div id=""frq21q4-mistakes"">
<h2>Common Mistakes to Avoid</h2>
<div class=""mistake-block"">
<div class=""mistake-header"">Creating the result array with the wrong number of rows</div>
<div class=""mistake-body"">
<p>Use <code>numNonZeroRows(array2D)</code> to get the correct number of rows, not <code>array2D.length</code>.</p>
<p><span class=""mistake-label mistake-wrong"">Wrong</span></p>
<pre>int[][] result = new int[array2D.length][array2D[0].length];</pre>
<p><span class=""mistake-label mistake-right"">Correct</span></p>
<pre>int[][] result = new int[numNonZeroRows(array2D)][array2D[0].length];</pre>
</div>
</div>
</div>
<div id=""frq21q4-tips"">
<h2>Exam Tips</h2>
<div class=""exam-tip"">For resize, you need two row counters: one for the source array (r) and one for the destination array (nextRow). They increment at different rates.</div>
<div class=""exam-tip"">Part B says ""Assume isNonZeroRow works as intended."" Use it — the rubric specifically requires calling both numNonZeroRows and isNonZeroRow.</div>
</div>
<div class=""scoring-summary"">
<h2>Scoring Summary</h2>
<table>
<tr>
<th>Part</th>
<th>Method</th>
<th>Points</th>
</tr>
<tr>
<td>Part A</td>
<td><code>Write</code></td>
<td>4</td>
</tr>
<tr>
<td>Part B</td>
<td><code>Write</code></td>
<td>5</td>
</tr>
<tr>
<td><strong>Total</strong></td>
<td></td>
<td><strong>9</strong></td>
</tr>
</table>
</div>
<div class=""cta-box"">
<h3>Want the Complete 2021 FRQ Solutions?</h3>
<p>Browse all past AP CSA FRQs with full solutions and scoring breakdowns.</p>
<p style=""margin-top:16px!important""><a href=""/pages/ap-csa-frq-archive"" class=""btn"">FRQ Archive →</a></p>
</div>
<h2>Related FRQs</h2>
<a href=""/pages/ap-csa-2022-frq-4-data"" class=""related-card"">
<span class=""card-type"">2D Array</span>
<span class=""card-title"">2022 FRQ 4: Data — Random fill with constraints and column increasing check</span>
</a>
<a href=""/pages/ap-csa-2023-frq-4-boxofcandy"" class=""related-card"">
<span class=""card-type"">2D Array</span>
<span class=""card-title"">2023 FRQ 4: BoxOfCandy — 2D array column operations and specified traversal</span>
</a>
<h2>Study the Concepts</h2>
<p><a href=""/pages/ap-csa-unit-4-data-collections-study-guide"" class=""btn"">Unit 4 Study Guide →</a></p>
<div class=""tutor-cta"">
<h3>Struggling with FRQs? Get 1-on-1 Help</h3>
<p>Work directly with Tanner — AP CS teacher with 11+ years experience and 1,845+ verified tutoring hours. 54.5% of students score 5s (vs. 25.5% national average).</p>
<div class=""tutor-stats"">
<div class=""tutor-stat"">
<span class=""tutor-stat-value"">5.0</span><span class=""tutor-stat-label"">Rating (451+ reviews)</span>
</div>
<div class=""tutor-stat"">
<span class=""tutor-stat-value"">1,845+</span><span class=""tutor-stat-label"">Verified Hours</span>
</div>
<div class=""tutor-stat"">
<span class=""tutor-stat-value"">54.5%</span><span class=""tutor-stat-label"">Score 5s</span>
</div>
</div>
<p style=""margin-top:16px!important""><a href=""/pages/ap-computer-science-tutor"" class=""btn"">Book a Session ($150/hr) →</a></p>
<p style=""font-size:13px!important;color:#64748b!important;margin-top:8px!important"">5-session packages at $125/hr. Venmo, Zelle, PayPal, or credit card.</p>
</div>
<div id=""frq21q4-faq"">
<h2>Frequently Asked Questions</h2>
<div class=""faq-item"">
<p class=""faq-q"">What does 2021 AP CSA FRQ 4 ArrayResizer test?</p>
<p class=""faq-a"">FRQ 4 tests 2D array traversal and helper method usage. isNonZeroRow checks one row for any zero values. resize creates a new 2D array containing only rows that pass isNonZeroRow, using numNonZeroRows to determine the new array size.</p>
</div>
<div class=""faq-item"">
<p class=""faq-q"">How many points is FRQ 4 worth?</p>
<p class=""faq-a"">9 points: 4 for Part A (isNonZeroRow) and 5 for Part B (resize).</p>
</div>
<div class=""faq-item"">
<p class=""faq-q"">Why do resize use two row index variables?</p>
<p class=""faq-a"">r iterates all rows of the original array. nextRow tracks where to insert the next qualifying row in the result array. They increment at different rates.</p>
</div>
<div class=""faq-item"">
<p class=""faq-q"">What happens if array2D[0] is used for column count?</p>
<p class=""faq-a"">array2D[0].length gives the number of columns, which is guaranteed to be the same for all rows in a rectangular 2D array. This is safe and is the standard approach.</p>
</div>
</div>
<div class=""frq-nav"">
<a href=""/pages/ap-csa-2021-frq-3-clubmembers"" class=""btn btn-outline"">← FRQ 3: ClubMembers</a>
<a href=""/pages/ap-csa-frq-2021"" class=""btn btn-outline"">2021 FRQ Index</a>

</div>
<div class=""frq-footer-links"">
<a href=""/pages/ap-csa-frq-archive"">Complete FRQ Archive (2004–2025)</a> •
<a href=""/pages/ap-csa-frqs-by-topic"">FRQs by Topic</a>
</div>
</div>
<script>
(function(){
var frq21q4S=22*60,frq21q4I=null,frq21q4R=false;
function frq21q4D(){var m=Math.floor(frq21q4S/60),s=frq21q4S%60;var e=document.getElementById('frq21q4-timer');if(e)e.textContent=m+':'+(s<10?'0':'')+s;}
window.frq21q4Start=function(){if(frq21q4R)return;frq21q4R=true;frq21q4I=setInterval(function(){if(frq21q4S>0){frq21q4S--;frq21q4D();}else{clearInterval(frq21q4I);frq21q4R=false;}},1000);};
window.frq21q4Pause=function(){clearInterval(frq21q4I);frq21q4R=false;};
window.frq21q4Reset=function(){clearInterval(frq21q4I);frq21q4R=false;frq21q4S=22*60;frq21q4D();};
var IND='    ';
function getInd(t,p){var ls=t.lastIndexOf('\n',p-1)+1;var m=t.substring(ls).match(/^([ \t]*)/);return m?m[1]:'';}
function initEd(el){
  if(!el)return;
  el.addEventListener('keydown',function(e){
    var ta=this,s=ta.selectionStart,end=ta.selectionEnd,v=ta.value;
    if(e.key==='Tab'){e.preventDefault();if(e.shiftKey){var ls=v.lastIndexOf('\n',s-1)+1;var lt=v.substring(ls);if(lt.substring(0,IND.length)===IND){ta.value=v.substring(0,ls)+lt.substring(IND.length);ta.selectionStart=ta.selectionEnd=Math.max(s-IND.length,ls);}}else{ta.value=v.substring(0,s)+IND+v.substring(end);ta.selectionStart=ta.selectionEnd=s+IND.length;}return;}
    var P={'(':')','[':']','{':'}','""':'""',""'"":""'""};
    if(P[e.key]){var cl=P[e.key];if(e.key==='""'||e.key===""'""){if(v.charAt(s)===e.key){e.preventDefault();ta.selectionStart=ta.selectionEnd=s+1;return;}var bf=v.substring(0,s);var ct=0;for(var i=0;i<bf.length;i++)if(bf[i]===e.key)ct++;if(ct%2===1)return;}if(v.charAt(s)===cl&&e.key!==cl){e.preventDefault();ta.selectionStart=ta.selectionEnd=s+1;return;}e.preventDefault();ta.value=v.substring(0,s)+e.key+cl+v.substring(end);ta.selectionStart=ta.selectionEnd=s+1;return;}
    var CLOSE=[')','[',']',String.fromCharCode(125)];
    if(CLOSE.indexOf(e.key)>=0&&e.key!==String.fromCharCode(91)){if(v.charAt(s)===e.key){e.preventDefault();ta.selectionStart=ta.selectionEnd=s+1;return;}}
    if(e.key==='Backspace'&&s===end&&s>0){var bc=v.charAt(s-1);var ac=v.charAt(s);if(P[bc]&&P[bc]===ac){e.preventDefault();ta.value=v.substring(0,s-1)+v.substring(s+1);ta.selectionStart=ta.selectionEnd=s-1;return;}}
  });
  el.addEventListener('beforeinput',function(e){
    if(e.inputType==='insertLineBreak'||e.inputType==='insertParagraph'){
      e.preventDefault();var ta=this;var v=ta.value;var s=ta.selectionStart;var end=ta.selectionEnd;
      var ind=getInd(v,s);var cb=v.charAt(s-1);var ca=v.charAt(s);
      var OB=String.fromCharCode(123);var CB=String.fromCharCode(125);
      if(cb===OB&&ca===CB){var nt='\n'+ind+IND+'\n'+ind;ta.value=v.substring(0,s)+nt+v.substring(end);ta.selectionStart=ta.selectionEnd=s+1+ind.length+IND.length;}
      else if(cb===OB){var nt='\n'+ind+IND;ta.value=v.substring(0,s)+nt+v.substring(end);ta.selectionStart=ta.selectionEnd=s+nt.length;}
      else{var nt='\n'+ind;ta.value=v.substring(0,s)+nt+v.substring(end);ta.selectionStart=ta.selectionEnd=s+nt.length;}
    }
  });
}
  initEd(document.getElementById('frq21q4-ea'));
  initEd(document.getElementById('frq21q4-eb'));
(function(){var m=/Android|iPhone|iPad|iPod|Opera Mini|IEMobile/i.test(navigator.userAgent);if(m){var ifr=document.getElementById('frq21q4-pdf-iframe');var fb=document.getElementById('frq21q4-pdf-fallback');if(ifr&&fb){ifr.style.display='none';fb.style.display='block';}};})();
})();
</script>","TRUE","2026-03-01 12:00:00"
"ap-csa-2022-frq-1-game","MERGE","<style>#frq2026note-ap-csa-2022-frq-1-game{all:initial!important;display:block!important;box-sizing:border-box!important;font-family:-apple-system,BlinkMacSystemFont,""Segoe UI"",Roboto,Helvetica,Arial,sans-serif!important;background:#fffbeb!important;border:1px solid #fcd34d!important;border-left:5px solid #d97706!important;border-radius:8px!important;margin:0 0 18px 0!important;padding:0!important;overflow:hidden!important;}#frq2026note-ap-csa-2022-frq-1-game *{box-sizing:border-box!important;font-family:inherit!important;}#frq2026note-ap-csa-2022-frq-1-game summary{display:block!important;cursor:pointer!important;padding:12px 15px!important;font-size:0.95em!important;line-height:1.5!important;list-style:none!important;color:#78350f!important;-webkit-text-fill-color:#78350f!important;}#frq2026note-ap-csa-2022-frq-1-game summary::-webkit-details-marker{display:none!important;}#frq2026note-ap-csa-2022-frq-1-game summary::marker{content:""""!important;}#frq2026note-ap-csa-2022-frq-1-game summary:hover{background:#fef3c7!important;}#frq2026note-ap-csa-2022-frq-1-game summary strong{font-weight:700!important;color:#78350f!important;-webkit-text-fill-color:#78350f!important;}#frq2026note-ap-csa-2022-frq-1-game .n26-body{display:block!important;padding:0 15px 14px!important;font-size:0.92em!important;line-height:1.6!important;color:#78350f!important;-webkit-text-fill-color:#78350f!important;}#frq2026note-ap-csa-2022-frq-1-game .n26-body p{margin:0 0 10px!important;color:#78350f!important;-webkit-text-fill-color:#78350f!important;}#frq2026note-ap-csa-2022-frq-1-game .n26-body strong{font-weight:700!important;color:#78350f!important;-webkit-text-fill-color:#78350f!important;}#frq2026note-ap-csa-2022-frq-1-game table{border-collapse:collapse!important;width:100%!important;margin:0 0 10px!important;font-size:0.95em!important;background:#fffdf5!important;}#frq2026note-ap-csa-2022-frq-1-game th,#frq2026note-ap-csa-2022-frq-1-game td{border:1px solid #fcd34d!important;padding:6px 9px!important;text-align:left!important;color:#78350f!important;-webkit-text-fill-color:#78350f!important;}#frq2026note-ap-csa-2022-frq-1-game th{background:#fef3c7!important;font-weight:700!important;}#frq2026note-ap-csa-2022-frq-1-game a{color:#92400e!important;-webkit-text-fill-color:#92400e!important;text-decoration:underline!important;}#frq2026note-ap-csa-2022-frq-1-game .n26-src{font-size:0.85em!important;font-style:italic!important;margin:0!important;}</style>
<details id=""frq2026note-ap-csa-2022-frq-1-game"">
<summary><strong>Heads up: the May 2027 exam scores free response differently from this one.</strong> Tap for the current point structure.</summary>
<div class=""n26-body"">
<p>Every AP CSA free-response question from 2004 through 2025 was worth <strong>9 points</strong>, and the section was 36. From 2026 the four questions are worth <strong>7, 7, 5 and 6</strong>, the section is <strong>25 points</strong>, and only Question 1 has parts.</p>
<table><tr><th>Question</th><th>Points</th><th>Parts</th><th>Type</th></tr><tr><td>Question 1</td><td><strong>7</strong></td><td>Part A 4 + Part B 3</td><td>Methods and Control Structures</td></tr><tr><td>Question 2</td><td><strong>7</strong></td><td>single part</td><td>Class Design</td></tr><tr><td>Question 3</td><td><strong>5</strong></td><td>single part</td><td>Data Analysis with ArrayList</td></tr><tr><td>Question 4</td><td><strong>6</strong></td><td>single part</td><td>2D Array</td></tr></table>
<p>Section I is now 42 multiple-choice questions at 55% of the score, and Section II is 45%. The question on this page is still worth practising. The 9 points printed below it are not the rubric you will be scored against.</p>
<p class=""n26-src"">Point totals from College Board's 2026 scoring guidelines; section weightings from the AP Computer Science A exam page. See the <a href=""/pages/ap-csa-frq-2026"">2026 questions</a> for the current format.</p>
</div>
</details>
<script type=""application/ld+json"">{""@context"":""https://schema.org"",""@type"":""FAQPage"",""mainEntity"":[{""@type"":""Question"",""name"":""What does 2022 AP CSA FRQ 1 Game test?"",""acceptedAnswer"":{""@type"":""Answer"",""text"":""FRQ 1 tests calling helper methods on objects and cascading conditional logic. getScore requires nested if-statements to award points only when prerequisite goals are met. playManyTimes tests running a simulation loop and tracking a running maximum.""}},
    {""@type"":""Question"",""name"":""How many points is 2022 AP CSA FRQ 1 worth?"",""acceptedAnswer"":{""@type"":""Answer"",""text"":""It is worth 9 points: 4 for Part A (getScore) and 5 for Part B (playManyTimes).""}},
    {""@type"":""Question"",""name"":""Why use nested if-statements for getScore?"",""acceptedAnswer"":{""@type"":""Answer"",""text"":""Level 2 points are only earned if BOTH level 1 AND level 2 goals are reached. Nested if-statements enforce this dependency. Three separate if-statements would incorrectly allow level 2 points without level 1 being reached.""}},
    {""@type"":""Question"",""name"":""How does playManyTimes differ from a simple loop?"",""acceptedAnswer"":{""@type"":""Answer"",""text"":""You must call play() before each call to getScore(). The problem states multiple getScore() calls without play() return the same score. So the correct pattern is: call play(), then call getScore(), for every iteration.""}}]}</script>
<script type=""application/ld+json"">{""@context"":""https://schema.org"",""@type"":""Article"",""headline"":""2022 AP CSA FRQ 1: Game - Complete Solution and Scoring Guide"",""description"":""Complete solution for 2022 AP CSA FRQ 1 (Game) with step-by-step explanations, scoring rubric, common mistakes, and exam tips."",""author"":{""@type"":""Person"",""name"":""Tanner Crow"",""url"":""https://www.wyzant.com/tutors/tannerc12""},""publisher"":{""@type"":""Organization"",""name"":""AP CS Exam Prep"",""url"":""https://www.apcsexamprep.com""},""datePublished"":""2022-09-01"",""dateModified"":""2026-03-14"",""educationalLevel"":""AP""}</script>
<script type=""application/ld+json"">{""@context"":""https://schema.org"",""@type"":""BreadcrumbList"",""itemListElement"":[{""@type"":""ListItem"",""position"":1,""name"":""FRQ Archive"",""item"":""https://www.apcsexamprep.com/pages/ap-csa-frq-archive""},{""@type"":""ListItem"",""position"":2,""name"":""2022 FRQs"",""item"":""https://www.apcsexamprep.com/pages/ap-csa-frq-2022""},{""@type"":""ListItem"",""position"":3,""name"":""FRQ 1: Game"",""item"":""https://www.apcsexamprep.com/pages/ap-csa-2022-frq-1-game""}]}</script>
<div id=""frq22q1"">
<style>
.page-title,.article__title,.page__title,.template-page h1:first-of-type{display:none!important}
#frq22q1{all:initial!important;display:block!important;font-family:-apple-system,BlinkMacSystemFont,'Segoe UI',Roboto,Oxygen,Ubuntu,Cantarell,sans-serif!important;line-height:1.7!important;color:#1e293b!important;max-width:880px!important;margin:0 auto!important;padding:24px 20px 60px!important;-webkit-font-smoothing:antialiased!important;background:#ffffff!important}
#frq22q1 *{box-sizing:border-box!important}
#frq22q1 img{max-width:100%!important;height:auto!important}
#frq22q1 h1{font-size:2em!important;font-weight:800!important;color:#1e3a8a!important;-webkit-text-fill-color:#1e3a8a!important;margin:0 0 8px!important;line-height:1.2!important;border:none!important;padding:0!important}
#frq22q1 h2{font-size:1.5em!important;font-weight:700!important;color:#1e40af!important;-webkit-text-fill-color:#1e40af!important;margin:40px 0 16px!important;padding-left:12px!important;border-left:4px solid #60a5fa!important;border-bottom:none!important;line-height:1.3!important}
#frq22q1 h3{font-size:1.2em!important;font-weight:600!important;color:#1e40af!important;-webkit-text-fill-color:#1e40af!important;margin:24px 0 12px!important;line-height:1.3!important}
#frq22q1 h4{font-size:1.05em!important;font-weight:600!important;color:#334155!important;margin:20px 0 10px!important}
#frq22q1 p{margin:0 0 16px!important;color:#1e293b!important;font-size:16px!important;line-height:1.7!important}
#frq22q1 a{color:#2563eb!important;-webkit-text-fill-color:#2563eb!important;text-decoration:underline!important}
#frq22q1 a:link{color:#2563eb!important;-webkit-text-fill-color:#2563eb!important}
#frq22q1 a:visited{color:#2563eb!important;-webkit-text-fill-color:#2563eb!important}
#frq22q1 a:hover{color:#1d4ed8!important;-webkit-text-fill-color:#1d4ed8!important}
#frq22q1 strong{font-weight:700!important;color:#1e293b!important}
#frq22q1 ul,#frq22q1 ol{margin:0 0 16px!important;padding-left:24px!important;color:#1e293b!important}
#frq22q1 li{margin:0 0 8px!important;font-size:16px!important;line-height:1.7!important}
#frq22q1 .frq-breadcrumb{font-size:14px!important;color:#64748b!important;margin-bottom:24px!important;display:block!important}
#frq22q1 .frq-breadcrumb a{color:#2563eb!important;-webkit-text-fill-color:#2563eb!important;text-decoration:none!important;font-size:14px!important}
#frq22q1 .frq-breadcrumb a:link,#frq22q1 .frq-breadcrumb a:visited{color:#2563eb!important;-webkit-text-fill-color:#2563eb!important}
#frq22q1 .frq-year-label{display:inline-block!important;background:#dbeafe!important;color:#1e40af!important;font-size:13px!important;font-weight:600!important;padding:4px 12px!important;border-radius:4px!important;margin-bottom:8px!important;letter-spacing:0.5px!important;text-transform:uppercase!important}
#frq22q1 .frq-subtitle{color:#64748b!important;font-size:15px!important;margin:0 0 20px!important;line-height:1.6!important}
#frq22q1 .frq-badges{display:flex!important;flex-wrap:wrap!important;gap:8px!important;margin-bottom:24px!important}
#frq22q1 .frq-badge{display:inline-block!important;padding:6px 14px!important;border-radius:20px!important;font-size:13px!important;font-weight:600!important;line-height:1.4!important}
#frq22q1 .frq-badge-blue{background:#dbeafe!important;color:#1e40af!important}
#frq22q1 .frq-badge-green{background:#dcfce7!important;color:#166534!important}
#frq22q1 .frq-badge-purple{background:#ede9fe!important;color:#5b21b6!important}
#frq22q1 .frq-badge-amber{background:#fef3c7!important;color:#92400e!important}
#frq22q1 .frq-meta-table{width:100%!important;border-collapse:collapse!important;margin:0 0 24px!important;font-size:15px!important}
#frq22q1 .frq-meta-table td{padding:10px 16px!important;border-bottom:1px solid #e5e7eb!important;color:#1e293b!important;vertical-align:top!important}
#frq22q1 .frq-meta-table td:first-child{font-weight:600!important;color:#475569!important;width:160px!important}
#frq22q1 .frq-summary{background-color:#f0f9ff!important;border:1px solid #bae6fd!important;border-radius:8px!important;padding:20px 24px!important;margin:0 0 24px!important}
#frq22q1 .frq-summary h2{font-size:1.15em!important;margin:0 0 12px!important;padding-left:0!important;border-left:none!important;color:#0c4a6e!important;-webkit-text-fill-color:#0c4a6e!important}
#frq22q1 .frq-summary p{margin:0!important;color:#1e293b!important;font-size:15px!important;line-height:1.7!important}
#frq22q1 .frq-curriculum{background-color:#fefce8!important;border:1px solid #fde68a!important;border-radius:8px!important;padding:20px 24px!important;margin:0 0 24px!important}
#frq22q1 .frq-curriculum h2{font-size:1.15em!important;margin:0 0 12px!important;padding-left:0!important;border-left:none!important;color:#713f12!important;-webkit-text-fill-color:#713f12!important}
#frq22q1 .frq-curriculum p{margin:0 0 8px!important;color:#1e293b!important;font-size:15px!important}
#frq22q1 .frq-curriculum p:last-child{margin-bottom:0!important}
#frq22q1 .frq-jumplinks{display:flex!important;flex-wrap:wrap!important;gap:8px!important;margin:0 0 32px!important;padding:16px 0!important;border-top:1px solid #e5e7eb!important;border-bottom:1px solid #e5e7eb!important}
#frq22q1 .frq-jumplinks a{display:inline-block!important;padding:6px 14px!important;background:#f1f5f9!important;color:#334155!important;-webkit-text-fill-color:#334155!important;border-radius:6px!important;font-size:13px!important;font-weight:600!important;text-decoration:none!important}
#frq22q1 .frq-jumplinks a:link,#frq22q1 .frq-jumplinks a:visited{color:#334155!important;-webkit-text-fill-color:#334155!important}
#frq22q1 .frq-jumplinks a:hover{background:#e2e8f0!important;color:#1e293b!important;-webkit-text-fill-color:#1e293b!important}
#frq22q1 pre{background:#1e293b!important;color:#e2e8f0!important;padding:20px!important;border-radius:8px!important;overflow-x:auto!important;font-family:Consolas,Monaco,'Courier New',monospace!important;font-size:14px!important;line-height:1.6!important;white-space:pre!important;margin:16px 0!important;border:none!important}
#frq22q1 code{font-family:Consolas,Monaco,'Courier New',monospace!important;font-size:14px!important}
#frq22q1 p code,#frq22q1 li code,#frq22q1 td code{background:#f1f5f9!important;color:#be185d!important;padding:2px 6px!important;border-radius:4px!important;font-size:13px!important}
#frq22q1 table{width:100%!important;border-collapse:collapse!important;margin:16px 0!important;font-size:15px!important}
#frq22q1 th{background:#f8fafc!important;color:#334155!important;font-weight:600!important;padding:12px 16px!important;text-align:left!important;border-bottom:2px solid #cbd5e1!important}
#frq22q1 td{padding:10px 16px!important;border-bottom:1px solid #e5e7eb!important;color:#1e293b!important;vertical-align:top!important}
#frq22q1 .frq-intro{background-color:#eff6ff!important;padding:20px!important;border-radius:8px!important;margin:0 0 24px!important;border-left:4px solid #3b82f6!important}
#frq22q1 .practice-tip{background-color:#dcfce7!important;padding:16px 20px!important;border-radius:6px!important;margin:20px 0!important;border-left:4px solid #10b981!important}
#frq22q1 .key-insight{background-color:#dbeafe!important;padding:16px 20px!important;border-radius:6px!important;margin:20px 0!important;border-left:4px solid #3b82f6!important}
#frq22q1 .common-mistake{background-color:#fef2f2!important;padding:16px 20px!important;border-radius:6px!important;margin:20px 0!important;border-left:4px solid #ef4444!important}
#frq22q1 .scoring-guide{background-color:#f9fafb!important;border:1px solid #e5e7eb!important;border-radius:8px!important;padding:20px!important;margin:20px 0!important}
#frq22q1 .frq-collapsible{cursor:pointer!important;background:#f8fafc!important;border:1px solid #e2e8f0!important;border-radius:8px!important;padding:16px 20px!important;margin:16px 0!important;font-weight:600!important;font-size:15px!important;color:#1e40af!important;-webkit-text-fill-color:#1e40af!important;display:block!important;width:100%!important;text-align:left!important}
#frq22q1 .frq-collapsible:hover{background:#eef2ff!important}
#frq22q1 .frq-collapsible-content{display:none!important;padding:20px!important;border:1px solid #e2e8f0!important;border-top:none!important;border-radius:0 0 8px 8px!important;margin-top:-17px!important;background:#ffffff!important}
#frq22q1 .frq-collapsible-content.open{display:block!important}
#frq22q1 .frq-editor{position:relative!important;margin:20px 0!important}
#frq22q1 .frq-editor textarea{width:100%!important;min-height:200px!important;font-family:Consolas,Monaco,'Courier New',monospace!important;font-size:14px!important;line-height:1.6!important;padding:16px!important;border:2px solid #cbd5e1!important;border-radius:8px!important;background:#1e293b!important;color:#e2e8f0!important;resize:vertical!important;tab-size:4!important;-moz-tab-size:4!important;white-space:pre!important;overflow-wrap:normal!important;overflow-x:auto!important}
#frq22q1 .frq-editor textarea:focus{border-color:#3b82f6!important;outline:none!important;box-shadow:0 0 0 3px rgba(59,130,246,0.15)!important}
#frq22q1 .frq-editor textarea::placeholder{color:#64748b!important}
#frq22q1 .frq-editor-hint{display:block!important;text-align:right!important;font-size:11px!important;color:#94a3b8!important;margin-top:4px!important;font-style:italic!important;padding-right:4px!important}
#frq22q1 .btn{display:inline-block!important;padding:12px 24px!important;background-color:#3b82f6!important;color:white!important;-webkit-text-fill-color:white!important;text-decoration:none!important;border-radius:6px!important;font-weight:600!important;font-size:15px!important;border:none!important;cursor:pointer!important;opacity:1!important;visibility:visible!important}
#frq22q1 .btn:hover{background-color:#2563eb!important;color:white!important;-webkit-text-fill-color:white!important}
#frq22q1 a.btn:link,#frq22q1 a.btn:visited{color:white!important;-webkit-text-fill-color:white!important;text-decoration:none!important}
#frq22q1 .btn-sm{padding:8px 16px!important;font-size:13px!important}
#frq22q1 .btn-outline{background:transparent!important;border:2px solid #3b82f6!important;color:#3b82f6!important;-webkit-text-fill-color:#3b82f6!important}
#frq22q1 a.btn-outline:link,#frq22q1 a.btn-outline:visited{color:#3b82f6!important;-webkit-text-fill-color:#3b82f6!important;text-decoration:none!important}
#frq22q1 .btn-outline:hover{background:#3b82f6!important;color:white!important;-webkit-text-fill-color:white!important}
#frq22q1 .btn-green{background-color:#16a34a!important;color:white!important;-webkit-text-fill-color:white!important}
#frq22q1 a.btn-green:link,#frq22q1 a.btn-green:visited{color:white!important;-webkit-text-fill-color:white!important;text-decoration:none!important}
#frq22q1 .btn-green:hover{background-color:#15803d!important}
#frq22q1 .frq-timer{display:flex!important;align-items:center!important;gap:12px!important;margin:20px 0!important;padding:12px 20px!important;background:#f8fafc!important;border:1px solid #e2e8f0!important;border-radius:8px!important}
#frq22q1 .frq-timer-label{font-weight:600!important;color:#475569!important;font-size:14px!important}
#frq22q1 .frq-timer-display{font-family:Consolas,Monaco,monospace!important;font-size:24px!important;font-weight:700!important;color:#1e293b!important;min-width:80px!important}
#frq22q1 .frq-timer button{padding:6px 14px!important;border-radius:4px!important;border:1px solid #cbd5e1!important;background:#ffffff!important;color:#475569!important;-webkit-text-fill-color:#475569!important;font-size:13px!important;font-weight:600!important;cursor:pointer!important}
#frq22q1 .mistake-block{border:1px solid #e5e7eb!important;border-radius:8px!important;margin:20px 0!important;overflow:hidden!important}
#frq22q1 .mistake-header{padding:14px 20px!important;font-weight:600!important;font-size:15px!important;color:#1e293b!important;background:#fef2f2!important;border-bottom:1px solid #e5e7eb!important}
#frq22q1 .mistake-body{padding:16px 20px!important}
#frq22q1 .mistake-label{display:inline-block!important;font-size:12px!important;font-weight:700!important;text-transform:uppercase!important;letter-spacing:0.5px!important;padding:3px 8px!important;border-radius:4px!important;margin-bottom:8px!important}
#frq22q1 .mistake-wrong{background:#fef2f2!important;color:#dc2626!important}
#frq22q1 .mistake-right{background:#dcfce7!important;color:#16a34a!important}
#frq22q1 .exam-tip{padding:12px 16px 12px 44px!important;background:#f0fdf4!important;border-radius:6px!important;margin:10px 0!important;position:relative!important;font-size:15px!important;line-height:1.6!important;color:#1e293b!important}
#frq22q1 .exam-tip::before{content:'\2713'!important;position:absolute!important;left:16px!important;top:12px!important;color:#16a34a!important;font-weight:700!important;font-size:16px!important}
#frq22q1 .related-card{display:block!important;padding:16px 20px!important;border:1px solid #e5e7eb!important;border-radius:8px!important;margin:10px 0!important;text-decoration:none!important}
#frq22q1 .related-card:hover{border-color:#3b82f6!important;background:#f8fafc!important}
#frq22q1 a.related-card:link,#frq22q1 a.related-card:visited{text-decoration:none!important}
#frq22q1 .related-card .card-type{font-size:12px!important;font-weight:600!important;text-transform:uppercase!important;color:#64748b!important;letter-spacing:0.5px!important;margin-bottom:4px!important;display:block!important}
#frq22q1 .related-card .card-title{font-size:15px!important;font-weight:600!important;color:#1e40af!important;-webkit-text-fill-color:#1e40af!important;display:block!important}
#frq22q1 .cta-box{background:linear-gradient(135deg,#1e3a8a 0%,#1e40af 100%)!important;color:#ffffff!important;padding:32px!important;border-radius:12px!important;margin:32px 0!important;text-align:center!important}
#frq22q1 .cta-box h3{color:#ffffff!important;-webkit-text-fill-color:#ffffff!important;font-size:1.3em!important;margin:0 0 12px!important}
#frq22q1 .cta-box p{color:#dbeafe!important;font-size:15px!important}
#frq22q1 .cta-box .btn{background:#ffffff!important;color:#1e40af!important;-webkit-text-fill-color:#1e40af!important}
#frq22q1 .cta-box a.btn:link,#frq22q1 .cta-box a.btn:visited{color:#1e40af!important;-webkit-text-fill-color:#1e40af!important}
#frq22q1 .tutor-cta{background:#f8fafc!important;border:1px solid #e2e8f0!important;border-radius:12px!important;padding:28px!important;margin:32px 0!important}
#frq22q1 .tutor-stats{display:flex!important;gap:24px!important;flex-wrap:wrap!important;margin:16px 0!important}
#frq22q1 .tutor-stat{text-align:center!important}
#frq22q1 .tutor-stat-value{font-size:20px!important;font-weight:700!important;color:#1e40af!important;-webkit-text-fill-color:#1e40af!important;display:block!important}
#frq22q1 .tutor-stat-label{font-size:12px!important;color:#64748b!important}
#frq22q1 .frq-nav{display:flex!important;justify-content:space-between!important;align-items:center!important;margin:40px 0 20px!important;gap:12px!important;flex-wrap:wrap!important}
#frq22q1 .frq-footer-links{text-align:center!important;margin:16px 0 0!important;font-size:14px!important;color:#64748b!important}
#frq22q1 .frq-footer-links a{color:#2563eb!important;-webkit-text-fill-color:#2563eb!important;font-size:14px!important}
#frq22q1 .scoring-summary{margin:24px 0!important}
#frq22q1 .scoring-summary table{width:100%!important}
#frq22q1 .scoring-summary td:last-child,#frq22q1 .scoring-summary th:last-child{text-align:center!important;font-weight:700!important}
#frq22q1 .faq-item{border-bottom:1px solid #e5e7eb!important;padding:20px 0!important}
#frq22q1 .faq-item:last-child{border-bottom:none!important}
#frq22q1 .faq-q{font-weight:600!important;color:#1e293b!important;font-size:16px!important;margin:0 0 8px!important}
#frq22q1 .faq-a{color:#475569!important;font-size:15px!important;line-height:1.7!important;margin:0!important}
#frq22q1 .frq-pdf-wrap{width:100%!important;border:2px solid #cbd5e1!important;border-radius:8px!important;overflow:hidden!important;margin:16px 0 20px!important;background:#f1f5f9!important}
#frq22q1 .frq-pdf-wrap iframe{width:100%!important;height:680px!important;border:none!important;display:block!important}
#frq22q1 .frq-pdf-fallback{padding:20px!important;text-align:center!important;background:#f8fafc!important;display:none!important;font-size:14px!important;color:#475569!important}
#frq22q1 .frq-video-wrap{position:relative!important;padding-bottom:56.25%!important;height:0!important;overflow:hidden!important;border-radius:8px!important;margin:16px 0!important;background:#0f172a!important}
#frq22q1 .frq-video-wrap iframe{position:absolute!important;top:0!important;left:0!important;width:100%!important;height:100%!important;border:none!important;border-radius:8px!important}
#frq22q1 .frq-editor textarea::selection{background:#3b82f6!important;color:#ffffff!important;-webkit-text-fill-color:#ffffff!important}
#frq22q1 .frq-editor textarea::-moz-selection{background:#3b82f6!important;color:#ffffff!important}
@media(max-width:640px){
#frq22q1{padding:16px 14px 40px!important}
#frq22q1 h1{font-size:1.5em!important}
#frq22q1 h2{font-size:1.25em!important}
#frq22q1 .frq-timer{flex-wrap:wrap!important}
#frq22q1 .tutor-stats{gap:16px!important}
#frq22q1 .frq-nav{flex-direction:column!important;align-items:stretch!important}
#frq22q1 .frq-nav .btn{text-align:center!important}
}
</style>
<div class=""frq-breadcrumb"">
<a href=""/pages/ap-csa-frq-archive"">FRQ Archive</a> ›
<a href=""/pages/ap-csa-frq-2022"">2022 FRQs</a> ›
FRQ 1: Game
</div>
<div class=""frq-year-label"">2022 AP CSA • Methods &amp; Control Structures</div>
<h1>AP CSA 2022 FRQ 1: Game</h1>
<p class=""frq-subtitle"">Complete solution, scoring rubric, and walkthrough — verified from the official College Board PDF</p>
<div class=""frq-badges"">
<span class=""frq-badge frq-badge-blue"">9 Points</span>
<span class=""frq-badge frq-badge-amber"">Medium</span>
<span class=""frq-badge frq-badge-blue"">Units 1 &amp; 2</span>
</div>
<table class=""frq-meta-table"">
<tr>
<td>Question Type</td>
<td>Methods &amp; Control Structures</td>
</tr>
<tr>
<td>Skills Tested</td>
<td>Cascading conditional logic, helper method calls, running-max accumulation</td>
</tr>
<tr>
<td>Difficulty</td>
<td>Medium</td>
</tr>
<tr>
<td>Recommended Time</td>
<td>22 minutes</td>
</tr>
</table>
<div class=""frq-summary"">
<h2>What This Problem Asks</h2>
<p>2022 AP CSA FRQ 1 Game asks students to write two methods for a video game simulation. <code>getScore</code> returns the score for a game by cascading through three levels (each level’s points only earned if all prerequisite levels were also completed) and tripling for a bonus game. <code>playManyTimes</code> simulates the game num times and returns the highest score, requiring both <code>play()</code> and <code>getScore()</code> to be called in the correct order.</p>
</div>
<div class=""frq-curriculum"">
<h2>What This FRQ Tests</h2>
<p>This FRQ tests <a href=""/pages/ap-csa-unit-1-complete-study-guide""><strong>Unit 1: Using Objects &amp; Methods</strong></a> (calling methods on level objects) and <a href=""/pages/unit-2-selection-and-iteration-ultimate-study-guide""><strong>Unit 2: Selection &amp; Iteration</strong></a> (nested conditionals, for-loop with max tracking).</p>
</div>
<div class=""frq-jumplinks"">
<a href=""#frq22q1-pdf"">Official PDF</a>
<a href=""#frq22q1-code"">Provided Code</a>
<a href=""#frq22q1-parta"">Part A</a>
<a href=""#frq22q1-partb"">Part B</a>
<a href=""#frq22q1-mistakes"">Mistakes</a>
<a href=""#frq22q1-tips"">Tips</a>
<a href=""#frq22q1-faq"">FAQ</a>
</div>
<div id=""frq22q1-pdf"">
<h2>Official Question &amp; PDF</h2>
<p>
<a href=""https://apcentral.collegeboard.org/media/pdf/ap22-frq-computer-science-a.pdf"" target=""_blank"" rel=""noopener"" class=""btn btn-sm"">Download Full FRQ PDF →</a>
</p>
<div class=""frq-pdf-wrap"">
<iframe src=""https://apcentral.collegeboard.org/media/pdf/ap22-frq-computer-science-a.pdf#page=2"" title=""2022 AP CSA FRQ 1 Game"" loading=""lazy"" id=""frq22q1-pdf-iframe""></iframe>
<div class=""frq-pdf-fallback"" id=""frq22q1-pdf-fallback"">
<p>PDF cannot display on this device. <a href=""https://apcentral.collegeboard.org/media/pdf/ap22-frq-computer-science-a.pdf"" target=""_blank"" rel=""noopener"">Open PDF directly →</a></p>
</div>
</div>
</div>
<div class=""frq-timer"">
<span class=""frq-timer-label"">Timer</span>
<span class=""frq-timer-display"" id=""frq22q1-timer"">22:00</span>
<button onclick=""frq22q1Start()"">Start</button>
<button onclick=""frq22q1Pause()"">Pause</button>
<button onclick=""frq22q1Reset()"">Reset</button>
</div>
<div id=""frq22q1-code"">
<h2>Provided Code</h2>
<pre>public class Level
{
    public boolean goalReached() { /* not shown */ }
    public int getPoints() { /* not shown */ }
}

public class Game
{
    private Level levelOne;
    private Level levelTwo;
    private Level levelThree;
    public Game() { /* not shown */ }
    public boolean isBonus() { /* not shown */ }
    public void play() { /* not shown */ }
    public int getScore() { /* to be implemented in part (a) */ }
    public int playManyTimes(int num) { /* to be implemented in part (b) */ }
}</pre>
</div>
<div id=""frq22q1-parta"">
<h2>Part A — 4 Points</h2>
<p>Write <code>getScore</code>, which returns the score for the most recently played game. Level 1 points are earned only if level 1 goal is reached. Level 2 points only if both levels 1 and 2 goals reached. Level 3 points only if all three goals reached. If bonus game, triple the score.</p>
<h3>Write Your Solution</h3>
<div class=""frq-editor"">
<textarea id=""frq22q1-ea"" placeholder=""// Write Part A here...
// Tab to indent | Brackets auto-close | Enter auto-indents""></textarea>
<span class=""frq-editor-hint"">Drag corner to expand ▽</span>
</div>
<p>
<button class=""btn btn-sm btn-green"" onclick=""document.getElementById('frq22q1-sola').classList.add('open')"">Check Answer</button>
 
<button class=""btn btn-sm btn-outline"" onclick=""document.getElementById('frq22q1-ea').value=''"">Clear</button>
</p>
<button class=""frq-collapsible"" onclick=""this.nextElementSibling.classList.toggle('open')"">View Solution and Rubric ▼</button>
<div class=""frq-collapsible-content"" id=""frq22q1-sola"">
<h4>Scoring Rubric (Part A — 4 points)</h4>
<table>
<tr>
<td><strong>+1</strong></td>
<td>Calls <code>goalReached</code> and <code>getPoints</code> on level objects</td>
</tr>
<tr>
<td><strong>+1</strong></td>
<td>Correctly accumulates points based on goal-reached conditions (cascading if-then logic)</td>
</tr>
<tr>
<td><strong>+1</strong></td>
<td>Handles the bonus game tripling correctly</td>
</tr>
<tr>
<td><strong>+1</strong></td>
<td>Returns the calculated score</td>
</tr>
</table>
<h4>Solution</h4>
<pre>public int getScore()
{
    int score = 0;
    if (levelOne.goalReached())
    {
        score += levelOne.getPoints();
        if (levelTwo.goalReached())
        {
            score += levelTwo.getPoints();
            if (levelThree.goalReached())
            {
                score += levelThree.getPoints();
            }
        }
    }
    if (isBonus())
    {
        score *= 3;
    }
    return score;
}</pre>
<div class=""key-insight"">
<strong>Key Insight:</strong> The scoring rules cascade — level 2 points require BOTH level 1 AND level 2 goals. Use nested if-statements, not separate if-statements, to enforce this dependency.</div>
</div>
</div>
<div id=""frq22q1-partb"">
<h2>Part B — 5 Points</h2>
<p>Write <code>playManyTimes</code>, which simulates <code>num</code> games (using <code>play()</code>) and returns the highest score earned. Must call both <code>play</code> and <code>getScore</code> appropriately.</p>
<h3>Write Your Solution</h3>
<div class=""frq-editor"">
<textarea id=""frq22q1-eb"" placeholder=""// Write Part B here...
// Tab to indent | Brackets auto-close | Enter auto-indents""></textarea>
<span class=""frq-editor-hint"">Drag corner to expand ▽</span>
</div>
<p>
<button class=""btn btn-sm btn-green"" onclick=""document.getElementById('frq22q1-solb').classList.add('open')"">Check Answer</button>
 
<button class=""btn btn-sm btn-outline"" onclick=""document.getElementById('frq22q1-eb').value=''"">Clear</button>
</p>
<button class=""frq-collapsible"" onclick=""this.nextElementSibling.classList.toggle('open')"">View Solution and Rubric ▼</button>
<div class=""frq-collapsible-content"" id=""frq22q1-solb"">
<h4>Scoring Rubric (Part B — 5 points)</h4>
<table>
<tr>
<td><strong>+1</strong></td>
<td>Loops <code>num</code> times</td>
</tr>
<tr>
<td><strong>+1</strong></td>
<td>Calls <code>play</code> and <code>getScore</code> (must call both)</td>
</tr>
<tr>
<td><strong>+1</strong></td>
<td>Compares a score to an identified maximum</td>
</tr>
<tr>
<td><strong>+1</strong></td>
<td>Identifies the maximum score correctly (algorithm)</td>
</tr>
<tr>
<td><strong>+1</strong></td>
<td>Returns the maximum score</td>
</tr>
</table>
<h4>Solution</h4>
<pre>public int playManyTimes(int num)
{
    play();
    int maxScore = getScore();
    for (int i = 1; i &lt; num; i++)
    {
        play();
        int score = getScore();
        if (score &gt; maxScore)
        {
            maxScore = score;
        }
    }
    return maxScore;
}</pre>
<div class=""practice-tip"">
<strong>Exam Tip:</strong> <code>play()</code> must be called immediately before each <code>getScore()</code> call — the problem states that multiple consecutive calls to <code>getScore</code> without an intervening <code>play()</code> all return the same score. Call play first, then get score, inside the loop.</div>
</div>
</div>
<div id=""frq22q1-mistakes"">
<h2>Common Mistakes to Avoid</h2>
<div class=""mistake-block"">
<div class=""mistake-header"">Using separate if-statements instead of nested for cascading points</div>
<div class=""mistake-body"">
<p>If you use three separate if-statements, level 2 points are awarded even when level 1 was not reached, which violates the rules.</p>
<p><span class=""mistake-label mistake-wrong"">Wrong</span></p>
<pre>if (levelOne.goalReached()) {
    score += levelOne.getPoints();
}
if (levelTwo.goalReached()) {
    score += levelTwo.getPoints();  // wrong!
}</pre>
<p><span class=""mistake-label mistake-right"">Correct</span></p>
<pre>if (levelOne.goalReached()) {
    score += levelOne.getPoints();
    if (levelTwo.goalReached()) {
        score += levelTwo.getPoints();
        if (levelThree.goalReached()) {
            score += levelThree.getPoints();
        }
    }
}</pre>
</div>
</div>
<div class=""mistake-block"">
<div class=""mistake-header"">Not calling play() before getScore() in Part B</div>
<div class=""mistake-body"">
<p>Calling <code>getScore()</code> multiple times without a <code>play()</code> in between returns the same score.</p>
<p><span class=""mistake-label mistake-wrong"">Wrong</span></p>
<pre>for (int i = 0; i &lt; num; i++) {
    int score = getScore();  // missing play()!
    ...
}</pre>
<p><span class=""mistake-label mistake-right"">Correct</span></p>
<pre>for (int i = 0; i &lt; num; i++) {
    play();         // always call play first
    int score = getScore();
    ...
}</pre>
</div>
</div>
</div>
<div id=""frq22q1-tips"">
<h2>Exam Tips</h2>
<div class=""exam-tip"">Read the rules table carefully — the cascading requirement is stated clearly. Underlining the dependency phrases (""only if both level one AND level two goals are reached"") helps you choose nested if-statements.</div>
<div class=""exam-tip"">For Part B, the rubric awards a point specifically for calling both <code>play()</code> and <code>getScore()</code>. Both are required.</div>
<div class=""exam-tip"">Part B says assume <code>getScore</code> works as intended — even if you wrote Part A incorrectly, you can earn full Part B credit by using <code>getScore</code> correctly.</div>
</div>
<div class=""scoring-summary"">
<h2>Scoring Summary</h2>
<table>
<tr>
<th>Part</th>
<th>Method</th>
<th>Points</th>
</tr>
<tr>
<td>Part A</td>
<td><code>Write</code></td>
<td>4</td>
</tr>
<tr>
<td>Part B</td>
<td><code>Write</code></td>
<td>5</td>
</tr>
<tr>
<td><strong>Total</strong></td>
<td></td>
<td><strong>9</strong></td>
</tr>
</table>
</div>
<div class=""cta-box"">
<h3>Want the Complete 2022 FRQ Solutions?</h3>
<p>Browse all past AP CSA FRQs with full solutions and scoring breakdowns.</p>
<p style=""margin-top:16px!important""><a href=""/pages/ap-csa-frq-archive"" class=""btn"">FRQ Archive →</a></p>
</div>
<h2>Related FRQs</h2>
<a href=""/pages/ap-csa-2023-frq-1-appointmentbook"" class=""related-card"">
<span class=""card-type"">Methods &amp; Control Structures</span>
<span class=""card-title"">2023 FRQ 1: AppointmentBook — Scheduling with consecutive-block algorithm</span>
</a>
<a href=""/pages/ap-csa-2021-frq-1-wordmatch"" class=""related-card"">
<span class=""card-type"">Methods &amp; Control Structures</span>
<span class=""card-title"">2021 FRQ 1: WordMatch — Scoring substrings and finding the better guess</span>
</a>
<a href=""/pages/ap-csa-2025-frq-1-dogwalker"" class=""related-card"">
<span class=""card-type"">Methods &amp; Control Structures</span>
<span class=""card-title"">2025 FRQ 1: DogWalker — Pay accumulation with conditional bonus</span>
</a>
<h2>Study the Concepts</h2>
<p><a href=""/pages/ap-csa-unit-1-complete-study-guide"" class=""btn"">Unit 1 Study Guide →</a>   <a href=""/pages/unit-2-selection-and-iteration-ultimate-study-guide"" class=""btn btn-outline"">Unit 2 Study Guide →</a></p>
<div class=""tutor-cta"">
<h3>Struggling with FRQs? Get 1-on-1 Help</h3>
<p>Work directly with Tanner — AP CS teacher with 11+ years experience and 1,845+ verified tutoring hours. 54.5% of students score 5s (vs. 25.5% national average).</p>
<div class=""tutor-stats"">
<div class=""tutor-stat"">
<span class=""tutor-stat-value"">5.0</span><span class=""tutor-stat-label"">Rating (451+ reviews)</span>
</div>
<div class=""tutor-stat"">
<span class=""tutor-stat-value"">1,845+</span><span class=""tutor-stat-label"">Verified Hours</span>
</div>
<div class=""tutor-stat"">
<span class=""tutor-stat-value"">54.5%</span><span class=""tutor-stat-label"">Score 5s</span>
</div>
</div>
<p style=""margin-top:16px!important""><a href=""/pages/ap-computer-science-tutor"" class=""btn"">Book a Session ($150/hr) →</a></p>
<p style=""font-size:13px!important;color:#64748b!important;margin-top:8px!important"">5-session packages at $125/hr. Venmo, Zelle, PayPal, or credit card.</p>
</div>
<div id=""frq22q1-faq"">
<h2>Frequently Asked Questions</h2>
<div class=""faq-item"">
<p class=""faq-q"">What does 2022 AP CSA FRQ 1 Game test?</p>
<p class=""faq-a"">FRQ 1 tests calling helper methods on objects and cascading conditional logic. getScore requires nested if-statements to award points only when prerequisite goals are met. playManyTimes tests running a simulation loop and tracking a running maximum.</p>
</div>
<div class=""faq-item"">
<p class=""faq-q"">How many points is 2022 AP CSA FRQ 1 worth?</p>
<p class=""faq-a"">It is worth 9 points: 4 for Part A (getScore) and 5 for Part B (playManyTimes).</p>
</div>
<div class=""faq-item"">
<p class=""faq-q"">Why use nested if-statements for getScore?</p>
<p class=""faq-a"">Level 2 points are only earned if BOTH level 1 AND level 2 goals are reached. Nested if-statements enforce this dependency. Three separate if-statements would incorrectly allow level 2 points without level 1 being reached.</p>
</div>
<div class=""faq-item"">
<p class=""faq-q"">How does playManyTimes differ from a simple loop?</p>
<p class=""faq-a"">You must call play() before each call to getScore(). The problem states multiple getScore() calls without play() return the same score. So the correct pattern is: call play(), then call getScore(), for every iteration.</p>
</div>
</div>
<div class=""frq-nav"">
<a href=""/pages/ap-csa-frq-2022"" class=""btn btn-outline"">← 2022 FRQ Index</a>
<a href=""/pages/ap-csa-frq-2022"" class=""btn btn-outline"">2022 FRQ Index</a>
<a href=""/pages/ap-csa-2022-frq-2-textbook"" class=""btn btn-outline"">FRQ 2: Textbook →</a>
</div>
<div class=""frq-footer-links"">
<a href=""/pages/ap-csa-frq-archive"">Complete FRQ Archive (2004–2025)</a> •
<a href=""/pages/ap-csa-frqs-by-topic"">FRQs by Topic</a>
</div>
</div>
<script>
(function(){
var frq22q1S=22*60,frq22q1I=null,frq22q1R=false;
function frq22q1D(){var m=Math.floor(frq22q1S/60),s=frq22q1S%60;var e=document.getElementById('frq22q1-timer');if(e)e.textContent=m+':'+(s<10?'0':'')+s;}
window.frq22q1Start=function(){if(frq22q1R)return;frq22q1R=true;frq22q1I=setInterval(function(){if(frq22q1S>0){frq22q1S--;frq22q1D();}else{clearInterval(frq22q1I);frq22q1R=false;}},1000);};
window.frq22q1Pause=function(){clearInterval(frq22q1I);frq22q1R=false;};
window.frq22q1Reset=function(){clearInterval(frq22q1I);frq22q1R=false;frq22q1S=22*60;frq22q1D();};
var IND='    ';
function getInd(t,p){var ls=t.lastIndexOf('\n',p-1)+1;var m=t.substring(ls).match(/^([ \t]*)/);return m?m[1]:'';}
function initEd(el){
  if(!el)return;
  el.addEventListener('keydown',function(e){
    var ta=this,s=ta.selectionStart,end=ta.selectionEnd,v=ta.value;
    if(e.key==='Tab'){e.preventDefault();if(e.shiftKey){var ls=v.lastIndexOf('\n',s-1)+1;var lt=v.substring(ls);if(lt.substring(0,IND.length)===IND){ta.value=v.substring(0,ls)+lt.substring(IND.length);ta.selectionStart=ta.selectionEnd=Math.max(s-IND.length,ls);}}else{ta.value=v.substring(0,s)+IND+v.substring(end);ta.selectionStart=ta.selectionEnd=s+IND.length;}return;}
    var P={'(':')','[':']','{':'}','""':'""',""'"":""'""};
    if(P[e.key]){var cl=P[e.key];if(e.key==='""'||e.key===""'""){if(v.charAt(s)===e.key){e.preventDefault();ta.selectionStart=ta.selectionEnd=s+1;return;}var bf=v.substring(0,s);var ct=0;for(var i=0;i<bf.length;i++)if(bf[i]===e.key)ct++;if(ct%2===1)return;}if(v.charAt(s)===cl&&e.key!==cl){e.preventDefault();ta.selectionStart=ta.selectionEnd=s+1;return;}e.preventDefault();ta.value=v.substring(0,s)+e.key+cl+v.substring(end);ta.selectionStart=ta.selectionEnd=s+1;return;}
    var CLOSE=[')','[',']',String.fromCharCode(125)];
    if(CLOSE.indexOf(e.key)>=0&&e.key!==String.fromCharCode(91)){if(v.charAt(s)===e.key){e.preventDefault();ta.selectionStart=ta.selectionEnd=s+1;return;}}
    if(e.key==='Backspace'&&s===end&&s>0){var bc=v.charAt(s-1);var ac=v.charAt(s);if(P[bc]&&P[bc]===ac){e.preventDefault();ta.value=v.substring(0,s-1)+v.substring(s+1);ta.selectionStart=ta.selectionEnd=s-1;return;}}
  });
  el.addEventListener('beforeinput',function(e){
    if(e.inputType==='insertLineBreak'||e.inputType==='insertParagraph'){
      e.preventDefault();var ta=this;var v=ta.value;var s=ta.selectionStart;var end=ta.selectionEnd;
      var ind=getInd(v,s);var cb=v.charAt(s-1);var ca=v.charAt(s);
      var OB=String.fromCharCode(123);var CB=String.fromCharCode(125);
      if(cb===OB&&ca===CB){var nt='\n'+ind+IND+'\n'+ind;ta.value=v.substring(0,s)+nt+v.substring(end);ta.selectionStart=ta.selectionEnd=s+1+ind.length+IND.length;}
      else if(cb===OB){var nt='\n'+ind+IND;ta.value=v.substring(0,s)+nt+v.substring(end);ta.selectionStart=ta.selectionEnd=s+nt.length;}
      else{var nt='\n'+ind;ta.value=v.substring(0,s)+nt+v.substring(end);ta.selectionStart=ta.selectionEnd=s+nt.length;}
    }
  });
}
  initEd(document.getElementById('frq22q1-ea'));
  initEd(document.getElementById('frq22q1-eb'));
(function(){var m=/Android|iPhone|iPad|iPod|Opera Mini|IEMobile/i.test(navigator.userAgent);if(m){var ifr=document.getElementById('frq22q1-pdf-iframe');var fb=document.getElementById('frq22q1-pdf-fallback');if(ifr&&fb){ifr.style.display='none';fb.style.display='block';}};})();
})();
</script>","TRUE","2026-03-01 12:00:00"
"ap-csa-2022-frq-2-textbook","MERGE","<style>#frq2026note-ap-csa-2022-frq-2-textbook{all:initial!important;display:block!important;box-sizing:border-box!important;font-family:-apple-system,BlinkMacSystemFont,""Segoe UI"",Roboto,Helvetica,Arial,sans-serif!important;background:#fffbeb!important;border:1px solid #fcd34d!important;border-left:5px solid #d97706!important;border-radius:8px!important;margin:0 0 18px 0!important;padding:0!important;overflow:hidden!important;}#frq2026note-ap-csa-2022-frq-2-textbook *{box-sizing:border-box!important;font-family:inherit!important;}#frq2026note-ap-csa-2022-frq-2-textbook summary{display:block!important;cursor:pointer!important;padding:12px 15px!important;font-size:0.95em!important;line-height:1.5!important;list-style:none!important;color:#78350f!important;-webkit-text-fill-color:#78350f!important;}#frq2026note-ap-csa-2022-frq-2-textbook summary::-webkit-details-marker{display:none!important;}#frq2026note-ap-csa-2022-frq-2-textbook summary::marker{content:""""!important;}#frq2026note-ap-csa-2022-frq-2-textbook summary:hover{background:#fef3c7!important;}#frq2026note-ap-csa-2022-frq-2-textbook summary strong{font-weight:700!important;color:#78350f!important;-webkit-text-fill-color:#78350f!important;}#frq2026note-ap-csa-2022-frq-2-textbook .n26-body{display:block!important;padding:0 15px 14px!important;font-size:0.92em!important;line-height:1.6!important;color:#78350f!important;-webkit-text-fill-color:#78350f!important;}#frq2026note-ap-csa-2022-frq-2-textbook .n26-body p{margin:0 0 10px!important;color:#78350f!important;-webkit-text-fill-color:#78350f!important;}#frq2026note-ap-csa-2022-frq-2-textbook .n26-body strong{font-weight:700!important;color:#78350f!important;-webkit-text-fill-color:#78350f!important;}#frq2026note-ap-csa-2022-frq-2-textbook table{border-collapse:collapse!important;width:100%!important;margin:0 0 10px!important;font-size:0.95em!important;background:#fffdf5!important;}#frq2026note-ap-csa-2022-frq-2-textbook th,#frq2026note-ap-csa-2022-frq-2-textbook td{border:1px solid #fcd34d!important;padding:6px 9px!important;text-align:left!important;color:#78350f!important;-webkit-text-fill-color:#78350f!important;}#frq2026note-ap-csa-2022-frq-2-textbook th{background:#fef3c7!important;font-weight:700!important;}#frq2026note-ap-csa-2022-frq-2-textbook a{color:#92400e!important;-webkit-text-fill-color:#92400e!important;text-decoration:underline!important;}#frq2026note-ap-csa-2022-frq-2-textbook .n26-src{font-size:0.85em!important;font-style:italic!important;margin:0!important;}</style>
<details id=""frq2026note-ap-csa-2022-frq-2-textbook"">
<summary><strong>Heads up: the May 2027 exam scores free response differently from this one.</strong> Tap for the current point structure.</summary>
<div class=""n26-body"">
<p>Every AP CSA free-response question from 2004 through 2025 was worth <strong>9 points</strong>, and the section was 36. From 2026 the four questions are worth <strong>7, 7, 5 and 6</strong>, the section is <strong>25 points</strong>, and only Question 1 has parts.</p>
<table><tr><th>Question</th><th>Points</th><th>Parts</th><th>Type</th></tr><tr><td>Question 1</td><td><strong>7</strong></td><td>Part A 4 + Part B 3</td><td>Methods and Control Structures</td></tr><tr><td>Question 2</td><td><strong>7</strong></td><td>single part</td><td>Class Design</td></tr><tr><td>Question 3</td><td><strong>5</strong></td><td>single part</td><td>Data Analysis with ArrayList</td></tr><tr><td>Question 4</td><td><strong>6</strong></td><td>single part</td><td>2D Array</td></tr></table>
<p>Section I is now 42 multiple-choice questions at 55% of the score, and Section II is 45%. The question on this page is still worth practising. The 9 points printed below it are not the rubric you will be scored against.</p>
<p class=""n26-src"">Point totals from College Board's 2026 scoring guidelines; section weightings from the AP Computer Science A exam page. See the <a href=""/pages/ap-csa-frq-2026"">2026 questions</a> for the current format.</p>
</div>
</details>
<script type=""application/ld+json"">{""@context"":""https://schema.org"",""@type"":""FAQPage"",""mainEntity"":[{""@type"":""Question"",""name"":""What does 2022 AP CSA FRQ 2 Textbook test?"",""acceptedAnswer"":{""@type"":""Answer"",""text"":""FRQ 2 tests writing a complete subclass with inheritance. Students must use extends, call super() in the constructor, override getBookInfo() using super.getBookInfo(), and implement canSubstituteFor with String equals() and >= comparison.""}},
    {""@type"":""Question"",""name"":""Why must canSubstituteFor use >= for edition comparison?"",""acceptedAnswer"":{""@type"":""Answer"",""text"":""The problem says the current Textbook is a valid substitute if its edition is greater than OR equal to the other textbook's edition. Using > would fail for equal editions.""}},
    {""@type"":""Question"",""name"":""How do I get the price into getBookInfo without a getPrice() method?"",""acceptedAnswer"":{""@type"":""Answer"",""text"":""Call super.getBookInfo() which returns 'title-price'. Then append '-' and the edition number. Never try to access price directly since it's private to Book.""}},
    {""@type"":""Question"",""name"":""How many points is FRQ 2 Textbook worth?"",""acceptedAnswer"":{""@type"":""Answer"",""text"":""9 points total for the complete Textbook class.""}}]}</script>
<script type=""application/ld+json"">{""@context"":""https://schema.org"",""@type"":""Article"",""headline"":""2022 AP CSA FRQ 2: Textbook - Complete Solution and Scoring Guide"",""description"":""Complete solution for 2022 AP CSA FRQ 2 (Textbook) with step-by-step explanations, scoring rubric, common mistakes, and exam tips."",""author"":{""@type"":""Person"",""name"":""Tanner Crow"",""url"":""https://www.wyzant.com/tutors/tannerc12""},""publisher"":{""@type"":""Organization"",""name"":""AP CS Exam Prep"",""url"":""https://www.apcsexamprep.com""},""datePublished"":""2022-09-01"",""dateModified"":""2026-03-14"",""educationalLevel"":""AP""}</script>
<script type=""application/ld+json"">{""@context"":""https://schema.org"",""@type"":""BreadcrumbList"",""itemListElement"":[{""@type"":""ListItem"",""position"":1,""name"":""FRQ Archive"",""item"":""https://www.apcsexamprep.com/pages/ap-csa-frq-archive""},{""@type"":""ListItem"",""position"":2,""name"":""2022 FRQs"",""item"":""https://www.apcsexamprep.com/pages/ap-csa-frq-2022""},{""@type"":""ListItem"",""position"":3,""name"":""FRQ 2: Textbook"",""item"":""https://www.apcsexamprep.com/pages/ap-csa-2022-frq-2-textbook""}]}</script>
<div id=""frq22q2"">
<style>
.page-title,.article__title,.page__title,.template-page h1:first-of-type{display:none!important}
#frq22q2{all:initial!important;display:block!important;font-family:-apple-system,BlinkMacSystemFont,'Segoe UI',Roboto,Oxygen,Ubuntu,Cantarell,sans-serif!important;line-height:1.7!important;color:#1e293b!important;max-width:880px!important;margin:0 auto!important;padding:24px 20px 60px!important;-webkit-font-smoothing:antialiased!important;background:#ffffff!important}
#frq22q2 *{box-sizing:border-box!important}
#frq22q2 img{max-width:100%!important;height:auto!important}
#frq22q2 h1{font-size:2em!important;font-weight:800!important;color:#1e3a8a!important;-webkit-text-fill-color:#1e3a8a!important;margin:0 0 8px!important;line-height:1.2!important;border:none!important;padding:0!important}
#frq22q2 h2{font-size:1.5em!important;font-weight:700!important;color:#1e40af!important;-webkit-text-fill-color:#1e40af!important;margin:40px 0 16px!important;padding-left:12px!important;border-left:4px solid #60a5fa!important;border-bottom:none!important;line-height:1.3!important}
#frq22q2 h3{font-size:1.2em!important;font-weight:600!important;color:#1e40af!important;-webkit-text-fill-color:#1e40af!important;margin:24px 0 12px!important;line-height:1.3!important}
#frq22q2 h4{font-size:1.05em!important;font-weight:600!important;color:#334155!important;margin:20px 0 10px!important}
#frq22q2 p{margin:0 0 16px!important;color:#1e293b!important;font-size:16px!important;line-height:1.7!important}
#frq22q2 a{color:#2563eb!important;-webkit-text-fill-color:#2563eb!important;text-decoration:underline!important}
#frq22q2 a:link{color:#2563eb!important;-webkit-text-fill-color:#2563eb!important}
#frq22q2 a:visited{color:#2563eb!important;-webkit-text-fill-color:#2563eb!important}
#frq22q2 a:hover{color:#1d4ed8!important;-webkit-text-fill-color:#1d4ed8!important}
#frq22q2 strong{font-weight:700!important;color:#1e293b!important}
#frq22q2 ul,#frq22q2 ol{margin:0 0 16px!important;padding-left:24px!important;color:#1e293b!important}
#frq22q2 li{margin:0 0 8px!important;font-size:16px!important;line-height:1.7!important}
#frq22q2 .frq-breadcrumb{font-size:14px!important;color:#64748b!important;margin-bottom:24px!important;display:block!important}
#frq22q2 .frq-breadcrumb a{color:#2563eb!important;-webkit-text-fill-color:#2563eb!important;text-decoration:none!important;font-size:14px!important}
#frq22q2 .frq-breadcrumb a:link,#frq22q2 .frq-breadcrumb a:visited{color:#2563eb!important;-webkit-text-fill-color:#2563eb!important}
#frq22q2 .frq-year-label{display:inline-block!important;background:#dbeafe!important;color:#1e40af!important;font-size:13px!important;font-weight:600!important;padding:4px 12px!important;border-radius:4px!important;margin-bottom:8px!important;letter-spacing:0.5px!important;text-transform:uppercase!important}
#frq22q2 .frq-subtitle{color:#64748b!important;font-size:15px!important;margin:0 0 20px!important;line-height:1.6!important}
#frq22q2 .frq-badges{display:flex!important;flex-wrap:wrap!important;gap:8px!important;margin-bottom:24px!important}
#frq22q2 .frq-badge{display:inline-block!important;padding:6px 14px!important;border-radius:20px!important;font-size:13px!important;font-weight:600!important;line-height:1.4!important}
#frq22q2 .frq-badge-blue{background:#dbeafe!important;color:#1e40af!important}
#frq22q2 .frq-badge-green{background:#dcfce7!important;color:#166534!important}
#frq22q2 .frq-badge-purple{background:#ede9fe!important;color:#5b21b6!important}
#frq22q2 .frq-badge-amber{background:#fef3c7!important;color:#92400e!important}
#frq22q2 .frq-meta-table{width:100%!important;border-collapse:collapse!important;margin:0 0 24px!important;font-size:15px!important}
#frq22q2 .frq-meta-table td{padding:10px 16px!important;border-bottom:1px solid #e5e7eb!important;color:#1e293b!important;vertical-align:top!important}
#frq22q2 .frq-meta-table td:first-child{font-weight:600!important;color:#475569!important;width:160px!important}
#frq22q2 .frq-summary{background-color:#f0f9ff!important;border:1px solid #bae6fd!important;border-radius:8px!important;padding:20px 24px!important;margin:0 0 24px!important}
#frq22q2 .frq-summary h2{font-size:1.15em!important;margin:0 0 12px!important;padding-left:0!important;border-left:none!important;color:#0c4a6e!important;-webkit-text-fill-color:#0c4a6e!important}
#frq22q2 .frq-summary p{margin:0!important;color:#1e293b!important;font-size:15px!important;line-height:1.7!important}
#frq22q2 .frq-curriculum{background-color:#fefce8!important;border:1px solid #fde68a!important;border-radius:8px!important;padding:20px 24px!important;margin:0 0 24px!important}
#frq22q2 .frq-curriculum h2{font-size:1.15em!important;margin:0 0 12px!important;padding-left:0!important;border-left:none!important;color:#713f12!important;-webkit-text-fill-color:#713f12!important}
#frq22q2 .frq-curriculum p{margin:0 0 8px!important;color:#1e293b!important;font-size:15px!important}
#frq22q2 .frq-curriculum p:last-child{margin-bottom:0!important}
#frq22q2 .frq-jumplinks{display:flex!important;flex-wrap:wrap!important;gap:8px!important;margin:0 0 32px!important;padding:16px 0!important;border-top:1px solid #e5e7eb!important;border-bottom:1px solid #e5e7eb!important}
#frq22q2 .frq-jumplinks a{display:inline-block!important;padding:6px 14px!important;background:#f1f5f9!important;color:#334155!important;-webkit-text-fill-color:#334155!important;border-radius:6px!important;font-size:13px!important;font-weight:600!important;text-decoration:none!important}
#frq22q2 .frq-jumplinks a:link,#frq22q2 .frq-jumplinks a:visited{color:#334155!important;-webkit-text-fill-color:#334155!important}
#frq22q2 .frq-jumplinks a:hover{background:#e2e8f0!important;color:#1e293b!important;-webkit-text-fill-color:#1e293b!important}
#frq22q2 pre{background:#1e293b!important;color:#e2e8f0!important;padding:20px!important;border-radius:8px!important;overflow-x:auto!important;font-family:Consolas,Monaco,'Courier New',monospace!important;font-size:14px!important;line-height:1.6!important;white-space:pre!important;margin:16px 0!important;border:none!important}
#frq22q2 code{font-family:Consolas,Monaco,'Courier New',monospace!important;font-size:14px!important}
#frq22q2 p code,#frq22q2 li code,#frq22q2 td code{background:#f1f5f9!important;color:#be185d!important;padding:2px 6px!important;border-radius:4px!important;font-size:13px!important}
#frq22q2 table{width:100%!important;border-collapse:collapse!important;margin:16px 0!important;font-size:15px!important}
#frq22q2 th{background:#f8fafc!important;color:#334155!important;font-weight:600!important;padding:12px 16px!important;text-align:left!important;border-bottom:2px solid #cbd5e1!important}
#frq22q2 td{padding:10px 16px!important;border-bottom:1px solid #e5e7eb!important;color:#1e293b!important;vertical-align:top!important}
#frq22q2 .frq-intro{background-color:#eff6ff!important;padding:20px!important;border-radius:8px!important;margin:0 0 24px!important;border-left:4px solid #3b82f6!important}
#frq22q2 .practice-tip{background-color:#dcfce7!important;padding:16px 20px!important;border-radius:6px!important;margin:20px 0!important;border-left:4px solid #10b981!important}
#frq22q2 .key-insight{background-color:#dbeafe!important;padding:16px 20px!important;border-radius:6px!important;margin:20px 0!important;border-left:4px solid #3b82f6!important}
#frq22q2 .common-mistake{background-color:#fef2f2!important;padding:16px 20px!important;border-radius:6px!important;margin:20px 0!important;border-left:4px solid #ef4444!important}
#frq22q2 .scoring-guide{background-color:#f9fafb!important;border:1px solid #e5e7eb!important;border-radius:8px!important;padding:20px!important;margin:20px 0!important}
#frq22q2 .frq-collapsible{cursor:pointer!important;background:#f8fafc!important;border:1px solid #e2e8f0!important;border-radius:8px!important;padding:16px 20px!important;margin:16px 0!important;font-weight:600!important;font-size:15px!important;color:#1e40af!important;-webkit-text-fill-color:#1e40af!important;display:block!important;width:100%!important;text-align:left!important}
#frq22q2 .frq-collapsible:hover{background:#eef2ff!important}
#frq22q2 .frq-collapsible-content{display:none!important;padding:20px!important;border:1px solid #e2e8f0!important;border-top:none!important;border-radius:0 0 8px 8px!important;margin-top:-17px!important;background:#ffffff!important}
#frq22q2 .frq-collapsible-content.open{display:block!important}
#frq22q2 .frq-editor{position:relative!important;margin:20px 0!important}
#frq22q2 .frq-editor textarea{width:100%!important;min-height:200px!important;font-family:Consolas,Monaco,'Courier New',monospace!important;font-size:14px!important;line-height:1.6!important;padding:16px!important;border:2px solid #cbd5e1!important;border-radius:8px!important;background:#1e293b!important;color:#e2e8f0!important;resize:vertical!important;tab-size:4!important;-moz-tab-size:4!important;white-space:pre!important;overflow-wrap:normal!important;overflow-x:auto!important}
#frq22q2 .frq-editor textarea:focus{border-color:#3b82f6!important;outline:none!important;box-shadow:0 0 0 3px rgba(59,130,246,0.15)!important}
#frq22q2 .frq-editor textarea::placeholder{color:#64748b!important}
#frq22q2 .frq-editor-hint{display:block!important;text-align:right!important;font-size:11px!important;color:#94a3b8!important;margin-top:4px!important;font-style:italic!important;padding-right:4px!important}
#frq22q2 .btn{display:inline-block!important;padding:12px 24px!important;background-color:#3b82f6!important;color:white!important;-webkit-text-fill-color:white!important;text-decoration:none!important;border-radius:6px!important;font-weight:600!important;font-size:15px!important;border:none!important;cursor:pointer!important;opacity:1!important;visibility:visible!important}
#frq22q2 .btn:hover{background-color:#2563eb!important;color:white!important;-webkit-text-fill-color:white!important}
#frq22q2 a.btn:link,#frq22q2 a.btn:visited{color:white!important;-webkit-text-fill-color:white!important;text-decoration:none!important}
#frq22q2 .btn-sm{padding:8px 16px!important;font-size:13px!important}
#frq22q2 .btn-outline{background:transparent!important;border:2px solid #3b82f6!important;color:#3b82f6!important;-webkit-text-fill-color:#3b82f6!important}
#frq22q2 a.btn-outline:link,#frq22q2 a.btn-outline:visited{color:#3b82f6!important;-webkit-text-fill-color:#3b82f6!important;text-decoration:none!important}
#frq22q2 .btn-outline:hover{background:#3b82f6!important;color:white!important;-webkit-text-fill-color:white!important}
#frq22q2 .btn-green{background-color:#16a34a!important;color:white!important;-webkit-text-fill-color:white!important}
#frq22q2 a.btn-green:link,#frq22q2 a.btn-green:visited{color:white!important;-webkit-text-fill-color:white!important;text-decoration:none!important}
#frq22q2 .btn-green:hover{background-color:#15803d!important}
#frq22q2 .frq-timer{display:flex!important;align-items:center!important;gap:12px!important;margin:20px 0!important;padding:12px 20px!important;background:#f8fafc!important;border:1px solid #e2e8f0!important;border-radius:8px!important}
#frq22q2 .frq-timer-label{font-weight:600!important;color:#475569!important;font-size:14px!important}
#frq22q2 .frq-timer-display{font-family:Consolas,Monaco,monospace!important;font-size:24px!important;font-weight:700!important;color:#1e293b!important;min-width:80px!important}
#frq22q2 .frq-timer button{padding:6px 14px!important;border-radius:4px!important;border:1px solid #cbd5e1!important;background:#ffffff!important;color:#475569!important;-webkit-text-fill-color:#475569!important;font-size:13px!important;font-weight:600!important;cursor:pointer!important}
#frq22q2 .mistake-block{border:1px solid #e5e7eb!important;border-radius:8px!important;margin:20px 0!important;overflow:hidden!important}
#frq22q2 .mistake-header{padding:14px 20px!important;font-weight:600!important;font-size:15px!important;color:#1e293b!important;background:#fef2f2!important;border-bottom:1px solid #e5e7eb!important}
#frq22q2 .mistake-body{padding:16px 20px!important}
#frq22q2 .mistake-label{display:inline-block!important;font-size:12px!important;font-weight:700!important;text-transform:uppercase!important;letter-spacing:0.5px!important;padding:3px 8px!important;border-radius:4px!important;margin-bottom:8px!important}
#frq22q2 .mistake-wrong{background:#fef2f2!important;color:#dc2626!important}
#frq22q2 .mistake-right{background:#dcfce7!important;color:#16a34a!important}
#frq22q2 .exam-tip{padding:12px 16px 12px 44px!important;background:#f0fdf4!important;border-radius:6px!important;margin:10px 0!important;position:relative!important;font-size:15px!important;line-height:1.6!important;color:#1e293b!important}
#frq22q2 .exam-tip::before{content:'\2713'!important;position:absolute!important;left:16px!important;top:12px!important;color:#16a34a!important;font-weight:700!important;font-size:16px!important}
#frq22q2 .related-card{display:block!important;padding:16px 20px!important;border:1px solid #e5e7eb!important;border-radius:8px!important;margin:10px 0!important;text-decoration:none!important}
#frq22q2 .related-card:hover{border-color:#3b82f6!important;background:#f8fafc!important}
#frq22q2 a.related-card:link,#frq22q2 a.related-card:visited{text-decoration:none!important}
#frq22q2 .related-card .card-type{font-size:12px!important;font-weight:600!important;text-transform:uppercase!important;color:#64748b!important;letter-spacing:0.5px!important;margin-bottom:4px!important;display:block!important}
#frq22q2 .related-card .card-title{font-size:15px!important;font-weight:600!important;color:#1e40af!important;-webkit-text-fill-color:#1e40af!important;display:block!important}
#frq22q2 .cta-box{background:linear-gradient(135deg,#1e3a8a 0%,#1e40af 100%)!important;color:#ffffff!important;padding:32px!important;border-radius:12px!important;margin:32px 0!important;text-align:center!important}
#frq22q2 .cta-box h3{color:#ffffff!important;-webkit-text-fill-color:#ffffff!important;font-size:1.3em!important;margin:0 0 12px!important}
#frq22q2 .cta-box p{color:#dbeafe!important;font-size:15px!important}
#frq22q2 .cta-box .btn{background:#ffffff!important;color:#1e40af!important;-webkit-text-fill-color:#1e40af!important}
#frq22q2 .cta-box a.btn:link,#frq22q2 .cta-box a.btn:visited{color:#1e40af!important;-webkit-text-fill-color:#1e40af!important}
#frq22q2 .tutor-cta{background:#f8fafc!important;border:1px solid #e2e8f0!important;border-radius:12px!important;padding:28px!important;margin:32px 0!important}
#frq22q2 .tutor-stats{display:flex!important;gap:24px!important;flex-wrap:wrap!important;margin:16px 0!important}
#frq22q2 .tutor-stat{text-align:center!important}
#frq22q2 .tutor-stat-value{font-size:20px!important;font-weight:700!important;color:#1e40af!important;-webkit-text-fill-color:#1e40af!important;display:block!important}
#frq22q2 .tutor-stat-label{font-size:12px!important;color:#64748b!important}
#frq22q2 .frq-nav{display:flex!important;justify-content:space-between!important;align-items:center!important;margin:40px 0 20px!important;gap:12px!important;flex-wrap:wrap!important}
#frq22q2 .frq-footer-links{text-align:center!important;margin:16px 0 0!important;font-size:14px!important;color:#64748b!important}
#frq22q2 .frq-footer-links a{color:#2563eb!important;-webkit-text-fill-color:#2563eb!important;font-size:14px!important}
#frq22q2 .scoring-summary{margin:24px 0!important}
#frq22q2 .scoring-summary table{width:100%!important}
#frq22q2 .scoring-summary td:last-child,#frq22q2 .scoring-summary th:last-child{text-align:center!important;font-weight:700!important}
#frq22q2 .faq-item{border-bottom:1px solid #e5e7eb!important;padding:20px 0!important}
#frq22q2 .faq-item:last-child{border-bottom:none!important}
#frq22q2 .faq-q{font-weight:600!important;color:#1e293b!important;font-size:16px!important;margin:0 0 8px!important}
#frq22q2 .faq-a{color:#475569!important;font-size:15px!important;line-height:1.7!important;margin:0!important}
#frq22q2 .frq-pdf-wrap{width:100%!important;border:2px solid #cbd5e1!important;border-radius:8px!important;overflow:hidden!important;margin:16px 0 20px!important;background:#f1f5f9!important}
#frq22q2 .frq-pdf-wrap iframe{width:100%!important;height:680px!important;border:none!important;display:block!important}
#frq22q2 .frq-pdf-fallback{padding:20px!important;text-align:center!important;background:#f8fafc!important;display:none!important;font-size:14px!important;color:#475569!important}
#frq22q2 .frq-video-wrap{position:relative!important;padding-bottom:56.25%!important;height:0!important;overflow:hidden!important;border-radius:8px!important;margin:16px 0!important;background:#0f172a!important}
#frq22q2 .frq-video-wrap iframe{position:absolute!important;top:0!important;left:0!important;width:100%!important;height:100%!important;border:none!important;border-radius:8px!important}
#frq22q2 .frq-editor textarea::selection{background:#3b82f6!important;color:#ffffff!important;-webkit-text-fill-color:#ffffff!important}
#frq22q2 .frq-editor textarea::-moz-selection{background:#3b82f6!important;color:#ffffff!important}
@media(max-width:640px){
#frq22q2{padding:16px 14px 40px!important}
#frq22q2 h1{font-size:1.5em!important}
#frq22q2 h2{font-size:1.25em!important}
#frq22q2 .frq-timer{flex-wrap:wrap!important}
#frq22q2 .tutor-stats{gap:16px!important}
#frq22q2 .frq-nav{flex-direction:column!important;align-items:stretch!important}
#frq22q2 .frq-nav .btn{text-align:center!important}
}
</style>
<div class=""frq-breadcrumb"">
<a href=""/pages/ap-csa-frq-archive"">FRQ Archive</a> ›
<a href=""/pages/ap-csa-frq-2022"">2022 FRQs</a> ›
FRQ 2: Textbook
</div>
<div class=""frq-year-label"">2022 AP CSA • Class Writing</div>
<h1>AP CSA 2022 FRQ 2: Textbook</h1>
<p class=""frq-subtitle"">Complete solution, scoring rubric, and walkthrough — verified from the official College Board PDF</p>
<div class=""frq-badges"">
<span class=""frq-badge frq-badge-blue"">9 Points</span>
<span class=""frq-badge frq-badge-amber"">Medium</span>
<span class=""frq-badge frq-badge-purple"">Unit 3</span>
</div>
<table class=""frq-meta-table"">
<tr>
<td>Question Type</td>
<td>Class Writing</td>
</tr>
<tr>
<td>Skills Tested</td>
<td>Inheritance, super() constructor call, method override, String equals()</td>
</tr>
<tr>
<td>Difficulty</td>
<td>Medium</td>
</tr>
<tr>
<td>Recommended Time</td>
<td>22 minutes</td>
</tr>
</table>
<div class=""frq-summary"">
<h2>What This Problem Asks</h2>
<p>2022 AP CSA FRQ 2 Textbook asks students to write a complete <code>Textbook</code> class that extends the provided <code>Book</code> class. The subclass adds an edition number, overrides <code>getBookInfo</code> using <code>super.getBookInfo()</code>, and implements <code>canSubstituteFor</code> which returns true if the current book has the same title and a greater-or-equal edition.</p>
</div>
<div class=""frq-curriculum"">
<h2>What This FRQ Tests</h2>
<p>This FRQ tests <a href=""/pages/ap-csa-unit-3-complete-study-guide""><strong>Unit 3: Class Creation</strong></a> (inheritance, <code>extends</code>, <code>super()</code>, method overriding) and <a href=""/pages/ap-csa-unit-1-complete-study-guide""><strong>Unit 1</strong></a> (String <code>equals()</code>).</p>
</div>
<div class=""frq-jumplinks"">
<a href=""#frq22q2-pdf"">Official PDF</a>
<a href=""#frq22q2-code"">Provided Code</a>
<a href=""#frq22q2-parta"">Part A</a>

<a href=""#frq22q2-mistakes"">Mistakes</a>
<a href=""#frq22q2-tips"">Tips</a>
<a href=""#frq22q2-faq"">FAQ</a>
</div>
<div id=""frq22q2-pdf"">
<h2>Official Question &amp; PDF</h2>
<p>
<a href=""https://apcentral.collegeboard.org/media/pdf/ap22-frq-computer-science-a.pdf"" target=""_blank"" rel=""noopener"" class=""btn btn-sm"">Download Full FRQ PDF →</a>
</p>
<div class=""frq-pdf-wrap"">
<iframe src=""https://apcentral.collegeboard.org/media/pdf/ap22-frq-computer-science-a.pdf#page=7"" title=""2022 AP CSA FRQ 2 Textbook"" loading=""lazy"" id=""frq22q2-pdf-iframe""></iframe>
<div class=""frq-pdf-fallback"" id=""frq22q2-pdf-fallback"">
<p>PDF cannot display on this device. <a href=""https://apcentral.collegeboard.org/media/pdf/ap22-frq-computer-science-a.pdf"" target=""_blank"" rel=""noopener"">Open PDF directly →</a></p>
</div>
</div>
</div>
<div class=""frq-timer"">
<span class=""frq-timer-label"">Timer</span>
<span class=""frq-timer-display"" id=""frq22q2-timer"">22:00</span>
<button onclick=""frq22q2Start()"">Start</button>
<button onclick=""frq22q2Pause()"">Pause</button>
<button onclick=""frq22q2Reset()"">Reset</button>
</div>
<div id=""frq22q2-code"">
<h2>Provided Code</h2>
<pre>public class Book
{
    private String title;
    private double price;
    public Book(String bookTitle, double bookPrice) { /* not shown */ }
        public String getTitle() {
        return title;
    }
        public String getBookInfo() {
        return title + ""-"" + price;
    }
    // Other methods not shown.
}

// You will write the complete Textbook class (extends Book)
// A Textbook has: String title, double price (from Book) + int edition
// getBookInfo() returns ""title-price-edition""
// canSubstituteFor(Textbook other) returns true if same title AND edition &gt;= other's edition</pre>
</div>
<div id=""frq22q2-parta"">
<h2>Part A — 9 Points</h2>
<p>Write the complete <code>Textbook</code> class. Must: extend <code>Book</code>, have a constructor with title/price/edition parameters calling <code>super</code>, include <code>getEdition()</code>, <code>canSubstituteFor(Textbook)</code>, and override <code>getBookInfo()</code>.</p>
<h3>Write Your Solution</h3>
<div class=""frq-editor"">
<textarea id=""frq22q2-ea"" placeholder=""// Write Part A here...
// Tab to indent | Brackets auto-close | Enter auto-indents""></textarea>
<span class=""frq-editor-hint"">Drag corner to expand ▽</span>
</div>
<p>
<button class=""btn btn-sm btn-green"" onclick=""document.getElementById('frq22q2-sola').classList.add('open')"">Check Answer</button>
 
<button class=""btn btn-sm btn-outline"" onclick=""document.getElementById('frq22q2-ea').value=''"">Clear</button>
</p>
<button class=""frq-collapsible"" onclick=""this.nextElementSibling.classList.toggle('open')"">View Solution and Rubric ▼</button>
<div class=""frq-collapsible-content"" id=""frq22q2-sola"">
<h4>Scoring Rubric — 9 Points</h4>
<table>
<tr>
<td><strong>+1</strong></td>
<td>Class header: <code>public class Textbook extends Book</code>
</td>
</tr>
<tr>
<td><strong>+1</strong></td>
<td>Appropriate <code>private</code> instance variable for edition; constructor initializes it</td>
</tr>
<tr>
<td><strong>+1</strong></td>
<td>Constructor calls <code>super</code> with title and price parameters</td>
</tr>
<tr>
<td><strong>+1</strong></td>
<td>Constructor header: <code>Textbook(String, double, int)</code> declared <code>public</code>
</td>
</tr>
<tr>
<td><strong>+1</strong></td>
<td>Declares public headers for <code>getEdition</code>, <code>canSubstituteFor</code>, <code>getBookInfo</code>
</td>
</tr>
<tr>
<td><strong>+1</strong></td>
<td>
<code>getEdition</code> returns the edition value</td>
</tr>
<tr>
<td><strong>+1</strong></td>
<td>
<code>canSubstituteFor</code> correctly compares titles using <code>equals</code> AND editions using <code>&gt;=</code>
</td>
</tr>
<tr>
<td><strong>+1</strong></td>
<td>
<code>canSubstituteFor</code> uses <code>&amp;&amp;</code> to combine both conditions</td>
</tr>
<tr>
<td><strong>+1</strong></td>
<td>
<code>getBookInfo</code> overrides correctly calling <code>super.getBookInfo()</code> and appending the edition</td>
</tr>
</table>
<h4>Complete Solution</h4>
<pre>public class Textbook extends Book
{
    private int edition;

    public Textbook(String title, double price, int edition)
    {
        super(title, price);
        this.edition = edition;
    }

    public int getEdition()
    {
        return edition;
    }

    public boolean canSubstituteFor(Textbook other)
    {
        return getTitle().equals(other.getTitle()) &amp;&amp;
               edition &gt;= other.getEdition();
    }

    public String getBookInfo()
    {
        return super.getBookInfo() + ""-"" + edition;
    }
}</pre>
<div class=""key-insight"">
<strong>Why super.getBookInfo()?</strong> The <code>Book</code> class has no <code>getPrice()</code> accessor method. You can’t access <code>price</code> directly since it’s private to <code>Book</code>. Calling <code>super.getBookInfo()</code> returns <code>""title-price""</code> which you then append <code>""-edition""</code> to.</div>
</div>
</div>

<div id=""frq22q2-mistakes"">
<h2>Common Mistakes to Avoid</h2>
<div class=""mistake-block"">
<div class=""mistake-header"">Forgetting extends Book in the class header</div>
<div class=""mistake-body"">
<p>Without <code>extends Book</code>, this is not a subclass and loses the first rubric point. The class header must explicitly declare the inheritance relationship.</p>
<p><span class=""mistake-label mistake-wrong"">Wrong</span></p>
<pre>public class Textbook</pre>
<p><span class=""mistake-label mistake-right"">Correct</span></p>
<pre>public class Textbook extends Book</pre>
</div>
</div>
<div class=""mistake-block"">
<div class=""mistake-header"">Not calling super() in the constructor</div>
<div class=""mistake-body"">
<p>The problem states title and price must be maintained in <code>Book</code>. The constructor must call <code>super(title, price)</code> to initialize those fields. A Textbook constructor without a super call loses the third rubric point.</p>
<p><span class=""mistake-label mistake-wrong"">Wrong</span></p>
<pre>public Textbook(String title, double price, int edition) {
    this.edition = edition;  // missing super() call!
}</pre>
<p><span class=""mistake-label mistake-right"">Correct</span></p>
<pre>public Textbook(String title, double price, int edition) {
    super(title, price);    // pass title and price to Book
    this.edition = edition;
}</pre>
</div>
</div>
<div class=""mistake-block"">
<div class=""mistake-header"">Using == instead of .equals() for title comparison in canSubstituteFor</div>
<div class=""mistake-body"">
<p>Title is a String. String equality must use <code>.equals()</code>, not <code>==</code>.</p>
<p><span class=""mistake-label mistake-wrong"">Wrong</span></p>
<pre>return getTitle() == other.getTitle() &amp;&amp; edition &gt;= other.getEdition();</pre>
<p><span class=""mistake-label mistake-right"">Correct</span></p>
<pre>return getTitle().equals(other.getTitle()) &amp;&amp; edition &gt;= other.getEdition();</pre>
</div>
</div>
</div>
<div id=""frq22q2-tips"">
<h2>Exam Tips</h2>
<div class=""exam-tip"">This is a Class Writing question with inheritance. Always write: extends keyword, super() in constructor, all required method headers public, override getBookInfo using super.getBookInfo().</div>
<div class=""exam-tip"">You cannot access <code>Book</code>’s private <code>price</code> field directly. The only way to get ""title-price"" in the string is calling <code>super.getBookInfo()</code>.</div>
<div class=""exam-tip"">
<code>canSubstituteFor</code> takes a <code>Textbook</code> parameter, not a <code>Book</code>. Getting the parameter type wrong loses the method header point.</div>
</div>
<div class=""scoring-summary"">
<h2>Scoring Summary</h2>
<table>
<tr>
<th>Part</th>
<th>Method</th>
<th>Points</th>
</tr>
<tr>
<td><strong>Total (complete class)</strong></td>
<td></td>
<td><strong>9</strong></td>
</tr>
</table>
</div>
<div class=""cta-box"">
<h3>Want the Complete 2022 FRQ Solutions?</h3>
<p>Browse all past AP CSA FRQs with full solutions and scoring breakdowns.</p>
<p style=""margin-top:16px!important""><a href=""/pages/ap-csa-frq-archive"" class=""btn"">FRQ Archive →</a></p>
</div>
<h2>Related FRQs</h2>
<a href=""/pages/ap-csa-2021-frq-2-combinedtable"" class=""related-card"">
<span class=""card-type"">Class Writing</span>
<span class=""card-title"">2021 FRQ 2: CombinedTable — Complete class composing two SingleTable objects</span>
</a>
<a href=""/pages/ap-csa-2023-frq-2-sign"" class=""related-card"">
<span class=""card-type"">Class Writing</span>
<span class=""card-title"">2023 FRQ 2: Sign — Complete class with ceiling division and getLines</span>
</a>
<a href=""/pages/ap-csa-2019-frq-2-steptracker"" class=""related-card"">
<span class=""card-type"">Class Writing</span>
<span class=""card-title"">2019 FRQ 2: StepTracker — Complete fitness tracking class</span>
</a>
<h2>Study the Concepts</h2>
<p><a href=""/pages/ap-csa-unit-3-complete-study-guide"" class=""btn"">Unit 3 Study Guide →</a>   <a href=""/pages/ap-csa-unit-1-complete-study-guide"" class=""btn btn-outline"">Unit 1 Study Guide →</a></p>
<div class=""tutor-cta"">
<h3>Struggling with FRQs? Get 1-on-1 Help</h3>
<p>Work directly with Tanner — AP CS teacher with 11+ years experience and 1,845+ verified tutoring hours. 54.5% of students score 5s (vs. 25.5% national average).</p>
<div class=""tutor-stats"">
<div class=""tutor-stat"">
<span class=""tutor-stat-value"">5.0</span><span class=""tutor-stat-label"">Rating (451+ reviews)</span>
</div>
<div class=""tutor-stat"">
<span class=""tutor-stat-value"">1,845+</span><span class=""tutor-stat-label"">Verified Hours</span>
</div>
<div class=""tutor-stat"">
<span class=""tutor-stat-value"">54.5%</span><span class=""tutor-stat-label"">Score 5s</span>
</div>
</div>
<p style=""margin-top:16px!important""><a href=""/pages/ap-computer-science-tutor"" class=""btn"">Book a Session ($150/hr) →</a></p>
<p style=""font-size:13px!important;color:#64748b!important;margin-top:8px!important"">5-session packages at $125/hr. Venmo, Zelle, PayPal, or credit card.</p>
</div>
<div id=""frq22q2-faq"">
<h2>Frequently Asked Questions</h2>
<div class=""faq-item"">
<p class=""faq-q"">What does 2022 AP CSA FRQ 2 Textbook test?</p>
<p class=""faq-a"">FRQ 2 tests writing a complete subclass with inheritance. Students must use extends, call super() in the constructor, override getBookInfo() using super.getBookInfo(), and implement canSubstituteFor with String equals() and &gt;= comparison.</p>
</div>
<div class=""faq-item"">
<p class=""faq-q"">Why must canSubstituteFor use &gt;= for edition comparison?</p>
<p class=""faq-a"">The problem says the current Textbook is a valid substitute if its edition is greater than OR equal to the other textbook's edition. Using &gt; would fail for equal editions.</p>
</div>
<div class=""faq-item"">
<p class=""faq-q"">How do I get the price into getBookInfo without a getPrice() method?</p>
<p class=""faq-a"">Call super.getBookInfo() which returns 'title-price'. Then append '-' and the edition number. Never try to access price directly since it's private to Book.</p>
</div>
<div class=""faq-item"">
<p class=""faq-q"">How many points is FRQ 2 Textbook worth?</p>
<p class=""faq-a"">9 points total for the complete Textbook class.</p>
</div>
</div>
<div class=""frq-nav"">
<a href=""/pages/ap-csa-2022-frq-1-game"" class=""btn btn-outline"">← FRQ 1: Game</a>
<a href=""/pages/ap-csa-frq-2022"" class=""btn btn-outline"">2022 FRQ Index</a>
<a href=""/pages/ap-csa-2022-frq-3-reviewanalysis"" class=""btn btn-outline"">FRQ 3: ReviewAnalysis →</a>
</div>
<div class=""frq-footer-links"">
<a href=""/pages/ap-csa-frq-archive"">Complete FRQ Archive (2004–2025)</a> •
<a href=""/pages/ap-csa-frqs-by-topic"">FRQs by Topic</a>
</div>
</div>
<script>
(function(){
var frq22q2S=22*60,frq22q2I=null,frq22q2R=false;
function frq22q2D(){var m=Math.floor(frq22q2S/60),s=frq22q2S%60;var e=document.getElementById('frq22q2-timer');if(e)e.textContent=m+':'+(s<10?'0':'')+s;}
window.frq22q2Start=function(){if(frq22q2R)return;frq22q2R=true;frq22q2I=setInterval(function(){if(frq22q2S>0){frq22q2S--;frq22q2D();}else{clearInterval(frq22q2I);frq22q2R=false;}},1000);};
window.frq22q2Pause=function(){clearInterval(frq22q2I);frq22q2R=false;};
window.frq22q2Reset=function(){clearInterval(frq22q2I);frq22q2R=false;frq22q2S=22*60;frq22q2D();};
var IND='    ';
function getInd(t,p){var ls=t.lastIndexOf('\n',p-1)+1;var m=t.substring(ls).match(/^([ \t]*)/);return m?m[1]:'';}
function initEd(el){
  if(!el)return;
  el.addEventListener('keydown',function(e){
    var ta=this,s=ta.selectionStart,end=ta.selectionEnd,v=ta.value;
    if(e.key==='Tab'){e.preventDefault();if(e.shiftKey){var ls=v.lastIndexOf('\n',s-1)+1;var lt=v.substring(ls);if(lt.substring(0,IND.length)===IND){ta.value=v.substring(0,ls)+lt.substring(IND.length);ta.selectionStart=ta.selectionEnd=Math.max(s-IND.length,ls);}}else{ta.value=v.substring(0,s)+IND+v.substring(end);ta.selectionStart=ta.selectionEnd=s+IND.length;}return;}
    var P={'(':')','[':']','{':'}','""':'""',""'"":""'""};
    if(P[e.key]){var cl=P[e.key];if(e.key==='""'||e.key===""'""){if(v.charAt(s)===e.key){e.preventDefault();ta.selectionStart=ta.selectionEnd=s+1;return;}var bf=v.substring(0,s);var ct=0;for(var i=0;i<bf.length;i++)if(bf[i]===e.key)ct++;if(ct%2===1)return;}if(v.charAt(s)===cl&&e.key!==cl){e.preventDefault();ta.selectionStart=ta.selectionEnd=s+1;return;}e.preventDefault();ta.value=v.substring(0,s)+e.key+cl+v.substring(end);ta.selectionStart=ta.selectionEnd=s+1;return;}
    var CLOSE=[')','[',']',String.fromCharCode(125)];
    if(CLOSE.indexOf(e.key)>=0&&e.key!==String.fromCharCode(91)){if(v.charAt(s)===e.key){e.preventDefault();ta.selectionStart=ta.selectionEnd=s+1;return;}}
    if(e.key==='Backspace'&&s===end&&s>0){var bc=v.charAt(s-1);var ac=v.charAt(s);if(P[bc]&&P[bc]===ac){e.preventDefault();ta.value=v.substring(0,s-1)+v.substring(s+1);ta.selectionStart=ta.selectionEnd=s-1;return;}}
  });
  el.addEventListener('beforeinput',function(e){
    if(e.inputType==='insertLineBreak'||e.inputType==='insertParagraph'){
      e.preventDefault();var ta=this;var v=ta.value;var s=ta.selectionStart;var end=ta.selectionEnd;
      var ind=getInd(v,s);var cb=v.charAt(s-1);var ca=v.charAt(s);
      var OB=String.fromCharCode(123);var CB=String.fromCharCode(125);
      if(cb===OB&&ca===CB){var nt='\n'+ind+IND+'\n'+ind;ta.value=v.substring(0,s)+nt+v.substring(end);ta.selectionStart=ta.selectionEnd=s+1+ind.length+IND.length;}
      else if(cb===OB){var nt='\n'+ind+IND;ta.value=v.substring(0,s)+nt+v.substring(end);ta.selectionStart=ta.selectionEnd=s+nt.length;}
      else{var nt='\n'+ind;ta.value=v.substring(0,s)+nt+v.substring(end);ta.selectionStart=ta.selectionEnd=s+nt.length;}
    }
  });
}
  initEd(document.getElementById('frq22q2-ea'));
(function(){var m=/Android|iPhone|iPad|iPod|Opera Mini|IEMobile/i.test(navigator.userAgent);if(m){var ifr=document.getElementById('frq22q2-pdf-iframe');var fb=document.getElementById('frq22q2-pdf-fallback');if(ifr&&fb){ifr.style.display='none';fb.style.display='block';}};})();
})();
</script>","TRUE","2026-03-01 12:00:00"
"ap-csa-2022-frq-3-reviewanalysis","MERGE","<style>#frq2026note-ap-csa-2022-frq-3-reviewanalysis{all:initial!important;display:block!important;box-sizing:border-box!important;font-family:-apple-system,BlinkMacSystemFont,""Segoe UI"",Roboto,Helvetica,Arial,sans-serif!important;background:#fffbeb!important;border:1px solid #fcd34d!important;border-left:5px solid #d97706!important;border-radius:8px!important;margin:0 0 18px 0!important;padding:0!important;overflow:hidden!important;}#frq2026note-ap-csa-2022-frq-3-reviewanalysis *{box-sizing:border-box!important;font-family:inherit!important;}#frq2026note-ap-csa-2022-frq-3-reviewanalysis summary{display:block!important;cursor:pointer!important;padding:12px 15px!important;font-size:0.95em!important;line-height:1.5!important;list-style:none!important;color:#78350f!important;-webkit-text-fill-color:#78350f!important;}#frq2026note-ap-csa-2022-frq-3-reviewanalysis summary::-webkit-details-marker{display:none!important;}#frq2026note-ap-csa-2022-frq-3-reviewanalysis summary::marker{content:""""!important;}#frq2026note-ap-csa-2022-frq-3-reviewanalysis summary:hover{background:#fef3c7!important;}#frq2026note-ap-csa-2022-frq-3-reviewanalysis summary strong{font-weight:700!important;color:#78350f!important;-webkit-text-fill-color:#78350f!important;}#frq2026note-ap-csa-2022-frq-3-reviewanalysis .n26-body{display:block!important;padding:0 15px 14px!important;font-size:0.92em!important;line-height:1.6!important;color:#78350f!important;-webkit-text-fill-color:#78350f!important;}#frq2026note-ap-csa-2022-frq-3-reviewanalysis .n26-body p{margin:0 0 10px!important;color:#78350f!important;-webkit-text-fill-color:#78350f!important;}#frq2026note-ap-csa-2022-frq-3-reviewanalysis .n26-body strong{font-weight:700!important;color:#78350f!important;-webkit-text-fill-color:#78350f!important;}#frq2026note-ap-csa-2022-frq-3-reviewanalysis table{border-collapse:collapse!important;width:100%!important;margin:0 0 10px!important;font-size:0.95em!important;background:#fffdf5!important;}#frq2026note-ap-csa-2022-frq-3-reviewanalysis th,#frq2026note-ap-csa-2022-frq-3-reviewanalysis td{border:1px solid #fcd34d!important;padding:6px 9px!important;text-align:left!important;color:#78350f!important;-webkit-text-fill-color:#78350f!important;}#frq2026note-ap-csa-2022-frq-3-reviewanalysis th{background:#fef3c7!important;font-weight:700!important;}#frq2026note-ap-csa-2022-frq-3-reviewanalysis a{color:#92400e!important;-webkit-text-fill-color:#92400e!important;text-decoration:underline!important;}#frq2026note-ap-csa-2022-frq-3-reviewanalysis .n26-src{font-size:0.85em!important;font-style:italic!important;margin:0!important;}</style>
<details id=""frq2026note-ap-csa-2022-frq-3-reviewanalysis"">
<summary><strong>Heads up: the May 2027 exam scores free response differently from this one.</strong> Tap for the current point structure.</summary>
<div class=""n26-body"">
<p>Every AP CSA free-response question from 2004 through 2025 was worth <strong>9 points</strong>, and the section was 36. From 2026 the four questions are worth <strong>7, 7, 5 and 6</strong>, the section is <strong>25 points</strong>, and only Question 1 has parts.</p>
<table><tr><th>Question</th><th>Points</th><th>Parts</th><th>Type</th></tr><tr><td>Question 1</td><td><strong>7</strong></td><td>Part A 4 + Part B 3</td><td>Methods and Control Structures</td></tr><tr><td>Question 2</td><td><strong>7</strong></td><td>single part</td><td>Class Design</td></tr><tr><td>Question 3</td><td><strong>5</strong></td><td>single part</td><td>Data Analysis with ArrayList</td></tr><tr><td>Question 4</td><td><strong>6</strong></td><td>single part</td><td>2D Array</td></tr></table>
<p>Section I is now 42 multiple-choice questions at 55% of the score, and Section II is 45%. The question on this page is still worth practising. The 9 points printed below it are not the rubric you will be scored against.</p>
<p class=""n26-src"">Point totals from College Board's 2026 scoring guidelines; section weightings from the AP Computer Science A exam page. See the <a href=""/pages/ap-csa-frq-2026"">2026 questions</a> for the current format.</p>
</div>
</details>
<script type=""application/ld+json"">{""@context"":""https://schema.org"",""@type"":""FAQPage"",""mainEntity"":[{""@type"":""Question"",""name"":""What does 2022 AP CSA FRQ 3 ReviewAnalysis test?"",""acceptedAnswer"":{""@type"":""Answer"",""text"":""FRQ 3 tests traversal of a Review array. getAverageRating accumulates a double sum. collectComments requires an indexed loop (to get the review's position), contains() to filter by exclamation point, and conditional string appending.""}},
    {""@type"":""Question"",""name"":""How many points is 2022 AP CSA FRQ 3 worth?"",""acceptedAnswer"":{""@type"":""Answer"",""text"":""9 points: 4 for Part A (getAverageRating) and 5 for Part B (collectComments).""}},
    {""@type"":""Question"",""name"":""Why can't I use an enhanced for loop in collectComments?"",""acceptedAnswer"":{""@type"":""Answer"",""text"":""You need the index of each review to prepend it to the formatted string. Enhanced for loops don't give you the index.""}},
    {""@type"":""Question"",""name"":""How do I check if a comment ends in a period or exclamation point?"",""acceptedAnswer"":{""@type"":""Answer"",""text"":""Use comment.charAt(comment.length() - 1) and compare it to '.' and '!'. If neither, append a period to the formatted string.""}}]}</script>
<script type=""application/ld+json"">{""@context"":""https://schema.org"",""@type"":""Article"",""headline"":""2022 AP CSA FRQ 3: ReviewAnalysis - Complete Solution and Scoring Guide"",""description"":""Complete solution for 2022 AP CSA FRQ 3 (ReviewAnalysis) with step-by-step explanations, scoring rubric, common mistakes, and exam tips."",""author"":{""@type"":""Person"",""name"":""Tanner Crow"",""url"":""https://www.wyzant.com/tutors/tannerc12""},""publisher"":{""@type"":""Organization"",""name"":""AP CS Exam Prep"",""url"":""https://www.apcsexamprep.com""},""datePublished"":""2022-09-01"",""dateModified"":""2026-03-14"",""educationalLevel"":""AP""}</script>
<script type=""application/ld+json"">{""@context"":""https://schema.org"",""@type"":""BreadcrumbList"",""itemListElement"":[{""@type"":""ListItem"",""position"":1,""name"":""FRQ Archive"",""item"":""https://www.apcsexamprep.com/pages/ap-csa-frq-archive""},{""@type"":""ListItem"",""position"":2,""name"":""2022 FRQs"",""item"":""https://www.apcsexamprep.com/pages/ap-csa-frq-2022""},{""@type"":""ListItem"",""position"":3,""name"":""FRQ 3: ReviewAnalysis"",""item"":""https://www.apcsexamprep.com/pages/ap-csa-2022-frq-3-reviewanalysis""}]}</script>
<div id=""frq22q3"">
<style>
.page-title,.article__title,.page__title,.template-page h1:first-of-type{display:none!important}
#frq22q3{all:initial!important;display:block!important;font-family:-apple-system,BlinkMacSystemFont,'Segoe UI',Roboto,Oxygen,Ubuntu,Cantarell,sans-serif!important;line-height:1.7!important;color:#1e293b!important;max-width:880px!important;margin:0 auto!important;padding:24px 20px 60px!important;-webkit-font-smoothing:antialiased!important;background:#ffffff!important}
#frq22q3 *{box-sizing:border-box!important}
#frq22q3 img{max-width:100%!important;height:auto!important}
#frq22q3 h1{font-size:2em!important;font-weight:800!important;color:#1e3a8a!important;-webkit-text-fill-color:#1e3a8a!important;margin:0 0 8px!important;line-height:1.2!important;border:none!important;padding:0!important}
#frq22q3 h2{font-size:1.5em!important;font-weight:700!important;color:#1e40af!important;-webkit-text-fill-color:#1e40af!important;margin:40px 0 16px!important;padding-left:12px!important;border-left:4px solid #60a5fa!important;border-bottom:none!important;line-height:1.3!important}
#frq22q3 h3{font-size:1.2em!important;font-weight:600!important;color:#1e40af!important;-webkit-text-fill-color:#1e40af!important;margin:24px 0 12px!important;line-height:1.3!important}
#frq22q3 h4{font-size:1.05em!important;font-weight:600!important;color:#334155!important;margin:20px 0 10px!important}
#frq22q3 p{margin:0 0 16px!important;color:#1e293b!important;font-size:16px!important;line-height:1.7!important}
#frq22q3 a{color:#2563eb!important;-webkit-text-fill-color:#2563eb!important;text-decoration:underline!important}
#frq22q3 a:link{color:#2563eb!important;-webkit-text-fill-color:#2563eb!important}
#frq22q3 a:visited{color:#2563eb!important;-webkit-text-fill-color:#2563eb!important}
#frq22q3 a:hover{color:#1d4ed8!important;-webkit-text-fill-color:#1d4ed8!important}
#frq22q3 strong{font-weight:700!important;color:#1e293b!important}
#frq22q3 ul,#frq22q3 ol{margin:0 0 16px!important;padding-left:24px!important;color:#1e293b!important}
#frq22q3 li{margin:0 0 8px!important;font-size:16px!important;line-height:1.7!important}
#frq22q3 .frq-breadcrumb{font-size:14px!important;color:#64748b!important;margin-bottom:24px!important;display:block!important}
#frq22q3 .frq-breadcrumb a{color:#2563eb!important;-webkit-text-fill-color:#2563eb!important;text-decoration:none!important;font-size:14px!important}
#frq22q3 .frq-breadcrumb a:link,#frq22q3 .frq-breadcrumb a:visited{color:#2563eb!important;-webkit-text-fill-color:#2563eb!important}
#frq22q3 .frq-year-label{display:inline-block!important;background:#dbeafe!important;color:#1e40af!important;font-size:13px!important;font-weight:600!important;padding:4px 12px!important;border-radius:4px!important;margin-bottom:8px!important;letter-spacing:0.5px!important;text-transform:uppercase!important}
#frq22q3 .frq-subtitle{color:#64748b!important;font-size:15px!important;margin:0 0 20px!important;line-height:1.6!important}
#frq22q3 .frq-badges{display:flex!important;flex-wrap:wrap!important;gap:8px!important;margin-bottom:24px!important}
#frq22q3 .frq-badge{display:inline-block!important;padding:6px 14px!important;border-radius:20px!important;font-size:13px!important;font-weight:600!important;line-height:1.4!important}
#frq22q3 .frq-badge-blue{background:#dbeafe!important;color:#1e40af!important}
#frq22q3 .frq-badge-green{background:#dcfce7!important;color:#166534!important}
#frq22q3 .frq-badge-purple{background:#ede9fe!important;color:#5b21b6!important}
#frq22q3 .frq-badge-amber{background:#fef3c7!important;color:#92400e!important}
#frq22q3 .frq-meta-table{width:100%!important;border-collapse:collapse!important;margin:0 0 24px!important;font-size:15px!important}
#frq22q3 .frq-meta-table td{padding:10px 16px!important;border-bottom:1px solid #e5e7eb!important;color:#1e293b!important;vertical-align:top!important}
#frq22q3 .frq-meta-table td:first-child{font-weight:600!important;color:#475569!important;width:160px!important}
#frq22q3 .frq-summary{background-color:#f0f9ff!important;border:1px solid #bae6fd!important;border-radius:8px!important;padding:20px 24px!important;margin:0 0 24px!important}
#frq22q3 .frq-summary h2{font-size:1.15em!important;margin:0 0 12px!important;padding-left:0!important;border-left:none!important;color:#0c4a6e!important;-webkit-text-fill-color:#0c4a6e!important}
#frq22q3 .frq-summary p{margin:0!important;color:#1e293b!important;font-size:15px!important;line-height:1.7!important}
#frq22q3 .frq-curriculum{background-color:#fefce8!important;border:1px solid #fde68a!important;border-radius:8px!important;padding:20px 24px!important;margin:0 0 24px!important}
#frq22q3 .frq-curriculum h2{font-size:1.15em!important;margin:0 0 12px!important;padding-left:0!important;border-left:none!important;color:#713f12!important;-webkit-text-fill-color:#713f12!important}
#frq22q3 .frq-curriculum p{margin:0 0 8px!important;color:#1e293b!important;font-size:15px!important}
#frq22q3 .frq-curriculum p:last-child{margin-bottom:0!important}
#frq22q3 .frq-jumplinks{display:flex!important;flex-wrap:wrap!important;gap:8px!important;margin:0 0 32px!important;padding:16px 0!important;border-top:1px solid #e5e7eb!important;border-bottom:1px solid #e5e7eb!important}
#frq22q3 .frq-jumplinks a{display:inline-block!important;padding:6px 14px!important;background:#f1f5f9!important;color:#334155!important;-webkit-text-fill-color:#334155!important;border-radius:6px!important;font-size:13px!important;font-weight:600!important;text-decoration:none!important}
#frq22q3 .frq-jumplinks a:link,#frq22q3 .frq-jumplinks a:visited{color:#334155!important;-webkit-text-fill-color:#334155!important}
#frq22q3 .frq-jumplinks a:hover{background:#e2e8f0!important;color:#1e293b!important;-webkit-text-fill-color:#1e293b!important}
#frq22q3 pre{background:#1e293b!important;color:#e2e8f0!important;padding:20px!important;border-radius:8px!important;overflow-x:auto!important;font-family:Consolas,Monaco,'Courier New',monospace!important;font-size:14px!important;line-height:1.6!important;white-space:pre!important;margin:16px 0!important;border:none!important}
#frq22q3 code{font-family:Consolas,Monaco,'Courier New',monospace!important;font-size:14px!important}
#frq22q3 p code,#frq22q3 li code,#frq22q3 td code{background:#f1f5f9!important;color:#be185d!important;padding:2px 6px!important;border-radius:4px!important;font-size:13px!important}
#frq22q3 table{width:100%!important;border-collapse:collapse!important;margin:16px 0!important;font-size:15px!important}
#frq22q3 th{background:#f8fafc!important;color:#334155!important;font-weight:600!important;padding:12px 16px!important;text-align:left!important;border-bottom:2px solid #cbd5e1!important}
#frq22q3 td{padding:10px 16px!important;border-bottom:1px solid #e5e7eb!important;color:#1e293b!important;vertical-align:top!important}
#frq22q3 .frq-intro{background-color:#eff6ff!important;padding:20px!important;border-radius:8px!important;margin:0 0 24px!important;border-left:4px solid #3b82f6!important}
#frq22q3 .practice-tip{background-color:#dcfce7!important;padding:16px 20px!important;border-radius:6px!important;margin:20px 0!important;border-left:4px solid #10b981!important}
#frq22q3 .key-insight{background-color:#dbeafe!important;padding:16px 20px!important;border-radius:6px!important;margin:20px 0!important;border-left:4px solid #3b82f6!important}
#frq22q3 .common-mistake{background-color:#fef2f2!important;padding:16px 20px!important;border-radius:6px!important;margin:20px 0!important;border-left:4px solid #ef4444!important}
#frq22q3 .scoring-guide{background-color:#f9fafb!important;border:1px solid #e5e7eb!important;border-radius:8px!important;padding:20px!important;margin:20px 0!important}
#frq22q3 .frq-collapsible{cursor:pointer!important;background:#f8fafc!important;border:1px solid #e2e8f0!important;border-radius:8px!important;padding:16px 20px!important;margin:16px 0!important;font-weight:600!important;font-size:15px!important;color:#1e40af!important;-webkit-text-fill-color:#1e40af!important;display:block!important;width:100%!important;text-align:left!important}
#frq22q3 .frq-collapsible:hover{background:#eef2ff!important}
#frq22q3 .frq-collapsible-content{display:none!important;padding:20px!important;border:1px solid #e2e8f0!important;border-top:none!important;border-radius:0 0 8px 8px!important;margin-top:-17px!important;background:#ffffff!important}
#frq22q3 .frq-collapsible-content.open{display:block!important}
#frq22q3 .frq-editor{position:relative!important;margin:20px 0!important}
#frq22q3 .frq-editor textarea{width:100%!important;min-height:200px!important;font-family:Consolas,Monaco,'Courier New',monospace!important;font-size:14px!important;line-height:1.6!important;padding:16px!important;border:2px solid #cbd5e1!important;border-radius:8px!important;background:#1e293b!important;color:#e2e8f0!important;resize:vertical!important;tab-size:4!important;-moz-tab-size:4!important;white-space:pre!important;overflow-wrap:normal!important;overflow-x:auto!important}
#frq22q3 .frq-editor textarea:focus{border-color:#3b82f6!important;outline:none!important;box-shadow:0 0 0 3px rgba(59,130,246,0.15)!important}
#frq22q3 .frq-editor textarea::placeholder{color:#64748b!important}
#frq22q3 .frq-editor-hint{display:block!important;text-align:right!important;font-size:11px!important;color:#94a3b8!important;margin-top:4px!important;font-style:italic!important;padding-right:4px!important}
#frq22q3 .btn{display:inline-block!important;padding:12px 24px!important;background-color:#3b82f6!important;color:white!important;-webkit-text-fill-color:white!important;text-decoration:none!important;border-radius:6px!important;font-weight:600!important;font-size:15px!important;border:none!important;cursor:pointer!important;opacity:1!important;visibility:visible!important}
#frq22q3 .btn:hover{background-color:#2563eb!important;color:white!important;-webkit-text-fill-color:white!important}
#frq22q3 a.btn:link,#frq22q3 a.btn:visited{color:white!important;-webkit-text-fill-color:white!important;text-decoration:none!important}
#frq22q3 .btn-sm{padding:8px 16px!important;font-size:13px!important}
#frq22q3 .btn-outline{background:transparent!important;border:2px solid #3b82f6!important;color:#3b82f6!important;-webkit-text-fill-color:#3b82f6!important}
#frq22q3 a.btn-outline:link,#frq22q3 a.btn-outline:visited{color:#3b82f6!important;-webkit-text-fill-color:#3b82f6!important;text-decoration:none!important}
#frq22q3 .btn-outline:hover{background:#3b82f6!important;color:white!important;-webkit-text-fill-color:white!important}
#frq22q3 .btn-green{background-color:#16a34a!important;color:white!important;-webkit-text-fill-color:white!important}
#frq22q3 a.btn-green:link,#frq22q3 a.btn-green:visited{color:white!important;-webkit-text-fill-color:white!important;text-decoration:none!important}
#frq22q3 .btn-green:hover{background-color:#15803d!important}
#frq22q3 .frq-timer{display:flex!important;align-items:center!important;gap:12px!important;margin:20px 0!important;padding:12px 20px!important;background:#f8fafc!important;border:1px solid #e2e8f0!important;border-radius:8px!important}
#frq22q3 .frq-timer-label{font-weight:600!important;color:#475569!important;font-size:14px!important}
#frq22q3 .frq-timer-display{font-family:Consolas,Monaco,monospace!important;font-size:24px!important;font-weight:700!important;color:#1e293b!important;min-width:80px!important}
#frq22q3 .frq-timer button{padding:6px 14px!important;border-radius:4px!important;border:1px solid #cbd5e1!important;background:#ffffff!important;color:#475569!important;-webkit-text-fill-color:#475569!important;font-size:13px!important;font-weight:600!important;cursor:pointer!important}
#frq22q3 .mistake-block{border:1px solid #e5e7eb!important;border-radius:8px!important;margin:20px 0!important;overflow:hidden!important}
#frq22q3 .mistake-header{padding:14px 20px!important;font-weight:600!important;font-size:15px!important;color:#1e293b!important;background:#fef2f2!important;border-bottom:1px solid #e5e7eb!important}
#frq22q3 .mistake-body{padding:16px 20px!important}
#frq22q3 .mistake-label{display:inline-block!important;font-size:12px!important;font-weight:700!important;text-transform:uppercase!important;letter-spacing:0.5px!important;padding:3px 8px!important;border-radius:4px!important;margin-bottom:8px!important}
#frq22q3 .mistake-wrong{background:#fef2f2!important;color:#dc2626!important}
#frq22q3 .mistake-right{background:#dcfce7!important;color:#16a34a!important}
#frq22q3 .exam-tip{padding:12px 16px 12px 44px!important;background:#f0fdf4!important;border-radius:6px!important;margin:10px 0!important;position:relative!important;font-size:15px!important;line-height:1.6!important;color:#1e293b!important}
#frq22q3 .exam-tip::before{content:'\2713'!important;position:absolute!important;left:16px!important;top:12px!important;color:#16a34a!important;font-weight:700!important;font-size:16px!important}
#frq22q3 .related-card{display:block!important;padding:16px 20px!important;border:1px solid #e5e7eb!important;border-radius:8px!important;margin:10px 0!important;text-decoration:none!important}
#frq22q3 .related-card:hover{border-color:#3b82f6!important;background:#f8fafc!important}
#frq22q3 a.related-card:link,#frq22q3 a.related-card:visited{text-decoration:none!important}
#frq22q3 .related-card .card-type{font-size:12px!important;font-weight:600!important;text-transform:uppercase!important;color:#64748b!important;letter-spacing:0.5px!important;margin-bottom:4px!important;display:block!important}
#frq22q3 .related-card .card-title{font-size:15px!important;font-weight:600!important;color:#1e40af!important;-webkit-text-fill-color:#1e40af!important;display:block!important}
#frq22q3 .cta-box{background:linear-gradient(135deg,#1e3a8a 0%,#1e40af 100%)!important;color:#ffffff!important;padding:32px!important;border-radius:12px!important;margin:32px 0!important;text-align:center!important}
#frq22q3 .cta-box h3{color:#ffffff!important;-webkit-text-fill-color:#ffffff!important;font-size:1.3em!important;margin:0 0 12px!important}
#frq22q3 .cta-box p{color:#dbeafe!important;font-size:15px!important}
#frq22q3 .cta-box .btn{background:#ffffff!important;color:#1e40af!important;-webkit-text-fill-color:#1e40af!important}
#frq22q3 .cta-box a.btn:link,#frq22q3 .cta-box a.btn:visited{color:#1e40af!important;-webkit-text-fill-color:#1e40af!important}
#frq22q3 .tutor-cta{background:#f8fafc!important;border:1px solid #e2e8f0!important;border-radius:12px!important;padding:28px!important;margin:32px 0!important}
#frq22q3 .tutor-stats{display:flex!important;gap:24px!important;flex-wrap:wrap!important;margin:16px 0!important}
#frq22q3 .tutor-stat{text-align:center!important}
#frq22q3 .tutor-stat-value{font-size:20px!important;font-weight:700!important;color:#1e40af!important;-webkit-text-fill-color:#1e40af!important;display:block!important}
#frq22q3 .tutor-stat-label{font-size:12px!important;color:#64748b!important}
#frq22q3 .frq-nav{display:flex!important;justify-content:space-between!important;align-items:center!important;margin:40px 0 20px!important;gap:12px!important;flex-wrap:wrap!important}
#frq22q3 .frq-footer-links{text-align:center!important;margin:16px 0 0!important;font-size:14px!important;color:#64748b!important}
#frq22q3 .frq-footer-links a{color:#2563eb!important;-webkit-text-fill-color:#2563eb!important;font-size:14px!important}
#frq22q3 .scoring-summary{margin:24px 0!important}
#frq22q3 .scoring-summary table{width:100%!important}
#frq22q3 .scoring-summary td:last-child,#frq22q3 .scoring-summary th:last-child{text-align:center!important;font-weight:700!important}
#frq22q3 .faq-item{border-bottom:1px solid #e5e7eb!important;padding:20px 0!important}
#frq22q3 .faq-item:last-child{border-bottom:none!important}
#frq22q3 .faq-q{font-weight:600!important;color:#1e293b!important;font-size:16px!important;margin:0 0 8px!important}
#frq22q3 .faq-a{color:#475569!important;font-size:15px!important;line-height:1.7!important;margin:0!important}
#frq22q3 .frq-pdf-wrap{width:100%!important;border:2px solid #cbd5e1!important;border-radius:8px!important;overflow:hidden!important;margin:16px 0 20px!important;background:#f1f5f9!important}
#frq22q3 .frq-pdf-wrap iframe{width:100%!important;height:680px!important;border:none!important;display:block!important}
#frq22q3 .frq-pdf-fallback{padding:20px!important;text-align:center!important;background:#f8fafc!important;display:none!important;font-size:14px!important;color:#475569!important}
#frq22q3 .frq-video-wrap{position:relative!important;padding-bottom:56.25%!important;height:0!important;overflow:hidden!important;border-radius:8px!important;margin:16px 0!important;background:#0f172a!important}
#frq22q3 .frq-video-wrap iframe{position:absolute!important;top:0!important;left:0!important;width:100%!important;height:100%!important;border:none!important;border-radius:8px!important}
#frq22q3 .frq-editor textarea::selection{background:#3b82f6!important;color:#ffffff!important;-webkit-text-fill-color:#ffffff!important}
#frq22q3 .frq-editor textarea::-moz-selection{background:#3b82f6!important;color:#ffffff!important}
@media(max-width:640px){
#frq22q3{padding:16px 14px 40px!important}
#frq22q3 h1{font-size:1.5em!important}
#frq22q3 h2{font-size:1.25em!important}
#frq22q3 .frq-timer{flex-wrap:wrap!important}
#frq22q3 .tutor-stats{gap:16px!important}
#frq22q3 .frq-nav{flex-direction:column!important;align-items:stretch!important}
#frq22q3 .frq-nav .btn{text-align:center!important}
}
</style>
<div class=""frq-breadcrumb"">
<a href=""/pages/ap-csa-frq-archive"">FRQ Archive</a> ›
<a href=""/pages/ap-csa-frq-2022"">2022 FRQs</a> ›
FRQ 3: ReviewAnalysis
</div>
<div class=""frq-year-label"">2022 AP CSA • ArrayList</div>
<h1>AP CSA 2022 FRQ 3: ReviewAnalysis</h1>
<p class=""frq-subtitle"">Complete solution, scoring rubric, and walkthrough — verified from the official College Board PDF</p>
<div class=""frq-badges"">
<span class=""frq-badge frq-badge-blue"">9 Points</span>
<span class=""frq-badge frq-badge-amber"">Medium</span>
<span class=""frq-badge frq-badge-green"">Unit 4</span>
</div>
<table class=""frq-meta-table"">
<tr>
<td>Question Type</td>
<td>ArrayList</td>
</tr>
<tr>
<td>Skills Tested</td>
<td>Array traversal, indexed loop, String methods (contains, charAt), double division</td>
</tr>
<tr>
<td>Difficulty</td>
<td>Medium</td>
</tr>
<tr>
<td>Recommended Time</td>
<td>22 minutes</td>
</tr>
</table>
<div class=""frq-summary"">
<h2>What This Problem Asks</h2>
<p>2022 AP CSA FRQ 3 ReviewAnalysis asks students to write two methods that analyze an array of <code>Review</code> objects. <code>getAverageRating</code> computes the arithmetic mean of all ratings as a <code>double</code>. <code>collectComments</code> collects comments containing exclamation points, formats each as <code>index-comment</code>, and appends a period if the comment doesn’t already end in <code>.</code> or <code>!</code>.</p>
</div>
<div class=""frq-curriculum"">
<h2>What This FRQ Tests</h2>
<p>This FRQ tests <a href=""/pages/ap-csa-unit-4-data-collections-study-guide""><strong>Unit 4</strong></a> (array traversal, ArrayList building) and <a href=""/pages/ap-csa-unit-1-complete-study-guide""><strong>Unit 1 String methods</strong></a> (<code>contains</code>, <code>charAt</code>, <code>length</code>).</p>
</div>
<div class=""frq-jumplinks"">
<a href=""#frq22q3-pdf"">Official PDF</a>
<a href=""#frq22q3-code"">Provided Code</a>
<a href=""#frq22q3-parta"">Part A</a>
<a href=""#frq22q3-partb"">Part B</a>
<a href=""#frq22q3-mistakes"">Mistakes</a>
<a href=""#frq22q3-tips"">Tips</a>
<a href=""#frq22q3-faq"">FAQ</a>
</div>
<div id=""frq22q3-pdf"">
<h2>Official Question &amp; PDF</h2>
<p>
<a href=""https://apcentral.collegeboard.org/media/pdf/ap22-frq-computer-science-a.pdf"" target=""_blank"" rel=""noopener"" class=""btn btn-sm"">Download Full FRQ PDF →</a>
</p>
<div class=""frq-pdf-wrap"">
<iframe src=""https://apcentral.collegeboard.org/media/pdf/ap22-frq-computer-science-a.pdf#page=9"" title=""2022 AP CSA FRQ 3 ReviewAnalysis"" loading=""lazy"" id=""frq22q3-pdf-iframe""></iframe>
<div class=""frq-pdf-fallback"" id=""frq22q3-pdf-fallback"">
<p>PDF cannot display on this device. <a href=""https://apcentral.collegeboard.org/media/pdf/ap22-frq-computer-science-a.pdf"" target=""_blank"" rel=""noopener"">Open PDF directly →</a></p>
</div>
</div>
</div>
<div class=""frq-timer"">
<span class=""frq-timer-label"">Timer</span>
<span class=""frq-timer-display"" id=""frq22q3-timer"">22:00</span>
<button onclick=""frq22q3Start()"">Start</button>
<button onclick=""frq22q3Pause()"">Pause</button>
<button onclick=""frq22q3Reset()"">Reset</button>
</div>
<div id=""frq22q3-code"">
<h2>Provided Code</h2>
<pre>public class Review
{
    private int rating;
    private String comment;
        public Review(int r, String c) {
        rating = r; comment = c;
    }
        public int getRating() {
        return rating;
    }
        public String getComment() {
        return comment;
    }
}

public class ReviewAnalysis
{
    private Review[] allReviews;  // array, not ArrayList
    public ReviewAnalysis() { /* not shown */ }
    public double getAverageRating() { /* to be implemented in part (a) */ }
    public ArrayList<string> collectComments() { /* to be implemented in part (b) */ }
}</string></pre>
</div>
<div id=""frq22q3-parta"">
<h2>Part A — 4 Points</h2>
<p>Write <code>getAverageRating</code>, which returns the average rating of all elements in <code>allReviews</code> as a <code>double</code>.</p>
<h3>Write Your Solution</h3>
<div class=""frq-editor"">
<textarea id=""frq22q3-ea"" placeholder=""// Write Part A here...
// Tab to indent | Brackets auto-close | Enter auto-indents""></textarea>
<span class=""frq-editor-hint"">Drag corner to expand ▽</span>
</div>
<p>
<button class=""btn btn-sm btn-green"" onclick=""document.getElementById('frq22q3-sola').classList.add('open')"">Check Answer</button>
 
<button class=""btn btn-sm btn-outline"" onclick=""document.getElementById('frq22q3-ea').value=''"">Clear</button>
</p>
<button class=""frq-collapsible"" onclick=""this.nextElementSibling.classList.toggle('open')"">View Solution and Rubric ▼</button>
<div class=""frq-collapsible-content"" id=""frq22q3-sola"">
<h4>Scoring Rubric (Part A — 4 points)</h4>
<table>
<tr>
<td><strong>+1</strong></td>
<td>Traverses <code>allReviews</code> array with no bounds errors</td>
</tr>
<tr>
<td><strong>+1</strong></td>
<td>Calls <code>getRating</code> on a <code>Review</code> object</td>
</tr>
<tr>
<td><strong>+1</strong></td>
<td>Accumulates a sum of ratings</td>
</tr>
<tr>
<td><strong>+1</strong></td>
<td>Returns correct double average (divides by length, not integer division)</td>
</tr>
</table>
<h4>Solution</h4>
<pre>public double getAverageRating()
{
    double sum = 0;
    for (Review r : allReviews)
    {
        sum += r.getRating();
    }
    return sum / allReviews.length;
}</pre>
<div class=""key-insight"">
<strong>Why declare sum as double?</strong> If you declare <code>int sum</code> and divide <code>sum / allReviews.length</code>, Java performs integer division (truncates). Declaring <code>double sum</code> forces a double result. Alternatively, cast: <code>(double) sum / allReviews.length</code>.</div>
</div>
</div>
<div id=""frq22q3-partb"">
<h2>Part B — 5 Points</h2>
<p>Write <code>collectComments</code>, which returns an <code>ArrayList<string></string></code> of formatted comments that contain <code>""!""</code>. Each string is formatted as <code>index + ""-"" + comment</code>. If comment doesn’t end in <code>.</code> or <code>!</code>, append a period.</p>
<h3>Write Your Solution</h3>
<div class=""frq-editor"">
<textarea id=""frq22q3-eb"" placeholder=""// Write Part B here...
// Tab to indent | Brackets auto-close | Enter auto-indents""></textarea>
<span class=""frq-editor-hint"">Drag corner to expand ▽</span>
</div>
<p>
<button class=""btn btn-sm btn-green"" onclick=""document.getElementById('frq22q3-solb').classList.add('open')"">Check Answer</button>
 
<button class=""btn btn-sm btn-outline"" onclick=""document.getElementById('frq22q3-eb').value=''"">Clear</button>
</p>
<button class=""frq-collapsible"" onclick=""this.nextElementSibling.classList.toggle('open')"">View Solution and Rubric ▼</button>
<div class=""frq-collapsible-content"" id=""frq22q3-solb"">
<h4>Scoring Rubric (Part B — 5 points)</h4>
<table>
<tr>
<td><strong>+1</strong></td>
<td>Traverses <code>allReviews</code> with index (for-each does not give index)</td>
</tr>
<tr>
<td><strong>+1</strong></td>
<td>Calls <code>getComment</code> on a <code>Review</code> object and checks for <code>""!""</code>
</td>
</tr>
<tr>
<td><strong>+1</strong></td>
<td>Correctly formats the string: index + ""-"" + comment</td>
</tr>
<tr>
<td><strong>+1</strong></td>
<td>Appends a period if comment does not end in <code>"".""</code> or <code>""!""</code>
</td>
</tr>
<tr>
<td><strong>+1</strong></td>
<td>Returns correct ArrayList with only exclamation-containing comments (algorithm)</td>
</tr>
</table>
<h4>Solution</h4>
<pre>public ArrayList<string> collectComments()
{
    ArrayList<string> result = new ArrayList<string>();
    for (int i = 0; i &lt; allReviews.length; i++)
    {
        String comment = allReviews[i].getComment();
        if (comment.contains(""!""))
        {
            String formatted = i + ""-"" + comment;
            char last = comment.charAt(comment.length() - 1);
            if (last != '.' &amp;&amp; last != '!')
            {
                formatted += ""."";
            }
            result.add(formatted);
        }
    }
    return result;
}</string></string></string></pre>
<div class=""common-mistake"">
<strong>Must use indexed for loop:</strong> You need the index <code>i</code> to prepend to the string. An enhanced for loop doesn’t give you the index, so you can’t use it here.</div>
</div>
</div>
<div id=""frq22q3-mistakes"">
<h2>Common Mistakes to Avoid</h2>
<div class=""mistake-block"">
<div class=""mistake-header"">Using enhanced for loop (can't access index)</div>
<div class=""mistake-body"">
<p>The formatted string must begin with the index of the review. An enhanced for loop does not provide the index.</p>
<p><span class=""mistake-label mistake-wrong"">Wrong</span></p>
<pre>for (Review r : allReviews) {
    // no way to get the index 'i' here
}</pre>
<p><span class=""mistake-label mistake-right"">Correct</span></p>
<pre>for (int i = 0; i &lt; allReviews.length; i++) {
    String comment = allReviews[i].getComment();
    if (comment.contains(""!"")) {
        String formatted = i + ""-"" + comment;
        ...
    }
}</pre>
</div>
</div>
<div class=""mistake-block"">
<div class=""mistake-header"">Using sum / length with integer types (integer division)</div>
<div class=""mistake-body"">
<p>If both numerator and denominator are ints, Java does integer division and truncates the decimal.</p>
<p><span class=""mistake-label mistake-wrong"">Wrong</span></p>
<pre>int sum = 0;
...
return sum / allReviews.length;  // truncates decimal!</pre>
<p><span class=""mistake-label mistake-right"">Correct</span></p>
<pre>double sum = 0;  // or cast: (double) sum / allReviews.length
...
return sum / allReviews.length;</pre>
</div>
</div>
</div>
<div id=""frq22q3-tips"">
<h2>Exam Tips</h2>
<div class=""exam-tip"">Part A uses an array (<code>Review[]</code>), not an ArrayList. Use array length (<code>allReviews.length</code>) and array access (<code>allReviews[i]</code>).</div>
<div class=""exam-tip"">Part B requires the index, so you must use an indexed for loop. The formatted string format is: <code>i + ""-"" + comment</code> then optionally append <code>"".""</code>.</div>
<div class=""exam-tip"">The period is only added if the comment does NOT already end in <code>'.'</code> or <code>'!'</code>. Check <code>comment.charAt(comment.length()-1)</code>.</div>
</div>
<div class=""scoring-summary"">
<h2>Scoring Summary</h2>
<table>
<tr>
<th>Part</th>
<th>Method</th>
<th>Points</th>
</tr>
<tr>
<td>Part A</td>
<td><code>Write</code></td>
<td>4</td>
</tr>
<tr>
<td>Part B</td>
<td><code>Write</code></td>
<td>5</td>
</tr>
<tr>
<td><strong>Total</strong></td>
<td></td>
<td><strong>9</strong></td>
</tr>
</table>
</div>
<div class=""cta-box"">
<h3>Want the Complete 2022 FRQ Solutions?</h3>
<p>Browse all past AP CSA FRQs with full solutions and scoring breakdowns.</p>
<p style=""margin-top:16px!important""><a href=""/pages/ap-csa-frq-archive"" class=""btn"">FRQ Archive →</a></p>
</div>
<h2>Related FRQs</h2>
<a href=""/pages/ap-csa-2021-frq-3-clubmembers"" class=""related-card"">
<span class=""card-type"">ArrayList</span>
<span class=""card-title"">2021 FRQ 3: ClubMembers — ArrayList add and backward removal</span>
</a>
<a href=""/pages/ap-csa-2023-frq-3-weatherdata"" class=""related-card"">
<span class=""card-type"">ArrayList</span>
<span class=""card-title"">2023 FRQ 3: WeatherData — ArrayList cleaning and heat wave detection</span>
</a>
<h2>Study the Concepts</h2>
<p><a href=""/pages/ap-csa-unit-4-data-collections-study-guide"" class=""btn"">Unit 4 Study Guide →</a>   <a href=""/pages/ap-csa-unit-1-complete-study-guide"" class=""btn btn-outline"">Unit 1 Study Guide →</a></p>
<div class=""tutor-cta"">
<h3>Struggling with FRQs? Get 1-on-1 Help</h3>
<p>Work directly with Tanner — AP CS teacher with 11+ years experience and 1,845+ verified tutoring hours. 54.5% of students score 5s (vs. 25.5% national average).</p>
<div class=""tutor-stats"">
<div class=""tutor-stat"">
<span class=""tutor-stat-value"">5.0</span><span class=""tutor-stat-label"">Rating (451+ reviews)</span>
</div>
<div class=""tutor-stat"">
<span class=""tutor-stat-value"">1,845+</span><span class=""tutor-stat-label"">Verified Hours</span>
</div>
<div class=""tutor-stat"">
<span class=""tutor-stat-value"">54.5%</span><span class=""tutor-stat-label"">Score 5s</span>
</div>
</div>
<p style=""margin-top:16px!important""><a href=""/pages/ap-computer-science-tutor"" class=""btn"">Book a Session ($150/hr) →</a></p>
<p style=""font-size:13px!important;color:#64748b!important;margin-top:8px!important"">5-session packages at $125/hr. Venmo, Zelle, PayPal, or credit card.</p>
</div>
<div id=""frq22q3-faq"">
<h2>Frequently Asked Questions</h2>
<div class=""faq-item"">
<p class=""faq-q"">What does 2022 AP CSA FRQ 3 ReviewAnalysis test?</p>
<p class=""faq-a"">FRQ 3 tests traversal of a Review array. getAverageRating accumulates a double sum. collectComments requires an indexed loop (to get the review's position), contains() to filter by exclamation point, and conditional string appending.</p>
</div>
<div class=""faq-item"">
<p class=""faq-q"">How many points is 2022 AP CSA FRQ 3 worth?</p>
<p class=""faq-a"">9 points: 4 for Part A (getAverageRating) and 5 for Part B (collectComments).</p>
</div>
<div class=""faq-item"">
<p class=""faq-q"">Why can't I use an enhanced for loop in collectComments?</p>
<p class=""faq-a"">You need the index of each review to prepend it to the formatted string. Enhanced for loops don't give you the index.</p>
</div>
<div class=""faq-item"">
<p class=""faq-q"">How do I check if a comment ends in a period or exclamation point?</p>
<p class=""faq-a"">Use comment.charAt(comment.length() - 1) and compare it to '.' and '!'. If neither, append a period to the formatted string.</p>
</div>
</div>
<div class=""frq-nav"">
<a href=""/pages/ap-csa-2022-frq-2-textbook"" class=""btn btn-outline"">← FRQ 2: Textbook</a>
<a href=""/pages/ap-csa-frq-2022"" class=""btn btn-outline"">2022 FRQ Index</a>
<a href=""/pages/ap-csa-2022-frq-4-data"" class=""btn btn-outline"">FRQ 4: Data →</a>
</div>
<div class=""frq-footer-links"">
<a href=""/pages/ap-csa-frq-archive"">Complete FRQ Archive (2004–2025)</a> •
<a href=""/pages/ap-csa-frqs-by-topic"">FRQs by Topic</a>
</div>
</div>
<script>
(function(){
var frq22q3S=22*60,frq22q3I=null,frq22q3R=false;
function frq22q3D(){var m=Math.floor(frq22q3S/60),s=frq22q3S%60;var e=document.getElementById('frq22q3-timer');if(e)e.textContent=m+':'+(s<10?'0':'')+s;}
window.frq22q3Start=function(){if(frq22q3R)return;frq22q3R=true;frq22q3I=setInterval(function(){if(frq22q3S>0){frq22q3S--;frq22q3D();}else{clearInterval(frq22q3I);frq22q3R=false;}},1000);};
window.frq22q3Pause=function(){clearInterval(frq22q3I);frq22q3R=false;};
window.frq22q3Reset=function(){clearInterval(frq22q3I);frq22q3R=false;frq22q3S=22*60;frq22q3D();};
var IND='    ';
function getInd(t,p){var ls=t.lastIndexOf('\n',p-1)+1;var m=t.substring(ls).match(/^([ \t]*)/);return m?m[1]:'';}
function initEd(el){
  if(!el)return;
  el.addEventListener('keydown',function(e){
    var ta=this,s=ta.selectionStart,end=ta.selectionEnd,v=ta.value;
    if(e.key==='Tab'){e.preventDefault();if(e.shiftKey){var ls=v.lastIndexOf('\n',s-1)+1;var lt=v.substring(ls);if(lt.substring(0,IND.length)===IND){ta.value=v.substring(0,ls)+lt.substring(IND.length);ta.selectionStart=ta.selectionEnd=Math.max(s-IND.length,ls);}}else{ta.value=v.substring(0,s)+IND+v.substring(end);ta.selectionStart=ta.selectionEnd=s+IND.length;}return;}
    var P={'(':')','[':']','{':'}','""':'""',""'"":""'""};
    if(P[e.key]){var cl=P[e.key];if(e.key==='""'||e.key===""'""){if(v.charAt(s)===e.key){e.preventDefault();ta.selectionStart=ta.selectionEnd=s+1;return;}var bf=v.substring(0,s);var ct=0;for(var i=0;i<bf.length;i++)if(bf[i]===e.key)ct++;if(ct%2===1)return;}if(v.charAt(s)===cl&&e.key!==cl){e.preventDefault();ta.selectionStart=ta.selectionEnd=s+1;return;}e.preventDefault();ta.value=v.substring(0,s)+e.key+cl+v.substring(end);ta.selectionStart=ta.selectionEnd=s+1;return;}
    var CLOSE=[')','[',']',String.fromCharCode(125)];
    if(CLOSE.indexOf(e.key)>=0&&e.key!==String.fromCharCode(91)){if(v.charAt(s)===e.key){e.preventDefault();ta.selectionStart=ta.selectionEnd=s+1;return;}}
    if(e.key==='Backspace'&&s===end&&s>0){var bc=v.charAt(s-1);var ac=v.charAt(s);if(P[bc]&&P[bc]===ac){e.preventDefault();ta.value=v.substring(0,s-1)+v.substring(s+1);ta.selectionStart=ta.selectionEnd=s-1;return;}}
  });
  el.addEventListener('beforeinput',function(e){
    if(e.inputType==='insertLineBreak'||e.inputType==='insertParagraph'){
      e.preventDefault();var ta=this;var v=ta.value;var s=ta.selectionStart;var end=ta.selectionEnd;
      var ind=getInd(v,s);var cb=v.charAt(s-1);var ca=v.charAt(s);
      var OB=String.fromCharCode(123);var CB=String.fromCharCode(125);
      if(cb===OB&&ca===CB){var nt='\n'+ind+IND+'\n'+ind;ta.value=v.substring(0,s)+nt+v.substring(end);ta.selectionStart=ta.selectionEnd=s+1+ind.length+IND.length;}
      else if(cb===OB){var nt='\n'+ind+IND;ta.value=v.substring(0,s)+nt+v.substring(end);ta.selectionStart=ta.selectionEnd=s+nt.length;}
      else{var nt='\n'+ind;ta.value=v.substring(0,s)+nt+v.substring(end);ta.selectionStart=ta.selectionEnd=s+nt.length;}
    }
  });
}
  initEd(document.getElementById('frq22q3-ea'));
  initEd(document.getElementById('frq22q3-eb'));
(function(){var m=/Android|iPhone|iPad|iPod|Opera Mini|IEMobile/i.test(navigator.userAgent);if(m){var ifr=document.getElementById('frq22q3-pdf-iframe');var fb=document.getElementById('frq22q3-pdf-fallback');if(ifr&&fb){ifr.style.display='none';fb.style.display='block';}};})();
})();
</script>","TRUE","2026-03-01 12:00:00"
"ap-csa-2022-frq-4-data","MERGE","<style>#frq2026note-ap-csa-2022-frq-4-data{all:initial!important;display:block!important;box-sizing:border-box!important;font-family:-apple-system,BlinkMacSystemFont,""Segoe UI"",Roboto,Helvetica,Arial,sans-serif!important;background:#fffbeb!important;border:1px solid #fcd34d!important;border-left:5px solid #d97706!important;border-radius:8px!important;margin:0 0 18px 0!important;padding:0!important;overflow:hidden!important;}#frq2026note-ap-csa-2022-frq-4-data *{box-sizing:border-box!important;font-family:inherit!important;}#frq2026note-ap-csa-2022-frq-4-data summary{display:block!important;cursor:pointer!important;padding:12px 15px!important;font-size:0.95em!important;line-height:1.5!important;list-style:none!important;color:#78350f!important;-webkit-text-fill-color:#78350f!important;}#frq2026note-ap-csa-2022-frq-4-data summary::-webkit-details-marker{display:none!important;}#frq2026note-ap-csa-2022-frq-4-data summary::marker{content:""""!important;}#frq2026note-ap-csa-2022-frq-4-data summary:hover{background:#fef3c7!important;}#frq2026note-ap-csa-2022-frq-4-data summary strong{font-weight:700!important;color:#78350f!important;-webkit-text-fill-color:#78350f!important;}#frq2026note-ap-csa-2022-frq-4-data .n26-body{display:block!important;padding:0 15px 14px!important;font-size:0.92em!important;line-height:1.6!important;color:#78350f!important;-webkit-text-fill-color:#78350f!important;}#frq2026note-ap-csa-2022-frq-4-data .n26-body p{margin:0 0 10px!important;color:#78350f!important;-webkit-text-fill-color:#78350f!important;}#frq2026note-ap-csa-2022-frq-4-data .n26-body strong{font-weight:700!important;color:#78350f!important;-webkit-text-fill-color:#78350f!important;}#frq2026note-ap-csa-2022-frq-4-data table{border-collapse:collapse!important;width:100%!important;margin:0 0 10px!important;font-size:0.95em!important;background:#fffdf5!important;}#frq2026note-ap-csa-2022-frq-4-data th,#frq2026note-ap-csa-2022-frq-4-data td{border:1px solid #fcd34d!important;padding:6px 9px!important;text-align:left!important;color:#78350f!important;-webkit-text-fill-color:#78350f!important;}#frq2026note-ap-csa-2022-frq-4-data th{background:#fef3c7!important;font-weight:700!important;}#frq2026note-ap-csa-2022-frq-4-data a{color:#92400e!important;-webkit-text-fill-color:#92400e!important;text-decoration:underline!important;}#frq2026note-ap-csa-2022-frq-4-data .n26-src{font-size:0.85em!important;font-style:italic!important;margin:0!important;}</style>
<details id=""frq2026note-ap-csa-2022-frq-4-data"">
<summary><strong>Heads up: the May 2027 exam scores free response differently from this one.</strong> Tap for the current point structure.</summary>
<div class=""n26-body"">
<p>Every AP CSA free-response question from 2004 through 2025 was worth <strong>9 points</strong>, and the section was 36. From 2026 the four questions are worth <strong>7, 7, 5 and 6</strong>, the section is <strong>25 points</strong>, and only Question 1 has parts.</p>
<table><tr><th>Question</th><th>Points</th><th>Parts</th><th>Type</th></tr><tr><td>Question 1</td><td><strong>7</strong></td><td>Part A 4 + Part B 3</td><td>Methods and Control Structures</td></tr><tr><td>Question 2</td><td><strong>7</strong></td><td>single part</td><td>Class Design</td></tr><tr><td>Question 3</td><td><strong>5</strong></td><td>single part</td><td>Data Analysis with ArrayList</td></tr><tr><td>Question 4</td><td><strong>6</strong></td><td>single part</td><td>2D Array</td></tr></table>
<p>Section I is now 42 multiple-choice questions at 55% of the score, and Section II is 45%. The question on this page is still worth practising. The 9 points printed below it are not the rubric you will be scored against.</p>
<p class=""n26-src"">Point totals from College Board's 2026 scoring guidelines; section weightings from the AP Computer Science A exam page. See the <a href=""/pages/ap-csa-frq-2026"">2026 questions</a> for the current format.</p>
</div>
</details>
<script type=""application/ld+json"">{""@context"":""https://schema.org"",""@type"":""FAQPage"",""mainEntity"":[{""@type"":""Question"",""name"":""What does 2022 AP CSA FRQ 4 Data test?"",""acceptedAnswer"":{""@type"":""Answer"",""text"":""FRQ 4 tests 2D array traversal and Math.random(). repopulate fills a 2D array with random values meeting specific divisibility criteria. countIncreasingCols checks each column for non-decreasing order.""}},
    {""@type"":""Question"",""name"":""How many points is FRQ 4 Data worth?"",""acceptedAnswer"":{""@type"":""Answer"",""text"":""9 points: 4 for Part A (repopulate) and 5 for Part B (countIncreasingCols).""}},
    {""@type"":""Question"",""name"":""Why is rejection sampling valid for repopulate?"",""acceptedAnswer"":{""@type"":""Answer"",""text"":""Generating a random value in range 1-MAX and rejecting it if invalid (not divisible by 10, or divisible by 100) is a valid approach that the College Board accepts. It’s simpler to write under exam conditions than direct formula generation.""}},
    {""@type"":""Question"",""name"":""What does 'increasing order' mean in countIncreasingCols?"",""acceptedAnswer"":{""@type"":""Answer"",""text"":""Each element must be greater than or equal to the element in the row above it. Equal consecutive values are allowed. A column with only one row is always in increasing order.""}}]}</script>
<script type=""application/ld+json"">{""@context"":""https://schema.org"",""@type"":""Article"",""headline"":""2022 AP CSA FRQ 4: Data - Complete Solution and Scoring Guide"",""description"":""Complete solution for 2022 AP CSA FRQ 4 (Data) with step-by-step explanations, scoring rubric, common mistakes, and exam tips."",""author"":{""@type"":""Person"",""name"":""Tanner Crow"",""url"":""https://www.wyzant.com/tutors/tannerc12""},""publisher"":{""@type"":""Organization"",""name"":""AP CS Exam Prep"",""url"":""https://www.apcsexamprep.com""},""datePublished"":""2022-09-01"",""dateModified"":""2026-03-14"",""educationalLevel"":""AP""}</script>
<script type=""application/ld+json"">{""@context"":""https://schema.org"",""@type"":""BreadcrumbList"",""itemListElement"":[{""@type"":""ListItem"",""position"":1,""name"":""FRQ Archive"",""item"":""https://www.apcsexamprep.com/pages/ap-csa-frq-archive""},{""@type"":""ListItem"",""position"":2,""name"":""2022 FRQs"",""item"":""https://www.apcsexamprep.com/pages/ap-csa-frq-2022""},{""@type"":""ListItem"",""position"":3,""name"":""FRQ 4: Data"",""item"":""https://www.apcsexamprep.com/pages/ap-csa-2022-frq-4-data""}]}</script>
<div id=""frq22q4"">
<style>
.page-title,.article__title,.page__title,.template-page h1:first-of-type{display:none!important}
#frq22q4{all:initial!important;display:block!important;font-family:-apple-system,BlinkMacSystemFont,'Segoe UI',Roboto,Oxygen,Ubuntu,Cantarell,sans-serif!important;line-height:1.7!important;color:#1e293b!important;max-width:880px!important;margin:0 auto!important;padding:24px 20px 60px!important;-webkit-font-smoothing:antialiased!important;background:#ffffff!important}
#frq22q4 *{box-sizing:border-box!important}
#frq22q4 img{max-width:100%!important;height:auto!important}
#frq22q4 h1{font-size:2em!important;font-weight:800!important;color:#1e3a8a!important;-webkit-text-fill-color:#1e3a8a!important;margin:0 0 8px!important;line-height:1.2!important;border:none!important;padding:0!important}
#frq22q4 h2{font-size:1.5em!important;font-weight:700!important;color:#1e40af!important;-webkit-text-fill-color:#1e40af!important;margin:40px 0 16px!important;padding-left:12px!important;border-left:4px solid #60a5fa!important;border-bottom:none!important;line-height:1.3!important}
#frq22q4 h3{font-size:1.2em!important;font-weight:600!important;color:#1e40af!important;-webkit-text-fill-color:#1e40af!important;margin:24px 0 12px!important;line-height:1.3!important}
#frq22q4 h4{font-size:1.05em!important;font-weight:600!important;color:#334155!important;margin:20px 0 10px!important}
#frq22q4 p{margin:0 0 16px!important;color:#1e293b!important;font-size:16px!important;line-height:1.7!important}
#frq22q4 a{color:#2563eb!important;-webkit-text-fill-color:#2563eb!important;text-decoration:underline!important}
#frq22q4 a:link{color:#2563eb!important;-webkit-text-fill-color:#2563eb!important}
#frq22q4 a:visited{color:#2563eb!important;-webkit-text-fill-color:#2563eb!important}
#frq22q4 a:hover{color:#1d4ed8!important;-webkit-text-fill-color:#1d4ed8!important}
#frq22q4 strong{font-weight:700!important;color:#1e293b!important}
#frq22q4 ul,#frq22q4 ol{margin:0 0 16px!important;padding-left:24px!important;color:#1e293b!important}
#frq22q4 li{margin:0 0 8px!important;font-size:16px!important;line-height:1.7!important}
#frq22q4 .frq-breadcrumb{font-size:14px!important;color:#64748b!important;margin-bottom:24px!important;display:block!important}
#frq22q4 .frq-breadcrumb a{color:#2563eb!important;-webkit-text-fill-color:#2563eb!important;text-decoration:none!important;font-size:14px!important}
#frq22q4 .frq-breadcrumb a:link,#frq22q4 .frq-breadcrumb a:visited{color:#2563eb!important;-webkit-text-fill-color:#2563eb!important}
#frq22q4 .frq-year-label{display:inline-block!important;background:#dbeafe!important;color:#1e40af!important;font-size:13px!important;font-weight:600!important;padding:4px 12px!important;border-radius:4px!important;margin-bottom:8px!important;letter-spacing:0.5px!important;text-transform:uppercase!important}
#frq22q4 .frq-subtitle{color:#64748b!important;font-size:15px!important;margin:0 0 20px!important;line-height:1.6!important}
#frq22q4 .frq-badges{display:flex!important;flex-wrap:wrap!important;gap:8px!important;margin-bottom:24px!important}
#frq22q4 .frq-badge{display:inline-block!important;padding:6px 14px!important;border-radius:20px!important;font-size:13px!important;font-weight:600!important;line-height:1.4!important}
#frq22q4 .frq-badge-blue{background:#dbeafe!important;color:#1e40af!important}
#frq22q4 .frq-badge-green{background:#dcfce7!important;color:#166534!important}
#frq22q4 .frq-badge-purple{background:#ede9fe!important;color:#5b21b6!important}
#frq22q4 .frq-badge-amber{background:#fef3c7!important;color:#92400e!important}
#frq22q4 .frq-meta-table{width:100%!important;border-collapse:collapse!important;margin:0 0 24px!important;font-size:15px!important}
#frq22q4 .frq-meta-table td{padding:10px 16px!important;border-bottom:1px solid #e5e7eb!important;color:#1e293b!important;vertical-align:top!important}
#frq22q4 .frq-meta-table td:first-child{font-weight:600!important;color:#475569!important;width:160px!important}
#frq22q4 .frq-summary{background-color:#f0f9ff!important;border:1px solid #bae6fd!important;border-radius:8px!important;padding:20px 24px!important;margin:0 0 24px!important}
#frq22q4 .frq-summary h2{font-size:1.15em!important;margin:0 0 12px!important;padding-left:0!important;border-left:none!important;color:#0c4a6e!important;-webkit-text-fill-color:#0c4a6e!important}
#frq22q4 .frq-summary p{margin:0!important;color:#1e293b!important;font-size:15px!important;line-height:1.7!important}
#frq22q4 .frq-curriculum{background-color:#fefce8!important;border:1px solid #fde68a!important;border-radius:8px!important;padding:20px 24px!important;margin:0 0 24px!important}
#frq22q4 .frq-curriculum h2{font-size:1.15em!important;margin:0 0 12px!important;padding-left:0!important;border-left:none!important;color:#713f12!important;-webkit-text-fill-color:#713f12!important}
#frq22q4 .frq-curriculum p{margin:0 0 8px!important;color:#1e293b!important;font-size:15px!important}
#frq22q4 .frq-curriculum p:last-child{margin-bottom:0!important}
#frq22q4 .frq-jumplinks{display:flex!important;flex-wrap:wrap!important;gap:8px!important;margin:0 0 32px!important;padding:16px 0!important;border-top:1px solid #e5e7eb!important;border-bottom:1px solid #e5e7eb!important}
#frq22q4 .frq-jumplinks a{display:inline-block!important;padding:6px 14px!important;background:#f1f5f9!important;color:#334155!important;-webkit-text-fill-color:#334155!important;border-radius:6px!important;font-size:13px!important;font-weight:600!important;text-decoration:none!important}
#frq22q4 .frq-jumplinks a:link,#frq22q4 .frq-jumplinks a:visited{color:#334155!important;-webkit-text-fill-color:#334155!important}
#frq22q4 .frq-jumplinks a:hover{background:#e2e8f0!important;color:#1e293b!important;-webkit-text-fill-color:#1e293b!important}
#frq22q4 pre{background:#1e293b!important;color:#e2e8f0!important;padding:20px!important;border-radius:8px!important;overflow-x:auto!important;font-family:Consolas,Monaco,'Courier New',monospace!important;font-size:14px!important;line-height:1.6!important;white-space:pre!important;margin:16px 0!important;border:none!important}
#frq22q4 code{font-family:Consolas,Monaco,'Courier New',monospace!important;font-size:14px!important}
#frq22q4 p code,#frq22q4 li code,#frq22q4 td code{background:#f1f5f9!important;color:#be185d!important;padding:2px 6px!important;border-radius:4px!important;font-size:13px!important}
#frq22q4 table{width:100%!important;border-collapse:collapse!important;margin:16px 0!important;font-size:15px!important}
#frq22q4 th{background:#f8fafc!important;color:#334155!important;font-weight:600!important;padding:12px 16px!important;text-align:left!important;border-bottom:2px solid #cbd5e1!important}
#frq22q4 td{padding:10px 16px!important;border-bottom:1px solid #e5e7eb!important;color:#1e293b!important;vertical-align:top!important}
#frq22q4 .frq-intro{background-color:#eff6ff!important;padding:20px!important;border-radius:8px!important;margin:0 0 24px!important;border-left:4px solid #3b82f6!important}
#frq22q4 .practice-tip{background-color:#dcfce7!important;padding:16px 20px!important;border-radius:6px!important;margin:20px 0!important;border-left:4px solid #10b981!important}
#frq22q4 .key-insight{background-color:#dbeafe!important;padding:16px 20px!important;border-radius:6px!important;margin:20px 0!important;border-left:4px solid #3b82f6!important}
#frq22q4 .common-mistake{background-color:#fef2f2!important;padding:16px 20px!important;border-radius:6px!important;margin:20px 0!important;border-left:4px solid #ef4444!important}
#frq22q4 .scoring-guide{background-color:#f9fafb!important;border:1px solid #e5e7eb!important;border-radius:8px!important;padding:20px!important;margin:20px 0!important}
#frq22q4 .frq-collapsible{cursor:pointer!important;background:#f8fafc!important;border:1px solid #e2e8f0!important;border-radius:8px!important;padding:16px 20px!important;margin:16px 0!important;font-weight:600!important;font-size:15px!important;color:#1e40af!important;-webkit-text-fill-color:#1e40af!important;display:block!important;width:100%!important;text-align:left!important}
#frq22q4 .frq-collapsible:hover{background:#eef2ff!important}
#frq22q4 .frq-collapsible-content{display:none!important;padding:20px!important;border:1px solid #e2e8f0!important;border-top:none!important;border-radius:0 0 8px 8px!important;margin-top:-17px!important;background:#ffffff!important}
#frq22q4 .frq-collapsible-content.open{display:block!important}
#frq22q4 .frq-editor{position:relative!important;margin:20px 0!important}
#frq22q4 .frq-editor textarea{width:100%!important;min-height:200px!important;font-family:Consolas,Monaco,'Courier New',monospace!important;font-size:14px!important;line-height:1.6!important;padding:16px!important;border:2px solid #cbd5e1!important;border-radius:8px!important;background:#1e293b!important;color:#e2e8f0!important;resize:vertical!important;tab-size:4!important;-moz-tab-size:4!important;white-space:pre!important;overflow-wrap:normal!important;overflow-x:auto!important}
#frq22q4 .frq-editor textarea:focus{border-color:#3b82f6!important;outline:none!important;box-shadow:0 0 0 3px rgba(59,130,246,0.15)!important}
#frq22q4 .frq-editor textarea::placeholder{color:#64748b!important}
#frq22q4 .frq-editor-hint{display:block!important;text-align:right!important;font-size:11px!important;color:#94a3b8!important;margin-top:4px!important;font-style:italic!important;padding-right:4px!important}
#frq22q4 .btn{display:inline-block!important;padding:12px 24px!important;background-color:#3b82f6!important;color:white!important;-webkit-text-fill-color:white!important;text-decoration:none!important;border-radius:6px!important;font-weight:600!important;font-size:15px!important;border:none!important;cursor:pointer!important;opacity:1!important;visibility:visible!important}
#frq22q4 .btn:hover{background-color:#2563eb!important;color:white!important;-webkit-text-fill-color:white!important}
#frq22q4 a.btn:link,#frq22q4 a.btn:visited{color:white!important;-webkit-text-fill-color:white!important;text-decoration:none!important}
#frq22q4 .btn-sm{padding:8px 16px!important;font-size:13px!important}
#frq22q4 .btn-outline{background:transparent!important;border:2px solid #3b82f6!important;color:#3b82f6!important;-webkit-text-fill-color:#3b82f6!important}
#frq22q4 a.btn-outline:link,#frq22q4 a.btn-outline:visited{color:#3b82f6!important;-webkit-text-fill-color:#3b82f6!important;text-decoration:none!important}
#frq22q4 .btn-outline:hover{background:#3b82f6!important;color:white!important;-webkit-text-fill-color:white!important}
#frq22q4 .btn-green{background-color:#16a34a!important;color:white!important;-webkit-text-fill-color:white!important}
#frq22q4 a.btn-green:link,#frq22q4 a.btn-green:visited{color:white!important;-webkit-text-fill-color:white!important;text-decoration:none!important}
#frq22q4 .btn-green:hover{background-color:#15803d!important}
#frq22q4 .frq-timer{display:flex!important;align-items:center!important;gap:12px!important;margin:20px 0!important;padding:12px 20px!important;background:#f8fafc!important;border:1px solid #e2e8f0!important;border-radius:8px!important}
#frq22q4 .frq-timer-label{font-weight:600!important;color:#475569!important;font-size:14px!important}
#frq22q4 .frq-timer-display{font-family:Consolas,Monaco,monospace!important;font-size:24px!important;font-weight:700!important;color:#1e293b!important;min-width:80px!important}
#frq22q4 .frq-timer button{padding:6px 14px!important;border-radius:4px!important;border:1px solid #cbd5e1!important;background:#ffffff!important;color:#475569!important;-webkit-text-fill-color:#475569!important;font-size:13px!important;font-weight:600!important;cursor:pointer!important}
#frq22q4 .mistake-block{border:1px solid #e5e7eb!important;border-radius:8px!important;margin:20px 0!important;overflow:hidden!important}
#frq22q4 .mistake-header{padding:14px 20px!important;font-weight:600!important;font-size:15px!important;color:#1e293b!important;background:#fef2f2!important;border-bottom:1px solid #e5e7eb!important}
#frq22q4 .mistake-body{padding:16px 20px!important}
#frq22q4 .mistake-label{display:inline-block!important;font-size:12px!important;font-weight:700!important;text-transform:uppercase!important;letter-spacing:0.5px!important;padding:3px 8px!important;border-radius:4px!important;margin-bottom:8px!important}
#frq22q4 .mistake-wrong{background:#fef2f2!important;color:#dc2626!important}
#frq22q4 .mistake-right{background:#dcfce7!important;color:#16a34a!important}
#frq22q4 .exam-tip{padding:12px 16px 12px 44px!important;background:#f0fdf4!important;border-radius:6px!important;margin:10px 0!important;position:relative!important;font-size:15px!important;line-height:1.6!important;color:#1e293b!important}
#frq22q4 .exam-tip::before{content:'\2713'!important;position:absolute!important;left:16px!important;top:12px!important;color:#16a34a!important;font-weight:700!important;font-size:16px!important}
#frq22q4 .related-card{display:block!important;padding:16px 20px!important;border:1px solid #e5e7eb!important;border-radius:8px!important;margin:10px 0!important;text-decoration:none!important}
#frq22q4 .related-card:hover{border-color:#3b82f6!important;background:#f8fafc!important}
#frq22q4 a.related-card:link,#frq22q4 a.related-card:visited{text-decoration:none!important}
#frq22q4 .related-card .card-type{font-size:12px!important;font-weight:600!important;text-transform:uppercase!important;color:#64748b!important;letter-spacing:0.5px!important;margin-bottom:4px!important;display:block!important}
#frq22q4 .related-card .card-title{font-size:15px!important;font-weight:600!important;color:#1e40af!important;-webkit-text-fill-color:#1e40af!important;display:block!important}
#frq22q4 .cta-box{background:linear-gradient(135deg,#1e3a8a 0%,#1e40af 100%)!important;color:#ffffff!important;padding:32px!important;border-radius:12px!important;margin:32px 0!important;text-align:center!important}
#frq22q4 .cta-box h3{color:#ffffff!important;-webkit-text-fill-color:#ffffff!important;font-size:1.3em!important;margin:0 0 12px!important}
#frq22q4 .cta-box p{color:#dbeafe!important;font-size:15px!important}
#frq22q4 .cta-box .btn{background:#ffffff!important;color:#1e40af!important;-webkit-text-fill-color:#1e40af!important}
#frq22q4 .cta-box a.btn:link,#frq22q4 .cta-box a.btn:visited{color:#1e40af!important;-webkit-text-fill-color:#1e40af!important}
#frq22q4 .tutor-cta{background:#f8fafc!important;border:1px solid #e2e8f0!important;border-radius:12px!important;padding:28px!important;margin:32px 0!important}
#frq22q4 .tutor-stats{display:flex!important;gap:24px!important;flex-wrap:wrap!important;margin:16px 0!important}
#frq22q4 .tutor-stat{text-align:center!important}
#frq22q4 .tutor-stat-value{font-size:20px!important;font-weight:700!important;color:#1e40af!important;-webkit-text-fill-color:#1e40af!important;display:block!important}
#frq22q4 .tutor-stat-label{font-size:12px!important;color:#64748b!important}
#frq22q4 .frq-nav{display:flex!important;justify-content:space-between!important;align-items:center!important;margin:40px 0 20px!important;gap:12px!important;flex-wrap:wrap!important}
#frq22q4 .frq-footer-links{text-align:center!important;margin:16px 0 0!important;font-size:14px!important;color:#64748b!important}
#frq22q4 .frq-footer-links a{color:#2563eb!important;-webkit-text-fill-color:#2563eb!important;font-size:14px!important}
#frq22q4 .scoring-summary{margin:24px 0!important}
#frq22q4 .scoring-summary table{width:100%!important}
#frq22q4 .scoring-summary td:last-child,#frq22q4 .scoring-summary th:last-child{text-align:center!important;font-weight:700!important}
#frq22q4 .faq-item{border-bottom:1px solid #e5e7eb!important;padding:20px 0!important}
#frq22q4 .faq-item:last-child{border-bottom:none!important}
#frq22q4 .faq-q{font-weight:600!important;color:#1e293b!important;font-size:16px!important;margin:0 0 8px!important}
#frq22q4 .faq-a{color:#475569!important;font-size:15px!important;line-height:1.7!important;margin:0!important}
#frq22q4 .frq-pdf-wrap{width:100%!important;border:2px solid #cbd5e1!important;border-radius:8px!important;overflow:hidden!important;margin:16px 0 20px!important;background:#f1f5f9!important}
#frq22q4 .frq-pdf-wrap iframe{width:100%!important;height:680px!important;border:none!important;display:block!important}
#frq22q4 .frq-pdf-fallback{padding:20px!important;text-align:center!important;background:#f8fafc!important;display:none!important;font-size:14px!important;color:#475569!important}
#frq22q4 .frq-video-wrap{position:relative!important;padding-bottom:56.25%!important;height:0!important;overflow:hidden!important;border-radius:8px!important;margin:16px 0!important;background:#0f172a!important}
#frq22q4 .frq-video-wrap iframe{position:absolute!important;top:0!important;left:0!important;width:100%!important;height:100%!important;border:none!important;border-radius:8px!important}
#frq22q4 .frq-editor textarea::selection{background:#3b82f6!important;color:#ffffff!important;-webkit-text-fill-color:#ffffff!important}
#frq22q4 .frq-editor textarea::-moz-selection{background:#3b82f6!important;color:#ffffff!important}
@media(max-width:640px){
#frq22q4{padding:16px 14px 40px!important}
#frq22q4 h1{font-size:1.5em!important}
#frq22q4 h2{font-size:1.25em!important}
#frq22q4 .frq-timer{flex-wrap:wrap!important}
#frq22q4 .tutor-stats{gap:16px!important}
#frq22q4 .frq-nav{flex-direction:column!important;align-items:stretch!important}
#frq22q4 .frq-nav .btn{text-align:center!important}
}
</style>
<div class=""frq-breadcrumb"">
<a href=""/pages/ap-csa-frq-archive"">FRQ Archive</a> ›
<a href=""/pages/ap-csa-frq-2022"">2022 FRQs</a> ›
FRQ 4: Data
</div>
<div class=""frq-year-label"">2022 AP CSA • 2D Array</div>
<h1>AP CSA 2022 FRQ 4: Data</h1>
<p class=""frq-subtitle"">Complete solution, scoring rubric, and walkthrough — verified from the official College Board PDF</p>
<div class=""frq-badges"">
<span class=""frq-badge frq-badge-blue"">9 Points</span>
<span class=""frq-badge frq-badge-amber"">Medium-Hard</span>
<span class=""frq-badge frq-badge-amber"">Unit 4</span>
</div>
<table class=""frq-meta-table"">
<tr>
<td>Question Type</td>
<td>2D Array</td>
</tr>
<tr>
<td>Skills Tested</td>
<td>2D array nested loops, Math.random() with constraints, rejection sampling, column traversal</td>
</tr>
<tr>
<td>Difficulty</td>
<td>Medium-Hard</td>
</tr>
<tr>
<td>Recommended Time</td>
<td>22 minutes</td>
</tr>
</table>
<div class=""frq-summary"">
<h2>What This Problem Asks</h2>
<p>2022 AP CSA FRQ 4 Data asks students to write two methods for a 2D array class. <code>repopulate</code> fills every cell with a random integer between 1 and MAX that is divisible by 10 but not by 100 (using rejection sampling or direct formula). <code>countIncreasingCols</code> counts how many columns have non-decreasing values from top to bottom.</p>
</div>
<div class=""frq-curriculum"">
<h2>What This FRQ Tests</h2>
<p>This FRQ tests <a href=""/pages/ap-csa-unit-4-data-collections-study-guide""><strong>Unit 4: 2D Arrays</strong></a> and <a href=""/pages/ap-csa-unit-2-complete-study-guide""><strong>Unit 2: Selection &amp; Iteration</strong></a> (<code>Math.random()</code>, modulo operator, nested loops, boolean flags).</p>
</div>
<div class=""frq-jumplinks"">
<a href=""#frq22q4-pdf"">Official PDF</a>
<a href=""#frq22q4-code"">Provided Code</a>
<a href=""#frq22q4-parta"">Part A</a>
<a href=""#frq22q4-partb"">Part B</a>
<a href=""#frq22q4-mistakes"">Mistakes</a>
<a href=""#frq22q4-tips"">Tips</a>
<a href=""#frq22q4-faq"">FAQ</a>
</div>
<div id=""frq22q4-pdf"">
<h2>Official Question &amp; PDF</h2>
<p>
<a href=""https://apcentral.collegeboard.org/media/pdf/ap22-frq-computer-science-a.pdf"" target=""_blank"" rel=""noopener"" class=""btn btn-sm"">Download Full FRQ PDF →</a>
</p>
<div class=""frq-pdf-wrap"">
<iframe src=""https://apcentral.collegeboard.org/media/pdf/ap22-frq-computer-science-a.pdf#page=13"" title=""2022 AP CSA FRQ 4 Data"" loading=""lazy"" id=""frq22q4-pdf-iframe""></iframe>
<div class=""frq-pdf-fallback"" id=""frq22q4-pdf-fallback"">
<p>PDF cannot display on this device. <a href=""https://apcentral.collegeboard.org/media/pdf/ap22-frq-computer-science-a.pdf"" target=""_blank"" rel=""noopener"">Open PDF directly →</a></p>
</div>
</div>
</div>
<div class=""frq-timer"">
<span class=""frq-timer-label"">Timer</span>
<span class=""frq-timer-display"" id=""frq22q4-timer"">22:00</span>
<button onclick=""frq22q4Start()"">Start</button>
<button onclick=""frq22q4Pause()"">Pause</button>
<button onclick=""frq22q4Reset()"">Reset</button>
</div>
<div id=""frq22q4-code"">
<h2>Provided Code</h2>
<pre>public class Data
{
    public static final int MAX = /* value not shown */;
    private int[][] grid;

    /** Fills all elements of grid with randomly generated values.
     *  Each value: between 1 and MAX inclusive, divisible by 10, NOT divisible by 100.
     *  Precondition: grid is not null, grid has at least one element. */
    public void repopulate() { /* to be implemented in part (a) */ }

    /** Returns the number of columns in grid that are in increasing order.
     *  A column is in increasing order if each row's element &gt;= previous row's element.
     *  Precondition: grid is not null, grid has at least one element. */
    public int countIncreasingCols() { /* to be implemented in part (b) */ }
}</pre>
</div>
<div id=""frq22q4-parta"">
<h2>Part A — 4 Points</h2>
<p>Write <code>repopulate</code>, which fills every element of <code>grid</code> with a randomly generated value between 1 and <code>MAX</code> inclusive, divisible by 10, and not divisible by 100. All valid values must have equal probability of being chosen.</p>
<h3>Write Your Solution</h3>
<div class=""frq-editor"">
<textarea id=""frq22q4-ea"" placeholder=""// Write Part A here...
// Tab to indent | Brackets auto-close | Enter auto-indents""></textarea>
<span class=""frq-editor-hint"">Drag corner to expand ▽</span>
</div>
<p>
<button class=""btn btn-sm btn-green"" onclick=""document.getElementById('frq22q4-sola').classList.add('open')"">Check Answer</button>
 
<button class=""btn btn-sm btn-outline"" onclick=""document.getElementById('frq22q4-ea').value=''"">Clear</button>
</p>
<button class=""frq-collapsible"" onclick=""this.nextElementSibling.classList.toggle('open')"">View Solution and Rubric ▼</button>
<div class=""frq-collapsible-content"" id=""frq22q4-sola"">
<h4>Scoring Rubric (Part A — 4 points)</h4>
<table>
<tr>
<td><strong>+1</strong></td>
<td>Traverses all elements of <code>grid</code> with no bounds errors</td>
</tr>
<tr>
<td><strong>+1</strong></td>
<td>Generates a random value using <code>Math.random()</code> scaled to 1–MAX, cast to int</td>
</tr>
<tr>
<td><strong>+1</strong></td>
<td>Correctly identifies values that are divisible by 10 AND NOT divisible by 100</td>
</tr>
<tr>
<td><strong>+1</strong></td>
<td>Assigns only valid values to grid elements (algorithm — loop until valid or rejection sampling)</td>
</tr>
</table>
<h4>Solution (Rejection Sampling)</h4>
<pre>public void repopulate()
{
    for (int r = 0; r &lt; grid.length; r++)
    {
        for (int c = 0; c &lt; grid[0].length; c++)
        {
            int val;
            do
            {
                val = (int)(Math.random() * MAX) + 1;
            } while (val % 10 != 0 || val % 100 == 0);
            grid[r][c] = val;
        }
    }
}</pre>
<div class=""key-insight"">
<strong>Alternative (direct formula):</strong> Generate a multiple of 10 that isn’t a multiple of 100 directly. Count valid multiples (10,20,...,90,110,...) = MAX/10 - MAX/100. Pick one at random. Rejection sampling is simpler to write under time pressure.</div>
</div>
</div>
<div id=""frq22q4-partb"">
<h2>Part B — 5 Points</h2>
<p>Write <code>countIncreasingCols</code>, which returns the number of columns in <code>grid</code> where each element in each row after the first is &gt;= the element in the previous row.</p>
<h3>Write Your Solution</h3>
<div class=""frq-editor"">
<textarea id=""frq22q4-eb"" placeholder=""// Write Part B here...
// Tab to indent | Brackets auto-close | Enter auto-indents""></textarea>
<span class=""frq-editor-hint"">Drag corner to expand ▽</span>
</div>
<p>
<button class=""btn btn-sm btn-green"" onclick=""document.getElementById('frq22q4-solb').classList.add('open')"">Check Answer</button>
 
<button class=""btn btn-sm btn-outline"" onclick=""document.getElementById('frq22q4-eb').value=''"">Clear</button>
</p>
<button class=""frq-collapsible"" onclick=""this.nextElementSibling.classList.toggle('open')"">View Solution and Rubric ▼</button>
<div class=""frq-collapsible-content"" id=""frq22q4-solb"">
<h4>Scoring Rubric (Part B — 5 points)</h4>
<table>
<tr>
<td><strong>+1</strong></td>
<td>Traverses each column with no bounds errors</td>
</tr>
<tr>
<td><strong>+1</strong></td>
<td>Compares adjacent elements within a column using <code>&lt;</code> (if next element is LESS, not increasing)</td>
</tr>
<tr>
<td><strong>+1</strong></td>
<td>Uses a flag or early return to mark a column as not-increasing</td>
</tr>
<tr>
<td><strong>+1</strong></td>
<td>Correctly counts only columns that are in increasing order (algorithm)</td>
</tr>
<tr>
<td><strong>+1</strong></td>
<td>Returns the count</td>
</tr>
</table>
<h4>Solution</h4>
<pre>public int countIncreasingCols()
{
    int count = 0;
    for (int c = 0; c &lt; grid[0].length; c++)
    {
        boolean increasing = true;
        for (int r = 1; r &lt; grid.length; r++)
        {
            if (grid[r][c] &lt; grid[r-1][c])
            {
                increasing = false;
            }
        }
        if (increasing)
        {
            count++;
        }
    }
    return count;
}</pre>
<div class=""practice-tip"">
<strong>Note:</strong> A column is increasing if each element &gt;= the element before it. So the check for NOT-increasing is <code>grid[r][c] &lt; grid[r-1][c]</code>. “Increasing order” here allows equal consecutive values.</div>
</div>
</div>
<div id=""frq22q4-mistakes"">
<h2>Common Mistakes to Avoid</h2>
<div class=""mistake-block"">
<div class=""mistake-header"">Using &gt; instead of &lt; for the not-increasing check</div>
<div class=""mistake-body"">
<p>A column is in increasing order if each next element is &gt;= the previous. If <code>grid[r][c] &lt; grid[r-1][c]</code>, the column is not increasing. Checking <code>&gt;</code> instead gets the logic backwards.</p>
</div>
</div>
<div class=""mistake-block"">
<div class=""mistake-header"">Looping rows from 0 (instead of 1) causing index out of bounds</div>
<div class=""mistake-body"">
<p>When comparing <code>grid[r][c]</code> to <code>grid[r-1][c]</code>, the inner loop must start at row 1, not row 0.</p>
<p><span class=""mistake-label mistake-wrong"">Wrong</span></p>
<pre>for (int r = 0; r &lt; grid.length; r++) {
    if (grid[r][c] &lt; grid[r-1][c])  // ArrayIndexOutOfBounds when r=0!</pre>
<p><span class=""mistake-label mistake-right"">Correct</span></p>
<pre>for (int r = 1; r &lt; grid.length; r++) {  // start at 1
    if (grid[r][c] &lt; grid[r-1][c])</pre>
</div>
</div>
</div>
<div id=""frq22q4-tips"">
<h2>Exam Tips</h2>
<div class=""exam-tip"">For repopulate, rejection sampling (do-while with a condition check) is simpler to write than direct formula generation. Both earn full credit.</div>
<div class=""exam-tip"">For countIncreasingCols, the outer loop should be columns and the inner loop should be rows — you are checking each column for the increasing property.</div>
<div class=""exam-tip"">“Increasing order” includes equal consecutive elements (&gt;=). Only strictly-less consecutive values break the property.</div>
</div>
<div class=""scoring-summary"">
<h2>Scoring Summary</h2>
<table>
<tr>
<th>Part</th>
<th>Method</th>
<th>Points</th>
</tr>
<tr>
<td>Part A</td>
<td><code>Write</code></td>
<td>4</td>
</tr>
<tr>
<td>Part B</td>
<td><code>Write</code></td>
<td>5</td>
</tr>
<tr>
<td><strong>Total</strong></td>
<td></td>
<td><strong>9</strong></td>
</tr>
</table>
</div>
<div class=""cta-box"">
<h3>Want the Complete 2022 FRQ Solutions?</h3>
<p>Browse all past AP CSA FRQs with full solutions and scoring breakdowns.</p>
<p style=""margin-top:16px!important""><a href=""/pages/ap-csa-frq-archive"" class=""btn"">FRQ Archive →</a></p>
</div>
<h2>Related FRQs</h2>
<a href=""/pages/ap-csa-2021-frq-4-arrayresizer"" class=""related-card"">
<span class=""card-type"">2D Array</span>
<span class=""card-title"">2021 FRQ 4: ArrayResizer — Filter 2D array rows with no zero values</span>
</a>
<a href=""/pages/ap-csa-2023-frq-4-boxofcandy"" class=""related-card"">
<span class=""card-type"">2D Array</span>
<span class=""card-title"">2023 FRQ 4: BoxOfCandy — 2D array column operations and specified traversal</span>
</a>
<h2>Study the Concepts</h2>
<p><a href=""/pages/ap-csa-unit-4-data-collections-study-guide"" class=""btn"">Unit 4 Study Guide →</a>   <a href=""/pages/unit-2-selection-and-iteration-ultimate-study-guide"" class=""btn btn-outline"">Unit 2 Study Guide →</a></p>
<div class=""tutor-cta"">
<h3>Struggling with FRQs? Get 1-on-1 Help</h3>
<p>Work directly with Tanner — AP CS teacher with 11+ years experience and 1,845+ verified tutoring hours. 54.5% of students score 5s (vs. 25.5% national average).</p>
<div class=""tutor-stats"">
<div class=""tutor-stat"">
<span class=""tutor-stat-value"">5.0</span><span class=""tutor-stat-label"">Rating (451+ reviews)</span>
</div>
<div class=""tutor-stat"">
<span class=""tutor-stat-value"">1,845+</span><span class=""tutor-stat-label"">Verified Hours</span>
</div>
<div class=""tutor-stat"">
<span class=""tutor-stat-value"">54.5%</span><span class=""tutor-stat-label"">Score 5s</span>
</div>
</div>
<p style=""margin-top:16px!important""><a href=""/pages/ap-computer-science-tutor"" class=""btn"">Book a Session ($150/hr) →</a></p>
<p style=""font-size:13px!important;color:#64748b!important;margin-top:8px!important"">5-session packages at $125/hr. Venmo, Zelle, PayPal, or credit card.</p>
</div>
<div id=""frq22q4-faq"">
<h2>Frequently Asked Questions</h2>
<div class=""faq-item"">
<p class=""faq-q"">What does 2022 AP CSA FRQ 4 Data test?</p>
<p class=""faq-a"">FRQ 4 tests 2D array traversal and Math.random(). repopulate fills a 2D array with random values meeting specific divisibility criteria. countIncreasingCols checks each column for non-decreasing order.</p>
</div>
<div class=""faq-item"">
<p class=""faq-q"">How many points is FRQ 4 Data worth?</p>
<p class=""faq-a"">9 points: 4 for Part A (repopulate) and 5 for Part B (countIncreasingCols).</p>
</div>
<div class=""faq-item"">
<p class=""faq-q"">Why is rejection sampling valid for repopulate?</p>
<p class=""faq-a"">Generating a random value in range 1-MAX and rejecting it if invalid (not divisible by 10, or divisible by 100) is a valid approach that the College Board accepts. It’s simpler to write under exam conditions than direct formula generation.</p>
</div>
<div class=""faq-item"">
<p class=""faq-q"">What does 'increasing order' mean in countIncreasingCols?</p>
<p class=""faq-a"">Each element must be greater than or equal to the element in the row above it. Equal consecutive values are allowed. A column with only one row is always in increasing order.</p>
</div>
</div>
<div class=""frq-nav"">
<a href=""/pages/ap-csa-2022-frq-3-reviewanalysis"" class=""btn btn-outline"">← FRQ 3: ReviewAnalysis</a>
<a href=""/pages/ap-csa-frq-2022"" class=""btn btn-outline"">2022 FRQ Index</a>

</div>
<div class=""frq-footer-links"">
<a href=""/pages/ap-csa-frq-archive"">Complete FRQ Archive (2004–2025)</a> •
<a href=""/pages/ap-csa-frqs-by-topic"">FRQs by Topic</a>
</div>
</div>
<script>
(function(){
var frq22q4S=22*60,frq22q4I=null,frq22q4R=false;
function frq22q4D(){var m=Math.floor(frq22q4S/60),s=frq22q4S%60;var e=document.getElementById('frq22q4-timer');if(e)e.textContent=m+':'+(s<10?'0':'')+s;}
window.frq22q4Start=function(){if(frq22q4R)return;frq22q4R=true;frq22q4I=setInterval(function(){if(frq22q4S>0){frq22q4S--;frq22q4D();}else{clearInterval(frq22q4I);frq22q4R=false;}},1000);};
window.frq22q4Pause=function(){clearInterval(frq22q4I);frq22q4R=false;};
window.frq22q4Reset=function(){clearInterval(frq22q4I);frq22q4R=false;frq22q4S=22*60;frq22q4D();};
var IND='    ';
function getInd(t,p){var ls=t.lastIndexOf('\n',p-1)+1;var m=t.substring(ls).match(/^([ \t]*)/);return m?m[1]:'';}
function initEd(el){
  if(!el)return;
  el.addEventListener('keydown',function(e){
    var ta=this,s=ta.selectionStart,end=ta.selectionEnd,v=ta.value;
    if(e.key==='Tab'){e.preventDefault();if(e.shiftKey){var ls=v.lastIndexOf('\n',s-1)+1;var lt=v.substring(ls);if(lt.substring(0,IND.length)===IND){ta.value=v.substring(0,ls)+lt.substring(IND.length);ta.selectionStart=ta.selectionEnd=Math.max(s-IND.length,ls);}}else{ta.value=v.substring(0,s)+IND+v.substring(end);ta.selectionStart=ta.selectionEnd=s+IND.length;}return;}
    var P={'(':')','[':']','{':'}','""':'""',""'"":""'""};
    if(P[e.key]){var cl=P[e.key];if(e.key==='""'||e.key===""'""){if(v.charAt(s)===e.key){e.preventDefault();ta.selectionStart=ta.selectionEnd=s+1;return;}var bf=v.substring(0,s);var ct=0;for(var i=0;i<bf.length;i++)if(bf[i]===e.key)ct++;if(ct%2===1)return;}if(v.charAt(s)===cl&&e.key!==cl){e.preventDefault();ta.selectionStart=ta.selectionEnd=s+1;return;}e.preventDefault();ta.value=v.substring(0,s)+e.key+cl+v.substring(end);ta.selectionStart=ta.selectionEnd=s+1;return;}
    var CLOSE=[')','[',']',String.fromCharCode(125)];
    if(CLOSE.indexOf(e.key)>=0&&e.key!==String.fromCharCode(91)){if(v.charAt(s)===e.key){e.preventDefault();ta.selectionStart=ta.selectionEnd=s+1;return;}}
    if(e.key==='Backspace'&&s===end&&s>0){var bc=v.charAt(s-1);var ac=v.charAt(s);if(P[bc]&&P[bc]===ac){e.preventDefault();ta.value=v.substring(0,s-1)+v.substring(s+1);ta.selectionStart=ta.selectionEnd=s-1;return;}}
  });
  el.addEventListener('beforeinput',function(e){
    if(e.inputType==='insertLineBreak'||e.inputType==='insertParagraph'){
      e.preventDefault();var ta=this;var v=ta.value;var s=ta.selectionStart;var end=ta.selectionEnd;
      var ind=getInd(v,s);var cb=v.charAt(s-1);var ca=v.charAt(s);
      var OB=String.fromCharCode(123);var CB=String.fromCharCode(125);
      if(cb===OB&&ca===CB){var nt='\n'+ind+IND+'\n'+ind;ta.value=v.substring(0,s)+nt+v.substring(end);ta.selectionStart=ta.selectionEnd=s+1+ind.length+IND.length;}
      else if(cb===OB){var nt='\n'+ind+IND;ta.value=v.substring(0,s)+nt+v.substring(end);ta.selectionStart=ta.selectionEnd=s+nt.length;}
      else{var nt='\n'+ind;ta.value=v.substring(0,s)+nt+v.substring(end);ta.selectionStart=ta.selectionEnd=s+nt.length;}
    }
  });
}
  initEd(document.getElementById('frq22q4-ea'));
  initEd(document.getElementById('frq22q4-eb'));
(function(){var m=/Android|iPhone|iPad|iPod|Opera Mini|IEMobile/i.test(navigator.userAgent);if(m){var ifr=document.getElementById('frq22q4-pdf-iframe');var fb=document.getElementById('frq22q4-pdf-fallback');if(ifr&&fb){ifr.style.display='none';fb.style.display='block';}};})();
})();
</script>","TRUE","2026-03-01 12:00:00"
