"Handle","Command","Body HTML"
"ap-csa-unit-1-course","MERGE","<style>
#u1-hub { font-family: -apple-system, BlinkMacSystemFont, ""Segoe UI"", sans-serif !important; max-width: 860px !important; margin: 0 auto !important; padding: 24px 16px !important; }
#u1-hub * { box-sizing: border-box !important; }
.u1-breadcrumb { font-size: 13px !important; color: #6b7280 !important; -webkit-text-fill-color: #6b7280 !important; margin-bottom: 24px !important; }
.u1-breadcrumb a { color: #2563eb !important; -webkit-text-fill-color: #2563eb !important; text-decoration: none !important; }
.u1-breadcrumb .sep { margin: 0 6px !important; }
.u1-header { margin-bottom: 8px !important; }
.u1-eyebrow { display: inline-block !important; font-size: 11px !important; font-weight: 700 !important; letter-spacing: 1.5px !important; text-transform: uppercase !important; color: #6b21a8 !important; -webkit-text-fill-color: #6b21a8 !important; margin-bottom: 8px !important; }
.u1-heading { font-size: 32px !important; font-weight: 800 !important; color: #1e1b4b !important; -webkit-text-fill-color: #1e1b4b !important; margin: 0 0 12px !important; line-height: 1.2 !important; }
.u1-desc { font-size: 16px !important; color: #475569 !important; -webkit-text-fill-color: #475569 !important; line-height: 1.6 !important; margin-bottom: 32px !important; }
.u1-stats { display: flex !important; gap: 24px !important; flex-wrap: wrap !important; margin-bottom: 36px !important; padding: 20px !important; background: #f8fafc !important; border-radius: 12px !important; border: 1px solid #e2e8f0 !important; }
.u1-stat { text-align: center !important; }
.u1-stat-val { font-size: 28px !important; font-weight: 800 !important; color: #6b21a8 !important; -webkit-text-fill-color: #6b21a8 !important; display: block !important; }
.u1-stat-label { font-size: 12px !important; color: #6b7280 !important; -webkit-text-fill-color: #6b7280 !important; }

/* WHAT YOU WILL LEARN */
.u1-learn { margin-bottom: 36px !important; padding: 24px !important; background: #f5f0ff !important; border-radius: 12px !important; border-left: 4px solid #6b21a8 !important; }
.u1-learn-title { font-size: 16px !important; font-weight: 700 !important; color: #1e1b4b !important; -webkit-text-fill-color: #1e1b4b !important; margin: 0 0 14px !important; }
.u1-learn-list { margin: 0 !important; padding: 0 !important; list-style: none !important; }
.u1-learn-list li { font-size: 15px !important; color: #374151 !important; -webkit-text-fill-color: #374151 !important; padding: 5px 0 5px 22px !important; position: relative !important; line-height: 1.5 !important; }
.u1-learn-list li::before { content: ""✓"" !important; position: absolute !important; left: 0 !important; color: #6b21a8 !important; -webkit-text-fill-color: #6b21a8 !important; font-weight: 700 !important; }

/* QUICK RESOURCES */
.u1-resources { display: grid !important; grid-template-columns: repeat(2, 1fr) !important; gap: 12px !important; margin-bottom: 40px !important; }
@media (max-width: 540px) { .u1-resources { grid-template-columns: 1fr !important; } }
.u1-resource-card { display: block !important; padding: 16px 18px !important; background: #fff !important; border: 2px solid #e5e7eb !important; border-radius: 10px !important; text-decoration: none !important; }
.u1-resource-card:link, .u1-resource-card:visited { text-decoration: none !important; }
.u1-resource-card:hover { border-color: #6b21a8 !important; }
.u1-resource-label { font-size: 10px !important; font-weight: 700 !important; letter-spacing: 1.2px !important; text-transform: uppercase !important; color: #6b21a8 !important; -webkit-text-fill-color: #6b21a8 !important; display: block !important; margin-bottom: 4px !important; }
.u1-resource-name { font-size: 14px !important; font-weight: 700 !important; color: #1e1b4b !important; -webkit-text-fill-color: #1e1b4b !important; display: block !important; margin-bottom: 4px !important; line-height: 1.3 !important; }
.u1-resource-desc { font-size: 12px !important; color: #6b7280 !important; -webkit-text-fill-color: #6b7280 !important; display: block !important; }

.u1-section-title { font-size: 20px !important; font-weight: 700 !important; color: #1e1b4b !important; -webkit-text-fill-color: #1e1b4b !important; margin: 0 0 16px !important; }
.u1-grid { display: grid !important; grid-template-columns: 1fr !important; gap: 12px !important; margin-bottom: 48px !important; }
@media (min-width: 600px) { .u1-grid { grid-template-columns: repeat(2, 1fr) !important; } }
@media (min-width: 900px) { .u1-grid { grid-template-columns: repeat(3, 1fr) !important; } }
.u1-lesson-card { display: block !important; padding: 16px !important; background: #fff !important; border: 2px solid #e5e7eb !important; border-radius: 10px !important; text-decoration: none !important; transition: border-color 0.15s !important; }
.u1-lesson-card:hover { border-color: #6b21a8 !important; }
.u1-lesson-card:link, .u1-lesson-card:visited { text-decoration: none !important; }
.u1-lesson-num { font-size: 11px !important; font-weight: 700 !important; letter-spacing: 1px !important; text-transform: uppercase !important; color: #6b21a8 !important; -webkit-text-fill-color: #6b21a8 !important; margin-bottom: 6px !important; }
.u1-lesson-title { font-size: 15px !important; font-weight: 600 !important; color: #1e1b4b !important; -webkit-text-fill-color: #1e1b4b !important; line-height: 1.4 !important; margin-bottom: 10px !important; }
.u1-lesson-meta { display: flex !important; align-items: center !important; gap: 8px !important; flex-wrap: wrap !important; }
.u1-lesson-time { font-size: 12px !important; color: #6b7280 !important; -webkit-text-fill-color: #6b7280 !important; }
.u1-lesson-type { font-size: 11px !important; font-weight: 600 !important; color: #fff !important; -webkit-text-fill-color: #fff !important; padding: 2px 8px !important; border-radius: 999px !important; }

/* ALL UNITS STRIP */
.u1-units-strip { margin-bottom: 40px !important; }
.u1-units-grid { display: grid !important; grid-template-columns: repeat(2, 1fr) !important; gap: 10px !important; }
@media (min-width: 700px) { .u1-units-grid { grid-template-columns: repeat(4, 1fr) !important; } }
.u1-unit-chip { display: block !important; padding: 14px 12px !important; border-radius: 10px !important; text-decoration: none !important; }
.u1-unit-chip:link, .u1-unit-chip:visited { text-decoration: none !important; }
.u1-unit-chip-num { font-size: 10px !important; font-weight: 700 !important; letter-spacing: 1px !important; text-transform: uppercase !important; color: rgba(255,255,255,0.8) !important; -webkit-text-fill-color: rgba(255,255,255,0.8) !important; display: block !important; margin-bottom: 4px !important; }
.u1-unit-chip-name { font-size: 13px !important; font-weight: 700 !important; color: #fff !important; -webkit-text-fill-color: #fff !important; display: block !important; line-height: 1.3 !important; margin-bottom: 6px !important; }
.u1-unit-chip-meta { font-size: 11px !important; color: rgba(255,255,255,0.75) !important; -webkit-text-fill-color: rgba(255,255,255,0.75) !important; display: block !important; }
.u1-unit-chip-current { font-size: 10px !important; font-weight: 700 !important; background: rgba(255,255,255,0.25) !important; color: #fff !important; -webkit-text-fill-color: #fff !important; padding: 1px 7px !important; border-radius: 999px !important; display: inline-block !important; margin-top: 4px !important; }

.u1-cta { background: linear-gradient(135deg, #1e1b4b 0%, #6b21a8 100%) !important; border-radius: 16px !important; padding: 32px !important; text-align: center !important; margin-bottom: 32px !important; }
.u1-cta h2 { color: #fff !important; -webkit-text-fill-color: #fff !important; font-size: 22px !important; font-weight: 700 !important; margin: 0 0 8px !important; }
.u1-cta p { color: #c4b5fd !important; -webkit-text-fill-color: #c4b5fd !important; margin: 0 0 20px !important; font-size: 15px !important; }
.u1-cta-btn { display: inline-block !important; background: #fff !important; color: #6b21a8 !important; -webkit-text-fill-color: #6b21a8 !important; font-weight: 700 !important; font-size: 15px !important; padding: 12px 28px !important; border-radius: 8px !important; text-decoration: none !important; }
.u1-cta-btn:link, .u1-cta-btn:visited { color: #6b21a8 !important; -webkit-text-fill-color: #6b21a8 !important; }

.u1-nav { display: flex !important; justify-content: space-between !important; align-items: center !important; padding-top: 24px !important; border-top: 1px solid #e5e7eb !important; }
.u1-nav-link { font-size: 14px !important; font-weight: 600 !important; color: #2563eb !important; -webkit-text-fill-color: #2563eb !important; text-decoration: none !important; }
</style>

<div id=""u1-hub"">

<nav class=""u1-breadcrumb"">
  <a href=""/pages/ap-csa-exam-prep-hub"">AP CSA</a>
  <span class=""sep"">›</span>
  <a href=""/pages/ap-csa-course"">Course</a>
  <span class=""sep"">›</span>
  <span>Unit 1: Using Objects and Methods</span>
</nav>

<div class=""u1-header"">
  <span class=""u1-eyebrow"">AP CSA · Unit 1 · 15 Lessons</span>
  <h1 class=""u1-heading"">Unit 1: Using Objects and Methods</h1>
  <p class=""u1-desc"">Master the foundational building blocks of Java: variables, data types, expressions, method calls, and the String class. Unit 1 establishes the vocabulary and mechanics you’ll use in every lesson from here on.</p>
</div>

<div class=""u1-stats"">
  <div class=""u1-stat"">
    <span class=""u1-stat-val"">15</span>
    <span class=""u1-stat-label"">Lessons</span>
  </div>
  <div class=""u1-stat"">
    <span class=""u1-stat-val"">~20%</span>
    <span class=""u1-stat-label"">AP Exam Weight</span>
  </div>
  <div class=""u1-stat"">
    <span class=""u1-stat-val"">135+</span>
    <span class=""u1-stat-label"">Practice Questions</span>
  </div>
</div>

<h2 class=""u1-section-title"">All 15 Lessons</h2>
<div class=""u1-grid"">
  <a class=""u1-lesson-card"" href=""/pages/ap-csa-lesson-1-1-intro-algorithms"">
    <div class=""u1-lesson-num"">Lesson 1.1</div>
    <div class=""u1-lesson-title"">Introduction to Algorithms, Programming, and Compilers</div>
    <div class=""u1-lesson-meta"">      <span class=""u1-lesson-type"" style=""background:#6b21a8!important;"">Conceptual + Code</span>
    </div>
  </a>
  <a class=""u1-lesson-card"" href=""/pages/ap-csa-lesson-1-2-variables-data-types"">
    <div class=""u1-lesson-num"">Lesson 1.2</div>
    <div class=""u1-lesson-title"">Variables and Data Types</div>
    <div class=""u1-lesson-meta"">      <span class=""u1-lesson-type"" style=""background:#6b21a8!important;"">Code Mechanics</span>
    </div>
  </a>
  <a class=""u1-lesson-card"" href=""/pages/ap-csa-lesson-1-3-expressions-assignment"">
    <div class=""u1-lesson-num"">Lesson 1.3</div>
    <div class=""u1-lesson-title"">Expressions and Assignment</div>
    <div class=""u1-lesson-meta"">      <span class=""u1-lesson-type"" style=""background:#6b21a8!important;"">Code Mechanics</span>
    </div>
  </a>
  <a class=""u1-lesson-card"" href=""/pages/ap-csa-lesson-1-4-assignment-statements-input"">
    <div class=""u1-lesson-num"">Lesson 1.4</div>
    <div class=""u1-lesson-title"">Assignment Statements and Input</div>
    <div class=""u1-lesson-meta"">      <span class=""u1-lesson-type"" style=""background:#6b21a8!important;"">Code Mechanics</span>
    </div>
  </a>
  <a class=""u1-lesson-card"" href=""/pages/ap-csa-lesson-1-5-casting-range"">
    <div class=""u1-lesson-num"">Lesson 1.5</div>
    <div class=""u1-lesson-title"">Casting and Range of Variables</div>
    <div class=""u1-lesson-meta"">      <span class=""u1-lesson-type"" style=""background:#6b21a8!important;"">Code Mechanics</span>
    </div>
  </a>
  <a class=""u1-lesson-card"" href=""/pages/ap-csa-lesson-1-6-compound-assignment"">
    <div class=""u1-lesson-num"">Lesson 1.6</div>
    <div class=""u1-lesson-title"">Compound Assignment Operators</div>
    <div class=""u1-lesson-meta"">      <span class=""u1-lesson-type"" style=""background:#6b21a8!important;"">Code Mechanics</span>
    </div>
  </a>
  <a class=""u1-lesson-card"" href=""/pages/ap-csa-lesson-1-7-api-libraries"">
    <div class=""u1-lesson-num"">Lesson 1.7</div>
    <div class=""u1-lesson-title"">Application Program Interface (API) and Libraries</div>
    <div class=""u1-lesson-meta"">      <span class=""u1-lesson-type"" style=""background:#0369a1!important;"">Conceptual</span>
    </div>
  </a>
  <a class=""u1-lesson-card"" href=""/pages/ap-csa-lesson-1-8-documentation-comments"">
    <div class=""u1-lesson-num"">Lesson 1.8</div>
    <div class=""u1-lesson-title"">Documentation with Comments</div>
    <div class=""u1-lesson-meta"">      <span class=""u1-lesson-type"" style=""background:#0369a1!important;"">Conceptual</span>
    </div>
  </a>
  <a class=""u1-lesson-card"" href=""/pages/ap-csa-lesson-1-9-method-signatures"">
    <div class=""u1-lesson-num"">Lesson 1.9</div>
    <div class=""u1-lesson-title"">Method Signatures</div>
    <div class=""u1-lesson-meta"">      <span class=""u1-lesson-type"" style=""background:#0369a1!important;"">Conceptual</span>
    </div>
  </a>
  <a class=""u1-lesson-card"" href=""/pages/ap-csa-lesson-1-10-calling-class-methods"">
    <div class=""u1-lesson-num"">Lesson 1.10</div>
    <div class=""u1-lesson-title"">Calling Class Methods</div>
    <div class=""u1-lesson-meta"">      <span class=""u1-lesson-type"" style=""background:#6b21a8!important;"">Code Mechanics</span>
    </div>
  </a>
  <a class=""u1-lesson-card"" href=""/pages/ap-csa-lesson-1-11-math-class"">
    <div class=""u1-lesson-num"">Lesson 1.11</div>
    <div class=""u1-lesson-title"">Math Class</div>
    <div class=""u1-lesson-meta"">      <span class=""u1-lesson-type"" style=""background:#6b21a8!important;"">Code Mechanics</span>
    </div>
  </a>
  <a class=""u1-lesson-card"" href=""/pages/ap-csa-lesson-1-12-objects-instances"">
    <div class=""u1-lesson-num"">Lesson 1.12</div>
    <div class=""u1-lesson-title"">Objects: Instances of Classes</div>
    <div class=""u1-lesson-meta"">      <span class=""u1-lesson-type"" style=""background:#0369a1!important;"">Conceptual</span>
    </div>
  </a>
  <a class=""u1-lesson-card"" href=""/pages/ap-csa-lesson-1-13-object-creation"">
    <div class=""u1-lesson-num"">Lesson 1.13</div>
    <div class=""u1-lesson-title"">Object Creation and Storage (Instantiation)</div>
    <div class=""u1-lesson-meta"">      <span class=""u1-lesson-type"" style=""background:#6b21a8!important;"">Code Mechanics</span>
    </div>
  </a>
  <a class=""u1-lesson-card"" href=""/pages/ap-csa-lesson-1-14-calling-instance-methods"">
    <div class=""u1-lesson-num"">Lesson 1.14</div>
    <div class=""u1-lesson-title"">Calling Instance Methods</div>
    <div class=""u1-lesson-meta"">      <span class=""u1-lesson-type"" style=""background:#6b21a8!important;"">Code Mechanics</span>
    </div>
  </a>
  <a class=""u1-lesson-card"" href=""/pages/ap-csa-lesson-1-15-string-manipulation"">
    <div class=""u1-lesson-num"">Lesson 1.15</div>
    <div class=""u1-lesson-title"">String Manipulation</div>
    <div class=""u1-lesson-meta"">      <span class=""u1-lesson-type"" style=""background:#6b21a8!important;"">Code Mechanics</span>
    </div>
  </a>
</div>


<div class=""u1-exercises"" style=""margin-bottom:40px!important;"">
<h2 class=""u1-section-title"">Coding Practice</h2>
<p style=""font-size:14px!important;color:#475569!important;-webkit-text-fill-color:#475569!important;line-height:1.6!important;margin:0 0 14px!important;"">Write real Java in the browser and submit it. Everything here is graded against hidden test cases, and your score reports to your teacher automatically. Exercise 1 is write-it-from-scratch, Debug hands you somebody else's broken attempt to fix, and FRQ is the shape the exam actually asks for. 15 of 15 lessons are open so far; the rest unlock as they are built.</p>
<div style=""background:#fff!important;border:2px solid #e5e7eb!important;border-radius:10px!important;padding:6px 16px!important;"">
<div style=""display:flex!important;align-items:baseline!important;gap:12px!important;flex-wrap:wrap!important;padding:10px 0!important;border-bottom:1px solid #f1f5f9!important;"">
<span style=""font-size:13px!important;font-weight:700!important;color:#92400e!important;-webkit-text-fill-color:#92400e!important;min-width:52px!important;"">1.1</span><span style=""font-size:14px!important;color:#475569!important;-webkit-text-fill-color:#475569!important;flex:1 1 200px!important;"">Introduction to Algorithms, Programming, and Compilers</span><span style=""flex:0 0 auto!important;""><a href=""/pages/ap-csa-lesson-1-1-intro-algorithms-exercise-1"" style=""display:inline-block!important;font-size:12px!important;font-weight:700!important;padding:4px 10px!important;border-radius:999px!important;margin:0 6px 6px 0!important;text-decoration:none!important;background:#fffbeb!important;color:#92400e!important;-webkit-text-fill-color:#92400e!important;border:1px solid #fcd34d!important;"">Exercise 1 →</a><span style=""display:inline-block!important;font-size:12px!important;font-weight:700!important;padding:4px 10px!important;border-radius:999px!important;margin:0 6px 6px 0!important;text-decoration:none!important;background:#f1f5f9!important;color:#94a3b8!important;-webkit-text-fill-color:#94a3b8!important;cursor:not-allowed!important;border:1px solid #e2e8f0!important;"" title=""Not built yet"">🔒 Exercise 2</span><a href=""/pages/ap-csa-lesson-1-1-intro-algorithms-debug"" style=""display:inline-block!important;font-size:12px!important;font-weight:700!important;padding:4px 10px!important;border-radius:999px!important;margin:0 6px 6px 0!important;text-decoration:none!important;background:#fffbeb!important;color:#92400e!important;-webkit-text-fill-color:#92400e!important;border:1px solid #fcd34d!important;"">Debug →</a><a href=""/pages/ap-csa-lesson-1-1-intro-algorithms-frq"" style=""display:inline-block!important;font-size:12px!important;font-weight:700!important;padding:4px 10px!important;border-radius:999px!important;margin:0 6px 6px 0!important;text-decoration:none!important;background:#fffbeb!important;color:#92400e!important;-webkit-text-fill-color:#92400e!important;border:1px solid #fcd34d!important;"">FRQ →</a></span>
</div>
<div style=""display:flex!important;align-items:baseline!important;gap:12px!important;flex-wrap:wrap!important;padding:10px 0!important;border-bottom:1px solid #f1f5f9!important;"">
<span style=""font-size:13px!important;font-weight:700!important;color:#92400e!important;-webkit-text-fill-color:#92400e!important;min-width:52px!important;"">1.2</span><span style=""font-size:14px!important;color:#475569!important;-webkit-text-fill-color:#475569!important;flex:1 1 200px!important;"">Variables and Data Types</span><span style=""flex:0 0 auto!important;""><a href=""/pages/ap-csa-lesson-1-2-variables-data-types-exercise-1"" style=""display:inline-block!important;font-size:12px!important;font-weight:700!important;padding:4px 10px!important;border-radius:999px!important;margin:0 6px 6px 0!important;text-decoration:none!important;background:#fffbeb!important;color:#92400e!important;-webkit-text-fill-color:#92400e!important;border:1px solid #fcd34d!important;"">Exercise 1 →</a><span style=""display:inline-block!important;font-size:12px!important;font-weight:700!important;padding:4px 10px!important;border-radius:999px!important;margin:0 6px 6px 0!important;text-decoration:none!important;background:#f1f5f9!important;color:#94a3b8!important;-webkit-text-fill-color:#94a3b8!important;cursor:not-allowed!important;border:1px solid #e2e8f0!important;"" title=""Not built yet"">🔒 Exercise 2</span><a href=""/pages/ap-csa-lesson-1-2-variables-data-types-debug"" style=""display:inline-block!important;font-size:12px!important;font-weight:700!important;padding:4px 10px!important;border-radius:999px!important;margin:0 6px 6px 0!important;text-decoration:none!important;background:#fffbeb!important;color:#92400e!important;-webkit-text-fill-color:#92400e!important;border:1px solid #fcd34d!important;"">Debug →</a><a href=""/pages/ap-csa-lesson-1-2-variables-data-types-frq"" style=""display:inline-block!important;font-size:12px!important;font-weight:700!important;padding:4px 10px!important;border-radius:999px!important;margin:0 6px 6px 0!important;text-decoration:none!important;background:#fffbeb!important;color:#92400e!important;-webkit-text-fill-color:#92400e!important;border:1px solid #fcd34d!important;"">FRQ →</a></span>
</div>
<div style=""display:flex!important;align-items:baseline!important;gap:12px!important;flex-wrap:wrap!important;padding:10px 0!important;border-bottom:1px solid #f1f5f9!important;"">
<span style=""font-size:13px!important;font-weight:700!important;color:#92400e!important;-webkit-text-fill-color:#92400e!important;min-width:52px!important;"">1.3</span><span style=""font-size:14px!important;color:#475569!important;-webkit-text-fill-color:#475569!important;flex:1 1 200px!important;"">Expressions and Assignment</span><span style=""flex:0 0 auto!important;""><a href=""/pages/ap-csa-lesson-1-3-expressions-assignment-exercise-1"" style=""display:inline-block!important;font-size:12px!important;font-weight:700!important;padding:4px 10px!important;border-radius:999px!important;margin:0 6px 6px 0!important;text-decoration:none!important;background:#fffbeb!important;color:#92400e!important;-webkit-text-fill-color:#92400e!important;border:1px solid #fcd34d!important;"">Exercise 1 →</a><span style=""display:inline-block!important;font-size:12px!important;font-weight:700!important;padding:4px 10px!important;border-radius:999px!important;margin:0 6px 6px 0!important;text-decoration:none!important;background:#f1f5f9!important;color:#94a3b8!important;-webkit-text-fill-color:#94a3b8!important;cursor:not-allowed!important;border:1px solid #e2e8f0!important;"" title=""Not built yet"">🔒 Exercise 2</span><a href=""/pages/ap-csa-lesson-1-3-expressions-assignment-debug"" style=""display:inline-block!important;font-size:12px!important;font-weight:700!important;padding:4px 10px!important;border-radius:999px!important;margin:0 6px 6px 0!important;text-decoration:none!important;background:#fffbeb!important;color:#92400e!important;-webkit-text-fill-color:#92400e!important;border:1px solid #fcd34d!important;"">Debug →</a><a href=""/pages/ap-csa-lesson-1-3-expressions-assignment-frq"" style=""display:inline-block!important;font-size:12px!important;font-weight:700!important;padding:4px 10px!important;border-radius:999px!important;margin:0 6px 6px 0!important;text-decoration:none!important;background:#fffbeb!important;color:#92400e!important;-webkit-text-fill-color:#92400e!important;border:1px solid #fcd34d!important;"">FRQ →</a></span>
</div>
<div style=""display:flex!important;align-items:baseline!important;gap:12px!important;flex-wrap:wrap!important;padding:10px 0!important;border-bottom:1px solid #f1f5f9!important;"">
<span style=""font-size:13px!important;font-weight:700!important;color:#92400e!important;-webkit-text-fill-color:#92400e!important;min-width:52px!important;"">1.4</span><span style=""font-size:14px!important;color:#475569!important;-webkit-text-fill-color:#475569!important;flex:1 1 200px!important;"">Assignment Statements and Input</span><span style=""flex:0 0 auto!important;""><a href=""/pages/ap-csa-lesson-1-4-assignment-statements-input-exercise-1"" style=""display:inline-block!important;font-size:12px!important;font-weight:700!important;padding:4px 10px!important;border-radius:999px!important;margin:0 6px 6px 0!important;text-decoration:none!important;background:#fffbeb!important;color:#92400e!important;-webkit-text-fill-color:#92400e!important;border:1px solid #fcd34d!important;"">Exercise 1 →</a><span style=""display:inline-block!important;font-size:12px!important;font-weight:700!important;padding:4px 10px!important;border-radius:999px!important;margin:0 6px 6px 0!important;text-decoration:none!important;background:#f1f5f9!important;color:#94a3b8!important;-webkit-text-fill-color:#94a3b8!important;cursor:not-allowed!important;border:1px solid #e2e8f0!important;"" title=""Not built yet"">🔒 Exercise 2</span><a href=""/pages/ap-csa-lesson-1-4-assignment-statements-input-debug"" style=""display:inline-block!important;font-size:12px!important;font-weight:700!important;padding:4px 10px!important;border-radius:999px!important;margin:0 6px 6px 0!important;text-decoration:none!important;background:#fffbeb!important;color:#92400e!important;-webkit-text-fill-color:#92400e!important;border:1px solid #fcd34d!important;"">Debug →</a><a href=""/pages/ap-csa-lesson-1-4-assignment-statements-input-frq"" style=""display:inline-block!important;font-size:12px!important;font-weight:700!important;padding:4px 10px!important;border-radius:999px!important;margin:0 6px 6px 0!important;text-decoration:none!important;background:#fffbeb!important;color:#92400e!important;-webkit-text-fill-color:#92400e!important;border:1px solid #fcd34d!important;"">FRQ →</a></span>
</div>
<div style=""display:flex!important;align-items:baseline!important;gap:12px!important;flex-wrap:wrap!important;padding:10px 0!important;border-bottom:1px solid #f1f5f9!important;"">
<span style=""font-size:13px!important;font-weight:700!important;color:#92400e!important;-webkit-text-fill-color:#92400e!important;min-width:52px!important;"">1.5</span><span style=""font-size:14px!important;color:#475569!important;-webkit-text-fill-color:#475569!important;flex:1 1 200px!important;"">Casting and Range of Variables</span><span style=""flex:0 0 auto!important;""><a href=""/pages/ap-csa-lesson-1-5-casting-range-exercise-1"" style=""display:inline-block!important;font-size:12px!important;font-weight:700!important;padding:4px 10px!important;border-radius:999px!important;margin:0 6px 6px 0!important;text-decoration:none!important;background:#fffbeb!important;color:#92400e!important;-webkit-text-fill-color:#92400e!important;border:1px solid #fcd34d!important;"">Exercise 1 →</a><span style=""display:inline-block!important;font-size:12px!important;font-weight:700!important;padding:4px 10px!important;border-radius:999px!important;margin:0 6px 6px 0!important;text-decoration:none!important;background:#f1f5f9!important;color:#94a3b8!important;-webkit-text-fill-color:#94a3b8!important;cursor:not-allowed!important;border:1px solid #e2e8f0!important;"" title=""Not built yet"">🔒 Exercise 2</span><a href=""/pages/ap-csa-lesson-1-5-casting-range-debug"" style=""display:inline-block!important;font-size:12px!important;font-weight:700!important;padding:4px 10px!important;border-radius:999px!important;margin:0 6px 6px 0!important;text-decoration:none!important;background:#fffbeb!important;color:#92400e!important;-webkit-text-fill-color:#92400e!important;border:1px solid #fcd34d!important;"">Debug →</a><a href=""/pages/ap-csa-lesson-1-5-casting-range-frq"" style=""display:inline-block!important;font-size:12px!important;font-weight:700!important;padding:4px 10px!important;border-radius:999px!important;margin:0 6px 6px 0!important;text-decoration:none!important;background:#fffbeb!important;color:#92400e!important;-webkit-text-fill-color:#92400e!important;border:1px solid #fcd34d!important;"">FRQ →</a></span>
</div>
<div style=""display:flex!important;align-items:baseline!important;gap:12px!important;flex-wrap:wrap!important;padding:10px 0!important;border-bottom:1px solid #f1f5f9!important;"">
<span style=""font-size:13px!important;font-weight:700!important;color:#92400e!important;-webkit-text-fill-color:#92400e!important;min-width:52px!important;"">1.6</span><span style=""font-size:14px!important;color:#475569!important;-webkit-text-fill-color:#475569!important;flex:1 1 200px!important;"">Compound Assignment Operators</span><span style=""flex:0 0 auto!important;""><a href=""/pages/ap-csa-lesson-1-6-compound-assignment-exercise-1"" style=""display:inline-block!important;font-size:12px!important;font-weight:700!important;padding:4px 10px!important;border-radius:999px!important;margin:0 6px 6px 0!important;text-decoration:none!important;background:#fffbeb!important;color:#92400e!important;-webkit-text-fill-color:#92400e!important;border:1px solid #fcd34d!important;"">Exercise 1 →</a><span style=""display:inline-block!important;font-size:12px!important;font-weight:700!important;padding:4px 10px!important;border-radius:999px!important;margin:0 6px 6px 0!important;text-decoration:none!important;background:#f1f5f9!important;color:#94a3b8!important;-webkit-text-fill-color:#94a3b8!important;cursor:not-allowed!important;border:1px solid #e2e8f0!important;"" title=""Not built yet"">🔒 Exercise 2</span><a href=""/pages/ap-csa-lesson-1-6-compound-assignment-debug"" style=""display:inline-block!important;font-size:12px!important;font-weight:700!important;padding:4px 10px!important;border-radius:999px!important;margin:0 6px 6px 0!important;text-decoration:none!important;background:#fffbeb!important;color:#92400e!important;-webkit-text-fill-color:#92400e!important;border:1px solid #fcd34d!important;"">Debug →</a><a href=""/pages/ap-csa-lesson-1-6-compound-assignment-frq"" style=""display:inline-block!important;font-size:12px!important;font-weight:700!important;padding:4px 10px!important;border-radius:999px!important;margin:0 6px 6px 0!important;text-decoration:none!important;background:#fffbeb!important;color:#92400e!important;-webkit-text-fill-color:#92400e!important;border:1px solid #fcd34d!important;"">FRQ →</a></span>
</div>
<div style=""display:flex!important;align-items:baseline!important;gap:12px!important;flex-wrap:wrap!important;padding:10px 0!important;border-bottom:1px solid #f1f5f9!important;"">
<span style=""font-size:13px!important;font-weight:700!important;color:#92400e!important;-webkit-text-fill-color:#92400e!important;min-width:52px!important;"">1.7</span><span style=""font-size:14px!important;color:#475569!important;-webkit-text-fill-color:#475569!important;flex:1 1 200px!important;"">Application Program Interface (API) and Libraries</span><span style=""flex:0 0 auto!important;""><a href=""/pages/ap-csa-lesson-1-7-api-libraries-exercise-1"" style=""display:inline-block!important;font-size:12px!important;font-weight:700!important;padding:4px 10px!important;border-radius:999px!important;margin:0 6px 6px 0!important;text-decoration:none!important;background:#fffbeb!important;color:#92400e!important;-webkit-text-fill-color:#92400e!important;border:1px solid #fcd34d!important;"">Exercise 1 →</a><span style=""display:inline-block!important;font-size:12px!important;font-weight:700!important;padding:4px 10px!important;border-radius:999px!important;margin:0 6px 6px 0!important;text-decoration:none!important;background:#f1f5f9!important;color:#94a3b8!important;-webkit-text-fill-color:#94a3b8!important;cursor:not-allowed!important;border:1px solid #e2e8f0!important;"" title=""Not built yet"">🔒 Exercise 2</span><a href=""/pages/ap-csa-lesson-1-7-api-libraries-debug"" style=""display:inline-block!important;font-size:12px!important;font-weight:700!important;padding:4px 10px!important;border-radius:999px!important;margin:0 6px 6px 0!important;text-decoration:none!important;background:#fffbeb!important;color:#92400e!important;-webkit-text-fill-color:#92400e!important;border:1px solid #fcd34d!important;"">Debug →</a><a href=""/pages/ap-csa-lesson-1-7-api-libraries-frq"" style=""display:inline-block!important;font-size:12px!important;font-weight:700!important;padding:4px 10px!important;border-radius:999px!important;margin:0 6px 6px 0!important;text-decoration:none!important;background:#fffbeb!important;color:#92400e!important;-webkit-text-fill-color:#92400e!important;border:1px solid #fcd34d!important;"">FRQ →</a></span>
</div>
<div style=""display:flex!important;align-items:baseline!important;gap:12px!important;flex-wrap:wrap!important;padding:10px 0!important;border-bottom:1px solid #f1f5f9!important;"">
<span style=""font-size:13px!important;font-weight:700!important;color:#92400e!important;-webkit-text-fill-color:#92400e!important;min-width:52px!important;"">1.8</span><span style=""font-size:14px!important;color:#475569!important;-webkit-text-fill-color:#475569!important;flex:1 1 200px!important;"">Documentation with Comments</span><span style=""flex:0 0 auto!important;""><a href=""/pages/ap-csa-lesson-1-8-documentation-comments-exercise-1"" style=""display:inline-block!important;font-size:12px!important;font-weight:700!important;padding:4px 10px!important;border-radius:999px!important;margin:0 6px 6px 0!important;text-decoration:none!important;background:#fffbeb!important;color:#92400e!important;-webkit-text-fill-color:#92400e!important;border:1px solid #fcd34d!important;"">Exercise 1 →</a><span style=""display:inline-block!important;font-size:12px!important;font-weight:700!important;padding:4px 10px!important;border-radius:999px!important;margin:0 6px 6px 0!important;text-decoration:none!important;background:#f1f5f9!important;color:#94a3b8!important;-webkit-text-fill-color:#94a3b8!important;cursor:not-allowed!important;border:1px solid #e2e8f0!important;"" title=""Not built yet"">🔒 Exercise 2</span><a href=""/pages/ap-csa-lesson-1-8-documentation-comments-debug"" style=""display:inline-block!important;font-size:12px!important;font-weight:700!important;padding:4px 10px!important;border-radius:999px!important;margin:0 6px 6px 0!important;text-decoration:none!important;background:#fffbeb!important;color:#92400e!important;-webkit-text-fill-color:#92400e!important;border:1px solid #fcd34d!important;"">Debug →</a><a href=""/pages/ap-csa-lesson-1-8-documentation-comments-frq"" style=""display:inline-block!important;font-size:12px!important;font-weight:700!important;padding:4px 10px!important;border-radius:999px!important;margin:0 6px 6px 0!important;text-decoration:none!important;background:#fffbeb!important;color:#92400e!important;-webkit-text-fill-color:#92400e!important;border:1px solid #fcd34d!important;"">FRQ →</a></span>
</div>
<div style=""display:flex!important;align-items:baseline!important;gap:12px!important;flex-wrap:wrap!important;padding:10px 0!important;border-bottom:1px solid #f1f5f9!important;"">
<span style=""font-size:13px!important;font-weight:700!important;color:#92400e!important;-webkit-text-fill-color:#92400e!important;min-width:52px!important;"">1.9</span><span style=""font-size:14px!important;color:#475569!important;-webkit-text-fill-color:#475569!important;flex:1 1 200px!important;"">Method Signatures</span><span style=""flex:0 0 auto!important;""><a href=""/pages/ap-csa-lesson-1-9-method-signatures-exercise-1"" style=""display:inline-block!important;font-size:12px!important;font-weight:700!important;padding:4px 10px!important;border-radius:999px!important;margin:0 6px 6px 0!important;text-decoration:none!important;background:#fffbeb!important;color:#92400e!important;-webkit-text-fill-color:#92400e!important;border:1px solid #fcd34d!important;"">Exercise 1 →</a><span style=""display:inline-block!important;font-size:12px!important;font-weight:700!important;padding:4px 10px!important;border-radius:999px!important;margin:0 6px 6px 0!important;text-decoration:none!important;background:#f1f5f9!important;color:#94a3b8!important;-webkit-text-fill-color:#94a3b8!important;cursor:not-allowed!important;border:1px solid #e2e8f0!important;"" title=""Not built yet"">🔒 Exercise 2</span><a href=""/pages/ap-csa-lesson-1-9-method-signatures-debug"" style=""display:inline-block!important;font-size:12px!important;font-weight:700!important;padding:4px 10px!important;border-radius:999px!important;margin:0 6px 6px 0!important;text-decoration:none!important;background:#fffbeb!important;color:#92400e!important;-webkit-text-fill-color:#92400e!important;border:1px solid #fcd34d!important;"">Debug →</a><a href=""/pages/ap-csa-lesson-1-9-method-signatures-frq"" style=""display:inline-block!important;font-size:12px!important;font-weight:700!important;padding:4px 10px!important;border-radius:999px!important;margin:0 6px 6px 0!important;text-decoration:none!important;background:#fffbeb!important;color:#92400e!important;-webkit-text-fill-color:#92400e!important;border:1px solid #fcd34d!important;"">FRQ →</a></span>
</div>
<div style=""display:flex!important;align-items:baseline!important;gap:12px!important;flex-wrap:wrap!important;padding:10px 0!important;border-bottom:1px solid #f1f5f9!important;"">
<span style=""font-size:13px!important;font-weight:700!important;color:#92400e!important;-webkit-text-fill-color:#92400e!important;min-width:52px!important;"">1.10</span><span style=""font-size:14px!important;color:#475569!important;-webkit-text-fill-color:#475569!important;flex:1 1 200px!important;"">Calling Class Methods</span><span style=""flex:0 0 auto!important;""><a href=""/pages/ap-csa-lesson-1-10-calling-class-methods-exercise-1"" style=""display:inline-block!important;font-size:12px!important;font-weight:700!important;padding:4px 10px!important;border-radius:999px!important;margin:0 6px 6px 0!important;text-decoration:none!important;background:#fffbeb!important;color:#92400e!important;-webkit-text-fill-color:#92400e!important;border:1px solid #fcd34d!important;"">Exercise 1 →</a><span style=""display:inline-block!important;font-size:12px!important;font-weight:700!important;padding:4px 10px!important;border-radius:999px!important;margin:0 6px 6px 0!important;text-decoration:none!important;background:#f1f5f9!important;color:#94a3b8!important;-webkit-text-fill-color:#94a3b8!important;cursor:not-allowed!important;border:1px solid #e2e8f0!important;"" title=""Not built yet"">🔒 Exercise 2</span><a href=""/pages/ap-csa-lesson-1-10-calling-class-methods-debug"" style=""display:inline-block!important;font-size:12px!important;font-weight:700!important;padding:4px 10px!important;border-radius:999px!important;margin:0 6px 6px 0!important;text-decoration:none!important;background:#fffbeb!important;color:#92400e!important;-webkit-text-fill-color:#92400e!important;border:1px solid #fcd34d!important;"">Debug →</a><a href=""/pages/ap-csa-lesson-1-10-calling-class-methods-frq"" style=""display:inline-block!important;font-size:12px!important;font-weight:700!important;padding:4px 10px!important;border-radius:999px!important;margin:0 6px 6px 0!important;text-decoration:none!important;background:#fffbeb!important;color:#92400e!important;-webkit-text-fill-color:#92400e!important;border:1px solid #fcd34d!important;"">FRQ →</a></span>
</div>
<div style=""display:flex!important;align-items:baseline!important;gap:12px!important;flex-wrap:wrap!important;padding:10px 0!important;border-bottom:1px solid #f1f5f9!important;"">
<span style=""font-size:13px!important;font-weight:700!important;color:#92400e!important;-webkit-text-fill-color:#92400e!important;min-width:52px!important;"">1.11</span><span style=""font-size:14px!important;color:#475569!important;-webkit-text-fill-color:#475569!important;flex:1 1 200px!important;"">Math Class</span><span style=""flex:0 0 auto!important;""><a href=""/pages/ap-csa-lesson-1-11-math-class-exercise-1"" style=""display:inline-block!important;font-size:12px!important;font-weight:700!important;padding:4px 10px!important;border-radius:999px!important;margin:0 6px 6px 0!important;text-decoration:none!important;background:#fffbeb!important;color:#92400e!important;-webkit-text-fill-color:#92400e!important;border:1px solid #fcd34d!important;"">Exercise 1 →</a><span style=""display:inline-block!important;font-size:12px!important;font-weight:700!important;padding:4px 10px!important;border-radius:999px!important;margin:0 6px 6px 0!important;text-decoration:none!important;background:#f1f5f9!important;color:#94a3b8!important;-webkit-text-fill-color:#94a3b8!important;cursor:not-allowed!important;border:1px solid #e2e8f0!important;"" title=""Not built yet"">🔒 Exercise 2</span><a href=""/pages/ap-csa-lesson-1-11-math-class-debug"" style=""display:inline-block!important;font-size:12px!important;font-weight:700!important;padding:4px 10px!important;border-radius:999px!important;margin:0 6px 6px 0!important;text-decoration:none!important;background:#fffbeb!important;color:#92400e!important;-webkit-text-fill-color:#92400e!important;border:1px solid #fcd34d!important;"">Debug →</a><a href=""/pages/ap-csa-lesson-1-11-math-class-frq"" style=""display:inline-block!important;font-size:12px!important;font-weight:700!important;padding:4px 10px!important;border-radius:999px!important;margin:0 6px 6px 0!important;text-decoration:none!important;background:#fffbeb!important;color:#92400e!important;-webkit-text-fill-color:#92400e!important;border:1px solid #fcd34d!important;"">FRQ →</a></span>
</div>
<div style=""display:flex!important;align-items:baseline!important;gap:12px!important;flex-wrap:wrap!important;padding:10px 0!important;border-bottom:1px solid #f1f5f9!important;"">
<span style=""font-size:13px!important;font-weight:700!important;color:#92400e!important;-webkit-text-fill-color:#92400e!important;min-width:52px!important;"">1.12</span><span style=""font-size:14px!important;color:#475569!important;-webkit-text-fill-color:#475569!important;flex:1 1 200px!important;"">Objects: Instances of Classes</span><span style=""flex:0 0 auto!important;""><a href=""/pages/ap-csa-lesson-1-12-objects-instances-exercise-1"" style=""display:inline-block!important;font-size:12px!important;font-weight:700!important;padding:4px 10px!important;border-radius:999px!important;margin:0 6px 6px 0!important;text-decoration:none!important;background:#fffbeb!important;color:#92400e!important;-webkit-text-fill-color:#92400e!important;border:1px solid #fcd34d!important;"">Exercise 1 →</a><span style=""display:inline-block!important;font-size:12px!important;font-weight:700!important;padding:4px 10px!important;border-radius:999px!important;margin:0 6px 6px 0!important;text-decoration:none!important;background:#f1f5f9!important;color:#94a3b8!important;-webkit-text-fill-color:#94a3b8!important;cursor:not-allowed!important;border:1px solid #e2e8f0!important;"" title=""Not built yet"">🔒 Exercise 2</span><a href=""/pages/ap-csa-lesson-1-12-objects-instances-debug"" style=""display:inline-block!important;font-size:12px!important;font-weight:700!important;padding:4px 10px!important;border-radius:999px!important;margin:0 6px 6px 0!important;text-decoration:none!important;background:#fffbeb!important;color:#92400e!important;-webkit-text-fill-color:#92400e!important;border:1px solid #fcd34d!important;"">Debug →</a><a href=""/pages/ap-csa-lesson-1-12-objects-instances-frq"" style=""display:inline-block!important;font-size:12px!important;font-weight:700!important;padding:4px 10px!important;border-radius:999px!important;margin:0 6px 6px 0!important;text-decoration:none!important;background:#fffbeb!important;color:#92400e!important;-webkit-text-fill-color:#92400e!important;border:1px solid #fcd34d!important;"">FRQ →</a></span>
</div>
<div style=""display:flex!important;align-items:baseline!important;gap:12px!important;flex-wrap:wrap!important;padding:10px 0!important;border-bottom:1px solid #f1f5f9!important;"">
<span style=""font-size:13px!important;font-weight:700!important;color:#92400e!important;-webkit-text-fill-color:#92400e!important;min-width:52px!important;"">1.13</span><span style=""font-size:14px!important;color:#475569!important;-webkit-text-fill-color:#475569!important;flex:1 1 200px!important;"">Object Creation and Storage (Instantiation)</span><span style=""flex:0 0 auto!important;""><a href=""/pages/ap-csa-lesson-1-13-object-creation-exercise-1"" style=""display:inline-block!important;font-size:12px!important;font-weight:700!important;padding:4px 10px!important;border-radius:999px!important;margin:0 6px 6px 0!important;text-decoration:none!important;background:#fffbeb!important;color:#92400e!important;-webkit-text-fill-color:#92400e!important;border:1px solid #fcd34d!important;"">Exercise 1 →</a><span style=""display:inline-block!important;font-size:12px!important;font-weight:700!important;padding:4px 10px!important;border-radius:999px!important;margin:0 6px 6px 0!important;text-decoration:none!important;background:#f1f5f9!important;color:#94a3b8!important;-webkit-text-fill-color:#94a3b8!important;cursor:not-allowed!important;border:1px solid #e2e8f0!important;"" title=""Not built yet"">🔒 Exercise 2</span><a href=""/pages/ap-csa-lesson-1-13-object-creation-debug"" style=""display:inline-block!important;font-size:12px!important;font-weight:700!important;padding:4px 10px!important;border-radius:999px!important;margin:0 6px 6px 0!important;text-decoration:none!important;background:#fffbeb!important;color:#92400e!important;-webkit-text-fill-color:#92400e!important;border:1px solid #fcd34d!important;"">Debug →</a><a href=""/pages/ap-csa-lesson-1-13-object-creation-frq"" style=""display:inline-block!important;font-size:12px!important;font-weight:700!important;padding:4px 10px!important;border-radius:999px!important;margin:0 6px 6px 0!important;text-decoration:none!important;background:#fffbeb!important;color:#92400e!important;-webkit-text-fill-color:#92400e!important;border:1px solid #fcd34d!important;"">FRQ →</a></span>
</div>
<div style=""display:flex!important;align-items:baseline!important;gap:12px!important;flex-wrap:wrap!important;padding:10px 0!important;border-bottom:1px solid #f1f5f9!important;"">
<span style=""font-size:13px!important;font-weight:700!important;color:#92400e!important;-webkit-text-fill-color:#92400e!important;min-width:52px!important;"">1.14</span><span style=""font-size:14px!important;color:#475569!important;-webkit-text-fill-color:#475569!important;flex:1 1 200px!important;"">Calling Instance Methods</span><span style=""flex:0 0 auto!important;""><a href=""/pages/ap-csa-lesson-1-14-calling-instance-methods-exercise-1"" style=""display:inline-block!important;font-size:12px!important;font-weight:700!important;padding:4px 10px!important;border-radius:999px!important;margin:0 6px 6px 0!important;text-decoration:none!important;background:#fffbeb!important;color:#92400e!important;-webkit-text-fill-color:#92400e!important;border:1px solid #fcd34d!important;"">Exercise 1 →</a><span style=""display:inline-block!important;font-size:12px!important;font-weight:700!important;padding:4px 10px!important;border-radius:999px!important;margin:0 6px 6px 0!important;text-decoration:none!important;background:#f1f5f9!important;color:#94a3b8!important;-webkit-text-fill-color:#94a3b8!important;cursor:not-allowed!important;border:1px solid #e2e8f0!important;"" title=""Not built yet"">🔒 Exercise 2</span><a href=""/pages/ap-csa-lesson-1-14-calling-instance-methods-debug"" style=""display:inline-block!important;font-size:12px!important;font-weight:700!important;padding:4px 10px!important;border-radius:999px!important;margin:0 6px 6px 0!important;text-decoration:none!important;background:#fffbeb!important;color:#92400e!important;-webkit-text-fill-color:#92400e!important;border:1px solid #fcd34d!important;"">Debug →</a><a href=""/pages/ap-csa-lesson-1-14-calling-instance-methods-frq"" style=""display:inline-block!important;font-size:12px!important;font-weight:700!important;padding:4px 10px!important;border-radius:999px!important;margin:0 6px 6px 0!important;text-decoration:none!important;background:#fffbeb!important;color:#92400e!important;-webkit-text-fill-color:#92400e!important;border:1px solid #fcd34d!important;"">FRQ →</a></span>
</div>
<div style=""display:flex!important;align-items:baseline!important;gap:12px!important;flex-wrap:wrap!important;padding:10px 0!important;border-bottom:1px solid #f1f5f9!important;"">
<span style=""font-size:13px!important;font-weight:700!important;color:#92400e!important;-webkit-text-fill-color:#92400e!important;min-width:52px!important;"">1.15</span><span style=""font-size:14px!important;color:#475569!important;-webkit-text-fill-color:#475569!important;flex:1 1 200px!important;"">String Manipulation</span><span style=""flex:0 0 auto!important;""><a href=""/pages/ap-csa-lesson-1-15-string-manipulation-exercise-1"" style=""display:inline-block!important;font-size:12px!important;font-weight:700!important;padding:4px 10px!important;border-radius:999px!important;margin:0 6px 6px 0!important;text-decoration:none!important;background:#fffbeb!important;color:#92400e!important;-webkit-text-fill-color:#92400e!important;border:1px solid #fcd34d!important;"">Exercise 1 →</a><span style=""display:inline-block!important;font-size:12px!important;font-weight:700!important;padding:4px 10px!important;border-radius:999px!important;margin:0 6px 6px 0!important;text-decoration:none!important;background:#f1f5f9!important;color:#94a3b8!important;-webkit-text-fill-color:#94a3b8!important;cursor:not-allowed!important;border:1px solid #e2e8f0!important;"" title=""Not built yet"">🔒 Exercise 2</span><a href=""/pages/ap-csa-lesson-1-15-string-manipulation-debug"" style=""display:inline-block!important;font-size:12px!important;font-weight:700!important;padding:4px 10px!important;border-radius:999px!important;margin:0 6px 6px 0!important;text-decoration:none!important;background:#fffbeb!important;color:#92400e!important;-webkit-text-fill-color:#92400e!important;border:1px solid #fcd34d!important;"">Debug →</a><a href=""/pages/ap-csa-lesson-1-15-string-manipulation-frq"" style=""display:inline-block!important;font-size:12px!important;font-weight:700!important;padding:4px 10px!important;border-radius:999px!important;margin:0 6px 6px 0!important;text-decoration:none!important;background:#fffbeb!important;color:#92400e!important;-webkit-text-fill-color:#92400e!important;border:1px solid #fcd34d!important;"">FRQ →</a></span>
</div>
</div>
</div>
<div class=""u1-learn"">
  <div class=""u1-learn-title"">What you’ll learn in Unit 1</div>
  <ul class=""u1-learn-list"">
    <li>The difference between an algorithm and a program, and how Java code compiles and runs</li>
    <li>How to declare and use primitive types (<code>int</code>, <code>double</code>, <code>boolean</code>) and variables</li>
    <li>How to write arithmetic expressions, handle integer division and casting, and avoid overflow</li>
    <li>How to call built-in class methods on <code>Math</code> and <code>String</code> using API documentation</li>
    <li>How to create objects using constructors and call instance methods on them</li>
  </ul>
</div>
<div class=""u1-resources"">
  <a class=""u1-resource-card"" href=""/pages/ap-csa-unit-1-complete-study-guide"">
    <span class=""u1-resource-label"">Study Guide</span>
    <span class=""u1-resource-name"">Unit 1 Complete Study Guide</span>
    <span class=""u1-resource-desc"">Full unit summary — ideal for review and exam-week cramming</span>
  </a>
  <a class=""u1-resource-card"" href=""/pages/ap-csa-test-builder"">
    <span class=""u1-resource-label"">Practice</span>
    <span class=""u1-resource-name"">AP CSA Test Builder</span>
    <span class=""u1-resource-desc"">Filter to Unit 1 topics and build a custom practice exam</span>
  </a>
  <a class=""u1-resource-card"" href=""/pages/ap-csa-exam-prep-hub"">
    <span class=""u1-resource-label"">Hub</span>
    <span class=""u1-resource-name"">AP CSA Exam Prep Hub</span>
    <span class=""u1-resource-desc"">Full practice exams, FRQs, flashcards, and all study tools</span>
  </a>
  <a class=""u1-resource-card"" href=""/pages/ap-computer-science-a-tutor"">
    <span class=""u1-resource-label"">Tutoring</span>
    <span class=""u1-resource-name"">1-on-1 AP CSA Tutoring</span>
    <span class=""u1-resource-desc"">Targeted help from a teacher with a 54.5% score-5 rate</span>
  </a>
</div>

<div class=""u1-cta"">
  <h2>Ready to test yourself?</h2>
  <p>Build a custom Unit 1 practice exam or review all AP CSA study tools.</p>
  <a class=""u1-cta-btn"" href=""/pages/ap-csa-test-builder"">Build a Practice Exam →</a>
</div>

<div class=""u1-units-strip"">
  <div class=""u1-section-title"" style=""margin-bottom:12px!important;"">Also in this course</div>
  <div class=""u1-units-grid"">
    <a class=""u1-unit-chip"" href=""/pages/ap-csa-unit-1-course"" style=""background:linear-gradient(135deg,#4c1d95,#7c3aed)!important;"">
      <span class=""u1-unit-chip-num"" style=""color:rgba(255,255,255,0.8)!important;-webkit-text-fill-color:rgba(255,255,255,0.8)!important;"">Unit 1</span>
      <span class=""u1-unit-chip-name"" style=""color:#fff!important;-webkit-text-fill-color:#fff!important;"">Using Objects and Methods</span>
      <span class=""u1-unit-chip-meta"" style=""color:rgba(255,255,255,0.75)!important;-webkit-text-fill-color:rgba(255,255,255,0.75)!important;"">15 lessons · ~20% of exam</span>
      <span class=""u1-unit-chip-current"" style=""color:#fff!important;-webkit-text-fill-color:#fff!important;"">You are here</span>
    </a>
    <a class=""u1-unit-chip"" href=""/pages/ap-csa-unit-2-course"" style=""background:linear-gradient(135deg,#1e3a8a,#2563eb)!important;"">
      <span class=""u1-unit-chip-num"" style=""color:rgba(255,255,255,0.8)!important;-webkit-text-fill-color:rgba(255,255,255,0.8)!important;"">Unit 2</span>
      <span class=""u1-unit-chip-name"" style=""color:#fff!important;-webkit-text-fill-color:#fff!important;"">Selection and Iteration</span>
      <span class=""u1-unit-chip-meta"" style=""color:rgba(255,255,255,0.75)!important;-webkit-text-fill-color:rgba(255,255,255,0.75)!important;"">12 lessons · ~25% of exam</span>
    </a>
    <a class=""u1-unit-chip"" href=""/pages/ap-csa-unit-3-course"" style=""background:linear-gradient(135deg,#134e4a,#0f766e)!important;"">
      <span class=""u1-unit-chip-num"" style=""color:rgba(255,255,255,0.8)!important;-webkit-text-fill-color:rgba(255,255,255,0.8)!important;"">Unit 3</span>
      <span class=""u1-unit-chip-name"" style=""color:#fff!important;-webkit-text-fill-color:#fff!important;"">Class Creation</span>
      <span class=""u1-unit-chip-meta"" style=""color:rgba(255,255,255,0.75)!important;-webkit-text-fill-color:rgba(255,255,255,0.75)!important;"">14 lessons · ~30% of exam</span>
    </a>
    <a class=""u1-unit-chip"" href=""/pages/ap-csa-unit-4-course"" style=""background:linear-gradient(135deg,#7c2d12,#c2410c)!important;"">
      <span class=""u1-unit-chip-num"" style=""color:rgba(255,255,255,0.8)!important;-webkit-text-fill-color:rgba(255,255,255,0.8)!important;"">Unit 4</span>
      <span class=""u1-unit-chip-name"" style=""color:#fff!important;-webkit-text-fill-color:#fff!important;"">Data Collections</span>
      <span class=""u1-unit-chip-meta"" style=""color:rgba(255,255,255,0.75)!important;-webkit-text-fill-color:rgba(255,255,255,0.75)!important;"">17 lessons · ~35% of exam</span>
    </a>
  </div>
</div>

<nav class=""u1-nav"">
  <a class=""u1-nav-link"" href=""/pages/ap-csa-course"">← Full Course</a>
  <a class=""u1-nav-link"" href=""/pages/ap-csa-unit-2-course"">Unit 2: Selection and Iteration →</a>
</nav>
</div>



<script type=""application/ld+json"">
{""@context"":""https://schema.org"",""@type"":""Course"",""name"":""AP CSA Unit 1: Using Objects and Methods"",""description"":""15-lesson unit covering variables, data types, expressions, method calls, Math class, objects, constructors, and String manipulation. Part of the AP Computer Science A 2025-2026 curriculum."",""provider"":{""@type"":""Organization"",""name"":""APCSExamPrep.com"",""url"":""https://apcsexamprep.com""},""url"":""https://apcsexamprep.com/pages/ap-csa-unit-1-course"",""hasCourseInstance"":{""@type"":""CourseInstance"",""courseMode"":""online""},""numberOfCredits"":15}
</script>
<script type=""application/ld+json"">
{""@context"":""https://schema.org"",""@type"":""BreadcrumbList"",""itemListElement"":[{""@type"":""ListItem"",""position"":1,""name"":""AP CSA"",""item"":""https://apcsexamprep.com/pages/ap-csa-exam-prep-hub""},{""@type"":""ListItem"",""position"":2,""name"":""AP CSA Course"",""item"":""https://apcsexamprep.com/pages/ap-csa-course""},{""@type"":""ListItem"",""position"":3,""name"":""Unit 1: Using Objects and Methods"",""item"":""https://apcsexamprep.com/pages/ap-csa-unit-1-course""}]}
</script>"
"ap-csa-unit-2-course","MERGE","<style>
#u2-hub { font-family: -apple-system, BlinkMacSystemFont, ""Segoe UI"", sans-serif !important; max-width: 860px !important; margin: 0 auto !important; padding: 24px 16px !important; }
#u2-hub * { box-sizing: border-box !important; }
.u2-breadcrumb { font-size: 13px !important; color: #6b7280 !important; -webkit-text-fill-color: #6b7280 !important; margin-bottom: 24px !important; }
.u2-breadcrumb a { color: #2563eb !important; -webkit-text-fill-color: #2563eb !important; text-decoration: none !important; }
.u2-breadcrumb .sep { margin: 0 6px !important; }
.u2-eyebrow { display: inline-block !important; font-size: 11px !important; font-weight: 700 !important; letter-spacing: 1.5px !important; text-transform: uppercase !important; color: #1e40af !important; -webkit-text-fill-color: #1e40af !important; margin-bottom: 8px !important; }
.u2-heading { font-size: 32px !important; font-weight: 800 !important; color: #1e1b4b !important; -webkit-text-fill-color: #1e1b4b !important; margin: 0 0 12px !important; line-height: 1.2 !important; }
.u2-desc { font-size: 16px !important; color: #475569 !important; -webkit-text-fill-color: #475569 !important; line-height: 1.6 !important; margin-bottom: 32px !important; }
.u2-stats { display: flex !important; gap: 24px !important; flex-wrap: wrap !important; margin-bottom: 36px !important; padding: 20px !important; background: #f8fafc !important; border-radius: 12px !important; border: 1px solid #e2e8f0 !important; }
.u2-stat { text-align: center !important; }
.u2-stat-val { font-size: 28px !important; font-weight: 800 !important; color: #1e40af !important; -webkit-text-fill-color: #1e40af !important; display: block !important; }
.u2-stat-label { font-size: 12px !important; color: #6b7280 !important; -webkit-text-fill-color: #6b7280 !important; }
.u2-learn { margin-bottom: 36px !important; padding: 24px !important; background: #eff6ff !important; border-radius: 12px !important; border-left: 4px solid #1e40af !important; }
.u2-learn-title { font-size: 16px !important; font-weight: 700 !important; color: #1e1b4b !important; -webkit-text-fill-color: #1e1b4b !important; margin: 0 0 14px !important; }
.u2-learn-list { margin: 0 !important; padding: 0 !important; list-style: none !important; }
.u2-learn-list li { font-size: 15px !important; color: #374151 !important; -webkit-text-fill-color: #374151 !important; padding: 5px 0 5px 22px !important; position: relative !important; line-height: 1.5 !important; }
.u2-learn-list li::before { content: ""✓"" !important; position: absolute !important; left: 0 !important; color: #1e40af !important; -webkit-text-fill-color: #1e40af !important; font-weight: 700 !important; }
.u2-resources { display: grid !important; grid-template-columns: repeat(2, 1fr) !important; gap: 12px !important; margin-bottom: 40px !important; }
@media (max-width: 540px) { .u2-resources { grid-template-columns: 1fr !important; } }
.u2-resource-card { display: block !important; padding: 16px 18px !important; background: #fff !important; border: 2px solid #e5e7eb !important; border-radius: 10px !important; text-decoration: none !important; }
.u2-resource-card:link, .u2-resource-card:visited { text-decoration: none !important; }
.u2-resource-card:hover { border-color: #1e40af !important; }
.u2-resource-label { font-size: 10px !important; font-weight: 700 !important; letter-spacing: 1.2px !important; text-transform: uppercase !important; color: #1e40af !important; -webkit-text-fill-color: #1e40af !important; display: block !important; margin-bottom: 4px !important; }
.u2-resource-name { font-size: 14px !important; font-weight: 700 !important; color: #1e1b4b !important; -webkit-text-fill-color: #1e1b4b !important; display: block !important; margin-bottom: 4px !important; line-height: 1.3 !important; }
.u2-resource-desc { font-size: 12px !important; color: #6b7280 !important; -webkit-text-fill-color: #6b7280 !important; display: block !important; }
.u2-section-title { font-size: 20px !important; font-weight: 700 !important; color: #1e1b4b !important; -webkit-text-fill-color: #1e1b4b !important; margin: 0 0 16px !important; }
.u2-grid { display: grid !important; grid-template-columns: 1fr !important; gap: 12px !important; margin-bottom: 48px !important; }
@media (min-width: 600px) { .u2-grid { grid-template-columns: repeat(2, 1fr) !important; } }
@media (min-width: 900px) { .u2-grid { grid-template-columns: repeat(3, 1fr) !important; } }
.u2-lesson-card { display: block !important; padding: 16px !important; background: #fff !important; border: 2px solid #e5e7eb !important; border-radius: 10px !important; text-decoration: none !important; transition: border-color 0.15s !important; }
.u2-lesson-card:hover { border-color: #1e40af !important; }
.u2-lesson-card:link, .u2-lesson-card:visited { text-decoration: none !important; }
.u2-lesson-num { font-size: 11px !important; font-weight: 700 !important; letter-spacing: 1px !important; text-transform: uppercase !important; color: #1e40af !important; -webkit-text-fill-color: #1e40af !important; margin-bottom: 6px !important; }
.u2-lesson-title { font-size: 15px !important; font-weight: 600 !important; color: #1e1b4b !important; -webkit-text-fill-color: #1e1b4b !important; line-height: 1.4 !important; margin-bottom: 10px !important; }
.u2-lesson-meta { display: flex !important; align-items: center !important; gap: 8px !important; flex-wrap: wrap !important; }
.u2-lesson-time { font-size: 12px !important; color: #6b7280 !important; -webkit-text-fill-color: #6b7280 !important; }
.u2-lesson-type { font-size: 11px !important; font-weight: 600 !important; color: #fff !important; -webkit-text-fill-color: #fff !important; padding: 2px 8px !important; border-radius: 999px !important; }
.u2-cta { background: linear-gradient(135deg, #1e1b4b 0%, #1e40af 100%) !important; border-radius: 16px !important; padding: 32px !important; text-align: center !important; margin-bottom: 32px !important; }
.u2-cta h2 { color: #fff !important; -webkit-text-fill-color: #fff !important; font-size: 22px !important; font-weight: 700 !important; margin: 0 0 8px !important; }
.u2-cta p { color: #bfdbfe !important; -webkit-text-fill-color: #bfdbfe !important; margin: 0 0 20px !important; font-size: 15px !important; }
.u2-cta-btn { display: inline-block !important; background: #fff !important; color: #1e40af !important; -webkit-text-fill-color: #1e40af !important; font-weight: 700 !important; font-size: 15px !important; padding: 12px 28px !important; border-radius: 8px !important; text-decoration: none !important; }
.u2-cta-btn:link, .u2-cta-btn:visited { color: #1e40af !important; -webkit-text-fill-color: #1e40af !important; }
.u2-units-grid { display: grid !important; grid-template-columns: repeat(2, 1fr) !important; gap: 10px !important; }
@media (min-width: 700px) { .u2-units-grid { grid-template-columns: repeat(4, 1fr) !important; } }
.u2-unit-chip { display: block !important; padding: 14px 12px !important; border-radius: 10px !important; text-decoration: none !important; }
.u2-unit-chip:link, .u2-unit-chip:visited { text-decoration: none !important; }
.u2-unit-chip-num { font-size: 10px !important; font-weight: 700 !important; letter-spacing: 1px !important; text-transform: uppercase !important; color: rgba(255,255,255,0.8) !important; -webkit-text-fill-color: rgba(255,255,255,0.8) !important; display: block !important; margin-bottom: 4px !important; }
.u2-unit-chip-name { font-size: 13px !important; font-weight: 700 !important; color: #fff !important; -webkit-text-fill-color: #fff !important; display: block !important; line-height: 1.3 !important; margin-bottom: 6px !important; }
.u2-unit-chip-meta { font-size: 11px !important; color: rgba(255,255,255,0.75) !important; -webkit-text-fill-color: rgba(255,255,255,0.75) !important; display: block !important; }
.u2-unit-chip-current { font-size: 10px !important; font-weight: 700 !important; background: rgba(255,255,255,0.25) !important; color: #fff !important; -webkit-text-fill-color: #fff !important; padding: 1px 7px !important; border-radius: 999px !important; display: inline-block !important; margin-top: 4px !important; }
.u2-nav { display: flex !important; justify-content: space-between !important; align-items: center !important; padding-top: 24px !important; border-top: 1px solid #e5e7eb !important; }
.u2-nav-link { font-size: 14px !important; font-weight: 600 !important; color: #2563eb !important; -webkit-text-fill-color: #2563eb !important; text-decoration: none !important; }
</style>

<div id=""u2-hub"">

<nav class=""u2-breadcrumb"">
  <a href=""/pages/ap-csa-exam-prep-hub"">AP CSA</a>
  <span class=""sep"">›</span>
  <a href=""/pages/ap-csa-course"">Course</a>
  <span class=""sep"">›</span>
  <span>Unit 2: Selection and Iteration</span>
</nav>

<div class=""u2-header"">
  <span class=""u2-eyebrow"">AP CSA · Unit 2 · 12 Lessons</span>
  <h1 class=""u2-heading"">Unit 2: Selection and Iteration</h1>
  <p class=""u2-desc"">Master conditional statements and loops. Understand the control structures that form the foundation of every algorithm you’ll write in AP CSA and beyond.</p>
</div>

<div class=""u2-stats"">
  <div class=""u2-stat"">
    <span class=""u2-stat-val"">12</span>
    <span class=""u2-stat-label"">Lessons</span>
  </div>
  <div class=""u2-stat"">
    <span class=""u2-stat-val"">~30%</span>
    <span class=""u2-stat-label"">AP Exam Weight</span>
  </div>
  <div class=""u2-stat"">
    <span class=""u2-stat-val"">96+</span>
    <span class=""u2-stat-label"">Practice Questions</span>
  </div>
</div>

<h2 class=""u2-section-title"">All 12 Lessons</h2>
<div class=""u2-grid"">

  <a class=""u2-lesson-card"" href=""/pages/ap-csa-lesson-2-1-algorithms-selection-repetition"">
    <div class=""u2-lesson-num"">Lesson 2.1</div>
    <div class=""u2-lesson-title"">Algorithms with Selection and Repetition</div>
    <div class=""u2-lesson-meta"">      <span class=""u2-lesson-type"" style=""background:#1e40af!important;"">Conceptual</span>
    </div>
  </a>

  <a class=""u2-lesson-card"" href=""/pages/ap-csa-lesson-2-2-boolean-expressions"">
    <div class=""u2-lesson-num"">Lesson 2.2</div>
    <div class=""u2-lesson-title"">Boolean Expressions</div>
    <div class=""u2-lesson-meta"">      <span class=""u2-lesson-type"" style=""background:#1e40af!important;"">Code Mechanics</span>
    </div>
  </a>

  <a class=""u2-lesson-card"" href=""/pages/ap-csa-lesson-2-3-if-statements"">
    <div class=""u2-lesson-num"">Lesson 2.3</div>
    <div class=""u2-lesson-title"">if Statements</div>
    <div class=""u2-lesson-meta"">      <span class=""u2-lesson-type"" style=""background:#1e40af!important;"">Code Mechanics</span>
    </div>
  </a>

  <a class=""u2-lesson-card"" href=""/pages/ap-csa-lesson-2-4-nested-if-statements"">
    <div class=""u2-lesson-num"">Lesson 2.4</div>
    <div class=""u2-lesson-title"">Nested if Statements</div>
    <div class=""u2-lesson-meta"">      <span class=""u2-lesson-type"" style=""background:#1e40af!important;"">Code Mechanics</span>
    </div>
  </a>

  <a class=""u2-lesson-card"" href=""/pages/ap-csa-lesson-2-5-compound-boolean-expressions"">
    <div class=""u2-lesson-num"">Lesson 2.5</div>
    <div class=""u2-lesson-title"">Compound Boolean Expressions</div>
    <div class=""u2-lesson-meta"">      <span class=""u2-lesson-type"" style=""background:#1e40af!important;"">Code Mechanics</span>
    </div>
  </a>

  <a class=""u2-lesson-card"" href=""/pages/ap-csa-lesson-2-6-comparing-boolean-expressions"">
    <div class=""u2-lesson-num"">Lesson 2.6</div>
    <div class=""u2-lesson-title"">Comparing Boolean Expressions</div>
    <div class=""u2-lesson-meta"">      <span class=""u2-lesson-type"" style=""background:#1e40af!important;"">Code Mechanics</span>
    </div>
  </a>

  <a class=""u2-lesson-card"" href=""/pages/ap-csa-lesson-2-7-while-loops"">
    <div class=""u2-lesson-num"">Lesson 2.7</div>
    <div class=""u2-lesson-title"">while Loops</div>
    <div class=""u2-lesson-meta"">      <span class=""u2-lesson-type"" style=""background:#1e40af!important;"">Code Mechanics</span>
    </div>
  </a>

  <a class=""u2-lesson-card"" href=""/pages/ap-csa-lesson-2-8-for-loops"">
    <div class=""u2-lesson-num"">Lesson 2.8</div>
    <div class=""u2-lesson-title"">for Loops</div>
    <div class=""u2-lesson-meta"">      <span class=""u2-lesson-type"" style=""background:#1e40af!important;"">Code Mechanics</span>
    </div>
  </a>

  <a class=""u2-lesson-card"" href=""/pages/ap-csa-lesson-2-9-implementing-selection-iteration-algorithms"">
    <div class=""u2-lesson-num"">Lesson 2.9</div>
    <div class=""u2-lesson-title"">Implementing Selection and Iteration Algorithms</div>
    <div class=""u2-lesson-meta"">      <span class=""u2-lesson-type"" style=""background:#1e40af!important;"">Code Mechanics</span>
    </div>
  </a>

  <a class=""u2-lesson-card"" href=""/pages/ap-csa-lesson-2-10-implementing-string-algorithms"">
    <div class=""u2-lesson-num"">Lesson 2.10</div>
    <div class=""u2-lesson-title"">Implementing String Algorithms</div>
    <div class=""u2-lesson-meta"">      <span class=""u2-lesson-type"" style=""background:#1e40af!important;"">Code Mechanics</span>
    </div>
  </a>

  <a class=""u2-lesson-card"" href=""/pages/ap-csa-lesson-2-11-nested-iteration"">
    <div class=""u2-lesson-num"">Lesson 2.11</div>
    <div class=""u2-lesson-title"">Nested Iteration</div>
    <div class=""u2-lesson-meta"">      <span class=""u2-lesson-type"" style=""background:#1e40af!important;"">Code Mechanics</span>
    </div>
  </a>

  <a class=""u2-lesson-card"" href=""/pages/ap-csa-lesson-2-12-informal-run-time-analysis"">
    <div class=""u2-lesson-num"">Lesson 2.12</div>
    <div class=""u2-lesson-title"">Informal Run-Time Analysis</div>
    <div class=""u2-lesson-meta"">      <span class=""u2-lesson-type"" style=""background:#6b21a8!important;"">Conceptual</span>
    </div>
  </a>

</div>


<div class=""u2-exercises"" style=""margin-bottom:40px!important;"">
<h2 class=""u2-section-title"">Coding Practice</h2>
<p style=""font-size:14px!important;color:#475569!important;-webkit-text-fill-color:#475569!important;line-height:1.6!important;margin:0 0 14px!important;"">Write real Java in the browser and submit it. Everything here is graded against hidden test cases, and your score reports to your teacher automatically. Exercise 1 is write-it-from-scratch, Debug hands you somebody else's broken attempt to fix, and FRQ is the shape the exam actually asks for. 12 of 12 lessons are open so far; the rest unlock as they are built.</p>
<div style=""background:#fff!important;border:2px solid #e5e7eb!important;border-radius:10px!important;padding:6px 16px!important;"">
<div style=""display:flex!important;align-items:baseline!important;gap:12px!important;flex-wrap:wrap!important;padding:10px 0!important;border-bottom:1px solid #f1f5f9!important;"">
<span style=""font-size:13px!important;font-weight:700!important;color:#92400e!important;-webkit-text-fill-color:#92400e!important;min-width:52px!important;"">2.1</span><span style=""font-size:14px!important;color:#475569!important;-webkit-text-fill-color:#475569!important;flex:1 1 200px!important;"">Algorithms with Selection and Repetition</span><span style=""flex:0 0 auto!important;""><a href=""/pages/ap-csa-lesson-2-1-algorithms-selection-repetition-exercise-1"" style=""display:inline-block!important;font-size:12px!important;font-weight:700!important;padding:4px 10px!important;border-radius:999px!important;margin:0 6px 6px 0!important;text-decoration:none!important;background:#fffbeb!important;color:#92400e!important;-webkit-text-fill-color:#92400e!important;border:1px solid #fcd34d!important;"">Exercise 1 →</a><a href=""/pages/ap-csa-lesson-2-1-algorithms-selection-repetition-exercise-2"" style=""display:inline-block!important;font-size:12px!important;font-weight:700!important;padding:4px 10px!important;border-radius:999px!important;margin:0 6px 6px 0!important;text-decoration:none!important;background:#fffbeb!important;color:#92400e!important;-webkit-text-fill-color:#92400e!important;border:1px solid #fcd34d!important;"">Exercise 2 →</a><span style=""display:inline-block!important;font-size:12px!important;font-weight:700!important;padding:4px 10px!important;border-radius:999px!important;margin:0 6px 6px 0!important;text-decoration:none!important;background:#f1f5f9!important;color:#94a3b8!important;-webkit-text-fill-color:#94a3b8!important;cursor:not-allowed!important;border:1px solid #e2e8f0!important;"" title=""Not built yet"">🔒 Exercise 2</span><a href=""/pages/ap-csa-lesson-2-1-algorithms-selection-repetition-debug"" style=""display:inline-block!important;font-size:12px!important;font-weight:700!important;padding:4px 10px!important;border-radius:999px!important;margin:0 6px 6px 0!important;text-decoration:none!important;background:#fffbeb!important;color:#92400e!important;-webkit-text-fill-color:#92400e!important;border:1px solid #fcd34d!important;"">Debug →</a><a href=""/pages/ap-csa-lesson-2-1-algorithms-selection-repetition-frq"" style=""display:inline-block!important;font-size:12px!important;font-weight:700!important;padding:4px 10px!important;border-radius:999px!important;margin:0 6px 6px 0!important;text-decoration:none!important;background:#fffbeb!important;color:#92400e!important;-webkit-text-fill-color:#92400e!important;border:1px solid #fcd34d!important;"">FRQ →</a></span>
</div>
<div style=""display:flex!important;align-items:baseline!important;gap:12px!important;flex-wrap:wrap!important;padding:10px 0!important;border-bottom:1px solid #f1f5f9!important;"">
<span style=""font-size:13px!important;font-weight:700!important;color:#92400e!important;-webkit-text-fill-color:#92400e!important;min-width:52px!important;"">2.2</span><span style=""font-size:14px!important;color:#475569!important;-webkit-text-fill-color:#475569!important;flex:1 1 200px!important;"">Boolean Expressions</span><span style=""flex:0 0 auto!important;""><a href=""/pages/ap-csa-lesson-2-2-boolean-expressions-exercise-1"" style=""display:inline-block!important;font-size:12px!important;font-weight:700!important;padding:4px 10px!important;border-radius:999px!important;margin:0 6px 6px 0!important;text-decoration:none!important;background:#fffbeb!important;color:#92400e!important;-webkit-text-fill-color:#92400e!important;border:1px solid #fcd34d!important;"">Exercise 1 →</a><a href=""/pages/ap-csa-lesson-2-2-boolean-expressions-exercise-2"" style=""display:inline-block!important;font-size:12px!important;font-weight:700!important;padding:4px 10px!important;border-radius:999px!important;margin:0 6px 6px 0!important;text-decoration:none!important;background:#fffbeb!important;color:#92400e!important;-webkit-text-fill-color:#92400e!important;border:1px solid #fcd34d!important;"">Exercise 2 →</a><span style=""display:inline-block!important;font-size:12px!important;font-weight:700!important;padding:4px 10px!important;border-radius:999px!important;margin:0 6px 6px 0!important;text-decoration:none!important;background:#f1f5f9!important;color:#94a3b8!important;-webkit-text-fill-color:#94a3b8!important;cursor:not-allowed!important;border:1px solid #e2e8f0!important;"" title=""Not built yet"">🔒 Exercise 2</span><a href=""/pages/ap-csa-lesson-2-2-boolean-expressions-debug"" style=""display:inline-block!important;font-size:12px!important;font-weight:700!important;padding:4px 10px!important;border-radius:999px!important;margin:0 6px 6px 0!important;text-decoration:none!important;background:#fffbeb!important;color:#92400e!important;-webkit-text-fill-color:#92400e!important;border:1px solid #fcd34d!important;"">Debug →</a><a href=""/pages/ap-csa-lesson-2-2-boolean-expressions-frq"" style=""display:inline-block!important;font-size:12px!important;font-weight:700!important;padding:4px 10px!important;border-radius:999px!important;margin:0 6px 6px 0!important;text-decoration:none!important;background:#fffbeb!important;color:#92400e!important;-webkit-text-fill-color:#92400e!important;border:1px solid #fcd34d!important;"">FRQ →</a></span>
</div>
<div style=""display:flex!important;align-items:baseline!important;gap:12px!important;flex-wrap:wrap!important;padding:10px 0!important;border-bottom:1px solid #f1f5f9!important;"">
<span style=""font-size:13px!important;font-weight:700!important;color:#92400e!important;-webkit-text-fill-color:#92400e!important;min-width:52px!important;"">2.3</span><span style=""font-size:14px!important;color:#475569!important;-webkit-text-fill-color:#475569!important;flex:1 1 200px!important;"">if Statements</span><span style=""flex:0 0 auto!important;""><a href=""/pages/ap-csa-lesson-2-3-if-statements-exercise-1"" style=""display:inline-block!important;font-size:12px!important;font-weight:700!important;padding:4px 10px!important;border-radius:999px!important;margin:0 6px 6px 0!important;text-decoration:none!important;background:#fffbeb!important;color:#92400e!important;-webkit-text-fill-color:#92400e!important;border:1px solid #fcd34d!important;"">Exercise 1 →</a><a href=""/pages/ap-csa-lesson-2-3-if-statements-exercise-2"" style=""display:inline-block!important;font-size:12px!important;font-weight:700!important;padding:4px 10px!important;border-radius:999px!important;margin:0 6px 6px 0!important;text-decoration:none!important;background:#fffbeb!important;color:#92400e!important;-webkit-text-fill-color:#92400e!important;border:1px solid #fcd34d!important;"">Exercise 2 →</a><span style=""display:inline-block!important;font-size:12px!important;font-weight:700!important;padding:4px 10px!important;border-radius:999px!important;margin:0 6px 6px 0!important;text-decoration:none!important;background:#f1f5f9!important;color:#94a3b8!important;-webkit-text-fill-color:#94a3b8!important;cursor:not-allowed!important;border:1px solid #e2e8f0!important;"" title=""Not built yet"">🔒 Exercise 2</span><a href=""/pages/ap-csa-lesson-2-3-if-statements-debug"" style=""display:inline-block!important;font-size:12px!important;font-weight:700!important;padding:4px 10px!important;border-radius:999px!important;margin:0 6px 6px 0!important;text-decoration:none!important;background:#fffbeb!important;color:#92400e!important;-webkit-text-fill-color:#92400e!important;border:1px solid #fcd34d!important;"">Debug →</a><a href=""/pages/ap-csa-lesson-2-3-if-statements-frq"" style=""display:inline-block!important;font-size:12px!important;font-weight:700!important;padding:4px 10px!important;border-radius:999px!important;margin:0 6px 6px 0!important;text-decoration:none!important;background:#fffbeb!important;color:#92400e!important;-webkit-text-fill-color:#92400e!important;border:1px solid #fcd34d!important;"">FRQ →</a></span>
</div>
<div style=""display:flex!important;align-items:baseline!important;gap:12px!important;flex-wrap:wrap!important;padding:10px 0!important;border-bottom:1px solid #f1f5f9!important;"">
<span style=""font-size:13px!important;font-weight:700!important;color:#92400e!important;-webkit-text-fill-color:#92400e!important;min-width:52px!important;"">2.4</span><span style=""font-size:14px!important;color:#475569!important;-webkit-text-fill-color:#475569!important;flex:1 1 200px!important;"">Nested if Statements</span><span style=""flex:0 0 auto!important;""><a href=""/pages/ap-csa-lesson-2-4-nested-if-statements-exercise-1"" style=""display:inline-block!important;font-size:12px!important;font-weight:700!important;padding:4px 10px!important;border-radius:999px!important;margin:0 6px 6px 0!important;text-decoration:none!important;background:#fffbeb!important;color:#92400e!important;-webkit-text-fill-color:#92400e!important;border:1px solid #fcd34d!important;"">Exercise 1 →</a><a href=""/pages/ap-csa-lesson-2-4-nested-if-statements-exercise-2"" style=""display:inline-block!important;font-size:12px!important;font-weight:700!important;padding:4px 10px!important;border-radius:999px!important;margin:0 6px 6px 0!important;text-decoration:none!important;background:#fffbeb!important;color:#92400e!important;-webkit-text-fill-color:#92400e!important;border:1px solid #fcd34d!important;"">Exercise 2 →</a><span style=""display:inline-block!important;font-size:12px!important;font-weight:700!important;padding:4px 10px!important;border-radius:999px!important;margin:0 6px 6px 0!important;text-decoration:none!important;background:#f1f5f9!important;color:#94a3b8!important;-webkit-text-fill-color:#94a3b8!important;cursor:not-allowed!important;border:1px solid #e2e8f0!important;"" title=""Not built yet"">🔒 Exercise 2</span><a href=""/pages/ap-csa-lesson-2-4-nested-if-statements-debug"" style=""display:inline-block!important;font-size:12px!important;font-weight:700!important;padding:4px 10px!important;border-radius:999px!important;margin:0 6px 6px 0!important;text-decoration:none!important;background:#fffbeb!important;color:#92400e!important;-webkit-text-fill-color:#92400e!important;border:1px solid #fcd34d!important;"">Debug →</a><a href=""/pages/ap-csa-lesson-2-4-nested-if-statements-frq"" style=""display:inline-block!important;font-size:12px!important;font-weight:700!important;padding:4px 10px!important;border-radius:999px!important;margin:0 6px 6px 0!important;text-decoration:none!important;background:#fffbeb!important;color:#92400e!important;-webkit-text-fill-color:#92400e!important;border:1px solid #fcd34d!important;"">FRQ →</a></span>
</div>
<div style=""display:flex!important;align-items:baseline!important;gap:12px!important;flex-wrap:wrap!important;padding:10px 0!important;border-bottom:1px solid #f1f5f9!important;"">
<span style=""font-size:13px!important;font-weight:700!important;color:#92400e!important;-webkit-text-fill-color:#92400e!important;min-width:52px!important;"">2.5</span><span style=""font-size:14px!important;color:#475569!important;-webkit-text-fill-color:#475569!important;flex:1 1 200px!important;"">Compound Boolean Expressions</span><span style=""flex:0 0 auto!important;""><a href=""/pages/ap-csa-lesson-2-5-compound-boolean-expressions-exercise-1"" style=""display:inline-block!important;font-size:12px!important;font-weight:700!important;padding:4px 10px!important;border-radius:999px!important;margin:0 6px 6px 0!important;text-decoration:none!important;background:#fffbeb!important;color:#92400e!important;-webkit-text-fill-color:#92400e!important;border:1px solid #fcd34d!important;"">Exercise 1 →</a><a href=""/pages/ap-csa-lesson-2-5-compound-boolean-expressions-exercise-2"" style=""display:inline-block!important;font-size:12px!important;font-weight:700!important;padding:4px 10px!important;border-radius:999px!important;margin:0 6px 6px 0!important;text-decoration:none!important;background:#fffbeb!important;color:#92400e!important;-webkit-text-fill-color:#92400e!important;border:1px solid #fcd34d!important;"">Exercise 2 →</a><span style=""display:inline-block!important;font-size:12px!important;font-weight:700!important;padding:4px 10px!important;border-radius:999px!important;margin:0 6px 6px 0!important;text-decoration:none!important;background:#f1f5f9!important;color:#94a3b8!important;-webkit-text-fill-color:#94a3b8!important;cursor:not-allowed!important;border:1px solid #e2e8f0!important;"" title=""Not built yet"">🔒 Exercise 2</span><a href=""/pages/ap-csa-lesson-2-5-compound-boolean-expressions-debug"" style=""display:inline-block!important;font-size:12px!important;font-weight:700!important;padding:4px 10px!important;border-radius:999px!important;margin:0 6px 6px 0!important;text-decoration:none!important;background:#fffbeb!important;color:#92400e!important;-webkit-text-fill-color:#92400e!important;border:1px solid #fcd34d!important;"">Debug →</a><a href=""/pages/ap-csa-lesson-2-5-compound-boolean-expressions-frq"" style=""display:inline-block!important;font-size:12px!important;font-weight:700!important;padding:4px 10px!important;border-radius:999px!important;margin:0 6px 6px 0!important;text-decoration:none!important;background:#fffbeb!important;color:#92400e!important;-webkit-text-fill-color:#92400e!important;border:1px solid #fcd34d!important;"">FRQ →</a></span>
</div>
<div style=""display:flex!important;align-items:baseline!important;gap:12px!important;flex-wrap:wrap!important;padding:10px 0!important;border-bottom:1px solid #f1f5f9!important;"">
<span style=""font-size:13px!important;font-weight:700!important;color:#92400e!important;-webkit-text-fill-color:#92400e!important;min-width:52px!important;"">2.6</span><span style=""font-size:14px!important;color:#475569!important;-webkit-text-fill-color:#475569!important;flex:1 1 200px!important;"">Comparing Boolean Expressions</span><span style=""flex:0 0 auto!important;""><a href=""/pages/ap-csa-lesson-2-6-comparing-boolean-expressions-exercise-1"" style=""display:inline-block!important;font-size:12px!important;font-weight:700!important;padding:4px 10px!important;border-radius:999px!important;margin:0 6px 6px 0!important;text-decoration:none!important;background:#fffbeb!important;color:#92400e!important;-webkit-text-fill-color:#92400e!important;border:1px solid #fcd34d!important;"">Exercise 1 →</a><a href=""/pages/ap-csa-lesson-2-6-comparing-boolean-expressions-exercise-2"" style=""display:inline-block!important;font-size:12px!important;font-weight:700!important;padding:4px 10px!important;border-radius:999px!important;margin:0 6px 6px 0!important;text-decoration:none!important;background:#fffbeb!important;color:#92400e!important;-webkit-text-fill-color:#92400e!important;border:1px solid #fcd34d!important;"">Exercise 2 →</a><span style=""display:inline-block!important;font-size:12px!important;font-weight:700!important;padding:4px 10px!important;border-radius:999px!important;margin:0 6px 6px 0!important;text-decoration:none!important;background:#f1f5f9!important;color:#94a3b8!important;-webkit-text-fill-color:#94a3b8!important;cursor:not-allowed!important;border:1px solid #e2e8f0!important;"" title=""Not built yet"">🔒 Exercise 2</span><a href=""/pages/ap-csa-lesson-2-6-comparing-boolean-expressions-debug"" style=""display:inline-block!important;font-size:12px!important;font-weight:700!important;padding:4px 10px!important;border-radius:999px!important;margin:0 6px 6px 0!important;text-decoration:none!important;background:#fffbeb!important;color:#92400e!important;-webkit-text-fill-color:#92400e!important;border:1px solid #fcd34d!important;"">Debug →</a><a href=""/pages/ap-csa-lesson-2-6-comparing-boolean-expressions-frq"" style=""display:inline-block!important;font-size:12px!important;font-weight:700!important;padding:4px 10px!important;border-radius:999px!important;margin:0 6px 6px 0!important;text-decoration:none!important;background:#fffbeb!important;color:#92400e!important;-webkit-text-fill-color:#92400e!important;border:1px solid #fcd34d!important;"">FRQ →</a></span>
</div>
<div style=""display:flex!important;align-items:baseline!important;gap:12px!important;flex-wrap:wrap!important;padding:10px 0!important;border-bottom:1px solid #f1f5f9!important;"">
<span style=""font-size:13px!important;font-weight:700!important;color:#92400e!important;-webkit-text-fill-color:#92400e!important;min-width:52px!important;"">2.7</span><span style=""font-size:14px!important;color:#475569!important;-webkit-text-fill-color:#475569!important;flex:1 1 200px!important;"">while Loops</span><span style=""flex:0 0 auto!important;""><a href=""/pages/ap-csa-lesson-2-7-while-loops-exercise-1"" style=""display:inline-block!important;font-size:12px!important;font-weight:700!important;padding:4px 10px!important;border-radius:999px!important;margin:0 6px 6px 0!important;text-decoration:none!important;background:#fffbeb!important;color:#92400e!important;-webkit-text-fill-color:#92400e!important;border:1px solid #fcd34d!important;"">Exercise 1 →</a><a href=""/pages/ap-csa-lesson-2-7-while-loops-exercise-2"" style=""display:inline-block!important;font-size:12px!important;font-weight:700!important;padding:4px 10px!important;border-radius:999px!important;margin:0 6px 6px 0!important;text-decoration:none!important;background:#fffbeb!important;color:#92400e!important;-webkit-text-fill-color:#92400e!important;border:1px solid #fcd34d!important;"">Exercise 2 →</a><span style=""display:inline-block!important;font-size:12px!important;font-weight:700!important;padding:4px 10px!important;border-radius:999px!important;margin:0 6px 6px 0!important;text-decoration:none!important;background:#f1f5f9!important;color:#94a3b8!important;-webkit-text-fill-color:#94a3b8!important;cursor:not-allowed!important;border:1px solid #e2e8f0!important;"" title=""Not built yet"">🔒 Exercise 2</span><a href=""/pages/ap-csa-lesson-2-7-while-loops-debug"" style=""display:inline-block!important;font-size:12px!important;font-weight:700!important;padding:4px 10px!important;border-radius:999px!important;margin:0 6px 6px 0!important;text-decoration:none!important;background:#fffbeb!important;color:#92400e!important;-webkit-text-fill-color:#92400e!important;border:1px solid #fcd34d!important;"">Debug →</a><a href=""/pages/ap-csa-lesson-2-7-while-loops-frq"" style=""display:inline-block!important;font-size:12px!important;font-weight:700!important;padding:4px 10px!important;border-radius:999px!important;margin:0 6px 6px 0!important;text-decoration:none!important;background:#fffbeb!important;color:#92400e!important;-webkit-text-fill-color:#92400e!important;border:1px solid #fcd34d!important;"">FRQ →</a></span>
</div>
<div style=""display:flex!important;align-items:baseline!important;gap:12px!important;flex-wrap:wrap!important;padding:10px 0!important;border-bottom:1px solid #f1f5f9!important;"">
<span style=""font-size:13px!important;font-weight:700!important;color:#92400e!important;-webkit-text-fill-color:#92400e!important;min-width:52px!important;"">2.8</span><span style=""font-size:14px!important;color:#475569!important;-webkit-text-fill-color:#475569!important;flex:1 1 200px!important;"">for Loops</span><span style=""flex:0 0 auto!important;""><a href=""/pages/ap-csa-lesson-2-8-for-loops-exercise-1"" style=""display:inline-block!important;font-size:12px!important;font-weight:700!important;padding:4px 10px!important;border-radius:999px!important;margin:0 6px 6px 0!important;text-decoration:none!important;background:#fffbeb!important;color:#92400e!important;-webkit-text-fill-color:#92400e!important;border:1px solid #fcd34d!important;"">Exercise 1 →</a><a href=""/pages/ap-csa-lesson-2-8-for-loops-exercise-2"" style=""display:inline-block!important;font-size:12px!important;font-weight:700!important;padding:4px 10px!important;border-radius:999px!important;margin:0 6px 6px 0!important;text-decoration:none!important;background:#fffbeb!important;color:#92400e!important;-webkit-text-fill-color:#92400e!important;border:1px solid #fcd34d!important;"">Exercise 2 →</a><span style=""display:inline-block!important;font-size:12px!important;font-weight:700!important;padding:4px 10px!important;border-radius:999px!important;margin:0 6px 6px 0!important;text-decoration:none!important;background:#f1f5f9!important;color:#94a3b8!important;-webkit-text-fill-color:#94a3b8!important;cursor:not-allowed!important;border:1px solid #e2e8f0!important;"" title=""Not built yet"">🔒 Exercise 2</span><a href=""/pages/ap-csa-lesson-2-8-for-loops-debug"" style=""display:inline-block!important;font-size:12px!important;font-weight:700!important;padding:4px 10px!important;border-radius:999px!important;margin:0 6px 6px 0!important;text-decoration:none!important;background:#fffbeb!important;color:#92400e!important;-webkit-text-fill-color:#92400e!important;border:1px solid #fcd34d!important;"">Debug →</a><a href=""/pages/ap-csa-lesson-2-8-for-loops-frq"" style=""display:inline-block!important;font-size:12px!important;font-weight:700!important;padding:4px 10px!important;border-radius:999px!important;margin:0 6px 6px 0!important;text-decoration:none!important;background:#fffbeb!important;color:#92400e!important;-webkit-text-fill-color:#92400e!important;border:1px solid #fcd34d!important;"">FRQ →</a></span>
</div>
<div style=""display:flex!important;align-items:baseline!important;gap:12px!important;flex-wrap:wrap!important;padding:10px 0!important;border-bottom:1px solid #f1f5f9!important;"">
<span style=""font-size:13px!important;font-weight:700!important;color:#92400e!important;-webkit-text-fill-color:#92400e!important;min-width:52px!important;"">2.9</span><span style=""font-size:14px!important;color:#475569!important;-webkit-text-fill-color:#475569!important;flex:1 1 200px!important;"">Implementing Selection and Iteration Algorithms</span><span style=""flex:0 0 auto!important;""><a href=""/pages/ap-csa-lesson-2-9-implementing-selection-iteration-algorithms-exercise-1"" style=""display:inline-block!important;font-size:12px!important;font-weight:700!important;padding:4px 10px!important;border-radius:999px!important;margin:0 6px 6px 0!important;text-decoration:none!important;background:#fffbeb!important;color:#92400e!important;-webkit-text-fill-color:#92400e!important;border:1px solid #fcd34d!important;"">Exercise 1 →</a><a href=""/pages/ap-csa-lesson-2-9-implementing-selection-iteration-algorithms-exercise-2"" style=""display:inline-block!important;font-size:12px!important;font-weight:700!important;padding:4px 10px!important;border-radius:999px!important;margin:0 6px 6px 0!important;text-decoration:none!important;background:#fffbeb!important;color:#92400e!important;-webkit-text-fill-color:#92400e!important;border:1px solid #fcd34d!important;"">Exercise 2 →</a><span style=""display:inline-block!important;font-size:12px!important;font-weight:700!important;padding:4px 10px!important;border-radius:999px!important;margin:0 6px 6px 0!important;text-decoration:none!important;background:#f1f5f9!important;color:#94a3b8!important;-webkit-text-fill-color:#94a3b8!important;cursor:not-allowed!important;border:1px solid #e2e8f0!important;"" title=""Not built yet"">🔒 Exercise 2</span><a href=""/pages/ap-csa-lesson-2-9-implementing-selection-iteration-algorithms-debug"" style=""display:inline-block!important;font-size:12px!important;font-weight:700!important;padding:4px 10px!important;border-radius:999px!important;margin:0 6px 6px 0!important;text-decoration:none!important;background:#fffbeb!important;color:#92400e!important;-webkit-text-fill-color:#92400e!important;border:1px solid #fcd34d!important;"">Debug →</a><a href=""/pages/ap-csa-lesson-2-9-implementing-selection-iteration-algorithms-frq"" style=""display:inline-block!important;font-size:12px!important;font-weight:700!important;padding:4px 10px!important;border-radius:999px!important;margin:0 6px 6px 0!important;text-decoration:none!important;background:#fffbeb!important;color:#92400e!important;-webkit-text-fill-color:#92400e!important;border:1px solid #fcd34d!important;"">FRQ →</a></span>
</div>
<div style=""display:flex!important;align-items:baseline!important;gap:12px!important;flex-wrap:wrap!important;padding:10px 0!important;border-bottom:1px solid #f1f5f9!important;"">
<span style=""font-size:13px!important;font-weight:700!important;color:#92400e!important;-webkit-text-fill-color:#92400e!important;min-width:52px!important;"">2.10</span><span style=""font-size:14px!important;color:#475569!important;-webkit-text-fill-color:#475569!important;flex:1 1 200px!important;"">Implementing String Algorithms</span><span style=""flex:0 0 auto!important;""><a href=""/pages/ap-csa-lesson-2-10-implementing-string-algorithms-exercise-1"" style=""display:inline-block!important;font-size:12px!important;font-weight:700!important;padding:4px 10px!important;border-radius:999px!important;margin:0 6px 6px 0!important;text-decoration:none!important;background:#fffbeb!important;color:#92400e!important;-webkit-text-fill-color:#92400e!important;border:1px solid #fcd34d!important;"">Exercise 1 →</a><a href=""/pages/ap-csa-lesson-2-10-implementing-string-algorithms-exercise-2"" style=""display:inline-block!important;font-size:12px!important;font-weight:700!important;padding:4px 10px!important;border-radius:999px!important;margin:0 6px 6px 0!important;text-decoration:none!important;background:#fffbeb!important;color:#92400e!important;-webkit-text-fill-color:#92400e!important;border:1px solid #fcd34d!important;"">Exercise 2 →</a><span style=""display:inline-block!important;font-size:12px!important;font-weight:700!important;padding:4px 10px!important;border-radius:999px!important;margin:0 6px 6px 0!important;text-decoration:none!important;background:#f1f5f9!important;color:#94a3b8!important;-webkit-text-fill-color:#94a3b8!important;cursor:not-allowed!important;border:1px solid #e2e8f0!important;"" title=""Not built yet"">🔒 Exercise 2</span><a href=""/pages/ap-csa-lesson-2-10-implementing-string-algorithms-debug"" style=""display:inline-block!important;font-size:12px!important;font-weight:700!important;padding:4px 10px!important;border-radius:999px!important;margin:0 6px 6px 0!important;text-decoration:none!important;background:#fffbeb!important;color:#92400e!important;-webkit-text-fill-color:#92400e!important;border:1px solid #fcd34d!important;"">Debug →</a><a href=""/pages/ap-csa-lesson-2-10-implementing-string-algorithms-frq"" style=""display:inline-block!important;font-size:12px!important;font-weight:700!important;padding:4px 10px!important;border-radius:999px!important;margin:0 6px 6px 0!important;text-decoration:none!important;background:#fffbeb!important;color:#92400e!important;-webkit-text-fill-color:#92400e!important;border:1px solid #fcd34d!important;"">FRQ →</a></span>
</div>
<div style=""display:flex!important;align-items:baseline!important;gap:12px!important;flex-wrap:wrap!important;padding:10px 0!important;border-bottom:1px solid #f1f5f9!important;"">
<span style=""font-size:13px!important;font-weight:700!important;color:#92400e!important;-webkit-text-fill-color:#92400e!important;min-width:52px!important;"">2.11</span><span style=""font-size:14px!important;color:#475569!important;-webkit-text-fill-color:#475569!important;flex:1 1 200px!important;"">Nested Iteration</span><span style=""flex:0 0 auto!important;""><a href=""/pages/ap-csa-lesson-2-11-nested-iteration-exercise-1"" style=""display:inline-block!important;font-size:12px!important;font-weight:700!important;padding:4px 10px!important;border-radius:999px!important;margin:0 6px 6px 0!important;text-decoration:none!important;background:#fffbeb!important;color:#92400e!important;-webkit-text-fill-color:#92400e!important;border:1px solid #fcd34d!important;"">Exercise 1 →</a><a href=""/pages/ap-csa-lesson-2-11-nested-iteration-exercise-2"" style=""display:inline-block!important;font-size:12px!important;font-weight:700!important;padding:4px 10px!important;border-radius:999px!important;margin:0 6px 6px 0!important;text-decoration:none!important;background:#fffbeb!important;color:#92400e!important;-webkit-text-fill-color:#92400e!important;border:1px solid #fcd34d!important;"">Exercise 2 →</a><span style=""display:inline-block!important;font-size:12px!important;font-weight:700!important;padding:4px 10px!important;border-radius:999px!important;margin:0 6px 6px 0!important;text-decoration:none!important;background:#f1f5f9!important;color:#94a3b8!important;-webkit-text-fill-color:#94a3b8!important;cursor:not-allowed!important;border:1px solid #e2e8f0!important;"" title=""Not built yet"">🔒 Exercise 2</span><a href=""/pages/ap-csa-lesson-2-11-nested-iteration-debug"" style=""display:inline-block!important;font-size:12px!important;font-weight:700!important;padding:4px 10px!important;border-radius:999px!important;margin:0 6px 6px 0!important;text-decoration:none!important;background:#fffbeb!important;color:#92400e!important;-webkit-text-fill-color:#92400e!important;border:1px solid #fcd34d!important;"">Debug →</a><a href=""/pages/ap-csa-lesson-2-11-nested-iteration-frq"" style=""display:inline-block!important;font-size:12px!important;font-weight:700!important;padding:4px 10px!important;border-radius:999px!important;margin:0 6px 6px 0!important;text-decoration:none!important;background:#fffbeb!important;color:#92400e!important;-webkit-text-fill-color:#92400e!important;border:1px solid #fcd34d!important;"">FRQ →</a></span>
</div>
<div style=""display:flex!important;align-items:baseline!important;gap:12px!important;flex-wrap:wrap!important;padding:10px 0!important;border-bottom:1px solid #f1f5f9!important;"">
<span style=""font-size:13px!important;font-weight:700!important;color:#92400e!important;-webkit-text-fill-color:#92400e!important;min-width:52px!important;"">2.12</span><span style=""font-size:14px!important;color:#475569!important;-webkit-text-fill-color:#475569!important;flex:1 1 200px!important;"">Informal Run-Time Analysis</span><span style=""flex:0 0 auto!important;""><a href=""/pages/ap-csa-lesson-2-12-informal-run-time-analysis-exercise-1"" style=""display:inline-block!important;font-size:12px!important;font-weight:700!important;padding:4px 10px!important;border-radius:999px!important;margin:0 6px 6px 0!important;text-decoration:none!important;background:#fffbeb!important;color:#92400e!important;-webkit-text-fill-color:#92400e!important;border:1px solid #fcd34d!important;"">Exercise 1 →</a><a href=""/pages/ap-csa-lesson-2-12-informal-run-time-analysis-exercise-2"" style=""display:inline-block!important;font-size:12px!important;font-weight:700!important;padding:4px 10px!important;border-radius:999px!important;margin:0 6px 6px 0!important;text-decoration:none!important;background:#fffbeb!important;color:#92400e!important;-webkit-text-fill-color:#92400e!important;border:1px solid #fcd34d!important;"">Exercise 2 →</a><span style=""display:inline-block!important;font-size:12px!important;font-weight:700!important;padding:4px 10px!important;border-radius:999px!important;margin:0 6px 6px 0!important;text-decoration:none!important;background:#f1f5f9!important;color:#94a3b8!important;-webkit-text-fill-color:#94a3b8!important;cursor:not-allowed!important;border:1px solid #e2e8f0!important;"" title=""Not built yet"">🔒 Exercise 2</span><a href=""/pages/ap-csa-lesson-2-12-informal-run-time-analysis-debug"" style=""display:inline-block!important;font-size:12px!important;font-weight:700!important;padding:4px 10px!important;border-radius:999px!important;margin:0 6px 6px 0!important;text-decoration:none!important;background:#fffbeb!important;color:#92400e!important;-webkit-text-fill-color:#92400e!important;border:1px solid #fcd34d!important;"">Debug →</a><a href=""/pages/ap-csa-lesson-2-12-informal-run-time-analysis-frq"" style=""display:inline-block!important;font-size:12px!important;font-weight:700!important;padding:4px 10px!important;border-radius:999px!important;margin:0 6px 6px 0!important;text-decoration:none!important;background:#fffbeb!important;color:#92400e!important;-webkit-text-fill-color:#92400e!important;border:1px solid #fcd34d!important;"">FRQ →</a></span>
</div>
</div>
</div>
<div class=""u2-learn"">
  <div class=""u2-learn-title"">What you’ll learn in Unit 2</div>
  <ul class=""u2-learn-list"">
    <li>Write boolean expressions using relational and logical operators</li>
    <li>Use if, if-else, and if-else-if statements to control program flow</li>
    <li>Build while and for loops to repeat code efficiently</li>
    <li>Implement selection and iteration algorithms (accumulator, counter, sentinel)</li>
    <li>Trace and debug complex control flow including nested structures</li>
  </ul>
</div>
<div class=""u2-resources"">
  <a class=""u2-resource-card"" href=""/pages/ap-csa-exam-prep-hub"">
    <span class=""u2-resource-label"">Hub</span>
    <span class=""u2-resource-name"">AP CSA Exam Prep Hub</span>
    <span class=""u2-resource-desc"">Full practice exams, FRQs, flashcards, and all study tools</span>
  </a>
  <a class=""u2-resource-card"" href=""/pages/ap-csa-test-builder"">
    <span class=""u2-resource-label"">Practice</span>
    <span class=""u2-resource-name"">AP CSA Test Builder</span>
    <span class=""u2-resource-desc"">Filter to Unit 2 topics and build a custom practice exam</span>
  </a>
  <a class=""u2-resource-card"" href=""/pages/unit-2-selection-and-iteration-ultimate-study-guide"">
    <span class=""u2-resource-label"">Study Guide</span>
    <span class=""u2-resource-name"">Unit 2 Complete Study Guide</span>
    <span class=""u2-resource-desc"">Full unit summary — ideal for review and exam-week cramming</span>
  </a>
  <a class=""u2-resource-card"" href=""/pages/ap-computer-science-a-tutor"">
    <span class=""u2-resource-label"">Tutoring</span>
    <span class=""u2-resource-name"">1-on-1 AP CSA Tutoring</span>
    <span class=""u2-resource-desc"">Targeted help from a teacher with a 54.5% score-5 rate</span>
  </a>
</div>

<div class=""u2-cta"">
  <h2>Ready to test yourself?</h2>
  <p>Build a custom Unit 2 practice exam or review all AP CSA study tools.</p>
  <a class=""u2-cta-btn"" href=""/pages/ap-csa-test-builder"">Build a Practice Exam →</a>
</div>

<div class=""u2-units-strip"" style=""margin-bottom:40px!important;"">
  <div class=""u2-section-title"" style=""margin-bottom:12px!important;"">Also in this course</div>
  <div class=""u2-units-grid"">
    <a class=""u2-unit-chip"" href=""/pages/ap-csa-unit-1-course"" style=""background:linear-gradient(135deg,#4c1d95,#7c3aed)!important;"">
      <span class=""u2-unit-chip-num"">Unit 1</span>
      <span class=""u2-unit-chip-name"">Using Objects and Methods</span>
      <span class=""u2-unit-chip-meta"">15 lessons · ~20% of exam</span>
    </a>
    <a class=""u2-unit-chip"" href=""/pages/ap-csa-unit-2-course"" style=""background:linear-gradient(135deg,#1e3a8a,#2563eb)!important;"">
      <span class=""u2-unit-chip-num"">Unit 2</span>
      <span class=""u2-unit-chip-name"">Selection and Iteration</span>
      <span class=""u2-unit-chip-meta"">12 lessons · ~30% of exam</span>
      <span class=""u2-unit-chip-current"">You are here</span>
    </a>
    <a class=""u2-unit-chip"" href=""/pages/ap-csa-unit-3-course"" style=""background:linear-gradient(135deg,#134e4a,#0f766e)!important;"">
      <span class=""u2-unit-chip-num"">Unit 3</span>
      <span class=""u2-unit-chip-name"">Class Creation</span>
      <span class=""u2-unit-chip-meta"">9 lessons · ~14% of exam</span>
    </a>
    <a class=""u2-unit-chip"" href=""/pages/ap-csa-unit-4-course"" style=""background:linear-gradient(135deg,#7c2d12,#c2410c)!important;"">
      <span class=""u2-unit-chip-num"">Unit 4</span>
      <span class=""u2-unit-chip-name"">Data Collections</span>
      <span class=""u2-unit-chip-meta"">17 lessons · ~35% of exam</span>
    </a>
  </div>
</div>

<nav class=""u2-nav"">
  <a class=""u2-nav-link"" href=""/pages/ap-csa-unit-1-course"">← Unit 1: Using Objects and Methods</a>
  <a class=""u2-nav-link"" href=""/pages/ap-csa-unit-3-course"">Unit 3: Class Creation →</a>
</nav>
</div>



<script type=""application/ld+json"">{""@context"":""https://schema.org"",""@type"":""Course"",""name"":""AP CSA Unit 2: Selection and Iteration"",""description"":""12-lesson unit covering boolean expressions, conditional statements, while and for loops, and selection and iteration algorithms. Part of the AP Computer Science A 2025-2026 curriculum."",""provider"":{""@type"":""Organization"",""name"":""APCSExamPrep.com"",""url"":""https://apcsexamprep.com""},""url"":""https://apcsexamprep.com/pages/ap-csa-unit-2-course"",""hasCourseInstance"":{""@type"":""CourseInstance"",""courseMode"":""online""}}</script>
<script type=""application/ld+json"">{""@context"":""https://schema.org"",""@type"":""BreadcrumbList"",""itemListElement"":[{""@type"":""ListItem"",""position"":1,""name"":""AP CSA"",""item"":""https://apcsexamprep.com/pages/ap-csa-exam-prep-hub""},{""@type"":""ListItem"",""position"":2,""name"":""AP CSA Course"",""item"":""https://apcsexamprep.com/pages/ap-csa-course""},{""@type"":""ListItem"",""position"":3,""name"":""Unit 2: Selection and Iteration"",""item"":""https://apcsexamprep.com/pages/ap-csa-unit-2-course""}]}</script>"
"ap-csa-unit-3-course","MERGE","<style>
#u3-hub{font-family:-apple-system,BlinkMacSystemFont,""Segoe UI"",sans-serif!important;max-width:860px!important;margin:0 auto!important;padding:24px 16px!important;}
#u3-hub *{box-sizing:border-box!important;}
.u3-breadcrumb{font-size:13px!important;color:#6b7280!important;-webkit-text-fill-color:#6b7280!important;margin-bottom:24px!important;}
.u3-breadcrumb a{color:#2563eb!important;-webkit-text-fill-color:#2563eb!important;text-decoration:none!important;}
.u3-breadcrumb .sep{margin:0 6px!important;}
.u3-eyebrow{display:inline-block!important;font-size:11px!important;font-weight:700!important;letter-spacing:1.5px!important;text-transform:uppercase!important;color:#7c3aed!important;-webkit-text-fill-color:#7c3aed!important;margin-bottom:8px!important;}
.u3-heading{font-size:32px!important;font-weight:800!important;color:#1e1b4b!important;-webkit-text-fill-color:#1e1b4b!important;margin:0 0 12px!important;line-height:1.2!important;}
.u3-desc{font-size:16px!important;color:#475569!important;-webkit-text-fill-color:#475569!important;line-height:1.6!important;margin-bottom:32px!important;}
.u3-progress-wrap{background:#e5e7eb!important;border-radius:999px!important;height:10px!important;margin-bottom:6px!important;overflow:hidden!important;}
.u3-progress-bar{background:linear-gradient(90deg,#7c3aed,#6b21a8)!important;height:10px!important;border-radius:999px!important;width:100%!important;}
.u3-stats{display:flex!important;gap:24px!important;flex-wrap:wrap!important;margin-bottom:36px!important;padding:20px!important;background:#f8fafc!important;border-radius:12px!important;border:1px solid #e2e8f0!important;}
.u3-stat{text-align:center!important;}
.u3-stat-val{font-size:28px!important;font-weight:800!important;color:#6b21a8!important;-webkit-text-fill-color:#6b21a8!important;display:block!important;}
.u3-stat-label{font-size:12px!important;color:#6b7280!important;-webkit-text-fill-color:#6b7280!important;}
.u3-learn{margin-bottom:36px!important;padding:24px!important;background:#ede9fe!important;border-radius:12px!important;border:1px solid #c4b5fd!important;}
.u3-learn-title{font-size:16px!important;font-weight:700!important;color:#1e1b4b!important;-webkit-text-fill-color:#1e1b4b!important;margin:0 0 14px!important;}
.u3-learn-list{margin:0!important;padding:0!important;list-style:none!important;}
.u3-learn-list li{font-size:15px!important;color:#374151!important;-webkit-text-fill-color:#374151!important;padding:5px 0 5px 22px!important;position:relative!important;line-height:1.5!important;}
.u3-learn-list li::before{content:""\2713""!important;position:absolute!important;left:0!important;color:#7c3aed!important;-webkit-text-fill-color:#7c3aed!important;font-weight:700!important;}
.u3-resources{display:grid!important;grid-template-columns:repeat(2,1fr)!important;gap:12px!important;margin-bottom:40px!important;}
@media(max-width:540px){.u3-resources{grid-template-columns:1fr!important;}}
.u3-resource-card{display:block!important;padding:16px 18px!important;background:#fff!important;border:2px solid #e5e7eb!important;border-radius:10px!important;text-decoration:none!important;}
.u3-resource-card:link,.u3-resource-card:visited{text-decoration:none!important;}
.u3-resource-card:hover{border-color:#6b21a8!important;}
.u3-resource-icon{font-size:22px!important;display:block!important;margin-bottom:6px!important;}
.u3-resource-title{font-size:14px!important;font-weight:700!important;color:#1e1b4b!important;-webkit-text-fill-color:#1e1b4b!important;display:block!important;}
.u3-resource-sub{font-size:12px!important;color:#6b7280!important;-webkit-text-fill-color:#6b7280!important;display:block!important;margin-top:2px!important;}
.u3-section-label{font-size:11px!important;font-weight:700!important;letter-spacing:1.5px!important;text-transform:uppercase!important;color:#7c3aed!important;-webkit-text-fill-color:#7c3aed!important;margin-bottom:12px!important;}
.u3-section-title{font-size:22px!important;font-weight:800!important;color:#1e1b4b!important;-webkit-text-fill-color:#1e1b4b!important;margin:0 0 20px!important;}
.u3-topic-list{display:flex!important;flex-direction:column!important;gap:8px!important;margin-bottom:40px!important;}
.u3-topic-row{display:flex!important;align-items:center!important;gap:12px!important;padding:14px 16px!important;background:#fff!important;border:2px solid #e5e7eb!important;border-radius:10px!important;text-decoration:none!important;}
.u3-topic-link:link,.u3-topic-link:visited{text-decoration:none!important;}
.u3-topic-link:hover{border-color:#7c3aed!important;background:#faf5ff!important;}
.u3-topic-num{font-size:13px!important;font-weight:700!important;color:#7c3aed!important;-webkit-text-fill-color:#7c3aed!important;min-width:28px!important;}
.u3-topic-name{font-size:15px!important;font-weight:600!important;color:#1e1b4b!important;-webkit-text-fill-color:#1e1b4b!important;flex:1!important;}
.u3-topic-badge{font-size:11px!important;font-weight:600!important;padding:2px 8px!important;border-radius:20px!important;white-space:nowrap!important;}
.u3-badge-concept{background:#ede9fe!important;color:#6b21a8!important;-webkit-text-fill-color:#6b21a8!important;}
.u3-badge-code{background:#dbeafe!important;color:#1e40af!important;-webkit-text-fill-color:#1e40af!important;}
.u3-topic-arrow{font-size:18px!important;color:#9ca3af!important;-webkit-text-fill-color:#9ca3af!important;margin-left:auto!important;}
.u3-unit-nav{display:grid!important;grid-template-columns:repeat(4,1fr)!important;gap:10px!important;margin-bottom:40px!important;}
@media(max-width:540px){.u3-unit-nav{grid-template-columns:repeat(2,1fr)!important;}}
.u3-unit-chip{display:block!important;padding:14px 12px!important;border-radius:10px!important;text-decoration:none!important;}
.u3-unit-chip:link,.u3-unit-chip:visited{text-decoration:none!important;}
.u3-nav-row{display:flex!important;justify-content:space-between!important;gap:12px!important;margin-top:40px!important;padding-top:24px!important;border-top:2px solid #e5e7eb!important;}
.u3-nav-btn{display:inline-block!important;padding:10px 20px!important;border-radius:8px!important;font-size:14px!important;font-weight:600!important;text-decoration:none!important;background:#6b21a8!important;color:#fff!important;-webkit-text-fill-color:#fff!important;}
.u3-nav-btn:link,.u3-nav-btn:visited{color:#fff!important;-webkit-text-fill-color:#fff!important;text-decoration:none!important;}
.u3-chip-label-sm{font-size:10px!important;font-weight:700!important;letter-spacing:1px!important;text-transform:uppercase!important;color:rgba(255,255,255,0.8)!important;-webkit-text-fill-color:rgba(255,255,255,0.8)!important;display:block!important;}
.u3-chip-name{font-size:13px!important;font-weight:700!important;color:#fff!important;-webkit-text-fill-color:#fff!important;display:block!important;margin-top:4px!important;}
</style>

<div id=""u3-hub"">

  <nav class=""u3-breadcrumb"">
    <a href=""/pages/ap-csa-exam-prep-hub"">AP CSA</a><span class=""sep"">›</span>
    <a href=""/pages/ap-csa-course"">Full Course</a><span class=""sep"">›</span>
    <span>Unit 3</span>
  </nav>

  <span class=""u3-eyebrow"">Unit 3 of 4  ·  AP CSA 2025–2026 CED</span>
  <h1 class=""u3-heading"">Unit 3: Class Creation</h1>
  <p class=""u3-desc"">Learn to design and build your own Java classes from scratch. This unit covers abstraction, constructors, accessors, mutators, static members, scope, and the <code style=""font-size:15px!important;"">this</code> keyword — the foundation of object-oriented programming on the AP exam. Accounts for 10–18% of the AP exam.</p>

  <div class=""u3-progress-wrap""><div class=""u3-progress-bar""></div></div>
  <p style=""font-size:12px!important;color:#6b7280!important;-webkit-text-fill-color:#6b7280!important;margin:0 0 28px!important;"">9 of 9 lessons live — 100% complete</p>

  <div class=""u3-stats"">
    <div class=""u3-stat"">
<span class=""u3-stat-val"">9</span><span class=""u3-stat-label"">Lessons</span>
</div>
    <div class=""u3-stat"">
<span class=""u3-stat-val"">10–18%</span><span class=""u3-stat-label"">AP Exam Weight</span>
</div>
    <div class=""u3-stat"">
<span class=""u3-stat-val"">108</span><span class=""u3-stat-label"">Practice MCQs</span>
</div>
    <div class=""u3-stat"">
<span class=""u3-stat-val"">36</span><span class=""u3-stat-label"">Mastery MCQs</span>
</div>
    <div class=""u3-stat"">
<span class=""u3-stat-val"">18</span><span class=""u3-stat-label"">Interactive Games</span>
</div>
  </div>

  
<div class=""u3-exercises"" style=""margin-bottom:40px!important;"">
<h2 class=""u3-section-title"">Coding Practice</h2>
<p style=""font-size:14px!important;color:#475569!important;-webkit-text-fill-color:#475569!important;line-height:1.6!important;margin:0 0 14px!important;"">Write real Java in the browser and submit it. Everything here is graded against hidden test cases, and your score reports to your teacher automatically. Exercise 1 is write-it-from-scratch, Debug hands you somebody else's broken attempt to fix, and FRQ is the shape the exam actually asks for. 9 of 9 lessons are open so far; the rest unlock as they are built.</p>
<div style=""background:#fff!important;border:2px solid #e5e7eb!important;border-radius:10px!important;padding:6px 16px!important;"">
<div style=""display:flex!important;align-items:baseline!important;gap:12px!important;flex-wrap:wrap!important;padding:10px 0!important;border-bottom:1px solid #f1f5f9!important;"">
<span style=""font-size:13px!important;font-weight:700!important;color:#92400e!important;-webkit-text-fill-color:#92400e!important;min-width:52px!important;"">3.1</span><span style=""font-size:14px!important;color:#475569!important;-webkit-text-fill-color:#475569!important;flex:1 1 200px!important;"">Abstraction and Program Design</span><span style=""flex:0 0 auto!important;""><a href=""/pages/ap-csa-lesson-3-1-abstraction-and-program-design-exercise-1"" style=""display:inline-block!important;font-size:12px!important;font-weight:700!important;padding:4px 10px!important;border-radius:999px!important;margin:0 6px 6px 0!important;text-decoration:none!important;background:#fffbeb!important;color:#92400e!important;-webkit-text-fill-color:#92400e!important;border:1px solid #fcd34d!important;"">Exercise 1 →</a><a href=""/pages/ap-csa-lesson-3-1-abstraction-and-program-design-exercise-2"" style=""display:inline-block!important;font-size:12px!important;font-weight:700!important;padding:4px 10px!important;border-radius:999px!important;margin:0 6px 6px 0!important;text-decoration:none!important;background:#fffbeb!important;color:#92400e!important;-webkit-text-fill-color:#92400e!important;border:1px solid #fcd34d!important;"">Exercise 2 →</a><span style=""display:inline-block!important;font-size:12px!important;font-weight:700!important;padding:4px 10px!important;border-radius:999px!important;margin:0 6px 6px 0!important;text-decoration:none!important;background:#f1f5f9!important;color:#94a3b8!important;-webkit-text-fill-color:#94a3b8!important;cursor:not-allowed!important;border:1px solid #e2e8f0!important;"" title=""Not built yet"">🔒 Exercise 2</span><a href=""/pages/ap-csa-lesson-3-1-abstraction-and-program-design-debug"" style=""display:inline-block!important;font-size:12px!important;font-weight:700!important;padding:4px 10px!important;border-radius:999px!important;margin:0 6px 6px 0!important;text-decoration:none!important;background:#fffbeb!important;color:#92400e!important;-webkit-text-fill-color:#92400e!important;border:1px solid #fcd34d!important;"">Debug →</a><a href=""/pages/ap-csa-lesson-3-1-abstraction-and-program-design-frq"" style=""display:inline-block!important;font-size:12px!important;font-weight:700!important;padding:4px 10px!important;border-radius:999px!important;margin:0 6px 6px 0!important;text-decoration:none!important;background:#fffbeb!important;color:#92400e!important;-webkit-text-fill-color:#92400e!important;border:1px solid #fcd34d!important;"">FRQ →</a></span>
</div>
<div style=""display:flex!important;align-items:baseline!important;gap:12px!important;flex-wrap:wrap!important;padding:10px 0!important;border-bottom:1px solid #f1f5f9!important;"">
<span style=""font-size:13px!important;font-weight:700!important;color:#92400e!important;-webkit-text-fill-color:#92400e!important;min-width:52px!important;"">3.2</span><span style=""font-size:14px!important;color:#475569!important;-webkit-text-fill-color:#475569!important;flex:1 1 200px!important;"">Impact of Program Design</span><span style=""flex:0 0 auto!important;""><a href=""/pages/ap-csa-lesson-3-2-impact-of-program-design-exercise-1"" style=""display:inline-block!important;font-size:12px!important;font-weight:700!important;padding:4px 10px!important;border-radius:999px!important;margin:0 6px 6px 0!important;text-decoration:none!important;background:#fffbeb!important;color:#92400e!important;-webkit-text-fill-color:#92400e!important;border:1px solid #fcd34d!important;"">Exercise 1 →</a><a href=""/pages/ap-csa-lesson-3-2-impact-of-program-design-exercise-2"" style=""display:inline-block!important;font-size:12px!important;font-weight:700!important;padding:4px 10px!important;border-radius:999px!important;margin:0 6px 6px 0!important;text-decoration:none!important;background:#fffbeb!important;color:#92400e!important;-webkit-text-fill-color:#92400e!important;border:1px solid #fcd34d!important;"">Exercise 2 →</a><span style=""display:inline-block!important;font-size:12px!important;font-weight:700!important;padding:4px 10px!important;border-radius:999px!important;margin:0 6px 6px 0!important;text-decoration:none!important;background:#f1f5f9!important;color:#94a3b8!important;-webkit-text-fill-color:#94a3b8!important;cursor:not-allowed!important;border:1px solid #e2e8f0!important;"" title=""Not built yet"">🔒 Exercise 2</span><a href=""/pages/ap-csa-lesson-3-2-impact-of-program-design-debug"" style=""display:inline-block!important;font-size:12px!important;font-weight:700!important;padding:4px 10px!important;border-radius:999px!important;margin:0 6px 6px 0!important;text-decoration:none!important;background:#fffbeb!important;color:#92400e!important;-webkit-text-fill-color:#92400e!important;border:1px solid #fcd34d!important;"">Debug →</a><a href=""/pages/ap-csa-lesson-3-2-impact-of-program-design-frq"" style=""display:inline-block!important;font-size:12px!important;font-weight:700!important;padding:4px 10px!important;border-radius:999px!important;margin:0 6px 6px 0!important;text-decoration:none!important;background:#fffbeb!important;color:#92400e!important;-webkit-text-fill-color:#92400e!important;border:1px solid #fcd34d!important;"">FRQ →</a></span>
</div>
<div style=""display:flex!important;align-items:baseline!important;gap:12px!important;flex-wrap:wrap!important;padding:10px 0!important;border-bottom:1px solid #f1f5f9!important;"">
<span style=""font-size:13px!important;font-weight:700!important;color:#92400e!important;-webkit-text-fill-color:#92400e!important;min-width:52px!important;"">3.3</span><span style=""font-size:14px!important;color:#475569!important;-webkit-text-fill-color:#475569!important;flex:1 1 200px!important;"">Anatomy of a Class</span><span style=""flex:0 0 auto!important;""><a href=""/pages/ap-csa-lesson-3-3-anatomy-of-a-class-exercise-1"" style=""display:inline-block!important;font-size:12px!important;font-weight:700!important;padding:4px 10px!important;border-radius:999px!important;margin:0 6px 6px 0!important;text-decoration:none!important;background:#fffbeb!important;color:#92400e!important;-webkit-text-fill-color:#92400e!important;border:1px solid #fcd34d!important;"">Exercise 1 →</a><a href=""/pages/ap-csa-lesson-3-3-anatomy-of-a-class-exercise-2"" style=""display:inline-block!important;font-size:12px!important;font-weight:700!important;padding:4px 10px!important;border-radius:999px!important;margin:0 6px 6px 0!important;text-decoration:none!important;background:#fffbeb!important;color:#92400e!important;-webkit-text-fill-color:#92400e!important;border:1px solid #fcd34d!important;"">Exercise 2 →</a><span style=""display:inline-block!important;font-size:12px!important;font-weight:700!important;padding:4px 10px!important;border-radius:999px!important;margin:0 6px 6px 0!important;text-decoration:none!important;background:#f1f5f9!important;color:#94a3b8!important;-webkit-text-fill-color:#94a3b8!important;cursor:not-allowed!important;border:1px solid #e2e8f0!important;"" title=""Not built yet"">🔒 Exercise 2</span><a href=""/pages/ap-csa-lesson-3-3-anatomy-of-a-class-debug"" style=""display:inline-block!important;font-size:12px!important;font-weight:700!important;padding:4px 10px!important;border-radius:999px!important;margin:0 6px 6px 0!important;text-decoration:none!important;background:#fffbeb!important;color:#92400e!important;-webkit-text-fill-color:#92400e!important;border:1px solid #fcd34d!important;"">Debug →</a><a href=""/pages/ap-csa-lesson-3-3-anatomy-of-a-class-frq"" style=""display:inline-block!important;font-size:12px!important;font-weight:700!important;padding:4px 10px!important;border-radius:999px!important;margin:0 6px 6px 0!important;text-decoration:none!important;background:#fffbeb!important;color:#92400e!important;-webkit-text-fill-color:#92400e!important;border:1px solid #fcd34d!important;"">FRQ →</a></span>
</div>
<div style=""display:flex!important;align-items:baseline!important;gap:12px!important;flex-wrap:wrap!important;padding:10px 0!important;border-bottom:1px solid #f1f5f9!important;"">
<span style=""font-size:13px!important;font-weight:700!important;color:#92400e!important;-webkit-text-fill-color:#92400e!important;min-width:52px!important;"">3.4</span><span style=""font-size:14px!important;color:#475569!important;-webkit-text-fill-color:#475569!important;flex:1 1 200px!important;"">Constructors</span><span style=""flex:0 0 auto!important;""><a href=""/pages/ap-csa-lesson-3-4-constructors-exercise-1"" style=""display:inline-block!important;font-size:12px!important;font-weight:700!important;padding:4px 10px!important;border-radius:999px!important;margin:0 6px 6px 0!important;text-decoration:none!important;background:#fffbeb!important;color:#92400e!important;-webkit-text-fill-color:#92400e!important;border:1px solid #fcd34d!important;"">Exercise 1 →</a><a href=""/pages/ap-csa-lesson-3-4-constructors-exercise-2"" style=""display:inline-block!important;font-size:12px!important;font-weight:700!important;padding:4px 10px!important;border-radius:999px!important;margin:0 6px 6px 0!important;text-decoration:none!important;background:#fffbeb!important;color:#92400e!important;-webkit-text-fill-color:#92400e!important;border:1px solid #fcd34d!important;"">Exercise 2 →</a><span style=""display:inline-block!important;font-size:12px!important;font-weight:700!important;padding:4px 10px!important;border-radius:999px!important;margin:0 6px 6px 0!important;text-decoration:none!important;background:#f1f5f9!important;color:#94a3b8!important;-webkit-text-fill-color:#94a3b8!important;cursor:not-allowed!important;border:1px solid #e2e8f0!important;"" title=""Not built yet"">🔒 Exercise 2</span><a href=""/pages/ap-csa-lesson-3-4-constructors-debug"" style=""display:inline-block!important;font-size:12px!important;font-weight:700!important;padding:4px 10px!important;border-radius:999px!important;margin:0 6px 6px 0!important;text-decoration:none!important;background:#fffbeb!important;color:#92400e!important;-webkit-text-fill-color:#92400e!important;border:1px solid #fcd34d!important;"">Debug →</a><a href=""/pages/ap-csa-lesson-3-4-constructors-frq"" style=""display:inline-block!important;font-size:12px!important;font-weight:700!important;padding:4px 10px!important;border-radius:999px!important;margin:0 6px 6px 0!important;text-decoration:none!important;background:#fffbeb!important;color:#92400e!important;-webkit-text-fill-color:#92400e!important;border:1px solid #fcd34d!important;"">FRQ →</a></span>
</div>
<div style=""display:flex!important;align-items:baseline!important;gap:12px!important;flex-wrap:wrap!important;padding:10px 0!important;border-bottom:1px solid #f1f5f9!important;"">
<span style=""font-size:13px!important;font-weight:700!important;color:#92400e!important;-webkit-text-fill-color:#92400e!important;min-width:52px!important;"">3.5</span><span style=""font-size:14px!important;color:#475569!important;-webkit-text-fill-color:#475569!important;flex:1 1 200px!important;"">Methods: How to Write Them</span><span style=""flex:0 0 auto!important;""><a href=""/pages/ap-csa-lesson-3-5-methods-how-to-write-them-exercise-1"" style=""display:inline-block!important;font-size:12px!important;font-weight:700!important;padding:4px 10px!important;border-radius:999px!important;margin:0 6px 6px 0!important;text-decoration:none!important;background:#fffbeb!important;color:#92400e!important;-webkit-text-fill-color:#92400e!important;border:1px solid #fcd34d!important;"">Exercise 1 →</a><a href=""/pages/ap-csa-lesson-3-5-methods-how-to-write-them-exercise-2"" style=""display:inline-block!important;font-size:12px!important;font-weight:700!important;padding:4px 10px!important;border-radius:999px!important;margin:0 6px 6px 0!important;text-decoration:none!important;background:#fffbeb!important;color:#92400e!important;-webkit-text-fill-color:#92400e!important;border:1px solid #fcd34d!important;"">Exercise 2 →</a><span style=""display:inline-block!important;font-size:12px!important;font-weight:700!important;padding:4px 10px!important;border-radius:999px!important;margin:0 6px 6px 0!important;text-decoration:none!important;background:#f1f5f9!important;color:#94a3b8!important;-webkit-text-fill-color:#94a3b8!important;cursor:not-allowed!important;border:1px solid #e2e8f0!important;"" title=""Not built yet"">🔒 Exercise 2</span><a href=""/pages/ap-csa-lesson-3-5-methods-how-to-write-them-debug"" style=""display:inline-block!important;font-size:12px!important;font-weight:700!important;padding:4px 10px!important;border-radius:999px!important;margin:0 6px 6px 0!important;text-decoration:none!important;background:#fffbeb!important;color:#92400e!important;-webkit-text-fill-color:#92400e!important;border:1px solid #fcd34d!important;"">Debug →</a><a href=""/pages/ap-csa-lesson-3-5-methods-how-to-write-them-frq"" style=""display:inline-block!important;font-size:12px!important;font-weight:700!important;padding:4px 10px!important;border-radius:999px!important;margin:0 6px 6px 0!important;text-decoration:none!important;background:#fffbeb!important;color:#92400e!important;-webkit-text-fill-color:#92400e!important;border:1px solid #fcd34d!important;"">FRQ →</a></span>
</div>
<div style=""display:flex!important;align-items:baseline!important;gap:12px!important;flex-wrap:wrap!important;padding:10px 0!important;border-bottom:1px solid #f1f5f9!important;"">
<span style=""font-size:13px!important;font-weight:700!important;color:#92400e!important;-webkit-text-fill-color:#92400e!important;min-width:52px!important;"">3.6</span><span style=""font-size:14px!important;color:#475569!important;-webkit-text-fill-color:#475569!important;flex:1 1 200px!important;"">Methods: Passing and Returning Object References</span><span style=""flex:0 0 auto!important;""><a href=""/pages/ap-csa-lesson-3-6-methods-passing-returning-object-references-exercise-1"" style=""display:inline-block!important;font-size:12px!important;font-weight:700!important;padding:4px 10px!important;border-radius:999px!important;margin:0 6px 6px 0!important;text-decoration:none!important;background:#fffbeb!important;color:#92400e!important;-webkit-text-fill-color:#92400e!important;border:1px solid #fcd34d!important;"">Exercise 1 →</a><a href=""/pages/ap-csa-lesson-3-6-methods-passing-returning-object-references-exercise-2"" style=""display:inline-block!important;font-size:12px!important;font-weight:700!important;padding:4px 10px!important;border-radius:999px!important;margin:0 6px 6px 0!important;text-decoration:none!important;background:#fffbeb!important;color:#92400e!important;-webkit-text-fill-color:#92400e!important;border:1px solid #fcd34d!important;"">Exercise 2 →</a><span style=""display:inline-block!important;font-size:12px!important;font-weight:700!important;padding:4px 10px!important;border-radius:999px!important;margin:0 6px 6px 0!important;text-decoration:none!important;background:#f1f5f9!important;color:#94a3b8!important;-webkit-text-fill-color:#94a3b8!important;cursor:not-allowed!important;border:1px solid #e2e8f0!important;"" title=""Not built yet"">🔒 Exercise 2</span><a href=""/pages/ap-csa-lesson-3-6-methods-passing-returning-object-references-debug"" style=""display:inline-block!important;font-size:12px!important;font-weight:700!important;padding:4px 10px!important;border-radius:999px!important;margin:0 6px 6px 0!important;text-decoration:none!important;background:#fffbeb!important;color:#92400e!important;-webkit-text-fill-color:#92400e!important;border:1px solid #fcd34d!important;"">Debug →</a><a href=""/pages/ap-csa-lesson-3-6-methods-passing-returning-object-references-frq"" style=""display:inline-block!important;font-size:12px!important;font-weight:700!important;padding:4px 10px!important;border-radius:999px!important;margin:0 6px 6px 0!important;text-decoration:none!important;background:#fffbeb!important;color:#92400e!important;-webkit-text-fill-color:#92400e!important;border:1px solid #fcd34d!important;"">FRQ →</a></span>
</div>
<div style=""display:flex!important;align-items:baseline!important;gap:12px!important;flex-wrap:wrap!important;padding:10px 0!important;border-bottom:1px solid #f1f5f9!important;"">
<span style=""font-size:13px!important;font-weight:700!important;color:#92400e!important;-webkit-text-fill-color:#92400e!important;min-width:52px!important;"">3.7</span><span style=""font-size:14px!important;color:#475569!important;-webkit-text-fill-color:#475569!important;flex:1 1 200px!important;"">Class Variables and Methods</span><span style=""flex:0 0 auto!important;""><a href=""/pages/ap-csa-lesson-3-7-class-variables-and-methods-exercise-1"" style=""display:inline-block!important;font-size:12px!important;font-weight:700!important;padding:4px 10px!important;border-radius:999px!important;margin:0 6px 6px 0!important;text-decoration:none!important;background:#fffbeb!important;color:#92400e!important;-webkit-text-fill-color:#92400e!important;border:1px solid #fcd34d!important;"">Exercise 1 →</a><a href=""/pages/ap-csa-lesson-3-7-class-variables-and-methods-exercise-2"" style=""display:inline-block!important;font-size:12px!important;font-weight:700!important;padding:4px 10px!important;border-radius:999px!important;margin:0 6px 6px 0!important;text-decoration:none!important;background:#fffbeb!important;color:#92400e!important;-webkit-text-fill-color:#92400e!important;border:1px solid #fcd34d!important;"">Exercise 2 →</a><span style=""display:inline-block!important;font-size:12px!important;font-weight:700!important;padding:4px 10px!important;border-radius:999px!important;margin:0 6px 6px 0!important;text-decoration:none!important;background:#f1f5f9!important;color:#94a3b8!important;-webkit-text-fill-color:#94a3b8!important;cursor:not-allowed!important;border:1px solid #e2e8f0!important;"" title=""Not built yet"">🔒 Exercise 2</span><a href=""/pages/ap-csa-lesson-3-7-class-variables-and-methods-debug"" style=""display:inline-block!important;font-size:12px!important;font-weight:700!important;padding:4px 10px!important;border-radius:999px!important;margin:0 6px 6px 0!important;text-decoration:none!important;background:#fffbeb!important;color:#92400e!important;-webkit-text-fill-color:#92400e!important;border:1px solid #fcd34d!important;"">Debug →</a><a href=""/pages/ap-csa-lesson-3-7-class-variables-and-methods-frq"" style=""display:inline-block!important;font-size:12px!important;font-weight:700!important;padding:4px 10px!important;border-radius:999px!important;margin:0 6px 6px 0!important;text-decoration:none!important;background:#fffbeb!important;color:#92400e!important;-webkit-text-fill-color:#92400e!important;border:1px solid #fcd34d!important;"">FRQ →</a></span>
</div>
<div style=""display:flex!important;align-items:baseline!important;gap:12px!important;flex-wrap:wrap!important;padding:10px 0!important;border-bottom:1px solid #f1f5f9!important;"">
<span style=""font-size:13px!important;font-weight:700!important;color:#92400e!important;-webkit-text-fill-color:#92400e!important;min-width:52px!important;"">3.8</span><span style=""font-size:14px!important;color:#475569!important;-webkit-text-fill-color:#475569!important;flex:1 1 200px!important;"">Scope and Access</span><span style=""flex:0 0 auto!important;""><a href=""/pages/ap-csa-lesson-3-8-scope-and-access-exercise-1"" style=""display:inline-block!important;font-size:12px!important;font-weight:700!important;padding:4px 10px!important;border-radius:999px!important;margin:0 6px 6px 0!important;text-decoration:none!important;background:#fffbeb!important;color:#92400e!important;-webkit-text-fill-color:#92400e!important;border:1px solid #fcd34d!important;"">Exercise 1 →</a><a href=""/pages/ap-csa-lesson-3-8-scope-and-access-exercise-2"" style=""display:inline-block!important;font-size:12px!important;font-weight:700!important;padding:4px 10px!important;border-radius:999px!important;margin:0 6px 6px 0!important;text-decoration:none!important;background:#fffbeb!important;color:#92400e!important;-webkit-text-fill-color:#92400e!important;border:1px solid #fcd34d!important;"">Exercise 2 →</a><span style=""display:inline-block!important;font-size:12px!important;font-weight:700!important;padding:4px 10px!important;border-radius:999px!important;margin:0 6px 6px 0!important;text-decoration:none!important;background:#f1f5f9!important;color:#94a3b8!important;-webkit-text-fill-color:#94a3b8!important;cursor:not-allowed!important;border:1px solid #e2e8f0!important;"" title=""Not built yet"">🔒 Exercise 2</span><a href=""/pages/ap-csa-lesson-3-8-scope-and-access-debug"" style=""display:inline-block!important;font-size:12px!important;font-weight:700!important;padding:4px 10px!important;border-radius:999px!important;margin:0 6px 6px 0!important;text-decoration:none!important;background:#fffbeb!important;color:#92400e!important;-webkit-text-fill-color:#92400e!important;border:1px solid #fcd34d!important;"">Debug →</a><a href=""/pages/ap-csa-lesson-3-8-scope-and-access-frq"" style=""display:inline-block!important;font-size:12px!important;font-weight:700!important;padding:4px 10px!important;border-radius:999px!important;margin:0 6px 6px 0!important;text-decoration:none!important;background:#fffbeb!important;color:#92400e!important;-webkit-text-fill-color:#92400e!important;border:1px solid #fcd34d!important;"">FRQ →</a></span>
</div>
<div style=""display:flex!important;align-items:baseline!important;gap:12px!important;flex-wrap:wrap!important;padding:10px 0!important;border-bottom:1px solid #f1f5f9!important;"">
<span style=""font-size:13px!important;font-weight:700!important;color:#92400e!important;-webkit-text-fill-color:#92400e!important;min-width:52px!important;"">3.9</span><span style=""font-size:14px!important;color:#475569!important;-webkit-text-fill-color:#475569!important;flex:1 1 200px!important;"">The this Keyword</span><span style=""flex:0 0 auto!important;""><a href=""/pages/ap-csa-lesson-3-9-this-keyword-exercise-1"" style=""display:inline-block!important;font-size:12px!important;font-weight:700!important;padding:4px 10px!important;border-radius:999px!important;margin:0 6px 6px 0!important;text-decoration:none!important;background:#fffbeb!important;color:#92400e!important;-webkit-text-fill-color:#92400e!important;border:1px solid #fcd34d!important;"">Exercise 1 →</a><a href=""/pages/ap-csa-lesson-3-9-this-keyword-exercise-2"" style=""display:inline-block!important;font-size:12px!important;font-weight:700!important;padding:4px 10px!important;border-radius:999px!important;margin:0 6px 6px 0!important;text-decoration:none!important;background:#fffbeb!important;color:#92400e!important;-webkit-text-fill-color:#92400e!important;border:1px solid #fcd34d!important;"">Exercise 2 →</a><span style=""display:inline-block!important;font-size:12px!important;font-weight:700!important;padding:4px 10px!important;border-radius:999px!important;margin:0 6px 6px 0!important;text-decoration:none!important;background:#f1f5f9!important;color:#94a3b8!important;-webkit-text-fill-color:#94a3b8!important;cursor:not-allowed!important;border:1px solid #e2e8f0!important;"" title=""Not built yet"">🔒 Exercise 2</span><a href=""/pages/ap-csa-lesson-3-9-this-keyword-debug"" style=""display:inline-block!important;font-size:12px!important;font-weight:700!important;padding:4px 10px!important;border-radius:999px!important;margin:0 6px 6px 0!important;text-decoration:none!important;background:#fffbeb!important;color:#92400e!important;-webkit-text-fill-color:#92400e!important;border:1px solid #fcd34d!important;"">Debug →</a><a href=""/pages/ap-csa-lesson-3-9-this-keyword-frq"" style=""display:inline-block!important;font-size:12px!important;font-weight:700!important;padding:4px 10px!important;border-radius:999px!important;margin:0 6px 6px 0!important;text-decoration:none!important;background:#fffbeb!important;color:#92400e!important;-webkit-text-fill-color:#92400e!important;border:1px solid #fcd34d!important;"">FRQ →</a></span>
</div>
</div>
</div>
<div class=""u3-learn"">
    <div class=""u3-learn-title"">What You'll Master in Unit 3</div>
    <ul class=""u3-learn-list"">
      <li>Apply abstraction to identify the right attributes and behaviors for any class</li>
      <li>Write constructors, accessors, and mutators following AP exam conventions</li>
      <li>Explain pass-by-value for primitives vs. reference semantics for objects</li>
      <li>Use static variables and methods correctly (and avoid the classic compile errors)</li>
      <li>Resolve variable shadowing with <code>this</code> in constructors and methods</li>
      <li>Predict output and spot bugs in class-design code</li>
    </ul>
  </div>

  <div class=""u3-resources"">
    <a class=""u3-resource-card"" href=""/pages/ap-csa-unit-3-class-creation-study-guide"">
      <span class=""u3-resource-icon"">📖</span>
      <span class=""u3-resource-title"">Unit 3 Study Guide</span>
      <span class=""u3-resource-sub"">Complete reference &amp; review</span>
    </a>
    <a class=""u3-resource-card"" href=""/pages/ap-csa-unit-3-practice-exam"">
      <span class=""u3-resource-icon"">📝</span>
      <span class=""u3-resource-title"">Unit 3 Practice Exam</span>
      <span class=""u3-resource-sub"">Full timed MCQ test</span>
    </a>
    <a class=""u3-resource-card"" href=""/pages/ap-csa-test-builder"">
      <span class=""u3-resource-icon"">⚙</span>
      <span class=""u3-resource-title"">Test Builder</span>
      <span class=""u3-resource-sub"">Custom quizzes from 586 questions</span>
    </a>
    <a class=""u3-resource-card"" href=""/pages/ap-computer-science-a-tutor"">
      <span class=""u3-resource-icon"">👩​🏫</span>
      <span class=""u3-resource-title"">1-on-1 Tutoring</span>
      <span class=""u3-resource-sub"">Live help from Tanner Crow</span>
    </a>
  </div>

  <div class=""u3-section-label"">Lessons</div>
  <h2 class=""u3-section-title"">All 9 Lessons — Start Anywhere</h2>

  <div class=""u3-topic-list"">
  <a class=""u3-topic-row u3-topic-link"" href=""/pages/ap-csa-lesson-3-1-abstraction-and-program-design"">
    <span class=""u3-topic-num"">3.1</span>
    <span class=""u3-topic-name"">Abstraction and Program Design</span>
    <span class=""u3-topic-badge u3-badge-concept"">Conceptual</span>
    <span class=""u3-topic-arrow"">›</span>
  </a>
  <a class=""u3-topic-row u3-topic-link"" href=""/pages/ap-csa-lesson-3-2-impact-of-program-design"">
    <span class=""u3-topic-num"">3.2</span>
    <span class=""u3-topic-name"">Impact of Program Design</span>
    <span class=""u3-topic-badge u3-badge-concept"">Conceptual</span>
    <span class=""u3-topic-arrow"">›</span>
  </a>
  <a class=""u3-topic-row u3-topic-link"" href=""/pages/ap-csa-lesson-3-3-anatomy-of-a-class"">
    <span class=""u3-topic-num"">3.3</span>
    <span class=""u3-topic-name"">Anatomy of a Class</span>
    <span class=""u3-topic-badge u3-badge-code"">Code Mechanics</span>
    <span class=""u3-topic-arrow"">›</span>
  </a>
  <a class=""u3-topic-row u3-topic-link"" href=""/pages/ap-csa-lesson-3-4-constructors"">
    <span class=""u3-topic-num"">3.4</span>
    <span class=""u3-topic-name"">Constructors</span>
    <span class=""u3-topic-badge u3-badge-code"">Code Mechanics</span>
    <span class=""u3-topic-arrow"">›</span>
  </a>
  <a class=""u3-topic-row u3-topic-link"" href=""/pages/ap-csa-lesson-3-5-methods-how-to-write-them"">
    <span class=""u3-topic-num"">3.5</span>
    <span class=""u3-topic-name"">Methods: How to Write Them</span>
    <span class=""u3-topic-badge u3-badge-code"">Code Mechanics</span>
    <span class=""u3-topic-arrow"">›</span>
  </a>
  <a class=""u3-topic-row u3-topic-link"" href=""/pages/ap-csa-lesson-3-6-methods-passing-returning-object-references"">
    <span class=""u3-topic-num"">3.6</span>
    <span class=""u3-topic-name"">Methods: Passing and Returning Object References</span>
    <span class=""u3-topic-badge u3-badge-code"">Code Mechanics</span>
    <span class=""u3-topic-arrow"">›</span>
  </a>
  <a class=""u3-topic-row u3-topic-link"" href=""/pages/ap-csa-lesson-3-7-class-variables-and-methods"">
    <span class=""u3-topic-num"">3.7</span>
    <span class=""u3-topic-name"">Class Variables and Methods</span>
    <span class=""u3-topic-badge u3-badge-code"">Code Mechanics</span>
    <span class=""u3-topic-arrow"">›</span>
  </a>
  <a class=""u3-topic-row u3-topic-link"" href=""/pages/ap-csa-lesson-3-8-scope-and-access"">
    <span class=""u3-topic-num"">3.8</span>
    <span class=""u3-topic-name"">Scope and Access</span>
    <span class=""u3-topic-badge u3-badge-code"">Code Mechanics</span>
    <span class=""u3-topic-arrow"">›</span>
  </a>
  <a class=""u3-topic-row u3-topic-link"" href=""/pages/ap-csa-lesson-3-9-this-keyword"">
    <span class=""u3-topic-num"">3.9</span>
    <span class=""u3-topic-name"">The this Keyword</span>
    <span class=""u3-topic-badge u3-badge-code"">Code Mechanics</span>
    <span class=""u3-topic-arrow"">›</span>
  </a>
  </div>

  <div class=""u3-section-label"" style=""margin-top:40px!important;"">Navigate the Course</div>
  <div class=""u3-unit-nav"">
    <a class=""u3-unit-chip"" href=""/pages/ap-csa-unit-1-course"" style=""background:linear-gradient(135deg,#4c1d95,#7c3aed)!important;"">
      <span class=""u3-chip-label-sm"">Unit 1</span>
      <span class=""u3-chip-name"">Using Objects</span>
    </a>
    <a class=""u3-unit-chip"" href=""/pages/ap-csa-unit-2-course"" style=""background:linear-gradient(135deg,#1e3a8a,#2563eb)!important;"">
      <span class=""u3-chip-label-sm"">Unit 2</span>
      <span class=""u3-chip-name"">Selection &amp; Iteration</span>
    </a>
    <a class=""u3-unit-chip"" href=""/pages/ap-csa-unit-3-course"" style=""background:linear-gradient(135deg,#065f46,#059669)!important;"">
      <span class=""u3-chip-label-sm"">Unit 3 ✓</span>
      <span class=""u3-chip-name"">Class Creation</span>
    </a>
    <a class=""u3-unit-chip"" href=""/pages/ap-csa-unit-4-course"" style=""background:linear-gradient(135deg,#7c2d12,#ea580c)!important;"">
      <span class=""u3-chip-label-sm"">Unit 4</span>
      <span class=""u3-chip-name"">Data Collections</span>
    </a>
  </div>

  <div class=""u3-nav-row"">
    <a class=""u3-nav-btn"" href=""/pages/ap-csa-unit-2-course"" style=""background:#e5e7eb!important;color:#1e1b4b!important;-webkit-text-fill-color:#1e1b4b!important;"">← Unit 2</a>
    <a class=""u3-nav-btn"" href=""/pages/ap-csa-unit-4-course"">Unit 4 →</a>
  </div>

</div>"
"ap-csa-unit-4-course","MERGE","<style>
#u4-hub { font-family: -apple-system, BlinkMacSystemFont, ""Segoe UI"", sans-serif !important; max-width: 860px !important; margin: 0 auto !important; padding: 24px 16px !important; }
#u4-hub * { box-sizing: border-box !important; }
.u4-breadcrumb { font-size: 13px !important; color: #6b7280 !important; -webkit-text-fill-color: #6b7280 !important; margin-bottom: 24px !important; }
.u4-breadcrumb a { color: #2563eb !important; -webkit-text-fill-color: #2563eb !important; text-decoration: none !important; }
.u4-breadcrumb .sep { margin: 0 6px !important; }
.u4-eyebrow { display: inline-block !important; font-size: 11px !important; font-weight: 700 !important; letter-spacing: 1.5px !important; text-transform: uppercase !important; color: #c2410c !important; -webkit-text-fill-color: #c2410c !important; margin-bottom: 8px !important; }
.u4-heading { font-size: 32px !important; font-weight: 800 !important; color: #1e1b4b !important; -webkit-text-fill-color: #1e1b4b !important; background: none !important; margin: 0 0 12px !important; line-height: 1.2 !important; }
.u4-desc { font-size: 16px !important; color: #475569 !important; -webkit-text-fill-color: #475569 !important; line-height: 1.6 !important; margin-bottom: 32px !important; }
.u4-stats { display: flex !important; gap: 24px !important; flex-wrap: wrap !important; margin-bottom: 36px !important; padding: 20px !important; background: #fff7ed !important; border-radius: 12px !important; border: 1px solid #fed7aa !important; }
.u4-stat { text-align: center !important; }
.u4-stat-val { font-size: 28px !important; font-weight: 800 !important; color: #c2410c !important; -webkit-text-fill-color: #c2410c !important; display: block !important; }
.u4-stat-label { font-size: 12px !important; color: #6b7280 !important; -webkit-text-fill-color: #6b7280 !important; }
.u4-learn { margin-bottom: 36px !important; padding: 24px !important; background: #fff7ed !important; border-radius: 12px !important; border-left: 4px solid #c2410c !important; }
.u4-learn-title { font-size: 16px !important; font-weight: 700 !important; color: #1e1b4b !important; -webkit-text-fill-color: #1e1b4b !important; margin: 0 0 14px !important; }
.u4-learn-list { margin: 0 !important; padding: 0 !important; list-style: none !important; }
.u4-learn-list li { font-size: 15px !important; color: #374151 !important; -webkit-text-fill-color: #374151 !important; padding: 5px 0 5px 22px !important; position: relative !important; line-height: 1.5 !important; }
.u4-learn-list li::before { content: ""✓"" !important; position: absolute !important; left: 0 !important; color: #c2410c !important; -webkit-text-fill-color: #c2410c !important; font-weight: 700 !important; }
.u4-resources { display: grid !important; grid-template-columns: repeat(2, 1fr) !important; gap: 12px !important; margin-bottom: 40px !important; }
@media (max-width: 540px) { .u4-resources { grid-template-columns: 1fr !important; } }
.u4-resource-card { display: block !important; padding: 16px 18px !important; background: #fff !important; border: 2px solid #e5e7eb !important; border-radius: 10px !important; text-decoration: none !important; }
.u4-resource-card:link, .u4-resource-card:visited { text-decoration: none !important; }
.u4-resource-card:hover { border-color: #c2410c !important; }
.u4-resource-label { font-size: 10px !important; font-weight: 700 !important; letter-spacing: 1.2px !important; text-transform: uppercase !important; color: #c2410c !important; -webkit-text-fill-color: #c2410c !important; display: block !important; margin-bottom: 4px !important; }
.u4-resource-name { font-size: 14px !important; font-weight: 700 !important; color: #1e1b4b !important; -webkit-text-fill-color: #1e1b4b !important; display: block !important; margin-bottom: 4px !important; line-height: 1.3 !important; }
.u4-resource-desc { font-size: 12px !important; color: #6b7280 !important; -webkit-text-fill-color: #6b7280 !important; display: block !important; }
.u4-section-title { font-size: 20px !important; font-weight: 700 !important; color: #1e1b4b !important; -webkit-text-fill-color: #1e1b4b !important; margin: 0 0 16px !important; }
.u4-grid { display: grid !important; grid-template-columns: 1fr !important; gap: 12px !important; margin-bottom: 48px !important; }
@media (min-width: 600px) { .u4-grid { grid-template-columns: repeat(2, 1fr) !important; } }
@media (min-width: 900px) { .u4-grid { grid-template-columns: repeat(3, 1fr) !important; } }
.u4-lesson-card { display: block !important; padding: 16px !important; background: #fff !important; border: 2px solid #e5e7eb !important; border-radius: 10px !important; text-decoration: none !important; transition: border-color 0.15s !important; }
.u4-lesson-card:hover { border-color: #c2410c !important; }
.u4-lesson-card:link, .u4-lesson-card:visited { text-decoration: none !important; }
.u4-lesson-card.coming-soon { opacity: 0.55 !important; cursor: default !important; pointer-events: none !important; }
.u4-lesson-num { font-size: 11px !important; font-weight: 700 !important; letter-spacing: 1px !important; text-transform: uppercase !important; color: #c2410c !important; -webkit-text-fill-color: #c2410c !important; margin-bottom: 6px !important; }
.u4-lesson-title { font-size: 15px !important; font-weight: 600 !important; color: #1e1b4b !important; -webkit-text-fill-color: #1e1b4b !important; line-height: 1.4 !important; margin-bottom: 10px !important; }
.u4-lesson-meta { display: flex !important; align-items: center !important; gap: 8px !important; flex-wrap: wrap !important; }
.u4-lesson-type { font-size: 11px !important; font-weight: 600 !important; color: #fff !important; -webkit-text-fill-color: #fff !important; padding: 2px 8px !important; border-radius: 999px !important; }
.u4-units-strip { margin-bottom: 40px !important; }
.u4-units-grid { display: grid !important; grid-template-columns: repeat(2, 1fr) !important; gap: 10px !important; }
@media (min-width: 700px) { .u4-units-grid { grid-template-columns: repeat(4, 1fr) !important; } }
.u4-unit-chip { display: block !important; padding: 14px 12px !important; border-radius: 10px !important; text-decoration: none !important; }
.u4-unit-chip:link, .u4-unit-chip:visited { text-decoration: none !important; }
.u4-unit-chip-num { font-size: 10px !important; font-weight: 700 !important; letter-spacing: 1px !important; text-transform: uppercase !important; color: rgba(255,255,255,0.8) !important; -webkit-text-fill-color: rgba(255,255,255,0.8) !important; display: block !important; margin-bottom: 4px !important; }
.u4-unit-chip-name { font-size: 13px !important; font-weight: 700 !important; color: #fff !important; -webkit-text-fill-color: #fff !important; display: block !important; line-height: 1.3 !important; margin-bottom: 6px !important; }
.u4-unit-chip-meta { font-size: 11px !important; color: rgba(255,255,255,0.75) !important; -webkit-text-fill-color: rgba(255,255,255,0.75) !important; display: block !important; }
.u4-unit-chip-current { font-size: 10px !important; font-weight: 700 !important; background: rgba(255,255,255,0.25) !important; color: #fff !important; -webkit-text-fill-color: #fff !important; padding: 1px 7px !important; border-radius: 999px !important; display: inline-block !important; margin-top: 4px !important; }
.u4-cta { background: linear-gradient(135deg, #7c2d12 0%, #c2410c 100%) !important; border-radius: 16px !important; padding: 32px !important; text-align: center !important; margin-bottom: 32px !important; }
.u4-cta h2 { color: #fff !important; -webkit-text-fill-color: #fff !important; font-size: 22px !important; font-weight: 700 !important; margin: 0 0 8px !important; }
.u4-cta p { color: #fed7aa !important; -webkit-text-fill-color: #fed7aa !important; margin: 0 0 20px !important; font-size: 15px !important; }
.u4-cta-btn { display: inline-block !important; background: #fff !important; color: #c2410c !important; -webkit-text-fill-color: #c2410c !important; font-weight: 700 !important; font-size: 15px !important; padding: 12px 28px !important; border-radius: 8px !important; text-decoration: none !important; }
.u4-cta-btn:link, .u4-cta-btn:visited { color: #c2410c !important; -webkit-text-fill-color: #c2410c !important; }
.u4-nav { display: flex !important; justify-content: space-between !important; align-items: center !important; padding-top: 24px !important; border-top: 1px solid #e5e7eb !important; }
.u4-nav-link { font-size: 14px !important; font-weight: 600 !important; color: #2563eb !important; -webkit-text-fill-color: #2563eb !important; text-decoration: none !important; }
</style>

<div id=""u4-hub"">

<nav class=""u4-breadcrumb"">
  <a href=""/pages/ap-csa-exam-prep-hub"">AP CSA</a>
  <span class=""sep"">›</span>
  <a href=""/pages/ap-csa-course"">Course</a>
  <span class=""sep"">›</span>
  <span>Unit 4: Data Collections</span>
</nav>

<span class=""u4-eyebrow"">AP CSA · Unit 4 · 17 Lessons</span>
<h1 class=""u4-heading"" style=""color:#1e1b4b!important;-webkit-text-fill-color:#1e1b4b!important;"">Unit 4: Data Collections</h1>
<p class=""u4-desc"">The largest and most heavily tested unit on the AP exam. Master arrays, ArrayLists, 2D arrays, searching, sorting, and recursion — plus the ethical and practical foundations of working with real data sets. Unit 4 is 30–40% of your AP score.</p>

<div class=""u4-stats"">
  <div class=""u4-stat"">
    <span class=""u4-stat-val"">17</span>
    <span class=""u4-stat-label"">Lessons</span>
  </div>
  <div class=""u4-stat"">
    <span class=""u4-stat-val"">30–40%</span>
    <span class=""u4-stat-label"">AP Exam Weight</span>
  </div>
  <div class=""u4-stat"">
    <span class=""u4-stat-val"">170+</span>
    <span class=""u4-stat-label"">Practice Questions</span>
  </div>
  <div class=""u4-stat"">
    <span class=""u4-stat-val"">FRQ 3 &amp; 4</span>
    <span class=""u4-stat-label"">Covers These FRQs</span>
  </div>
</div>

<h2 class=""u4-section-title"">All 17 Lessons</h2>
<div class=""u4-grid"">

  <a class=""u4-lesson-card"" href=""/pages/ap-csa-lesson-4-1-ethical-social-issues-data-collection"">
    <div class=""u4-lesson-num"">Lesson 4.1</div>
    <div class=""u4-lesson-title"">Ethical and Social Issues Around Data Collection</div>
    <div class=""u4-lesson-meta"">
      <span class=""u4-lesson-type"" style=""background:#0369a1!important;"">Conceptual</span>
    </div>
  </a>

  <a class=""u4-lesson-card"" href=""/pages/ap-csa-lesson-4-2-introduction-to-using-data-sets"">
    <div class=""u4-lesson-num"">Lesson 4.2</div>
    <div class=""u4-lesson-title"">Introduction to Using Data Sets</div>
    <div class=""u4-lesson-meta"">
      <span class=""u4-lesson-type"" style=""background:#0369a1!important;"">Conceptual</span>
    </div>
  </a>

  <a class=""u4-lesson-card"" href=""/pages/ap-csa-lesson-4-3-array-creation-and-access"">
    <div class=""u4-lesson-num"">Lesson 4.3</div>
    <div class=""u4-lesson-title"">Array Creation and Access</div>
    <div class=""u4-lesson-meta"">
      <span class=""u4-lesson-type"" style=""background:#c2410c!important;"">Code Mechanics</span>
    </div>
  </a>

  <a class=""u4-lesson-card"" href=""/pages/ap-csa-lesson-4-4-traversing-arrays"">
    <div class=""u4-lesson-num"">Lesson 4.4</div>
    <div class=""u4-lesson-title"">Traversing Arrays</div>
    <div class=""u4-lesson-meta"">
      <span class=""u4-lesson-type"" style=""background:#c2410c!important;"">Code Mechanics</span>
    </div>
  </a>

  <a class=""u4-lesson-card"" href=""/pages/ap-csa-lesson-4-5-algorithms-with-arrays"">
    <div class=""u4-lesson-num"">Lesson 4.5</div>
    <div class=""u4-lesson-title"">Algorithms with Arrays</div>
    <div class=""u4-lesson-meta"">
      <span class=""u4-lesson-type"" style=""background:#c2410c!important;"">Code Mechanics</span>
    </div>
  </a>

  <a class=""u4-lesson-card"" href=""/pages/ap-csa-lesson-4-6-using-text-files"">
    <div class=""u4-lesson-num"">Lesson 4.6</div>
    <div class=""u4-lesson-title"">Using Text Files</div>
    <div class=""u4-lesson-meta"">
      <span class=""u4-lesson-type"" style=""background:#c2410c!important;"">Code Mechanics</span>
    </div>
  </a>

  <a class=""u4-lesson-card"" href=""/pages/ap-csa-lesson-4-7-wrapper-classes"">
    <div class=""u4-lesson-num"">Lesson 4.7</div>
    <div class=""u4-lesson-title"">Wrapper Classes</div>
    <div class=""u4-lesson-meta"">
      <span class=""u4-lesson-type"" style=""background:#c2410c!important;"">Code Mechanics</span>
    </div>
  </a>

  <a class=""u4-lesson-card"" href=""/pages/ap-csa-lesson-4-8-arraylist-methods"">
    <div class=""u4-lesson-num"">Lesson 4.8</div>
    <div class=""u4-lesson-title"">ArrayList Methods</div>
    <div class=""u4-lesson-meta"">
      <span class=""u4-lesson-type"" style=""background:#c2410c!important;"">Code Mechanics</span>
    </div>
  </a>

  <a class=""u4-lesson-card"" href=""/pages/ap-csa-lesson-4-9-traversing-arraylists"">
    <div class=""u4-lesson-num"">Lesson 4.9</div>
    <div class=""u4-lesson-title"">Traversing ArrayLists</div>
    <div class=""u4-lesson-meta"">
      <span class=""u4-lesson-type"" style=""background:#c2410c!important;"">Code Mechanics</span>
    </div>
  </a>

  <a class=""u4-lesson-card"" href=""/pages/ap-csa-lesson-4-10-algorithms-with-arraylists"">
    <div class=""u4-lesson-num"">Lesson 4.10</div>
    <div class=""u4-lesson-title"">Algorithms with ArrayLists</div>
    <div class=""u4-lesson-meta"">
      <span class=""u4-lesson-type"" style=""background:#c2410c!important;"">Code Mechanics</span>
    </div>
  </a>

  <a class=""u4-lesson-card"" href=""/pages/ap-csa-lesson-4-11-2d-array-creation-and-access"">
    <div class=""u4-lesson-num"">Lesson 4.11</div>
    <div class=""u4-lesson-title"">2D Array Creation and Access</div>
    <div class=""u4-lesson-meta"">
      <span class=""u4-lesson-type"" style=""background:#c2410c!important;"">Code Mechanics</span>
    </div>
  </a>

  <a class=""u4-lesson-card"" href=""/pages/ap-csa-lesson-4-12-traversing-2d-arrays"">
    <div class=""u4-lesson-num"">Lesson 4.12</div>
    <div class=""u4-lesson-title"">Traversing 2D Arrays</div>
    <div class=""u4-lesson-meta"">
      <span class=""u4-lesson-type"" style=""background:#c2410c!important;"">Code Mechanics</span>
    </div>
  </a>

  <a class=""u4-lesson-card"" href=""/pages/ap-csa-lesson-4-13-implementing-2d-array-algorithms"">
    <div class=""u4-lesson-num"">Lesson 4.13</div>
    <div class=""u4-lesson-title"">Implementing 2D Array Algorithms</div>
    <div class=""u4-lesson-meta"">
      <span class=""u4-lesson-type"" style=""background:#c2410c!important;"">Code Mechanics</span>
    </div>
  </a>

  <a class=""u4-lesson-card"" href=""/pages/ap-csa-lesson-4-14-searching-algorithms"">
    <div class=""u4-lesson-num"">Lesson 4.14</div>
    <div class=""u4-lesson-title"">Searching Algorithms</div>
    <div class=""u4-lesson-meta"">
      <span class=""u4-lesson-type"" style=""background:#c2410c!important;"">Code Mechanics</span>
    </div>
  </a>

  <a class=""u4-lesson-card"" href=""/pages/ap-csa-lesson-4-15-sorting-algorithms"">
    <div class=""u4-lesson-num"">Lesson 4.15</div>
    <div class=""u4-lesson-title"">Sorting Algorithms</div>
    <div class=""u4-lesson-meta"">
      <span class=""u4-lesson-type"" style=""background:#c2410c!important;"">Code Mechanics</span>
    </div>
  </a>

  <a class=""u4-lesson-card"" href=""/pages/ap-csa-lesson-4-16-recursion"">
    <div class=""u4-lesson-num"">Lesson 4.16</div>
    <div class=""u4-lesson-title"">Recursion</div>
    <div class=""u4-lesson-meta"">
      <span class=""u4-lesson-type"" style=""background:#c2410c!important;"">Code Mechanics</span>
    </div>
  </a>

  <a class=""u4-lesson-card"" href=""/pages/ap-csa-lesson-4-17-recursive-searching-and-sorting"">
    <div class=""u4-lesson-num"">Lesson 4.17</div>
    <div class=""u4-lesson-title"">Recursive Searching and Sorting</div>
    <div class=""u4-lesson-meta"">
      <span class=""u4-lesson-type"" style=""background:#c2410c!important;"">Code Mechanics</span>
    </div>
  </a>

</div>


<div class=""u4-exercises"" style=""margin-bottom:40px!important;"">
<h2 class=""u4-section-title"">Coding Practice</h2>
<p style=""font-size:14px!important;color:#475569!important;-webkit-text-fill-color:#475569!important;line-height:1.6!important;margin:0 0 14px!important;"">Write real Java in the browser and submit it. Everything here is graded against hidden test cases, and your score reports to your teacher automatically. Exercise 1 is write-it-from-scratch, Debug hands you somebody else's broken attempt to fix, and FRQ is the shape the exam actually asks for. 17 of 17 lessons are open so far; the rest unlock as they are built.</p>
<div style=""background:#fff!important;border:2px solid #e5e7eb!important;border-radius:10px!important;padding:6px 16px!important;"">
<div style=""display:flex!important;align-items:baseline!important;gap:12px!important;flex-wrap:wrap!important;padding:10px 0!important;border-bottom:1px solid #f1f5f9!important;"">
<span style=""font-size:13px!important;font-weight:700!important;color:#92400e!important;-webkit-text-fill-color:#92400e!important;min-width:52px!important;"">4.1</span><span style=""font-size:14px!important;color:#475569!important;-webkit-text-fill-color:#475569!important;flex:1 1 200px!important;"">Ethical and Social Issues Around Data Collection</span><span style=""flex:0 0 auto!important;""><a href=""/pages/ap-csa-lesson-4-1-ethical-social-issues-data-collection-exercise-1"" style=""display:inline-block!important;font-size:12px!important;font-weight:700!important;padding:4px 10px!important;border-radius:999px!important;margin:0 6px 6px 0!important;text-decoration:none!important;background:#fffbeb!important;color:#92400e!important;-webkit-text-fill-color:#92400e!important;border:1px solid #fcd34d!important;"">Exercise 1 →</a><a href=""/pages/ap-csa-lesson-4-1-ethical-social-issues-data-collection-exercise-2"" style=""display:inline-block!important;font-size:12px!important;font-weight:700!important;padding:4px 10px!important;border-radius:999px!important;margin:0 6px 6px 0!important;text-decoration:none!important;background:#fffbeb!important;color:#92400e!important;-webkit-text-fill-color:#92400e!important;border:1px solid #fcd34d!important;"">Exercise 2 →</a><span style=""display:inline-block!important;font-size:12px!important;font-weight:700!important;padding:4px 10px!important;border-radius:999px!important;margin:0 6px 6px 0!important;text-decoration:none!important;background:#f1f5f9!important;color:#94a3b8!important;-webkit-text-fill-color:#94a3b8!important;cursor:not-allowed!important;border:1px solid #e2e8f0!important;"" title=""Not built yet"">🔒 Exercise 2</span><a href=""/pages/ap-csa-lesson-4-1-ethical-social-issues-data-collection-debug"" style=""display:inline-block!important;font-size:12px!important;font-weight:700!important;padding:4px 10px!important;border-radius:999px!important;margin:0 6px 6px 0!important;text-decoration:none!important;background:#fffbeb!important;color:#92400e!important;-webkit-text-fill-color:#92400e!important;border:1px solid #fcd34d!important;"">Debug →</a><a href=""/pages/ap-csa-lesson-4-1-ethical-social-issues-data-collection-frq"" style=""display:inline-block!important;font-size:12px!important;font-weight:700!important;padding:4px 10px!important;border-radius:999px!important;margin:0 6px 6px 0!important;text-decoration:none!important;background:#fffbeb!important;color:#92400e!important;-webkit-text-fill-color:#92400e!important;border:1px solid #fcd34d!important;"">FRQ →</a></span>
</div>
<div style=""display:flex!important;align-items:baseline!important;gap:12px!important;flex-wrap:wrap!important;padding:10px 0!important;border-bottom:1px solid #f1f5f9!important;"">
<span style=""font-size:13px!important;font-weight:700!important;color:#92400e!important;-webkit-text-fill-color:#92400e!important;min-width:52px!important;"">4.2</span><span style=""font-size:14px!important;color:#475569!important;-webkit-text-fill-color:#475569!important;flex:1 1 200px!important;"">Introduction to Using Data Sets</span><span style=""flex:0 0 auto!important;""><a href=""/pages/ap-csa-lesson-4-2-introduction-to-using-data-sets-exercise-1"" style=""display:inline-block!important;font-size:12px!important;font-weight:700!important;padding:4px 10px!important;border-radius:999px!important;margin:0 6px 6px 0!important;text-decoration:none!important;background:#fffbeb!important;color:#92400e!important;-webkit-text-fill-color:#92400e!important;border:1px solid #fcd34d!important;"">Exercise 1 →</a><a href=""/pages/ap-csa-lesson-4-2-introduction-to-using-data-sets-exercise-2"" style=""display:inline-block!important;font-size:12px!important;font-weight:700!important;padding:4px 10px!important;border-radius:999px!important;margin:0 6px 6px 0!important;text-decoration:none!important;background:#fffbeb!important;color:#92400e!important;-webkit-text-fill-color:#92400e!important;border:1px solid #fcd34d!important;"">Exercise 2 →</a><span style=""display:inline-block!important;font-size:12px!important;font-weight:700!important;padding:4px 10px!important;border-radius:999px!important;margin:0 6px 6px 0!important;text-decoration:none!important;background:#f1f5f9!important;color:#94a3b8!important;-webkit-text-fill-color:#94a3b8!important;cursor:not-allowed!important;border:1px solid #e2e8f0!important;"" title=""Not built yet"">🔒 Exercise 2</span><a href=""/pages/ap-csa-lesson-4-2-introduction-to-using-data-sets-debug"" style=""display:inline-block!important;font-size:12px!important;font-weight:700!important;padding:4px 10px!important;border-radius:999px!important;margin:0 6px 6px 0!important;text-decoration:none!important;background:#fffbeb!important;color:#92400e!important;-webkit-text-fill-color:#92400e!important;border:1px solid #fcd34d!important;"">Debug →</a><a href=""/pages/ap-csa-lesson-4-2-introduction-to-using-data-sets-frq"" style=""display:inline-block!important;font-size:12px!important;font-weight:700!important;padding:4px 10px!important;border-radius:999px!important;margin:0 6px 6px 0!important;text-decoration:none!important;background:#fffbeb!important;color:#92400e!important;-webkit-text-fill-color:#92400e!important;border:1px solid #fcd34d!important;"">FRQ →</a></span>
</div>
<div style=""display:flex!important;align-items:baseline!important;gap:12px!important;flex-wrap:wrap!important;padding:10px 0!important;border-bottom:1px solid #f1f5f9!important;"">
<span style=""font-size:13px!important;font-weight:700!important;color:#92400e!important;-webkit-text-fill-color:#92400e!important;min-width:52px!important;"">4.3</span><span style=""font-size:14px!important;color:#475569!important;-webkit-text-fill-color:#475569!important;flex:1 1 200px!important;"">Array Creation and Access</span><span style=""flex:0 0 auto!important;""><a href=""/pages/ap-csa-lesson-4-3-array-creation-and-access-exercise-1"" style=""display:inline-block!important;font-size:12px!important;font-weight:700!important;padding:4px 10px!important;border-radius:999px!important;margin:0 6px 6px 0!important;text-decoration:none!important;background:#fffbeb!important;color:#92400e!important;-webkit-text-fill-color:#92400e!important;border:1px solid #fcd34d!important;"">Exercise 1 →</a><a href=""/pages/ap-csa-lesson-4-3-array-creation-and-access-exercise-2"" style=""display:inline-block!important;font-size:12px!important;font-weight:700!important;padding:4px 10px!important;border-radius:999px!important;margin:0 6px 6px 0!important;text-decoration:none!important;background:#fffbeb!important;color:#92400e!important;-webkit-text-fill-color:#92400e!important;border:1px solid #fcd34d!important;"">Exercise 2 →</a><span style=""display:inline-block!important;font-size:12px!important;font-weight:700!important;padding:4px 10px!important;border-radius:999px!important;margin:0 6px 6px 0!important;text-decoration:none!important;background:#f1f5f9!important;color:#94a3b8!important;-webkit-text-fill-color:#94a3b8!important;cursor:not-allowed!important;border:1px solid #e2e8f0!important;"" title=""Not built yet"">🔒 Exercise 2</span><a href=""/pages/ap-csa-lesson-4-3-array-creation-and-access-debug"" style=""display:inline-block!important;font-size:12px!important;font-weight:700!important;padding:4px 10px!important;border-radius:999px!important;margin:0 6px 6px 0!important;text-decoration:none!important;background:#fffbeb!important;color:#92400e!important;-webkit-text-fill-color:#92400e!important;border:1px solid #fcd34d!important;"">Debug →</a><a href=""/pages/ap-csa-lesson-4-3-array-creation-and-access-frq"" style=""display:inline-block!important;font-size:12px!important;font-weight:700!important;padding:4px 10px!important;border-radius:999px!important;margin:0 6px 6px 0!important;text-decoration:none!important;background:#fffbeb!important;color:#92400e!important;-webkit-text-fill-color:#92400e!important;border:1px solid #fcd34d!important;"">FRQ →</a></span>
</div>
<div style=""display:flex!important;align-items:baseline!important;gap:12px!important;flex-wrap:wrap!important;padding:10px 0!important;border-bottom:1px solid #f1f5f9!important;"">
<span style=""font-size:13px!important;font-weight:700!important;color:#92400e!important;-webkit-text-fill-color:#92400e!important;min-width:52px!important;"">4.4</span><span style=""font-size:14px!important;color:#475569!important;-webkit-text-fill-color:#475569!important;flex:1 1 200px!important;"">Traversing Arrays</span><span style=""flex:0 0 auto!important;""><a href=""/pages/ap-csa-lesson-4-4-traversing-arrays-exercise-1"" style=""display:inline-block!important;font-size:12px!important;font-weight:700!important;padding:4px 10px!important;border-radius:999px!important;margin:0 6px 6px 0!important;text-decoration:none!important;background:#fffbeb!important;color:#92400e!important;-webkit-text-fill-color:#92400e!important;border:1px solid #fcd34d!important;"">Exercise 1 →</a><a href=""/pages/ap-csa-lesson-4-4-traversing-arrays-exercise-2"" style=""display:inline-block!important;font-size:12px!important;font-weight:700!important;padding:4px 10px!important;border-radius:999px!important;margin:0 6px 6px 0!important;text-decoration:none!important;background:#fffbeb!important;color:#92400e!important;-webkit-text-fill-color:#92400e!important;border:1px solid #fcd34d!important;"">Exercise 2 →</a><span style=""display:inline-block!important;font-size:12px!important;font-weight:700!important;padding:4px 10px!important;border-radius:999px!important;margin:0 6px 6px 0!important;text-decoration:none!important;background:#f1f5f9!important;color:#94a3b8!important;-webkit-text-fill-color:#94a3b8!important;cursor:not-allowed!important;border:1px solid #e2e8f0!important;"" title=""Not built yet"">🔒 Exercise 2</span><a href=""/pages/ap-csa-lesson-4-4-traversing-arrays-debug"" style=""display:inline-block!important;font-size:12px!important;font-weight:700!important;padding:4px 10px!important;border-radius:999px!important;margin:0 6px 6px 0!important;text-decoration:none!important;background:#fffbeb!important;color:#92400e!important;-webkit-text-fill-color:#92400e!important;border:1px solid #fcd34d!important;"">Debug →</a><a href=""/pages/ap-csa-lesson-4-4-traversing-arrays-frq"" style=""display:inline-block!important;font-size:12px!important;font-weight:700!important;padding:4px 10px!important;border-radius:999px!important;margin:0 6px 6px 0!important;text-decoration:none!important;background:#fffbeb!important;color:#92400e!important;-webkit-text-fill-color:#92400e!important;border:1px solid #fcd34d!important;"">FRQ →</a></span>
</div>
<div style=""display:flex!important;align-items:baseline!important;gap:12px!important;flex-wrap:wrap!important;padding:10px 0!important;border-bottom:1px solid #f1f5f9!important;"">
<span style=""font-size:13px!important;font-weight:700!important;color:#92400e!important;-webkit-text-fill-color:#92400e!important;min-width:52px!important;"">4.5</span><span style=""font-size:14px!important;color:#475569!important;-webkit-text-fill-color:#475569!important;flex:1 1 200px!important;"">Algorithms with Arrays</span><span style=""flex:0 0 auto!important;""><a href=""/pages/ap-csa-lesson-4-5-algorithms-with-arrays-exercise-1"" style=""display:inline-block!important;font-size:12px!important;font-weight:700!important;padding:4px 10px!important;border-radius:999px!important;margin:0 6px 6px 0!important;text-decoration:none!important;background:#fffbeb!important;color:#92400e!important;-webkit-text-fill-color:#92400e!important;border:1px solid #fcd34d!important;"">Exercise 1 →</a><a href=""/pages/ap-csa-lesson-4-5-algorithms-with-arrays-exercise-2"" style=""display:inline-block!important;font-size:12px!important;font-weight:700!important;padding:4px 10px!important;border-radius:999px!important;margin:0 6px 6px 0!important;text-decoration:none!important;background:#fffbeb!important;color:#92400e!important;-webkit-text-fill-color:#92400e!important;border:1px solid #fcd34d!important;"">Exercise 2 →</a><span style=""display:inline-block!important;font-size:12px!important;font-weight:700!important;padding:4px 10px!important;border-radius:999px!important;margin:0 6px 6px 0!important;text-decoration:none!important;background:#f1f5f9!important;color:#94a3b8!important;-webkit-text-fill-color:#94a3b8!important;cursor:not-allowed!important;border:1px solid #e2e8f0!important;"" title=""Not built yet"">🔒 Exercise 2</span><a href=""/pages/ap-csa-lesson-4-5-algorithms-with-arrays-debug"" style=""display:inline-block!important;font-size:12px!important;font-weight:700!important;padding:4px 10px!important;border-radius:999px!important;margin:0 6px 6px 0!important;text-decoration:none!important;background:#fffbeb!important;color:#92400e!important;-webkit-text-fill-color:#92400e!important;border:1px solid #fcd34d!important;"">Debug →</a><a href=""/pages/ap-csa-lesson-4-5-algorithms-with-arrays-frq"" style=""display:inline-block!important;font-size:12px!important;font-weight:700!important;padding:4px 10px!important;border-radius:999px!important;margin:0 6px 6px 0!important;text-decoration:none!important;background:#fffbeb!important;color:#92400e!important;-webkit-text-fill-color:#92400e!important;border:1px solid #fcd34d!important;"">FRQ →</a></span>
</div>
<div style=""display:flex!important;align-items:baseline!important;gap:12px!important;flex-wrap:wrap!important;padding:10px 0!important;border-bottom:1px solid #f1f5f9!important;"">
<span style=""font-size:13px!important;font-weight:700!important;color:#92400e!important;-webkit-text-fill-color:#92400e!important;min-width:52px!important;"">4.6</span><span style=""font-size:14px!important;color:#475569!important;-webkit-text-fill-color:#475569!important;flex:1 1 200px!important;"">Using Text Files</span><span style=""flex:0 0 auto!important;""><a href=""/pages/ap-csa-lesson-4-6-using-text-files-exercise-1"" style=""display:inline-block!important;font-size:12px!important;font-weight:700!important;padding:4px 10px!important;border-radius:999px!important;margin:0 6px 6px 0!important;text-decoration:none!important;background:#fffbeb!important;color:#92400e!important;-webkit-text-fill-color:#92400e!important;border:1px solid #fcd34d!important;"">Exercise 1 →</a><a href=""/pages/ap-csa-lesson-4-6-using-text-files-exercise-2"" style=""display:inline-block!important;font-size:12px!important;font-weight:700!important;padding:4px 10px!important;border-radius:999px!important;margin:0 6px 6px 0!important;text-decoration:none!important;background:#fffbeb!important;color:#92400e!important;-webkit-text-fill-color:#92400e!important;border:1px solid #fcd34d!important;"">Exercise 2 →</a><a href=""/pages/ap-csa-lesson-4-6-using-text-files-debug"" style=""display:inline-block!important;font-size:12px!important;font-weight:700!important;padding:4px 10px!important;border-radius:999px!important;margin:0 6px 6px 0!important;text-decoration:none!important;background:#fffbeb!important;color:#92400e!important;-webkit-text-fill-color:#92400e!important;border:1px solid #fcd34d!important;"">Debug →</a><a href=""/pages/ap-csa-lesson-4-6-using-text-files-frq"" style=""display:inline-block!important;font-size:12px!important;font-weight:700!important;padding:4px 10px!important;border-radius:999px!important;margin:0 6px 6px 0!important;text-decoration:none!important;background:#fffbeb!important;color:#92400e!important;-webkit-text-fill-color:#92400e!important;border:1px solid #fcd34d!important;"">FRQ →</a></span>
</div>
<div style=""display:flex!important;align-items:baseline!important;gap:12px!important;flex-wrap:wrap!important;padding:10px 0!important;border-bottom:1px solid #f1f5f9!important;"">
<span style=""font-size:13px!important;font-weight:700!important;color:#92400e!important;-webkit-text-fill-color:#92400e!important;min-width:52px!important;"">4.7</span><span style=""font-size:14px!important;color:#475569!important;-webkit-text-fill-color:#475569!important;flex:1 1 200px!important;"">Wrapper Classes</span><span style=""flex:0 0 auto!important;""><a href=""/pages/ap-csa-lesson-4-7-wrapper-classes-exercise-1"" style=""display:inline-block!important;font-size:12px!important;font-weight:700!important;padding:4px 10px!important;border-radius:999px!important;margin:0 6px 6px 0!important;text-decoration:none!important;background:#fffbeb!important;color:#92400e!important;-webkit-text-fill-color:#92400e!important;border:1px solid #fcd34d!important;"">Exercise 1 →</a><a href=""/pages/ap-csa-lesson-4-7-wrapper-classes-exercise-2"" style=""display:inline-block!important;font-size:12px!important;font-weight:700!important;padding:4px 10px!important;border-radius:999px!important;margin:0 6px 6px 0!important;text-decoration:none!important;background:#fffbeb!important;color:#92400e!important;-webkit-text-fill-color:#92400e!important;border:1px solid #fcd34d!important;"">Exercise 2 →</a><a href=""/pages/ap-csa-lesson-4-7-wrapper-classes-debug"" style=""display:inline-block!important;font-size:12px!important;font-weight:700!important;padding:4px 10px!important;border-radius:999px!important;margin:0 6px 6px 0!important;text-decoration:none!important;background:#fffbeb!important;color:#92400e!important;-webkit-text-fill-color:#92400e!important;border:1px solid #fcd34d!important;"">Debug →</a><a href=""/pages/ap-csa-lesson-4-7-wrapper-classes-frq"" style=""display:inline-block!important;font-size:12px!important;font-weight:700!important;padding:4px 10px!important;border-radius:999px!important;margin:0 6px 6px 0!important;text-decoration:none!important;background:#fffbeb!important;color:#92400e!important;-webkit-text-fill-color:#92400e!important;border:1px solid #fcd34d!important;"">FRQ →</a></span>
</div>
<div style=""display:flex!important;align-items:baseline!important;gap:12px!important;flex-wrap:wrap!important;padding:10px 0!important;border-bottom:1px solid #f1f5f9!important;"">
<span style=""font-size:13px!important;font-weight:700!important;color:#92400e!important;-webkit-text-fill-color:#92400e!important;min-width:52px!important;"">4.8</span><span style=""font-size:14px!important;color:#475569!important;-webkit-text-fill-color:#475569!important;flex:1 1 200px!important;"">ArrayList Methods</span><span style=""flex:0 0 auto!important;""><a href=""/pages/ap-csa-lesson-4-8-arraylist-methods-exercise-1"" style=""display:inline-block!important;font-size:12px!important;font-weight:700!important;padding:4px 10px!important;border-radius:999px!important;margin:0 6px 6px 0!important;text-decoration:none!important;background:#fffbeb!important;color:#92400e!important;-webkit-text-fill-color:#92400e!important;border:1px solid #fcd34d!important;"">Exercise 1 →</a><a href=""/pages/ap-csa-lesson-4-8-arraylist-methods-exercise-2"" style=""display:inline-block!important;font-size:12px!important;font-weight:700!important;padding:4px 10px!important;border-radius:999px!important;margin:0 6px 6px 0!important;text-decoration:none!important;background:#fffbeb!important;color:#92400e!important;-webkit-text-fill-color:#92400e!important;border:1px solid #fcd34d!important;"">Exercise 2 →</a><span style=""display:inline-block!important;font-size:12px!important;font-weight:700!important;padding:4px 10px!important;border-radius:999px!important;margin:0 6px 6px 0!important;text-decoration:none!important;background:#f1f5f9!important;color:#94a3b8!important;-webkit-text-fill-color:#94a3b8!important;cursor:not-allowed!important;border:1px solid #e2e8f0!important;"" title=""Not built yet"">🔒 Exercise 2</span><a href=""/pages/ap-csa-lesson-4-8-arraylist-methods-debug"" style=""display:inline-block!important;font-size:12px!important;font-weight:700!important;padding:4px 10px!important;border-radius:999px!important;margin:0 6px 6px 0!important;text-decoration:none!important;background:#fffbeb!important;color:#92400e!important;-webkit-text-fill-color:#92400e!important;border:1px solid #fcd34d!important;"">Debug →</a><a href=""/pages/ap-csa-lesson-4-8-arraylist-methods-frq"" style=""display:inline-block!important;font-size:12px!important;font-weight:700!important;padding:4px 10px!important;border-radius:999px!important;margin:0 6px 6px 0!important;text-decoration:none!important;background:#fffbeb!important;color:#92400e!important;-webkit-text-fill-color:#92400e!important;border:1px solid #fcd34d!important;"">FRQ →</a></span>
</div>
<div style=""display:flex!important;align-items:baseline!important;gap:12px!important;flex-wrap:wrap!important;padding:10px 0!important;border-bottom:1px solid #f1f5f9!important;"">
<span style=""font-size:13px!important;font-weight:700!important;color:#92400e!important;-webkit-text-fill-color:#92400e!important;min-width:52px!important;"">4.9</span><span style=""font-size:14px!important;color:#475569!important;-webkit-text-fill-color:#475569!important;flex:1 1 200px!important;"">Traversing ArrayLists</span><span style=""flex:0 0 auto!important;""><a href=""/pages/ap-csa-lesson-4-9-traversing-arraylists-exercise-1"" style=""display:inline-block!important;font-size:12px!important;font-weight:700!important;padding:4px 10px!important;border-radius:999px!important;margin:0 6px 6px 0!important;text-decoration:none!important;background:#fffbeb!important;color:#92400e!important;-webkit-text-fill-color:#92400e!important;border:1px solid #fcd34d!important;"">Exercise 1 →</a><a href=""/pages/ap-csa-lesson-4-9-traversing-arraylists-exercise-2"" style=""display:inline-block!important;font-size:12px!important;font-weight:700!important;padding:4px 10px!important;border-radius:999px!important;margin:0 6px 6px 0!important;text-decoration:none!important;background:#fffbeb!important;color:#92400e!important;-webkit-text-fill-color:#92400e!important;border:1px solid #fcd34d!important;"">Exercise 2 →</a><span style=""display:inline-block!important;font-size:12px!important;font-weight:700!important;padding:4px 10px!important;border-radius:999px!important;margin:0 6px 6px 0!important;text-decoration:none!important;background:#f1f5f9!important;color:#94a3b8!important;-webkit-text-fill-color:#94a3b8!important;cursor:not-allowed!important;border:1px solid #e2e8f0!important;"" title=""Not built yet"">🔒 Exercise 2</span><a href=""/pages/ap-csa-lesson-4-9-traversing-arraylists-debug"" style=""display:inline-block!important;font-size:12px!important;font-weight:700!important;padding:4px 10px!important;border-radius:999px!important;margin:0 6px 6px 0!important;text-decoration:none!important;background:#fffbeb!important;color:#92400e!important;-webkit-text-fill-color:#92400e!important;border:1px solid #fcd34d!important;"">Debug →</a><a href=""/pages/ap-csa-lesson-4-9-traversing-arraylists-frq"" style=""display:inline-block!important;font-size:12px!important;font-weight:700!important;padding:4px 10px!important;border-radius:999px!important;margin:0 6px 6px 0!important;text-decoration:none!important;background:#fffbeb!important;color:#92400e!important;-webkit-text-fill-color:#92400e!important;border:1px solid #fcd34d!important;"">FRQ →</a></span>
</div>
<div style=""display:flex!important;align-items:baseline!important;gap:12px!important;flex-wrap:wrap!important;padding:10px 0!important;border-bottom:1px solid #f1f5f9!important;"">
<span style=""font-size:13px!important;font-weight:700!important;color:#92400e!important;-webkit-text-fill-color:#92400e!important;min-width:52px!important;"">4.10</span><span style=""font-size:14px!important;color:#475569!important;-webkit-text-fill-color:#475569!important;flex:1 1 200px!important;"">Algorithms with ArrayLists</span><span style=""flex:0 0 auto!important;""><a href=""/pages/ap-csa-lesson-4-10-algorithms-with-arraylists-exercise-1"" style=""display:inline-block!important;font-size:12px!important;font-weight:700!important;padding:4px 10px!important;border-radius:999px!important;margin:0 6px 6px 0!important;text-decoration:none!important;background:#fffbeb!important;color:#92400e!important;-webkit-text-fill-color:#92400e!important;border:1px solid #fcd34d!important;"">Exercise 1 →</a><a href=""/pages/ap-csa-lesson-4-10-algorithms-with-arraylists-exercise-2"" style=""display:inline-block!important;font-size:12px!important;font-weight:700!important;padding:4px 10px!important;border-radius:999px!important;margin:0 6px 6px 0!important;text-decoration:none!important;background:#fffbeb!important;color:#92400e!important;-webkit-text-fill-color:#92400e!important;border:1px solid #fcd34d!important;"">Exercise 2 →</a><span style=""display:inline-block!important;font-size:12px!important;font-weight:700!important;padding:4px 10px!important;border-radius:999px!important;margin:0 6px 6px 0!important;text-decoration:none!important;background:#f1f5f9!important;color:#94a3b8!important;-webkit-text-fill-color:#94a3b8!important;cursor:not-allowed!important;border:1px solid #e2e8f0!important;"" title=""Not built yet"">🔒 Exercise 2</span><a href=""/pages/ap-csa-lesson-4-10-algorithms-with-arraylists-debug"" style=""display:inline-block!important;font-size:12px!important;font-weight:700!important;padding:4px 10px!important;border-radius:999px!important;margin:0 6px 6px 0!important;text-decoration:none!important;background:#fffbeb!important;color:#92400e!important;-webkit-text-fill-color:#92400e!important;border:1px solid #fcd34d!important;"">Debug →</a><a href=""/pages/ap-csa-lesson-4-10-algorithms-with-arraylists-frq"" style=""display:inline-block!important;font-size:12px!important;font-weight:700!important;padding:4px 10px!important;border-radius:999px!important;margin:0 6px 6px 0!important;text-decoration:none!important;background:#fffbeb!important;color:#92400e!important;-webkit-text-fill-color:#92400e!important;border:1px solid #fcd34d!important;"">FRQ →</a></span>
</div>
<div style=""display:flex!important;align-items:baseline!important;gap:12px!important;flex-wrap:wrap!important;padding:10px 0!important;border-bottom:1px solid #f1f5f9!important;"">
<span style=""font-size:13px!important;font-weight:700!important;color:#92400e!important;-webkit-text-fill-color:#92400e!important;min-width:52px!important;"">4.11</span><span style=""font-size:14px!important;color:#475569!important;-webkit-text-fill-color:#475569!important;flex:1 1 200px!important;"">2D Array Creation and Access</span><span style=""flex:0 0 auto!important;""><a href=""/pages/ap-csa-lesson-4-11-2d-array-creation-and-access-exercise-1"" style=""display:inline-block!important;font-size:12px!important;font-weight:700!important;padding:4px 10px!important;border-radius:999px!important;margin:0 6px 6px 0!important;text-decoration:none!important;background:#fffbeb!important;color:#92400e!important;-webkit-text-fill-color:#92400e!important;border:1px solid #fcd34d!important;"">Exercise 1 →</a><a href=""/pages/ap-csa-lesson-4-11-2d-array-creation-and-access-exercise-2"" style=""display:inline-block!important;font-size:12px!important;font-weight:700!important;padding:4px 10px!important;border-radius:999px!important;margin:0 6px 6px 0!important;text-decoration:none!important;background:#fffbeb!important;color:#92400e!important;-webkit-text-fill-color:#92400e!important;border:1px solid #fcd34d!important;"">Exercise 2 →</a><span style=""display:inline-block!important;font-size:12px!important;font-weight:700!important;padding:4px 10px!important;border-radius:999px!important;margin:0 6px 6px 0!important;text-decoration:none!important;background:#f1f5f9!important;color:#94a3b8!important;-webkit-text-fill-color:#94a3b8!important;cursor:not-allowed!important;border:1px solid #e2e8f0!important;"" title=""Not built yet"">🔒 Exercise 2</span><a href=""/pages/ap-csa-lesson-4-11-2d-array-creation-and-access-debug"" style=""display:inline-block!important;font-size:12px!important;font-weight:700!important;padding:4px 10px!important;border-radius:999px!important;margin:0 6px 6px 0!important;text-decoration:none!important;background:#fffbeb!important;color:#92400e!important;-webkit-text-fill-color:#92400e!important;border:1px solid #fcd34d!important;"">Debug →</a><a href=""/pages/ap-csa-lesson-4-11-2d-array-creation-and-access-frq"" style=""display:inline-block!important;font-size:12px!important;font-weight:700!important;padding:4px 10px!important;border-radius:999px!important;margin:0 6px 6px 0!important;text-decoration:none!important;background:#fffbeb!important;color:#92400e!important;-webkit-text-fill-color:#92400e!important;border:1px solid #fcd34d!important;"">FRQ →</a></span>
</div>
<div style=""display:flex!important;align-items:baseline!important;gap:12px!important;flex-wrap:wrap!important;padding:10px 0!important;border-bottom:1px solid #f1f5f9!important;"">
<span style=""font-size:13px!important;font-weight:700!important;color:#92400e!important;-webkit-text-fill-color:#92400e!important;min-width:52px!important;"">4.12</span><span style=""font-size:14px!important;color:#475569!important;-webkit-text-fill-color:#475569!important;flex:1 1 200px!important;"">Traversing 2D Arrays</span><span style=""flex:0 0 auto!important;""><a href=""/pages/ap-csa-lesson-4-12-traversing-2d-arrays-exercise-1"" style=""display:inline-block!important;font-size:12px!important;font-weight:700!important;padding:4px 10px!important;border-radius:999px!important;margin:0 6px 6px 0!important;text-decoration:none!important;background:#fffbeb!important;color:#92400e!important;-webkit-text-fill-color:#92400e!important;border:1px solid #fcd34d!important;"">Exercise 1 →</a><a href=""/pages/ap-csa-lesson-4-12-traversing-2d-arrays-exercise-2"" style=""display:inline-block!important;font-size:12px!important;font-weight:700!important;padding:4px 10px!important;border-radius:999px!important;margin:0 6px 6px 0!important;text-decoration:none!important;background:#fffbeb!important;color:#92400e!important;-webkit-text-fill-color:#92400e!important;border:1px solid #fcd34d!important;"">Exercise 2 →</a><span style=""display:inline-block!important;font-size:12px!important;font-weight:700!important;padding:4px 10px!important;border-radius:999px!important;margin:0 6px 6px 0!important;text-decoration:none!important;background:#f1f5f9!important;color:#94a3b8!important;-webkit-text-fill-color:#94a3b8!important;cursor:not-allowed!important;border:1px solid #e2e8f0!important;"" title=""Not built yet"">🔒 Exercise 2</span><a href=""/pages/ap-csa-lesson-4-12-traversing-2d-arrays-debug"" style=""display:inline-block!important;font-size:12px!important;font-weight:700!important;padding:4px 10px!important;border-radius:999px!important;margin:0 6px 6px 0!important;text-decoration:none!important;background:#fffbeb!important;color:#92400e!important;-webkit-text-fill-color:#92400e!important;border:1px solid #fcd34d!important;"">Debug →</a><a href=""/pages/ap-csa-lesson-4-12-traversing-2d-arrays-frq"" style=""display:inline-block!important;font-size:12px!important;font-weight:700!important;padding:4px 10px!important;border-radius:999px!important;margin:0 6px 6px 0!important;text-decoration:none!important;background:#fffbeb!important;color:#92400e!important;-webkit-text-fill-color:#92400e!important;border:1px solid #fcd34d!important;"">FRQ →</a></span>
</div>
<div style=""display:flex!important;align-items:baseline!important;gap:12px!important;flex-wrap:wrap!important;padding:10px 0!important;border-bottom:1px solid #f1f5f9!important;"">
<span style=""font-size:13px!important;font-weight:700!important;color:#92400e!important;-webkit-text-fill-color:#92400e!important;min-width:52px!important;"">4.13</span><span style=""font-size:14px!important;color:#475569!important;-webkit-text-fill-color:#475569!important;flex:1 1 200px!important;"">Implementing 2D Array Algorithms</span><span style=""flex:0 0 auto!important;""><a href=""/pages/ap-csa-lesson-4-13-implementing-2d-array-algorithms-exercise-1"" style=""display:inline-block!important;font-size:12px!important;font-weight:700!important;padding:4px 10px!important;border-radius:999px!important;margin:0 6px 6px 0!important;text-decoration:none!important;background:#fffbeb!important;color:#92400e!important;-webkit-text-fill-color:#92400e!important;border:1px solid #fcd34d!important;"">Exercise 1 →</a><a href=""/pages/ap-csa-lesson-4-13-implementing-2d-array-algorithms-exercise-2"" style=""display:inline-block!important;font-size:12px!important;font-weight:700!important;padding:4px 10px!important;border-radius:999px!important;margin:0 6px 6px 0!important;text-decoration:none!important;background:#fffbeb!important;color:#92400e!important;-webkit-text-fill-color:#92400e!important;border:1px solid #fcd34d!important;"">Exercise 2 →</a><a href=""/pages/ap-csa-lesson-4-13-implementing-2d-array-algorithms-debug"" style=""display:inline-block!important;font-size:12px!important;font-weight:700!important;padding:4px 10px!important;border-radius:999px!important;margin:0 6px 6px 0!important;text-decoration:none!important;background:#fffbeb!important;color:#92400e!important;-webkit-text-fill-color:#92400e!important;border:1px solid #fcd34d!important;"">Debug →</a><a href=""/pages/ap-csa-lesson-4-13-implementing-2d-array-algorithms-frq"" style=""display:inline-block!important;font-size:12px!important;font-weight:700!important;padding:4px 10px!important;border-radius:999px!important;margin:0 6px 6px 0!important;text-decoration:none!important;background:#fffbeb!important;color:#92400e!important;-webkit-text-fill-color:#92400e!important;border:1px solid #fcd34d!important;"">FRQ →</a></span>
</div>
<div style=""display:flex!important;align-items:baseline!important;gap:12px!important;flex-wrap:wrap!important;padding:10px 0!important;border-bottom:1px solid #f1f5f9!important;"">
<span style=""font-size:13px!important;font-weight:700!important;color:#92400e!important;-webkit-text-fill-color:#92400e!important;min-width:52px!important;"">4.14</span><span style=""font-size:14px!important;color:#475569!important;-webkit-text-fill-color:#475569!important;flex:1 1 200px!important;"">Searching Algorithms</span><span style=""flex:0 0 auto!important;""><a href=""/pages/ap-csa-lesson-4-14-searching-algorithms-exercise-1"" style=""display:inline-block!important;font-size:12px!important;font-weight:700!important;padding:4px 10px!important;border-radius:999px!important;margin:0 6px 6px 0!important;text-decoration:none!important;background:#fffbeb!important;color:#92400e!important;-webkit-text-fill-color:#92400e!important;border:1px solid #fcd34d!important;"">Exercise 1 →</a><a href=""/pages/ap-csa-lesson-4-14-searching-algorithms-exercise-2"" style=""display:inline-block!important;font-size:12px!important;font-weight:700!important;padding:4px 10px!important;border-radius:999px!important;margin:0 6px 6px 0!important;text-decoration:none!important;background:#fffbeb!important;color:#92400e!important;-webkit-text-fill-color:#92400e!important;border:1px solid #fcd34d!important;"">Exercise 2 →</a><a href=""/pages/ap-csa-lesson-4-14-searching-algorithms-debug"" style=""display:inline-block!important;font-size:12px!important;font-weight:700!important;padding:4px 10px!important;border-radius:999px!important;margin:0 6px 6px 0!important;text-decoration:none!important;background:#fffbeb!important;color:#92400e!important;-webkit-text-fill-color:#92400e!important;border:1px solid #fcd34d!important;"">Debug →</a><a href=""/pages/ap-csa-lesson-4-14-searching-algorithms-frq"" style=""display:inline-block!important;font-size:12px!important;font-weight:700!important;padding:4px 10px!important;border-radius:999px!important;margin:0 6px 6px 0!important;text-decoration:none!important;background:#fffbeb!important;color:#92400e!important;-webkit-text-fill-color:#92400e!important;border:1px solid #fcd34d!important;"">FRQ →</a></span>
</div>
<div style=""display:flex!important;align-items:baseline!important;gap:12px!important;flex-wrap:wrap!important;padding:10px 0!important;border-bottom:1px solid #f1f5f9!important;"">
<span style=""font-size:13px!important;font-weight:700!important;color:#92400e!important;-webkit-text-fill-color:#92400e!important;min-width:52px!important;"">4.15</span><span style=""font-size:14px!important;color:#475569!important;-webkit-text-fill-color:#475569!important;flex:1 1 200px!important;"">Sorting Algorithms</span><span style=""flex:0 0 auto!important;""><a href=""/pages/ap-csa-lesson-4-15-sorting-algorithms-exercise-1"" style=""display:inline-block!important;font-size:12px!important;font-weight:700!important;padding:4px 10px!important;border-radius:999px!important;margin:0 6px 6px 0!important;text-decoration:none!important;background:#fffbeb!important;color:#92400e!important;-webkit-text-fill-color:#92400e!important;border:1px solid #fcd34d!important;"">Exercise 1 →</a><a href=""/pages/ap-csa-lesson-4-15-sorting-algorithms-exercise-2"" style=""display:inline-block!important;font-size:12px!important;font-weight:700!important;padding:4px 10px!important;border-radius:999px!important;margin:0 6px 6px 0!important;text-decoration:none!important;background:#fffbeb!important;color:#92400e!important;-webkit-text-fill-color:#92400e!important;border:1px solid #fcd34d!important;"">Exercise 2 →</a><a href=""/pages/ap-csa-lesson-4-15-sorting-algorithms-debug"" style=""display:inline-block!important;font-size:12px!important;font-weight:700!important;padding:4px 10px!important;border-radius:999px!important;margin:0 6px 6px 0!important;text-decoration:none!important;background:#fffbeb!important;color:#92400e!important;-webkit-text-fill-color:#92400e!important;border:1px solid #fcd34d!important;"">Debug →</a><a href=""/pages/ap-csa-lesson-4-15-sorting-algorithms-frq"" style=""display:inline-block!important;font-size:12px!important;font-weight:700!important;padding:4px 10px!important;border-radius:999px!important;margin:0 6px 6px 0!important;text-decoration:none!important;background:#fffbeb!important;color:#92400e!important;-webkit-text-fill-color:#92400e!important;border:1px solid #fcd34d!important;"">FRQ →</a></span>
</div>
<div style=""display:flex!important;align-items:baseline!important;gap:12px!important;flex-wrap:wrap!important;padding:10px 0!important;border-bottom:1px solid #f1f5f9!important;"">
<span style=""font-size:13px!important;font-weight:700!important;color:#92400e!important;-webkit-text-fill-color:#92400e!important;min-width:52px!important;"">4.16</span><span style=""font-size:14px!important;color:#475569!important;-webkit-text-fill-color:#475569!important;flex:1 1 200px!important;"">Recursion</span><span style=""flex:0 0 auto!important;""><a href=""/pages/ap-csa-lesson-4-16-recursion-exercise-1"" style=""display:inline-block!important;font-size:12px!important;font-weight:700!important;padding:4px 10px!important;border-radius:999px!important;margin:0 6px 6px 0!important;text-decoration:none!important;background:#fffbeb!important;color:#92400e!important;-webkit-text-fill-color:#92400e!important;border:1px solid #fcd34d!important;"">Exercise 1 →</a><a href=""/pages/ap-csa-lesson-4-16-recursion-exercise-2"" style=""display:inline-block!important;font-size:12px!important;font-weight:700!important;padding:4px 10px!important;border-radius:999px!important;margin:0 6px 6px 0!important;text-decoration:none!important;background:#fffbeb!important;color:#92400e!important;-webkit-text-fill-color:#92400e!important;border:1px solid #fcd34d!important;"">Exercise 2 →</a><span style=""display:inline-block!important;font-size:12px!important;font-weight:700!important;padding:4px 10px!important;border-radius:999px!important;margin:0 6px 6px 0!important;text-decoration:none!important;background:#f1f5f9!important;color:#94a3b8!important;-webkit-text-fill-color:#94a3b8!important;cursor:not-allowed!important;border:1px solid #e2e8f0!important;"" title=""Not built yet"">🔒 Exercise 2</span><a href=""/pages/ap-csa-lesson-4-16-recursion-debug"" style=""display:inline-block!important;font-size:12px!important;font-weight:700!important;padding:4px 10px!important;border-radius:999px!important;margin:0 6px 6px 0!important;text-decoration:none!important;background:#fffbeb!important;color:#92400e!important;-webkit-text-fill-color:#92400e!important;border:1px solid #fcd34d!important;"">Debug →</a><a href=""/pages/ap-csa-lesson-4-16-recursion-frq"" style=""display:inline-block!important;font-size:12px!important;font-weight:700!important;padding:4px 10px!important;border-radius:999px!important;margin:0 6px 6px 0!important;text-decoration:none!important;background:#fffbeb!important;color:#92400e!important;-webkit-text-fill-color:#92400e!important;border:1px solid #fcd34d!important;"">FRQ →</a></span>
</div>
<div style=""display:flex!important;align-items:baseline!important;gap:12px!important;flex-wrap:wrap!important;padding:10px 0!important;border-bottom:1px solid #f1f5f9!important;"">
<span style=""font-size:13px!important;font-weight:700!important;color:#92400e!important;-webkit-text-fill-color:#92400e!important;min-width:52px!important;"">4.17</span><span style=""font-size:14px!important;color:#475569!important;-webkit-text-fill-color:#475569!important;flex:1 1 200px!important;"">Recursive Searching and Sorting</span><span style=""flex:0 0 auto!important;""><a href=""/pages/ap-csa-lesson-4-17-recursive-searching-and-sorting-exercise-1"" style=""display:inline-block!important;font-size:12px!important;font-weight:700!important;padding:4px 10px!important;border-radius:999px!important;margin:0 6px 6px 0!important;text-decoration:none!important;background:#fffbeb!important;color:#92400e!important;-webkit-text-fill-color:#92400e!important;border:1px solid #fcd34d!important;"">Exercise 1 →</a><a href=""/pages/ap-csa-lesson-4-17-recursive-searching-and-sorting-exercise-2"" style=""display:inline-block!important;font-size:12px!important;font-weight:700!important;padding:4px 10px!important;border-radius:999px!important;margin:0 6px 6px 0!important;text-decoration:none!important;background:#fffbeb!important;color:#92400e!important;-webkit-text-fill-color:#92400e!important;border:1px solid #fcd34d!important;"">Exercise 2 →</a><a href=""/pages/ap-csa-lesson-4-17-recursive-searching-and-sorting-debug"" style=""display:inline-block!important;font-size:12px!important;font-weight:700!important;padding:4px 10px!important;border-radius:999px!important;margin:0 6px 6px 0!important;text-decoration:none!important;background:#fffbeb!important;color:#92400e!important;-webkit-text-fill-color:#92400e!important;border:1px solid #fcd34d!important;"">Debug →</a><a href=""/pages/ap-csa-lesson-4-17-recursive-searching-and-sorting-frq"" style=""display:inline-block!important;font-size:12px!important;font-weight:700!important;padding:4px 10px!important;border-radius:999px!important;margin:0 6px 6px 0!important;text-decoration:none!important;background:#fffbeb!important;color:#92400e!important;-webkit-text-fill-color:#92400e!important;border:1px solid #fcd34d!important;"">FRQ →</a></span>
</div>
</div>
</div>
<div class=""u4-learn"">
  <div class=""u4-learn-title"">What you'll learn in Unit 4</div>
  <ul class=""u4-learn-list"">
    <li>The ethical and social implications of collecting, storing, and processing data at scale</li>
    <li>How to create, index, traverse, and apply algorithms to 1D arrays of primitives and objects</li>
    <li>How to use ArrayList methods and traverse ArrayLists with for and for-each loops</li>
    <li>How to declare, create, and traverse 2D arrays using nested loops</li>
    <li>How linear search, binary search, selection sort, and insertion sort work and compare</li>
    <li>How to read data from text files using File and Scanner</li>
    <li>How to trace recursive methods and identify base and recursive cases</li>
  </ul>
</div>

<div class=""u4-resources"">
  <a class=""u4-resource-card"" href=""/pages/ap-csa-unit-4-data-collections-study-guide"">
    <span class=""u4-resource-label"">Study Guide</span>
    <span class=""u4-resource-name"">Unit 4 Complete Study Guide</span>
    <span class=""u4-resource-desc"">Full unit summary — ideal for review and exam-week cramming</span>
  </a>
  <a class=""u4-resource-card"" href=""/pages/ap-csa-test-builder"">
    <span class=""u4-resource-label"">Practice</span>
    <span class=""u4-resource-name"">AP CSA Test Builder</span>
    <span class=""u4-resource-desc"">Filter to Unit 4 topics and build a custom practice exam</span>
  </a>
  <a class=""u4-resource-card"" href=""/pages/ap-csa-frqs-by-topic"">
    <span class=""u4-resource-label"">FRQ Prep</span>
    <span class=""u4-resource-name"">FRQs by Topic</span>
    <span class=""u4-resource-desc"">Past FRQ #3 and #4 problems sorted by array and ArrayList</span>
  </a>
  <a class=""u4-resource-card"" href=""/pages/ap-computer-science-a-tutor"">
    <span class=""u4-resource-label"">Tutoring</span>
    <span class=""u4-resource-name"">1-on-1 AP CSA Tutoring</span>
    <span class=""u4-resource-desc"">Targeted help from a teacher with a 54.5% score-5 rate</span>
  </a>
</div>

<div class=""u4-cta"">
  <h2>Ready to test yourself on Unit 4?</h2>
  <p>Build a custom practice exam filtered to arrays, ArrayLists, and data collections.</p>
  <a class=""u4-cta-btn"" href=""/pages/ap-csa-test-builder"">Build a Practice Exam →</a>
</div>

<div class=""u4-units-strip"">
  <div class=""u4-section-title"" style=""margin-bottom:12px!important;"">Also in this course</div>
  <div class=""u4-units-grid"">
    <a class=""u4-unit-chip"" href=""/pages/ap-csa-unit-1-course"" style=""background:linear-gradient(135deg,#4c1d95,#7c3aed)!important;"">
      <span class=""u4-unit-chip-num"">Unit 1</span>
      <span class=""u4-unit-chip-name"">Using Objects and Methods</span>
      <span class=""u4-unit-chip-meta"">15 lessons · ~20% of exam</span>
    </a>
    <a class=""u4-unit-chip"" href=""/pages/ap-csa-unit-2-course"" style=""background:linear-gradient(135deg,#1e3a8a,#2563eb)!important;"">
      <span class=""u4-unit-chip-num"">Unit 2</span>
      <span class=""u4-unit-chip-name"">Selection and Iteration</span>
      <span class=""u4-unit-chip-meta"">12 lessons · ~30% of exam</span>
    </a>
    <a class=""u4-unit-chip"" href=""/pages/ap-csa-unit-3-course"" style=""background:linear-gradient(135deg,#134e4a,#0f766e)!important;"">
      <span class=""u4-unit-chip-num"">Unit 3</span>
      <span class=""u4-unit-chip-name"">Class Creation</span>
      <span class=""u4-unit-chip-meta"">14 lessons · ~14% of exam</span>
    </a>
    <a class=""u4-unit-chip"" href=""/pages/ap-csa-unit-4-course"" style=""background:linear-gradient(135deg,#7c2d12,#c2410c)!important;"">
      <span class=""u4-unit-chip-num"">Unit 4</span>
      <span class=""u4-unit-chip-name"">Data Collections</span>
      <span class=""u4-unit-chip-meta"">17 lessons · ~35% of exam</span>
      <span class=""u4-unit-chip-current"">You are here</span>
    </a>
  </div>
</div>

<nav class=""u4-nav"">
  <a class=""u4-nav-link"" href=""/pages/ap-csa-unit-3-course"">← Unit 3: Class Creation</a>
  <a class=""u4-nav-link"" href=""/pages/ap-csa-course"">Full Course →</a>
</nav>

<script type=""application/ld+json"">
{""@context"":""https://schema.org"",""@type"":""Course"",""name"":""AP CSA Unit 4: Data Collections"",""description"":""17-lesson unit covering arrays, ArrayLists, 2D arrays, searching, sorting, file I/O, and recursion. The largest unit in AP Computer Science A, worth 30-40% of the AP exam."",""provider"":{""@type"":""Organization"",""name"":""APCSExamPrep.com"",""url"":""https://apcsexamprep.com""},""url"":""https://apcsexamprep.com/pages/ap-csa-unit-4-course"",""hasCourseInstance"":{""@type"":""CourseInstance"",""courseMode"":""online""},""numberOfCredits"":17}
</script>
<script type=""application/ld+json"">
{""@context"":""https://schema.org"",""@type"":""BreadcrumbList"",""itemListElement"":[{""@type"":""ListItem"",""position"":1,""name"":""AP CSA"",""item"":""https://apcsexamprep.com/pages/ap-csa-exam-prep-hub""},{""@type"":""ListItem"",""position"":2,""name"":""AP CSA Course"",""item"":""https://apcsexamprep.com/pages/ap-csa-course""},{""@type"":""ListItem"",""position"":3,""name"":""Unit 4: Data Collections"",""item"":""https://apcsexamprep.com/pages/ap-csa-unit-4-course""}]}
</script>

</div>"
