"Handle","Command","Title","Body HTML","Published","Published At","SEO Title","SEO Description"
"ap-cybersecurity-practice-questions-unit-1","MERGE","AP Cybersecurity Unit 1 Practice Questions: Introduction to Security","<style>
  #cyb-qotd { --cy-line: #dbe4ee; --cy-r: 14px; --cy-r-sm: 10px;
    --cy-sh-sm: 0 1px 3px rgba(15,42,67,.08); }

  /* --- crawlable question bank ------------------------------------------- */
  #cyb-qotd .cy-bank { margin: 28px 0 0; padding: 22px 18px; background: #ffffff !important;
    border: 1px solid var(--cy-line); border-radius: var(--cy-r); box-shadow: var(--cy-sh-sm); }
  #cyb-qotd .cy-bank h2 { font-size: 22px; line-height: 1.25; margin: 0 0 6px;
    color: #0f2a43 !important; -webkit-text-fill-color: #0f2a43 !important; font-weight: 700; }
  #cyb-qotd .cy-bank-lede { margin: 0 0 18px; font-size: 15px; line-height: 1.55;
    color: #40566d !important; -webkit-text-fill-color: #40566d !important; }
  #cyb-qotd .cy-bank-unit { margin: 0 0 26px; }
  #cyb-qotd .cy-bank-uh { font-size: 17px; margin: 22px 0 4px; padding: 0 0 6px;
    border-bottom: 2px solid #2f6df6; color: #0f2a43 !important;
    -webkit-text-fill-color: #0f2a43 !important; font-weight: 700; }
  #cyb-qotd .cy-bank-count { float: right; font-size: 12px; font-weight: 600;
    color: #64798f !important; -webkit-text-fill-color: #64798f !important; }
  #cyb-qotd .cy-bank-th { font-size: 14px; margin: 16px 0 8px; text-transform: uppercase;
    letter-spacing: .04em; color: #15395c !important;
    -webkit-text-fill-color: #15395c !important; font-weight: 700; }
  #cyb-qotd .cy-bank-q { margin: 0 0 14px; padding: 12px 14px; background: #f7f9fc !important;
    border: 1px solid var(--cy-line); border-radius: var(--cy-r-sm); }
  #cyb-qotd .cy-bank-stem { margin: 0 0 8px; font-size: 15px; line-height: 1.55;
    color: #16273a !important; -webkit-text-fill-color: #16273a !important; }
  #cyb-qotd .cy-bank-code { margin: 0 0 10px; padding: 10px 12px; overflow-x: auto;
    background: #0f2a43 !important; border-radius: var(--cy-r-sm); font-size: 13px;
    line-height: 1.5; color: #e8eef6 !important; -webkit-text-fill-color: #e8eef6 !important; }
  #cyb-qotd .cy-bank-opts { margin: 0 0 8px; padding: 0; list-style: none; }
  #cyb-qotd .cy-bank-opts li { margin: 0 0 4px; font-size: 14px; line-height: 1.5;
    color: #2b3d52 !important; -webkit-text-fill-color: #2b3d52 !important; }
  #cyb-qotd .cy-bank-let { display: inline-block; min-width: 20px; font-weight: 700;
    color: #2f6df6 !important; -webkit-text-fill-color: #2f6df6 !important; }
  #cyb-qotd .cy-bank-ans { margin: 6px 0 0; }
  #cyb-qotd .cy-bank-ans summary { cursor: pointer; font-size: 13px; font-weight: 600;
    color: #2f6df6 !important; -webkit-text-fill-color: #2f6df6 !important; }
  #cyb-qotd .cy-bank-key { margin: 8px 0 6px; font-size: 14px; line-height: 1.5;
    color: #1f9d57 !important; -webkit-text-fill-color: #1f9d57 !important; font-weight: 600; }
  #cyb-qotd .cy-bank-exp { margin: 0; font-size: 14px; line-height: 1.6;
    color: #40566d !important; -webkit-text-fill-color: #40566d !important; }
  @media (max-width: 600px) {
    #cyb-qotd .cy-bank { padding: 16px 12px; }
    #cyb-qotd .cy-bank-count { float: none; display: block; }
  }

</style>
<div id=""cyb-qotd"">
  <h1>AP Cybersecurity Unit 1 Practice Questions: Introduction to Security</h1>
  <p class=""cy-bank-lede"">30 practice questions for Unit 1, Introduction to Security, grouped by CED topic. Read the question, commit to an answer, then open the answer to check yourself and see why the other options fail. Free, no login. <a href=""/pages/ap-cybersecurity-question-of-the-day"">One question a day</a> comes from this same bank, and the other units are linked at the foot of the page.</p>
  <section class=""cy-bank"">
      <h2 class=""cy-bank-th"">Topic 1.1 Understanding Social Engineering</h2>
      <article class=""cy-bank-q"" id=""q-C1-101"">
        <p class=""cy-bank-stem"">A caller claims to be from the IT department, says a security patch must be installed in the next ten minutes or the employee&#39;s account will be locked, and asks for the employee&#39;s password to &#39;apply it remotely.&#39; Which combination of psychological principles is the attacker MOST directly exploiting?</p>
        <ol class=""cy-bank-opts"">
          <li><span class=""cy-bank-let"">A</span> Authority and urgency</li>
          <li><span class=""cy-bank-let"">B</span> Reciprocity and scarcity</li>
          <li><span class=""cy-bank-let"">C</span> Social proof and liking</li>
          <li><span class=""cy-bank-let"">D</span> Commitment and consistency</li>
        </ol>
        <details class=""cy-bank-ans"">
          <summary>Show the answer</summary>
          <p class=""cy-bank-key""><strong>Answer:</strong> A. Authority and urgency</p>
          <p class=""cy-bank-exp"">Claiming to be IT invokes authority; the ten-minute lockout threat manufactures urgency. Reciprocity, social proof, liking, and commitment are real influence tactics but are not the ones used here.</p>
        </details>
      </article>
      <article class=""cy-bank-q"" id=""q-C1-102"">
        <p class=""cy-bank-stem"">An employee receives the email shown. Which single feature is the STRONGEST evidence that it is a phishing attempt rather than a legitimate message?</p>
        <pre class=""cy-bank-code""><code>From: IT-Support &lt;it-support@micros0ft-secure.com&gt;
Subject: Re: Account Verification Required

Dear User,
We detected unusual activity. Verify within 24 hours
or your account will be permanently deleted.
Click: http://account-verify.micros0ft-secure.com/login</code></pre>
        <ol class=""cy-bank-opts"">
          <li><span class=""cy-bank-let"">A</span> The greeting says &#39;Dear User&#39; instead of a name</li>
          <li><span class=""cy-bank-let"">B</span> The subject line begins with &#39;Re:&#39;</li>
          <li><span class=""cy-bank-let"">C</span> The message mentions unusual activity</li>
          <li><span class=""cy-bank-let"">D</span> The sender domain uses a zero in place of the letter o</li>
        </ol>
        <details class=""cy-bank-ans"">
          <summary>Show the answer</summary>
          <p class=""cy-bank-key""><strong>Answer:</strong> D. The sender domain uses a zero in place of the letter o</p>
          <p class=""cy-bank-exp"">A look-alike domain (micros0ft with a zero) is definitive technical evidence of spoofing. A generic greeting and a deadline are suspicious but individually can occur in real mail; legitimate services also report unusual activity. The domain forgery is the strongest single indicator.</p>
        </details>
      </article>
      <article class=""cy-bank-q"" id=""q-C1-103"">
        <p class=""cy-bank-stem"">A text message reads: &#39;USPS: your package is held pending a $1.99 fee. Pay at usps-redelivery.info to release it.&#39; This is BEST classified as which type of attack?</p>
        <ol class=""cy-bank-opts"">
          <li><span class=""cy-bank-let"">A</span> Tailgating</li>
          <li><span class=""cy-bank-let"">B</span> Smishing</li>
          <li><span class=""cy-bank-let"">C</span> Watering hole attack</li>
          <li><span class=""cy-bank-let"">D</span> Whaling</li>
        </ol>
        <details class=""cy-bank-ans"">
          <summary>Show the answer</summary>
          <p class=""cy-bank-key""><strong>Answer:</strong> B. Smishing</p>
          <p class=""cy-bank-exp"">Smishing is phishing delivered by SMS text. Tailgating is physical, a watering hole attack compromises a site the target visits, and whaling targets high-level executives specifically.</p>
        </details>
      </article>
      <article class=""cy-bank-q"" id=""q-C1-104"">
        <p class=""cy-bank-stem"">Which of the following are reliable warning signs that an email may be a phishing attempt?

I.   The message creates pressure to act immediately
II.  Hovering over a link reveals a destination different from the displayed text
III. The email is addressed to the recipient by their correct full name</p>
        <ol class=""cy-bank-opts"">
          <li><span class=""cy-bank-let"">A</span> II and III only</li>
          <li><span class=""cy-bank-let"">B</span> I and III only</li>
          <li><span class=""cy-bank-let"">C</span> I and II only</li>
          <li><span class=""cy-bank-let"">D</span> I, II, and III</li>
        </ol>
        <details class=""cy-bank-ans"">
          <summary>Show the answer</summary>
          <p class=""cy-bank-key""><strong>Answer:</strong> C. I and II only</p>
          <p class=""cy-bank-exp"">Manufactured urgency (I) and a mismatched link target on hover (II) are classic phishing indicators. A correct full name (III) is not a warning sign; spear-phishing attacks deliberately use accurate personal details, so its presence does not signal danger.</p>
        </details>
      </article>
      <article class=""cy-bank-q"" id=""q-C1-105"">
        <p class=""cy-bank-stem"">An attacker researches a company&#39;s CFO on social media, then sends that CFO a personalized email impersonating the CEO and requesting an urgent wire transfer. This attack is BEST described as:</p>
        <ol class=""cy-bank-opts"">
          <li><span class=""cy-bank-let"">A</span> Whaling</li>
          <li><span class=""cy-bank-let"">B</span> Mass phishing</li>
          <li><span class=""cy-bank-let"">C</span> Baiting</li>
          <li><span class=""cy-bank-let"">D</span> Quid pro quo</li>
        </ol>
        <details class=""cy-bank-ans"">
          <summary>Show the answer</summary>
          <p class=""cy-bank-key""><strong>Answer:</strong> A. Whaling</p>
          <p class=""cy-bank-exp"">Targeting a specific high-value executive (the CFO) with a tailored message is whaling, a form of spear phishing aimed at &#39;big fish.&#39; Mass phishing is untargeted, baiting offers a lure item, and quid pro quo offers a service in exchange for information.</p>
        </details>
      </article>
      <article class=""cy-bank-q"" id=""q-C1-106"">
        <p class=""cy-bank-stem"">A worker at a help desk gets a call: &#39;Hi, this is Dana from the third-floor accounting team. I&#39;m locked out before a big deadline and my manager said you could reset my password right now.&#39; What is the MOST appropriate response?</p>
        <ol class=""cy-bank-opts"">
          <li><span class=""cy-bank-let"">A</span> Reset the password immediately since a manager authorized it</li>
          <li><span class=""cy-bank-let"">B</span> Ask the caller to confirm the manager&#39;s name, then reset the password</li>
          <li><span class=""cy-bank-let"">C</span> Email the new temporary password to the address the caller provides</li>
          <li><span class=""cy-bank-let"">D</span> Verify the caller&#39;s identity through an independent, established channel before taking action</li>
        </ol>
        <details class=""cy-bank-ans"">
          <summary>Show the answer</summary>
          <p class=""cy-bank-key""><strong>Answer:</strong> D. Verify the caller&#39;s identity through an independent, established channel before taking action</p>
          <p class=""cy-bank-exp"">The scenario is textbook pretexting. Identity must be confirmed through an independent verified channel (e.g., calling the employee back at a known number), not by trusting unverifiable claims the caller supplies. Confirming a manager&#39;s name or emailing a password the caller dictates still relies on attacker-supplied data.</p>
        </details>
      </article>
      <article class=""cy-bank-q"" id=""q-C1-107"">
        <p class=""cy-bank-stem"">An attacker leaves USB drives labeled &#39;Q4 Layoffs - Confidential&#39; in an office parking lot, hoping employees will plug them into work computers. This technique is called:</p>
        <ol class=""cy-bank-opts"">
          <li><span class=""cy-bank-let"">A</span> Tailgating</li>
          <li><span class=""cy-bank-let"">B</span> Vishing</li>
          <li><span class=""cy-bank-let"">C</span> Baiting</li>
          <li><span class=""cy-bank-let"">D</span> Shoulder surfing</li>
        </ol>
        <details class=""cy-bank-ans"">
          <summary>Show the answer</summary>
          <p class=""cy-bank-key""><strong>Answer:</strong> C. Baiting</p>
          <p class=""cy-bank-exp"">Baiting lures a victim with an enticing physical or digital item (here, a curiosity-provoking USB drive) that delivers malware when used. Tailgating is following someone through a door, vishing is voice phishing, and shoulder surfing is observing credentials directly.</p>
        </details>
      </article>
      <article class=""cy-bank-q"" id=""q-C1-108"">
        <p class=""cy-bank-stem"">A company adopts the anti-social-engineering rules below. Which rule is itself a SECURITY WEAKNESS rather than a protection?</p>
        <pre class=""cy-bank-code""><code>I.   Never share passwords over phone or email
II.  Verify unexpected requests through a second channel
III. Trust any request that includes a manager&#39;s name
IV.  Report suspicious messages to the security team</code></pre>
        <ol class=""cy-bank-opts"">
          <li><span class=""cy-bank-let"">A</span> Rule I</li>
          <li><span class=""cy-bank-let"">B</span> Rule II</li>
          <li><span class=""cy-bank-let"">C</span> Rule IV</li>
          <li><span class=""cy-bank-let"">D</span> Rule III</li>
        </ol>
        <details class=""cy-bank-ans"">
          <summary>Show the answer</summary>
          <p class=""cy-bank-key""><strong>Answer:</strong> D. Rule III</p>
          <p class=""cy-bank-exp"">Rule III is the weakness: a manager&#39;s name is information an attacker can easily learn and supply, so treating its mere mention as proof of legitimacy enables pretexting. The other three are sound practices.</p>
        </details>
      </article>
      <article class=""cy-bank-q"" id=""q-C1-109"">
        <p class=""cy-bank-stem"">An attacker cold-calls random employees offering &#39;free tech support&#39; and walks each one through steps that quietly disable their antivirus. The exchange of a supposed service for access defines which technique?</p>
        <ol class=""cy-bank-opts"">
          <li><span class=""cy-bank-let"">A</span> Whaling</li>
          <li><span class=""cy-bank-let"">B</span> Quid pro quo</li>
          <li><span class=""cy-bank-let"">C</span> Pharming</li>
          <li><span class=""cy-bank-let"">D</span> Tailgating</li>
        </ol>
        <details class=""cy-bank-ans"">
          <summary>Show the answer</summary>
          <p class=""cy-bank-key""><strong>Answer:</strong> B. Quid pro quo</p>
          <p class=""cy-bank-exp"">Quid pro quo trades a benefit (free support) for access or information. Whaling targets executives, pharming redirects traffic via DNS/host manipulation, and tailgating is unauthorized physical entry.</p>
        </details>
      </article>
      <h2 class=""cy-bank-th"">Topic 1.2 Detecting Suspicious Account Activity</h2>
      <article class=""cy-bank-q"" id=""q-C1-110"">
        <p class=""cy-bank-stem"">A user&#39;s account login history is shown. Which entry is the STRONGEST indicator that the account has been compromised?</p>
        <pre class=""cy-bank-code""><code>Entry  Date/Time          Device        IP Location
1      Mon 08:14  Laptop (known)   Kansas City, US
2      Mon 08:41  Phone (known)    Kansas City, US
3      Mon 08:53  Unknown device   Bucharest, RO
4      Mon 17:02  Laptop (known)   Kansas City, US</code></pre>
        <ol class=""cy-bank-opts"">
          <li><span class=""cy-bank-let"">A</span> Entry 1</li>
          <li><span class=""cy-bank-let"">B</span> Entry 3</li>
          <li><span class=""cy-bank-let"">C</span> Entry 2</li>
          <li><span class=""cy-bank-let"">D</span> Entry 4</li>
        </ol>
        <details class=""cy-bank-ans"">
          <summary>Show the answer</summary>
          <p class=""cy-bank-key""><strong>Answer:</strong> B. Entry 3</p>
          <p class=""cy-bank-exp"">Entry 3 shows an unknown device signing in from another continent only 12 minutes after a local login - physically impossible travel plus an unrecognized device. The other entries are consistent with the user&#39;s normal location and known devices.</p>
        </details>
      </article>
      <article class=""cy-bank-q"" id=""q-C1-111"">
        <p class=""cy-bank-stem"">An attacker takes username/password pairs leaked from one breached website and automatically tries them on many other sites. This attack is called:</p>
        <ol class=""cy-bank-opts"">
          <li><span class=""cy-bank-let"">A</span> Credential stuffing</li>
          <li><span class=""cy-bank-let"">B</span> Brute-force cracking</li>
          <li><span class=""cy-bank-let"">C</span> Keylogging</li>
          <li><span class=""cy-bank-let"">D</span> Session fixation</li>
        </ol>
        <details class=""cy-bank-ans"">
          <summary>Show the answer</summary>
          <p class=""cy-bank-key""><strong>Answer:</strong> A. Credential stuffing</p>
          <p class=""cy-bank-exp"">Credential stuffing reuses known username/password pairs across multiple services, exploiting password reuse. Brute force guesses passwords from scratch, keylogging records keystrokes, and session fixation forces a known session ID on a victim.</p>
        </details>
      </article>
      <article class=""cy-bank-q"" id=""q-C1-112"">
        <p class=""cy-bank-stem"">While reviewing a login log, which of the following SHOULD raise suspicion of unauthorized access?

I.   A successful login from a country the user has never visited
II.  Dozens of failed logins followed by one success
III. A login from the user&#39;s usual device and location</p>
        <ol class=""cy-bank-opts"">
          <li><span class=""cy-bank-let"">A</span> I and II only</li>
          <li><span class=""cy-bank-let"">B</span> II and III only</li>
          <li><span class=""cy-bank-let"">C</span> I and III only</li>
          <li><span class=""cy-bank-let"">D</span> I, II, and III</li>
        </ol>
        <details class=""cy-bank-ans"">
          <summary>Show the answer</summary>
          <p class=""cy-bank-key""><strong>Answer:</strong> A. I and II only</p>
          <p class=""cy-bank-exp"">A login from a never-visited country (I) and a burst of failures ending in success (II, the signature of a successful guessing or stuffing attack) are both suspicious. A login from the usual device and location (III) is expected normal behavior.</p>
        </details>
      </article>
      <article class=""cy-bank-q"" id=""q-C1-113"">
        <p class=""cy-bank-stem"">Which control most directly limits the damage of stolen passwords by requiring a second proof of identity at login?</p>
        <ol class=""cy-bank-opts"">
          <li><span class=""cy-bank-let"">A</span> A longer password expiration window</li>
          <li><span class=""cy-bank-let"">B</span> Multi-factor authentication</li>
          <li><span class=""cy-bank-let"">C</span> Disabling the account lockout policy</li>
          <li><span class=""cy-bank-let"">D</span> Storing passwords in the browser</li>
        </ol>
        <details class=""cy-bank-ans"">
          <summary>Show the answer</summary>
          <p class=""cy-bank-key""><strong>Answer:</strong> B. Multi-factor authentication</p>
          <p class=""cy-bank-exp"">Multi-factor authentication requires a second factor (something you have or are), so a stolen password alone is insufficient. Longer expiration and disabling lockout weaken security, and browser storage does not add an authentication factor.</p>
        </details>
      </article>
      <article class=""cy-bank-q"" id=""q-C1-114"">
        <p class=""cy-bank-stem"">A user follows the habits below to manage account logins. Which habit MOST increases the risk that one breach compromises many accounts?</p>
        <pre class=""cy-bank-code""><code>I.   Uses a unique password for each site
II.  Reuses one strong password everywhere
III. Enables multi-factor authentication
IV.  Reviews login alerts when they arrive</code></pre>
        <ol class=""cy-bank-opts"">
          <li><span class=""cy-bank-let"">A</span> Habit I</li>
          <li><span class=""cy-bank-let"">B</span> Habit II</li>
          <li><span class=""cy-bank-let"">C</span> Habit III</li>
          <li><span class=""cy-bank-let"">D</span> Habit IV</li>
        </ol>
        <details class=""cy-bank-ans"">
          <summary>Show the answer</summary>
          <p class=""cy-bank-key""><strong>Answer:</strong> B. Habit II</p>
          <p class=""cy-bank-exp"">Reusing one password (II) means a single leak lets attackers into every account via credential stuffing - the password&#39;s strength does not matter once it is exposed. Unique passwords, MFA, and reviewing alerts all reduce risk.</p>
        </details>
      </article>
      <article class=""cy-bank-q"" id=""q-C1-115"">
        <p class=""cy-bank-stem"">A user receives a real alert that their email was accessed from an unrecognized device in another country. What should they do FIRST?</p>
        <ol class=""cy-bank-opts"">
          <li><span class=""cy-bank-let"">A</span> Delete the alert so it does not cause panic</li>
          <li><span class=""cy-bank-let"">B</span> Reply to the alert email asking who logged in</li>
          <li><span class=""cy-bank-let"">C</span> Wait to see whether any further alerts arrive</li>
          <li><span class=""cy-bank-let"">D</span> Change the account password and sign out all active sessions</li>
        </ol>
        <details class=""cy-bank-ans"">
          <summary>Show the answer</summary>
          <p class=""cy-bank-key""><strong>Answer:</strong> D. Change the account password and sign out all active sessions</p>
          <p class=""cy-bank-exp"">Changing the password and terminating active sessions immediately revokes the intruder&#39;s access. Deleting or ignoring the alert leaves the attacker in, and replying to an alert email risks engaging an attacker if the alert itself is spoofed.</p>
        </details>
      </article>
      <h2 class=""cy-bank-th"">Topic 1.3 Best Practices for Public Networks</h2>
      <article class=""cy-bank-q"" id=""q-C1-116"">
        <p class=""cy-bank-stem"">At a coffee shop, a laptop shows two networks: &#39;Sunshine Coffee&#39; and &#39;Sunshine Coffee Free WiFi.&#39; Connecting to the second opens a portal asking for an email and password to &#39;log in for free access.&#39; What is the MOST likely threat?</p>
        <ol class=""cy-bank-opts"">
          <li><span class=""cy-bank-let"">A</span> A legitimate captive portal that is always safe to use</li>
          <li><span class=""cy-bank-let"">B</span> An evil twin access point harvesting credentials through a fake portal</li>
          <li><span class=""cy-bank-let"">C</span> A firewall blocking the real network</li>
          <li><span class=""cy-bank-let"">D</span> A VPN automatically protecting the connection</li>
        </ol>
        <details class=""cy-bank-ans"">
          <summary>Show the answer</summary>
          <p class=""cy-bank-key""><strong>Answer:</strong> B. An evil twin access point harvesting credentials through a fake portal</p>
          <p class=""cy-bank-exp"">A second, similarly named network paired with a credential-harvesting portal is a classic evil twin: an attacker-run access point that mimics the real one to capture logins. A genuine portal would not need account credentials, and no VPN or firewall is implied.</p>
        </details>
      </article>
      <article class=""cy-bank-q"" id=""q-C1-117"">
        <p class=""cy-bank-stem"">Why does using a VPN on public Wi-Fi improve security even when the network itself is untrusted?</p>
        <ol class=""cy-bank-opts"">
          <li><span class=""cy-bank-let"">A</span> It hides the device from all other users on the network entirely and physically</li>
          <li><span class=""cy-bank-let"">B</span> It encrypts the device&#39;s traffic so others on the network cannot read it</li>
          <li><span class=""cy-bank-let"">C</span> It removes the need for any website to use HTTPS</li>
          <li><span class=""cy-bank-let"">D</span> It guarantees the website being visited is legitimate</li>
        </ol>
        <details class=""cy-bank-ans"">
          <summary>Show the answer</summary>
          <p class=""cy-bank-key""><strong>Answer:</strong> B. It encrypts the device&#39;s traffic so others on the network cannot read it</p>
          <p class=""cy-bank-exp"">A VPN encrypts traffic between the device and the VPN server, so eavesdroppers on the shared network see only ciphertext. It does not make the device invisible, replace HTTPS, or verify a destination site&#39;s legitimacy.</p>
        </details>
      </article>
      <article class=""cy-bank-q"" id=""q-C1-118"">
        <p class=""cy-bank-stem"">Which practices reduce risk when using public Wi-Fi?

I.   Confirming the official network name with staff before connecting
II.  Verifying that sites show HTTPS before entering credentials
III. Enabling file sharing so colleagues can reach your device</p>
        <ol class=""cy-bank-opts"">
          <li><span class=""cy-bank-let"">A</span> I and II only</li>
          <li><span class=""cy-bank-let"">B</span> II and III only</li>
          <li><span class=""cy-bank-let"">C</span> I and III only</li>
          <li><span class=""cy-bank-let"">D</span> I, II, and III</li>
        </ol>
        <details class=""cy-bank-ans"">
          <summary>Show the answer</summary>
          <p class=""cy-bank-key""><strong>Answer:</strong> A. I and II only</p>
          <p class=""cy-bank-exp"">Confirming the legitimate network name (I) avoids evil twins, and requiring HTTPS (II) protects data in transit. Enabling file sharing on an untrusted network (III) exposes the device to other users and increases risk.</p>
        </details>
      </article>
      <article class=""cy-bank-q"" id=""q-C1-119"">
        <p class=""cy-bank-stem"">A traveler does the following on airport Wi-Fi. Which action is the RISKIEST?</p>
        <pre class=""cy-bank-code""><code>I.   Reads news on an HTTPS site
II.  Logs into online banking over the open network
III. Uses a VPN before browsing
IV.  Confirms the network name at the help desk</code></pre>
        <ol class=""cy-bank-opts"">
          <li><span class=""cy-bank-let"">A</span> Action II</li>
          <li><span class=""cy-bank-let"">B</span> Action I</li>
          <li><span class=""cy-bank-let"">C</span> Action III</li>
          <li><span class=""cy-bank-let"">D</span> Action IV</li>
        </ol>
        <details class=""cy-bank-ans"">
          <summary>Show the answer</summary>
          <p class=""cy-bank-key""><strong>Answer:</strong> A. Action II</p>
          <p class=""cy-bank-exp"">Logging into banking over open Wi-Fi (II) exposes high-value credentials to potential eavesdropping or an evil twin, especially without a VPN. Reading HTTPS news, using a VPN, and verifying the network name are all comparatively safe.</p>
        </details>
      </article>
      <article class=""cy-bank-q"" id=""q-C1-120"">
        <p class=""cy-bank-stem"">On an open wireless network with no encryption, an attacker positions themselves between a user and the gateway to intercept and possibly alter traffic. This is BEST described as:</p>
        <ol class=""cy-bank-opts"">
          <li><span class=""cy-bank-let"">A</span> A denial-of-service attack</li>
          <li><span class=""cy-bank-let"">B</span> A man-in-the-middle attack</li>
          <li><span class=""cy-bank-let"">C</span> A SQL injection</li>
          <li><span class=""cy-bank-let"">D</span> A brute-force attack</li>
        </ol>
        <details class=""cy-bank-ans"">
          <summary>Show the answer</summary>
          <p class=""cy-bank-key""><strong>Answer:</strong> B. A man-in-the-middle attack</p>
          <p class=""cy-bank-exp"">Intercepting (and potentially modifying) traffic between two parties is a man-in-the-middle attack, which open networks make easy. Denial of service blocks availability, SQL injection targets databases, and brute force guesses credentials.</p>
        </details>
      </article>
      <h2 class=""cy-bank-th"">Topic 1.4 AI-Based Cybersecurity Attacks</h2>
      <article class=""cy-bank-q"" id=""q-C1-121"">
        <p class=""cy-bank-stem"">How do AI tools most significantly change the threat posed by phishing campaigns?</p>
        <ol class=""cy-bank-opts"">
          <li><span class=""cy-bank-let"">A</span> They let attackers generate large volumes of personalized, fluent messages quickly</li>
          <li><span class=""cy-bank-let"">B</span> They make all phishing emails contain obvious spelling errors</li>
          <li><span class=""cy-bank-let"">C</span> They eliminate the need for a victim to click anything</li>
          <li><span class=""cy-bank-let"">D</span> They prevent email providers from filtering spam</li>
        </ol>
        <details class=""cy-bank-ans"">
          <summary>Show the answer</summary>
          <p class=""cy-bank-key""><strong>Answer:</strong> A. They let attackers generate large volumes of personalized, fluent messages quickly</p>
          <p class=""cy-bank-exp"">AI lets attackers produce many highly personalized, grammatically clean messages at scale, raising both volume and believability. It does not introduce errors, remove the need for victim interaction, or disable spam filters.</p>
        </details>
      </article>
      <article class=""cy-bank-q"" id=""q-C1-122"">
        <p class=""cy-bank-stem"">An employee receives a phone call that sounds exactly like their manager&#39;s voice, urgently asking them to approve a payment. The &#39;manager&#39; is later found to have made no such call. Which AI-enabled attack is MOST consistent with this?</p>
        <ol class=""cy-bank-opts"">
          <li><span class=""cy-bank-let"">A</span> A SQL injection</li>
          <li><span class=""cy-bank-let"">B</span> A brute-force password attack</li>
          <li><span class=""cy-bank-let"">C</span> AI-generated voice cloning (audio deepfake)</li>
          <li><span class=""cy-bank-let"">D</span> A captive portal attack</li>
        </ol>
        <details class=""cy-bank-ans"">
          <summary>Show the answer</summary>
          <p class=""cy-bank-key""><strong>Answer:</strong> C. AI-generated voice cloning (audio deepfake)</p>
          <p class=""cy-bank-exp"">AI voice cloning can synthesize a convincing imitation of a known person&#39;s voice to authorize fraudulent actions. The other options describe database, password, and network attacks unrelated to synthetic audio.</p>
        </details>
      </article>
      <article class=""cy-bank-q"" id=""q-C1-123"">
        <p class=""cy-bank-stem"">Which statements about AI-based cyberattacks are TRUE?

I.   AI can generate deepfake audio and video to impersonate real people
II.  AI lowers the skill and time needed to launch convincing attacks at scale
III. AI-generated phishing is always easy to detect because it sounds robotic</p>
        <ol class=""cy-bank-opts"">
          <li><span class=""cy-bank-let"">A</span> II and III only</li>
          <li><span class=""cy-bank-let"">B</span> I and III only</li>
          <li><span class=""cy-bank-let"">C</span> I, II, and III</li>
          <li><span class=""cy-bank-let"">D</span> I and II only</li>
        </ol>
        <details class=""cy-bank-ans"">
          <summary>Show the answer</summary>
          <p class=""cy-bank-key""><strong>Answer:</strong> D. I and II only</p>
          <p class=""cy-bank-exp"">AI can fabricate realistic audio/video impersonations (I) and reduce the effort to scale convincing attacks (II). Statement III is false: modern AI text is fluent and natural, making AI phishing harder, not easier, to spot.</p>
        </details>
      </article>
      <article class=""cy-bank-q"" id=""q-C1-124"">
        <p class=""cy-bank-stem"">After a deepfake voice scam, a team proposes new verification rules. Which proposed rule would FAIL to defend against a convincing voice clone?</p>
        <pre class=""cy-bank-code""><code>I.   Confirm money transfers through a pre-agreed code word
II.  Trust any request if the caller&#39;s voice sounds correct
III. Call the requester back on a known, official number
IV.  Require a second approver for large transfers</code></pre>
        <ol class=""cy-bank-opts"">
          <li><span class=""cy-bank-let"">A</span> Rule I</li>
          <li><span class=""cy-bank-let"">B</span> Rule III</li>
          <li><span class=""cy-bank-let"">C</span> Rule II</li>
          <li><span class=""cy-bank-let"">D</span> Rule IV</li>
        </ol>
        <details class=""cy-bank-ans"">
          <summary>Show the answer</summary>
          <p class=""cy-bank-key""><strong>Answer:</strong> C. Rule II</p>
          <p class=""cy-bank-exp"">Rule II fails because the entire danger of voice cloning is that the voice sounds correct, so it cannot be the test. Code words, call-backs to known numbers, and dual approval all verify identity by means a deepfake cannot fake.</p>
        </details>
      </article>
      <article class=""cy-bank-q"" id=""q-C1-130"">
        <p class=""cy-bank-stem"">AI is described as &#39;dual-use&#39; in cybersecurity. Which statements support this characterization?

I.   The same generative models that scale phishing can also draft user-awareness training
II.  Anomaly detection that defends accounts can also help attackers map normal behavior to evade it
III. AI is useful only to attackers, never to defenders</p>
        <ol class=""cy-bank-opts"">
          <li><span class=""cy-bank-let"">A</span> I and II only</li>
          <li><span class=""cy-bank-let"">B</span> II and III only</li>
          <li><span class=""cy-bank-let"">C</span> I and III only</li>
          <li><span class=""cy-bank-let"">D</span> I, II, and III</li>
        </ol>
        <details class=""cy-bank-ans"">
          <summary>Show the answer</summary>
          <p class=""cy-bank-key""><strong>Answer:</strong> A. I and II only</p>
          <p class=""cy-bank-exp"">Dual-use means the same capabilities aid both sides: generative models help attackers and defenders (I), and behavioral modeling can be turned to evasion (II). Statement III is false because AI clearly benefits defenders as well.</p>
        </details>
      </article>
      <h2 class=""cy-bank-th"">Topic 1.5 Leveraging AI in Cyber Defense</h2>
      <article class=""cy-bank-q"" id=""q-C1-125"">
        <p class=""cy-bank-stem"">A security system uses AI to learn each user&#39;s normal login times, locations, and devices, then flags logins that deviate sharply from that pattern. This defensive technique is BEST described as:</p>
        <ol class=""cy-bank-opts"">
          <li><span class=""cy-bank-let"">A</span> Anomaly (behavior-based) detection</li>
          <li><span class=""cy-bank-let"">B</span> Signature-based filtering</li>
          <li><span class=""cy-bank-let"">C</span> Password hashing</li>
          <li><span class=""cy-bank-let"">D</span> Physical access control</li>
        </ol>
        <details class=""cy-bank-ans"">
          <summary>Show the answer</summary>
          <p class=""cy-bank-key""><strong>Answer:</strong> A. Anomaly (behavior-based) detection</p>
          <p class=""cy-bank-exp"">Learning a baseline of normal behavior and flagging deviations is anomaly/behavior-based detection. Signature-based filtering matches known patterns, hashing protects stored passwords, and physical access control governs entry to spaces.</p>
        </details>
      </article>
      <article class=""cy-bank-q"" id=""q-C1-126"">
        <p class=""cy-bank-stem"">Which are legitimate ways AI helps defenders?

I.   Detecting unusual account behavior faster than manual review
II.  Triaging large volumes of alerts to surface likely threats
III. Guaranteeing zero false positives in threat detection</p>
        <ol class=""cy-bank-opts"">
          <li><span class=""cy-bank-let"">A</span> II and III only</li>
          <li><span class=""cy-bank-let"">B</span> I and III only</li>
          <li><span class=""cy-bank-let"">C</span> I and II only</li>
          <li><span class=""cy-bank-let"">D</span> I, II, and III</li>
        </ol>
        <details class=""cy-bank-ans"">
          <summary>Show the answer</summary>
          <p class=""cy-bank-key""><strong>Answer:</strong> C. I and II only</p>
          <p class=""cy-bank-exp"">AI excels at rapidly spotting anomalies (I) and prioritizing high volumes of alerts (II). Statement III is false: AI systems still produce false positives and false negatives and cannot guarantee perfect accuracy.</p>
        </details>
      </article>
      <article class=""cy-bank-q"" id=""q-C1-127"">
        <p class=""cy-bank-stem"">Which statement BEST describes a key limitation of relying on AI for cyber defense?</p>
        <ol class=""cy-bank-opts"">
          <li><span class=""cy-bank-let"">A</span> AI defenses make human oversight completely unnecessary</li>
          <li><span class=""cy-bank-let"">B</span> AI defenses can produce false positives and may miss novel attacks not reflected in their training</li>
          <li><span class=""cy-bank-let"">C</span> AI defenses can detect only attacks that have already been publicly reported</li>
          <li><span class=""cy-bank-let"">D</span> AI defenses cannot process more data than a human analyst</li>
        </ol>
        <details class=""cy-bank-ans"">
          <summary>Show the answer</summary>
          <p class=""cy-bank-key""><strong>Answer:</strong> B. AI defenses can produce false positives and may miss novel attacks not reflected in their training</p>
          <p class=""cy-bank-exp"">AI defenses can misclassify benign activity (false positives) and may fail on truly novel attacks outside their learned patterns, so human oversight remains important. They do process more data than humans and are not limited to publicly reported attacks.</p>
        </details>
      </article>
      <article class=""cy-bank-q"" id=""q-C1-128"">
        <p class=""cy-bank-stem"">An AI monitoring tool flags a finance employee&#39;s first-ever late-night login from a new laptop as suspicious, but it turns out the employee simply bought a new computer and worked late. This outcome is an example of:</p>
        <ol class=""cy-bank-opts"">
          <li><span class=""cy-bank-let"">A</span> A false positive</li>
          <li><span class=""cy-bank-let"">B</span> A false negative</li>
          <li><span class=""cy-bank-let"">C</span> A zero-day exploit</li>
          <li><span class=""cy-bank-let"">D</span> A denial-of-service event</li>
        </ol>
        <details class=""cy-bank-ans"">
          <summary>Show the answer</summary>
          <p class=""cy-bank-key""><strong>Answer:</strong> A. A false positive</p>
          <p class=""cy-bank-exp"">The system raised an alarm for legitimate activity, which is a false positive. A false negative would be missing a real attack; the other options are unrelated attack types.</p>
        </details>
      </article>
      <article class=""cy-bank-q"" id=""q-C1-129"">
        <p class=""cy-bank-stem"">Why is human review still important even when AI handles most threat detection?</p>
        <ol class=""cy-bank-opts"">
          <li><span class=""cy-bank-let"">A</span> Humans can read encrypted traffic that AI cannot</li>
          <li><span class=""cy-bank-let"">B</span> AI is unable to process more than one alert at a time</li>
          <li><span class=""cy-bank-let"">C</span> Humans never make mistakes in security decisions</li>
          <li><span class=""cy-bank-let"">D</span> Humans can investigate flagged events in context and catch AI errors</li>
        </ol>
        <details class=""cy-bank-ans"">
          <summary>Show the answer</summary>
          <p class=""cy-bank-key""><strong>Answer:</strong> D. Humans can investigate flagged events in context and catch AI errors</p>
          <p class=""cy-bank-exp"">Humans add contextual judgment and can correct AI mistakes such as false positives or missed novel attacks. AI handles high volume well, neither humans nor AI read properly encrypted traffic without keys, and humans are certainly not error-free.</p>
        </details>
      </article>
  </section>
  <p class=""cy-bank-lede"">More practice: <a href=""/pages/ap-cybersecurity-practice-questions-unit-2"">Unit 2</a>, <a href=""/pages/ap-cybersecurity-practice-questions-unit-3"">Unit 3</a>, <a href=""/pages/ap-cybersecurity-practice-questions-unit-4"">Unit 4</a>, <a href=""/pages/ap-cybersecurity-practice-questions-unit-5"">Unit 5</a>, or the <a href=""/pages/ap-cybersecurity-question-of-the-day"">question of the day</a>.</p>
</div>

<script type=""application/ld+json"">
{
  ""@context"": ""https://schema.org/"",
  ""@type"": ""Quiz"",
  ""name"": ""AP Cybersecurity Unit 1 Practice Questions: Introduction to Security"",
  ""about"": {
    ""@type"": ""Thing"",
    ""name"": ""AP Cybersecurity""
  },
  ""educationalAlignment"": [
    {
      ""@type"": ""AlignmentObject"",
      ""alignmentType"": ""educationalSubject"",
      ""targetName"": ""Cybersecurity""
    },
    {
      ""@type"": ""AlignmentObject"",
      ""alignmentType"": ""educationalLevel"",
      ""targetName"": ""High school""
    }
  ],
  ""hasPart"": [
    {
      ""@context"": ""https://schema.org/"",
      ""@type"": ""Question"",
      ""eduQuestionType"": ""Flashcard"",
      ""text"": ""A caller claims to be from the IT department, says a security patch must be installed in the next ten minutes or the employee's account will be locked, and asks for the employee's password to 'apply it remotely.' Which combination of psychological principles is the attacker MOST directly exploiting?"",
      ""acceptedAnswer"": {
        ""@type"": ""Answer"",
        ""text"": ""Authority and urgency. Claiming to be IT invokes authority; the ten-minute lockout threat manufactures urgency. Reciprocity, social proof, liking, and commitment are real influence tactics but are not the ones used here.""
      }
    },
    {
      ""@context"": ""https://schema.org/"",
      ""@type"": ""Question"",
      ""eduQuestionType"": ""Flashcard"",
      ""text"": ""An employee receives the email shown. Which single feature is the STRONGEST evidence that it is a phishing attempt rather than a legitimate message?"",
      ""acceptedAnswer"": {
        ""@type"": ""Answer"",
        ""text"": ""The sender domain uses a zero in place of the letter o. A look-alike domain (micros0ft with a zero) is definitive technical evidence of spoofing. A generic greeting and a deadline are suspicious but individually can occur in real mail; legitimate services also report unusual activity. The domain forgery is the strongest single indicator.""
      }
    },
    {
      ""@context"": ""https://schema.org/"",
      ""@type"": ""Question"",
      ""eduQuestionType"": ""Flashcard"",
      ""text"": ""A text message reads: 'USPS: your package is held pending a $1.99 fee. Pay at usps-redelivery.info to release it.' This is BEST classified as which type of attack?"",
      ""acceptedAnswer"": {
        ""@type"": ""Answer"",
        ""text"": ""Smishing. Smishing is phishing delivered by SMS text. Tailgating is physical, a watering hole attack compromises a site the target visits, and whaling targets high-level executives specifically.""
      }
    },
    {
      ""@context"": ""https://schema.org/"",
      ""@type"": ""Question"",
      ""eduQuestionType"": ""Flashcard"",
      ""text"": ""Which of the following are reliable warning signs that an email may be a phishing attempt?\n\nI.   The message creates pressure to act immediately\nII.  Hovering over a link reveals a destination different from the displayed text\nIII. The email is addressed to the recipient by their correct full name"",
      ""acceptedAnswer"": {
        ""@type"": ""Answer"",
        ""text"": ""I and II only. Manufactured urgency (I) and a mismatched link target on hover (II) are classic phishing indicators. A correct full name (III) is not a warning sign; spear-phishing attacks deliberately use accurate personal details, so its presence does not signal danger.""
      }
    },
    {
      ""@context"": ""https://schema.org/"",
      ""@type"": ""Question"",
      ""eduQuestionType"": ""Flashcard"",
      ""text"": ""An attacker researches a company's CFO on social media, then sends that CFO a personalized email impersonating the CEO and requesting an urgent wire transfer. This attack is BEST described as:"",
      ""acceptedAnswer"": {
        ""@type"": ""Answer"",
        ""text"": ""Whaling. Targeting a specific high-value executive (the CFO) with a tailored message is whaling, a form of spear phishing aimed at 'big fish.' Mass phishing is untargeted, baiting offers a lure item, and quid pro quo offers a service in exchange for information.""
      }
    },
    {
      ""@context"": ""https://schema.org/"",
      ""@type"": ""Question"",
      ""eduQuestionType"": ""Flashcard"",
      ""text"": ""A worker at a help desk gets a call: 'Hi, this is Dana from the third-floor accounting team. I'm locked out before a big deadline and my manager said you could reset my password right now.' What is the MOST appropriate response?"",
      ""acceptedAnswer"": {
        ""@type"": ""Answer"",
        ""text"": ""Verify the caller's identity through an independent, established channel before taking action. The scenario is textbook pretexting. Identity must be confirmed through an independent verified channel (e.g., calling the employee back at a known number), not by trusting unverifiable claims the caller supplies. Confirming a manager's name or emailing a password the caller dictates still relies on attacker-supplied data.""
      }
    },
    {
      ""@context"": ""https://schema.org/"",
      ""@type"": ""Question"",
      ""eduQuestionType"": ""Flashcard"",
      ""text"": ""An attacker leaves USB drives labeled 'Q4 Layoffs - Confidential' in an office parking lot, hoping employees will plug them into work computers. This technique is called:"",
      ""acceptedAnswer"": {
        ""@type"": ""Answer"",
        ""text"": ""Baiting. Baiting lures a victim with an enticing physical or digital item (here, a curiosity-provoking USB drive) that delivers malware when used. Tailgating is following someone through a door, vishing is voice phishing, and shoulder surfing is observing credentials directly.""
      }
    },
    {
      ""@context"": ""https://schema.org/"",
      ""@type"": ""Question"",
      ""eduQuestionType"": ""Flashcard"",
      ""text"": ""A company adopts the anti-social-engineering rules below. Which rule is itself a SECURITY WEAKNESS rather than a protection?"",
      ""acceptedAnswer"": {
        ""@type"": ""Answer"",
        ""text"": ""Rule III. Rule III is the weakness: a manager's name is information an attacker can easily learn and supply, so treating its mere mention as proof of legitimacy enables pretexting. The other three are sound practices.""
      }
    },
    {
      ""@context"": ""https://schema.org/"",
      ""@type"": ""Question"",
      ""eduQuestionType"": ""Flashcard"",
      ""text"": ""An attacker cold-calls random employees offering 'free tech support' and walks each one through steps that quietly disable their antivirus. The exchange of a supposed service for access defines which technique?"",
      ""acceptedAnswer"": {
        ""@type"": ""Answer"",
        ""text"": ""Quid pro quo. Quid pro quo trades a benefit (free support) for access or information. Whaling targets executives, pharming redirects traffic via DNS/host manipulation, and tailgating is unauthorized physical entry.""
      }
    },
    {
      ""@context"": ""https://schema.org/"",
      ""@type"": ""Question"",
      ""eduQuestionType"": ""Flashcard"",
      ""text"": ""A user's account login history is shown. Which entry is the STRONGEST indicator that the account has been compromised?"",
      ""acceptedAnswer"": {
        ""@type"": ""Answer"",
        ""text"": ""Entry 3. Entry 3 shows an unknown device signing in from another continent only 12 minutes after a local login - physically impossible travel plus an unrecognized device. The other entries are consistent with the user's normal location and known devices.""
      }
    },
    {
      ""@context"": ""https://schema.org/"",
      ""@type"": ""Question"",
      ""eduQuestionType"": ""Flashcard"",
      ""text"": ""An attacker takes username/password pairs leaked from one breached website and automatically tries them on many other sites. This attack is called:"",
      ""acceptedAnswer"": {
        ""@type"": ""Answer"",
        ""text"": ""Credential stuffing. Credential stuffing reuses known username/password pairs across multiple services, exploiting password reuse. Brute force guesses passwords from scratch, keylogging records keystrokes, and session fixation forces a known session ID on a victim.""
      }
    },
    {
      ""@context"": ""https://schema.org/"",
      ""@type"": ""Question"",
      ""eduQuestionType"": ""Flashcard"",
      ""text"": ""While reviewing a login log, which of the following SHOULD raise suspicion of unauthorized access?\n\nI.   A successful login from a country the user has never visited\nII.  Dozens of failed logins followed by one success\nIII. A login from the user's usual device and location"",
      ""acceptedAnswer"": {
        ""@type"": ""Answer"",
        ""text"": ""I and II only. A login from a never-visited country (I) and a burst of failures ending in success (II, the signature of a successful guessing or stuffing attack) are both suspicious. A login from the usual device and location (III) is expected normal behavior.""
      }
    },
    {
      ""@context"": ""https://schema.org/"",
      ""@type"": ""Question"",
      ""eduQuestionType"": ""Flashcard"",
      ""text"": ""Which control most directly limits the damage of stolen passwords by requiring a second proof of identity at login?"",
      ""acceptedAnswer"": {
        ""@type"": ""Answer"",
        ""text"": ""Multi-factor authentication. Multi-factor authentication requires a second factor (something you have or are), so a stolen password alone is insufficient. Longer expiration and disabling lockout weaken security, and browser storage does not add an authentication factor.""
      }
    },
    {
      ""@context"": ""https://schema.org/"",
      ""@type"": ""Question"",
      ""eduQuestionType"": ""Flashcard"",
      ""text"": ""A user follows the habits below to manage account logins. Which habit MOST increases the risk that one breach compromises many accounts?"",
      ""acceptedAnswer"": {
        ""@type"": ""Answer"",
        ""text"": ""Habit II. Reusing one password (II) means a single leak lets attackers into every account via credential stuffing - the password's strength does not matter once it is exposed. Unique passwords, MFA, and reviewing alerts all reduce risk.""
      }
    },
    {
      ""@context"": ""https://schema.org/"",
      ""@type"": ""Question"",
      ""eduQuestionType"": ""Flashcard"",
      ""text"": ""A user receives a real alert that their email was accessed from an unrecognized device in another country. What should they do FIRST?"",
      ""acceptedAnswer"": {
        ""@type"": ""Answer"",
        ""text"": ""Change the account password and sign out all active sessions. Changing the password and terminating active sessions immediately revokes the intruder's access. Deleting or ignoring the alert leaves the attacker in, and replying to an alert email risks engaging an attacker if the alert itself is spoofed.""
      }
    },
    {
      ""@context"": ""https://schema.org/"",
      ""@type"": ""Question"",
      ""eduQuestionType"": ""Flashcard"",
      ""text"": ""At a coffee shop, a laptop shows two networks: 'Sunshine Coffee' and 'Sunshine Coffee Free WiFi.' Connecting to the second opens a portal asking for an email and password to 'log in for free access.' What is the MOST likely threat?"",
      ""acceptedAnswer"": {
        ""@type"": ""Answer"",
        ""text"": ""An evil twin access point harvesting credentials through a fake portal. A second, similarly named network paired with a credential-harvesting portal is a classic evil twin: an attacker-run access point that mimics the real one to capture logins. A genuine portal would not need account credentials, and no VPN or firewall is implied.""
      }
    },
    {
      ""@context"": ""https://schema.org/"",
      ""@type"": ""Question"",
      ""eduQuestionType"": ""Flashcard"",
      ""text"": ""Why does using a VPN on public Wi-Fi improve security even when the network itself is untrusted?"",
      ""acceptedAnswer"": {
        ""@type"": ""Answer"",
        ""text"": ""It encrypts the device's traffic so others on the network cannot read it. A VPN encrypts traffic between the device and the VPN server, so eavesdroppers on the shared network see only ciphertext. It does not make the device invisible, replace HTTPS, or verify a destination site's legitimacy.""
      }
    },
    {
      ""@context"": ""https://schema.org/"",
      ""@type"": ""Question"",
      ""eduQuestionType"": ""Flashcard"",
      ""text"": ""Which practices reduce risk when using public Wi-Fi?\n\nI.   Confirming the official network name with staff before connecting\nII.  Verifying that sites show HTTPS before entering credentials\nIII. Enabling file sharing so colleagues can reach your device"",
      ""acceptedAnswer"": {
        ""@type"": ""Answer"",
        ""text"": ""I and II only. Confirming the legitimate network name (I) avoids evil twins, and requiring HTTPS (II) protects data in transit. Enabling file sharing on an untrusted network (III) exposes the device to other users and increases risk.""
      }
    },
    {
      ""@context"": ""https://schema.org/"",
      ""@type"": ""Question"",
      ""eduQuestionType"": ""Flashcard"",
      ""text"": ""A traveler does the following on airport Wi-Fi. Which action is the RISKIEST?"",
      ""acceptedAnswer"": {
        ""@type"": ""Answer"",
        ""text"": ""Action II. Logging into banking over open Wi-Fi (II) exposes high-value credentials to potential eavesdropping or an evil twin, especially without a VPN. Reading HTTPS news, using a VPN, and verifying the network name are all comparatively safe.""
      }
    },
    {
      ""@context"": ""https://schema.org/"",
      ""@type"": ""Question"",
      ""eduQuestionType"": ""Flashcard"",
      ""text"": ""On an open wireless network with no encryption, an attacker positions themselves between a user and the gateway to intercept and possibly alter traffic. This is BEST described as:"",
      ""acceptedAnswer"": {
        ""@type"": ""Answer"",
        ""text"": ""A man-in-the-middle attack. Intercepting (and potentially modifying) traffic between two parties is a man-in-the-middle attack, which open networks make easy. Denial of service blocks availability, SQL injection targets databases, and brute force guesses credentials.""
      }
    },
    {
      ""@context"": ""https://schema.org/"",
      ""@type"": ""Question"",
      ""eduQuestionType"": ""Flashcard"",
      ""text"": ""How do AI tools most significantly change the threat posed by phishing campaigns?"",
      ""acceptedAnswer"": {
        ""@type"": ""Answer"",
        ""text"": ""They let attackers generate large volumes of personalized, fluent messages quickly. AI lets attackers produce many highly personalized, grammatically clean messages at scale, raising both volume and believability. It does not introduce errors, remove the need for victim interaction, or disable spam filters.""
      }
    },
    {
      ""@context"": ""https://schema.org/"",
      ""@type"": ""Question"",
      ""eduQuestionType"": ""Flashcard"",
      ""text"": ""An employee receives a phone call that sounds exactly like their manager's voice, urgently asking them to approve a payment. The 'manager' is later found to have made no such call. Which AI-enabled attack is MOST consistent with this?"",
      ""acceptedAnswer"": {
        ""@type"": ""Answer"",
        ""text"": ""AI-generated voice cloning (audio deepfake). AI voice cloning can synthesize a convincing imitation of a known person's voice to authorize fraudulent actions. The other options describe database, password, and network attacks unrelated to synthetic audio.""
      }
    },
    {
      ""@context"": ""https://schema.org/"",
      ""@type"": ""Question"",
      ""eduQuestionType"": ""Flashcard"",
      ""text"": ""Which statements about AI-based cyberattacks are TRUE?\n\nI.   AI can generate deepfake audio and video to impersonate real people\nII.  AI lowers the skill and time needed to launch convincing attacks at scale\nIII. AI-generated phishing is always easy to detect because it sounds robotic"",
      ""acceptedAnswer"": {
        ""@type"": ""Answer"",
        ""text"": ""I and II only. AI can fabricate realistic audio/video impersonations (I) and reduce the effort to scale convincing attacks (II). Statement III is false: modern AI text is fluent and natural, making AI phishing harder, not easier, to spot.""
      }
    },
    {
      ""@context"": ""https://schema.org/"",
      ""@type"": ""Question"",
      ""eduQuestionType"": ""Flashcard"",
      ""text"": ""After a deepfake voice scam, a team proposes new verification rules. Which proposed rule would FAIL to defend against a convincing voice clone?"",
      ""acceptedAnswer"": {
        ""@type"": ""Answer"",
        ""text"": ""Rule II. Rule II fails because the entire danger of voice cloning is that the voice sounds correct, so it cannot be the test. Code words, call-backs to known numbers, and dual approval all verify identity by means a deepfake cannot fake.""
      }
    },
    {
      ""@context"": ""https://schema.org/"",
      ""@type"": ""Question"",
      ""eduQuestionType"": ""Flashcard"",
      ""text"": ""A security system uses AI to learn each user's normal login times, locations, and devices, then flags logins that deviate sharply from that pattern. This defensive technique is BEST described as:"",
      ""acceptedAnswer"": {
        ""@type"": ""Answer"",
        ""text"": ""Anomaly (behavior-based) detection. Learning a baseline of normal behavior and flagging deviations is anomaly/behavior-based detection. Signature-based filtering matches known patterns, hashing protects stored passwords, and physical access control governs entry to spaces.""
      }
    },
    {
      ""@context"": ""https://schema.org/"",
      ""@type"": ""Question"",
      ""eduQuestionType"": ""Flashcard"",
      ""text"": ""Which are legitimate ways AI helps defenders?\n\nI.   Detecting unusual account behavior faster than manual review\nII.  Triaging large volumes of alerts to surface likely threats\nIII. Guaranteeing zero false positives in threat detection"",
      ""acceptedAnswer"": {
        ""@type"": ""Answer"",
        ""text"": ""I and II only. AI excels at rapidly spotting anomalies (I) and prioritizing high volumes of alerts (II). Statement III is false: AI systems still produce false positives and false negatives and cannot guarantee perfect accuracy.""
      }
    },
    {
      ""@context"": ""https://schema.org/"",
      ""@type"": ""Question"",
      ""eduQuestionType"": ""Flashcard"",
      ""text"": ""Which statement BEST describes a key limitation of relying on AI for cyber defense?"",
      ""acceptedAnswer"": {
        ""@type"": ""Answer"",
        ""text"": ""AI defenses can produce false positives and may miss novel attacks not reflected in their training. AI defenses can misclassify benign activity (false positives) and may fail on truly novel attacks outside their learned patterns, so human oversight remains important. They do process more data than humans and are not limited to publicly reported attacks.""
      }
    },
    {
      ""@context"": ""https://schema.org/"",
      ""@type"": ""Question"",
      ""eduQuestionType"": ""Flashcard"",
      ""text"": ""An AI monitoring tool flags a finance employee's first-ever late-night login from a new laptop as suspicious, but it turns out the employee simply bought a new computer and worked late. This outcome is an example of:"",
      ""acceptedAnswer"": {
        ""@type"": ""Answer"",
        ""text"": ""A false positive. The system raised an alarm for legitimate activity, which is a false positive. A false negative would be missing a real attack; the other options are unrelated attack types.""
      }
    },
    {
      ""@context"": ""https://schema.org/"",
      ""@type"": ""Question"",
      ""eduQuestionType"": ""Flashcard"",
      ""text"": ""Why is human review still important even when AI handles most threat detection?"",
      ""acceptedAnswer"": {
        ""@type"": ""Answer"",
        ""text"": ""Humans can investigate flagged events in context and catch AI errors. Humans add contextual judgment and can correct AI mistakes such as false positives or missed novel attacks. AI handles high volume well, neither humans nor AI read properly encrypted traffic without keys, and humans are certainly not error-free.""
      }
    },
    {
      ""@context"": ""https://schema.org/"",
      ""@type"": ""Question"",
      ""eduQuestionType"": ""Flashcard"",
      ""text"": ""AI is described as 'dual-use' in cybersecurity. Which statements support this characterization?\n\nI.   The same generative models that scale phishing can also draft user-awareness training\nII.  Anomaly detection that defends accounts can also help attackers map normal behavior to evade it\nIII. AI is useful only to attackers, never to defenders"",
      ""acceptedAnswer"": {
        ""@type"": ""Answer"",
        ""text"": ""I and II only. Dual-use means the same capabilities aid both sides: generative models help attackers and defenders (I), and behavioral modeling can be turned to evasion (II). Statement III is false because AI clearly benefits defenders as well.""
      }
    }
  ]
}
</script>","TRUE","2026-03-01","AP Cybersecurity Unit 1 Practice Questions with Answers","30 free AP Cybersecurity practice questions for Unit 1, Introduction to Security, grouped by CED topic. Every question shows the answer and why the other options fail. No login."
"ap-cybersecurity-practice-questions-unit-2","MERGE","AP Cybersecurity Unit 2 Practice Questions: Securing Spaces","<style>
  #cyb-qotd { --cy-line: #dbe4ee; --cy-r: 14px; --cy-r-sm: 10px;
    --cy-sh-sm: 0 1px 3px rgba(15,42,67,.08); }

  /* --- crawlable question bank ------------------------------------------- */
  #cyb-qotd .cy-bank { margin: 28px 0 0; padding: 22px 18px; background: #ffffff !important;
    border: 1px solid var(--cy-line); border-radius: var(--cy-r); box-shadow: var(--cy-sh-sm); }
  #cyb-qotd .cy-bank h2 { font-size: 22px; line-height: 1.25; margin: 0 0 6px;
    color: #0f2a43 !important; -webkit-text-fill-color: #0f2a43 !important; font-weight: 700; }
  #cyb-qotd .cy-bank-lede { margin: 0 0 18px; font-size: 15px; line-height: 1.55;
    color: #40566d !important; -webkit-text-fill-color: #40566d !important; }
  #cyb-qotd .cy-bank-unit { margin: 0 0 26px; }
  #cyb-qotd .cy-bank-uh { font-size: 17px; margin: 22px 0 4px; padding: 0 0 6px;
    border-bottom: 2px solid #2f6df6; color: #0f2a43 !important;
    -webkit-text-fill-color: #0f2a43 !important; font-weight: 700; }
  #cyb-qotd .cy-bank-count { float: right; font-size: 12px; font-weight: 600;
    color: #64798f !important; -webkit-text-fill-color: #64798f !important; }
  #cyb-qotd .cy-bank-th { font-size: 14px; margin: 16px 0 8px; text-transform: uppercase;
    letter-spacing: .04em; color: #15395c !important;
    -webkit-text-fill-color: #15395c !important; font-weight: 700; }
  #cyb-qotd .cy-bank-q { margin: 0 0 14px; padding: 12px 14px; background: #f7f9fc !important;
    border: 1px solid var(--cy-line); border-radius: var(--cy-r-sm); }
  #cyb-qotd .cy-bank-stem { margin: 0 0 8px; font-size: 15px; line-height: 1.55;
    color: #16273a !important; -webkit-text-fill-color: #16273a !important; }
  #cyb-qotd .cy-bank-code { margin: 0 0 10px; padding: 10px 12px; overflow-x: auto;
    background: #0f2a43 !important; border-radius: var(--cy-r-sm); font-size: 13px;
    line-height: 1.5; color: #e8eef6 !important; -webkit-text-fill-color: #e8eef6 !important; }
  #cyb-qotd .cy-bank-opts { margin: 0 0 8px; padding: 0; list-style: none; }
  #cyb-qotd .cy-bank-opts li { margin: 0 0 4px; font-size: 14px; line-height: 1.5;
    color: #2b3d52 !important; -webkit-text-fill-color: #2b3d52 !important; }
  #cyb-qotd .cy-bank-let { display: inline-block; min-width: 20px; font-weight: 700;
    color: #2f6df6 !important; -webkit-text-fill-color: #2f6df6 !important; }
  #cyb-qotd .cy-bank-ans { margin: 6px 0 0; }
  #cyb-qotd .cy-bank-ans summary { cursor: pointer; font-size: 13px; font-weight: 600;
    color: #2f6df6 !important; -webkit-text-fill-color: #2f6df6 !important; }
  #cyb-qotd .cy-bank-key { margin: 8px 0 6px; font-size: 14px; line-height: 1.5;
    color: #1f9d57 !important; -webkit-text-fill-color: #1f9d57 !important; font-weight: 600; }
  #cyb-qotd .cy-bank-exp { margin: 0; font-size: 14px; line-height: 1.6;
    color: #40566d !important; -webkit-text-fill-color: #40566d !important; }
  @media (max-width: 600px) {
    #cyb-qotd .cy-bank { padding: 16px 12px; }
    #cyb-qotd .cy-bank-count { float: none; display: block; }
  }

</style>
<div id=""cyb-qotd"">
  <h1>AP Cybersecurity Unit 2 Practice Questions: Securing Spaces</h1>
  <p class=""cy-bank-lede"">27 practice questions for Unit 2, Securing Spaces, grouped by CED topic. Read the question, commit to an answer, then open the answer to check yourself and see why the other options fail. Free, no login. <a href=""/pages/ap-cybersecurity-question-of-the-day"">One question a day</a> comes from this same bank, and the other units are linked at the foot of the page.</p>
  <section class=""cy-bank"">
      <h2 class=""cy-bank-th"">Topic 2.1 Security Principles and Risk</h2>
      <article class=""cy-bank-q"" id=""q-C2-101"">
        <p class=""cy-bank-stem"">A hospital discovers that a patient&#39;s recorded blood type was silently altered in its database. Which element of the CIA triad was MOST directly violated?</p>
        <ol class=""cy-bank-opts"">
          <li><span class=""cy-bank-let"">A</span> Confidentiality</li>
          <li><span class=""cy-bank-let"">B</span> Availability</li>
          <li><span class=""cy-bank-let"">C</span> Authentication</li>
          <li><span class=""cy-bank-let"">D</span> Integrity</li>
        </ol>
        <details class=""cy-bank-ans"">
          <summary>Show the answer</summary>
          <p class=""cy-bank-key""><strong>Answer:</strong> D. Integrity</p>
          <p class=""cy-bank-exp"">Unauthorized alteration of data violates integrity, which concerns accuracy and trustworthiness. Confidentiality is about disclosure, availability about access when needed, and authentication is not part of the CIA triad.</p>
        </details>
      </article>
      <article class=""cy-bank-q"" id=""q-C2-102"">
        <p class=""cy-bank-stem"">A ransomware attack encrypts a company&#39;s files so employees cannot open them until a ransom is paid. Which element of the CIA triad is MOST directly affected?</p>
        <ol class=""cy-bank-opts"">
          <li><span class=""cy-bank-let"">A</span> Confidentiality</li>
          <li><span class=""cy-bank-let"">B</span> Availability</li>
          <li><span class=""cy-bank-let"">C</span> Integrity</li>
          <li><span class=""cy-bank-let"">D</span> Non-repudiation</li>
        </ol>
        <details class=""cy-bank-ans"">
          <summary>Show the answer</summary>
          <p class=""cy-bank-key""><strong>Answer:</strong> B. Availability</p>
          <p class=""cy-bank-exp"">Blocking legitimate users from accessing their own data primarily harms availability. The data may still be confidential and unaltered; non-repudiation is unrelated to access.</p>
        </details>
      </article>
      <article class=""cy-bank-q"" id=""q-C2-103"">
        <p class=""cy-bank-stem"">Consider these definitions used in risk analysis. Which are stated correctly?

I.   A vulnerability is a weakness that could be exploited
II.  A threat is a potential cause of an unwanted incident
III. Risk is identical to vulnerability with no other factors</p>
        <ol class=""cy-bank-opts"">
          <li><span class=""cy-bank-let"">A</span> I and II only</li>
          <li><span class=""cy-bank-let"">B</span> II and III only</li>
          <li><span class=""cy-bank-let"">C</span> I and III only</li>
          <li><span class=""cy-bank-let"">D</span> I, II, and III</li>
        </ol>
        <details class=""cy-bank-ans"">
          <summary>Show the answer</summary>
          <p class=""cy-bank-key""><strong>Answer:</strong> A. I and II only</p>
          <p class=""cy-bank-exp"">A vulnerability is an exploitable weakness (I) and a threat is a potential cause of harm (II). Statement III is false: risk combines threat, vulnerability, and impact; it is not the same as a vulnerability alone.</p>
        </details>
      </article>
      <article class=""cy-bank-q"" id=""q-C2-104"">
        <p class=""cy-bank-stem"">A new intern is given access only to the specific shared folder needed for their project and nothing more. This BEST illustrates which principle?</p>
        <ol class=""cy-bank-opts"">
          <li><span class=""cy-bank-let"">A</span> Least privilege</li>
          <li><span class=""cy-bank-let"">B</span> Defense in depth</li>
          <li><span class=""cy-bank-let"">C</span> Security through obscurity</li>
          <li><span class=""cy-bank-let"">D</span> Non-repudiation</li>
        </ol>
        <details class=""cy-bank-ans"">
          <summary>Show the answer</summary>
          <p class=""cy-bank-key""><strong>Answer:</strong> A. Least privilege</p>
          <p class=""cy-bank-exp"">Granting only the minimum access required for a role is the principle of least privilege. Defense in depth layers multiple controls, security through obscurity hides design details, and non-repudiation ensures actions cannot be denied.</p>
        </details>
      </article>
      <article class=""cy-bank-q"" id=""q-C2-105"">
        <p class=""cy-bank-stem"">A building uses a perimeter fence, a badge-controlled lobby, a locked server room, and a logged cabinet for backups. Relying on multiple independent layers so that no single failure grants full access BEST illustrates:</p>
        <ol class=""cy-bank-opts"">
          <li><span class=""cy-bank-let"">A</span> Least privilege</li>
          <li><span class=""cy-bank-let"">B</span> Single sign-on</li>
          <li><span class=""cy-bank-let"">C</span> Separation of duties</li>
          <li><span class=""cy-bank-let"">D</span> Defense in depth</li>
        </ol>
        <details class=""cy-bank-ans"">
          <summary>Show the answer</summary>
          <p class=""cy-bank-key""><strong>Answer:</strong> D. Defense in depth</p>
          <p class=""cy-bank-exp"">Layering several independent controls so a breach of one does not compromise everything is defense in depth. Least privilege limits access scope, single sign-on consolidates logins, and separation of duties divides a task among people.</p>
        </details>
      </article>
      <article class=""cy-bank-q"" id=""q-C2-106"">
        <p class=""cy-bank-stem"">A team labels each control by its function. Which label is INCORRECT?</p>
        <pre class=""cy-bank-code""><code>I.   Security camera footage reviewed after an incident - detective
II.  Door lock that stops entry - preventive
III. Restoring files from backup after an attack - corrective
IV.  A motion-triggered alarm that records intrusions - preventive</code></pre>
        <ol class=""cy-bank-opts"">
          <li><span class=""cy-bank-let"">A</span> Label I</li>
          <li><span class=""cy-bank-let"">B</span> Label II</li>
          <li><span class=""cy-bank-let"">C</span> Label III</li>
          <li><span class=""cy-bank-let"">D</span> Label IV</li>
        </ol>
        <details class=""cy-bank-ans"">
          <summary>Show the answer</summary>
          <p class=""cy-bank-key""><strong>Answer:</strong> D. Label IV</p>
          <p class=""cy-bank-exp"">An alarm that records intrusions detects and signals events; it is detective, not preventive. Reviewing footage is detective, a lock is preventive, and restoring from backup is corrective - those three are labeled correctly.</p>
        </details>
      </article>
      <article class=""cy-bank-q"" id=""q-C2-107"">
        <p class=""cy-bank-stem"">A written acceptable-use policy that employees must sign is BEST categorized as which type of control?</p>
        <ol class=""cy-bank-opts"">
          <li><span class=""cy-bank-let"">A</span> Administrative control</li>
          <li><span class=""cy-bank-let"">B</span> Physical control</li>
          <li><span class=""cy-bank-let"">C</span> Technical control</li>
          <li><span class=""cy-bank-let"">D</span> Biometric control</li>
        </ol>
        <details class=""cy-bank-ans"">
          <summary>Show the answer</summary>
          <p class=""cy-bank-key""><strong>Answer:</strong> A. Administrative control</p>
          <p class=""cy-bank-exp"">Policies, procedures, and training are administrative (managerial) controls. Physical controls are tangible barriers, technical controls are implemented in hardware/software, and biometrics are a technical authentication method.</p>
        </details>
      </article>
      <article class=""cy-bank-q"" id=""q-C2-122"">
        <p class=""cy-bank-stem"">A guard checks IDs at the door (stopping unauthorized entry) AND patrols hallways to spot and report break-ins. The guard is therefore serving as which combination of controls?</p>
        <ol class=""cy-bank-opts"">
          <li><span class=""cy-bank-let"">A</span> Preventive and detective</li>
          <li><span class=""cy-bank-let"">B</span> Corrective and compensating</li>
          <li><span class=""cy-bank-let"">C</span> Detective only</li>
          <li><span class=""cy-bank-let"">D</span> Preventive only</li>
        </ol>
        <details class=""cy-bank-ans"">
          <summary>Show the answer</summary>
          <p class=""cy-bank-key""><strong>Answer:</strong> A. Preventive and detective</p>
          <p class=""cy-bank-exp"">Checking IDs prevents unauthorized entry (preventive) while patrolling to spot and report intrusions detects them (detective). The guard fills both roles, so neither single-function answer is complete.</p>
        </details>
      </article>
      <article class=""cy-bank-q"" id=""q-C2-123"">
        <p class=""cy-bank-stem"">Match each safeguard to the CIA element it most directly supports. Which pairings are correct?

I.   Encrypting a stolen laptop&#39;s disk - confidentiality
II.  Keeping versioned backups - availability
III. Using checksums to detect tampering - integrity</p>
        <ol class=""cy-bank-opts"">
          <li><span class=""cy-bank-let"">A</span> I, II, and III</li>
          <li><span class=""cy-bank-let"">B</span> I and II only</li>
          <li><span class=""cy-bank-let"">C</span> II and III only</li>
          <li><span class=""cy-bank-let"">D</span> I and III only</li>
        </ol>
        <details class=""cy-bank-ans"">
          <summary>Show the answer</summary>
          <p class=""cy-bank-key""><strong>Answer:</strong> A. I, II, and III</p>
          <p class=""cy-bank-exp"">Disk encryption protects confidentiality, backups restore availability, and checksums detect unauthorized changes to support integrity. All three pairings are correct.</p>
        </details>
      </article>
      <article class=""cy-bank-q"" id=""q-C2-125"">
        <p class=""cy-bank-stem"">A company decides the cost of a control exceeds the expected loss from a low-probability threat, so it formally chooses to accept that residual risk. This risk response is BEST called:</p>
        <ol class=""cy-bank-opts"">
          <li><span class=""cy-bank-let"">A</span> Risk avoidance</li>
          <li><span class=""cy-bank-let"">B</span> Risk acceptance</li>
          <li><span class=""cy-bank-let"">C</span> Risk transfer</li>
          <li><span class=""cy-bank-let"">D</span> Risk elimination</li>
        </ol>
        <details class=""cy-bank-ans"">
          <summary>Show the answer</summary>
          <p class=""cy-bank-key""><strong>Answer:</strong> B. Risk acceptance</p>
          <p class=""cy-bank-exp"">Knowingly choosing to tolerate a risk because mitigation is not cost-effective is risk acceptance. Avoidance removes the activity, transfer shifts the risk (e.g., insurance), and risk can rarely be fully eliminated.</p>
        </details>
      </article>
      <article class=""cy-bank-q"" id=""q-C2-127"">
        <p class=""cy-bank-stem"">An unlocked back door is BEST described as which of the following, and an intruder who wants to use it is which?</p>
        <ol class=""cy-bank-opts"">
          <li><span class=""cy-bank-let"">A</span> The unlocked door is a threat; the intruder is a vulnerability</li>
          <li><span class=""cy-bank-let"">B</span> Both are vulnerabilities</li>
          <li><span class=""cy-bank-let"">C</span> The unlocked door is a vulnerability; the intruder is a threat</li>
          <li><span class=""cy-bank-let"">D</span> Both are threats</li>
        </ol>
        <details class=""cy-bank-ans"">
          <summary>Show the answer</summary>
          <p class=""cy-bank-key""><strong>Answer:</strong> C. The unlocked door is a vulnerability; the intruder is a threat</p>
          <p class=""cy-bank-exp"">The unlocked door is a weakness that could be exploited (a vulnerability); the intruder is a potential cause of harm (a threat). Risk arises from a threat acting on a vulnerability.</p>
        </details>
      </article>
      <h2 class=""cy-bank-th"">Topic 2.2 Physical Vulnerabilities and Attacks</h2>
      <article class=""cy-bank-q"" id=""q-C2-108"">
        <p class=""cy-bank-stem"">An employee badges into a secure door and an unfamiliar person carrying a large box says &#39;Could you hold that? My hands are full,&#39; and slips in behind them without badging. This attack is:</p>
        <ol class=""cy-bank-opts"">
          <li><span class=""cy-bank-let"">A</span> Phishing</li>
          <li><span class=""cy-bank-let"">B</span> Credential stuffing</li>
          <li><span class=""cy-bank-let"">C</span> Tailgating</li>
          <li><span class=""cy-bank-let"">D</span> Pharming</li>
        </ol>
        <details class=""cy-bank-ans"">
          <summary>Show the answer</summary>
          <p class=""cy-bank-key""><strong>Answer:</strong> C. Tailgating</p>
          <p class=""cy-bank-exp"">Following an authorized person through a controlled door without presenting credentials is tailgating (piggybacking). The other options are digital attacks unrelated to physical entry.</p>
        </details>
      </article>
      <article class=""cy-bank-q"" id=""q-C2-109"">
        <p class=""cy-bank-stem"">An attacker recovers printed account statements and an org chart from a company&#39;s unsecured trash bins to plan a later attack. This reconnaissance technique is called:</p>
        <ol class=""cy-bank-opts"">
          <li><span class=""cy-bank-let"">A</span> Shoulder surfing</li>
          <li><span class=""cy-bank-let"">B</span> Tailgating</li>
          <li><span class=""cy-bank-let"">C</span> Vishing</li>
          <li><span class=""cy-bank-let"">D</span> Dumpster diving</li>
        </ol>
        <details class=""cy-bank-ans"">
          <summary>Show the answer</summary>
          <p class=""cy-bank-key""><strong>Answer:</strong> D. Dumpster diving</p>
          <p class=""cy-bank-exp"">Searching discarded materials for useful information is dumpster diving. Shoulder surfing observes screens or keypads, tailgating is unauthorized entry, and vishing is voice phishing.</p>
        </details>
      </article>
      <article class=""cy-bank-q"" id=""q-C2-110"">
        <p class=""cy-bank-stem"">A person standing close behind a user at an ATM watches them enter their PIN. This is BEST described as:</p>
        <ol class=""cy-bank-opts"">
          <li><span class=""cy-bank-let"">A</span> Baiting</li>
          <li><span class=""cy-bank-let"">B</span> A watering hole attack</li>
          <li><span class=""cy-bank-let"">C</span> Pretexting</li>
          <li><span class=""cy-bank-let"">D</span> Shoulder surfing</li>
        </ol>
        <details class=""cy-bank-ans"">
          <summary>Show the answer</summary>
          <p class=""cy-bank-key""><strong>Answer:</strong> D. Shoulder surfing</p>
          <p class=""cy-bank-exp"">Directly observing someone enter sensitive information is shoulder surfing. Baiting uses a lure item, a watering hole compromises a visited site, and pretexting builds a false story to extract information.</p>
        </details>
      </article>
      <article class=""cy-bank-q"" id=""q-C2-111"">
        <p class=""cy-bank-stem"">Which of the following are physical security threats rather than purely digital ones?

I.   Tailgating into a restricted area
II.  Stealing an unlocked laptop from a desk
III. A SQL injection against a web form</p>
        <ol class=""cy-bank-opts"">
          <li><span class=""cy-bank-let"">A</span> II and III only</li>
          <li><span class=""cy-bank-let"">B</span> I and III only</li>
          <li><span class=""cy-bank-let"">C</span> I and II only</li>
          <li><span class=""cy-bank-let"">D</span> I, II, and III</li>
        </ol>
        <details class=""cy-bank-ans"">
          <summary>Show the answer</summary>
          <p class=""cy-bank-key""><strong>Answer:</strong> C. I and II only</p>
          <p class=""cy-bank-exp"">Tailgating (I) and laptop theft (II) are physical threats. SQL injection (III) is a software/application attack carried out over a network, not a physical one.</p>
        </details>
      </article>
      <article class=""cy-bank-q"" id=""q-C2-112"">
        <p class=""cy-bank-stem"">An office reviews employee habits. Which habit creates the GREATEST physical security risk?</p>
        <pre class=""cy-bank-code""><code>I.   Locks the screen when stepping away
II.  Writes the system password on a sticky note under the keyboard
III. Shreds documents containing account numbers
IV.  Stores backup drives in a locked cabinet</code></pre>
        <ol class=""cy-bank-opts"">
          <li><span class=""cy-bank-let"">A</span> Habit II</li>
          <li><span class=""cy-bank-let"">B</span> Habit I</li>
          <li><span class=""cy-bank-let"">C</span> Habit III</li>
          <li><span class=""cy-bank-let"">D</span> Habit IV</li>
        </ol>
        <details class=""cy-bank-ans"">
          <summary>Show the answer</summary>
          <p class=""cy-bank-key""><strong>Answer:</strong> A. Habit II</p>
          <p class=""cy-bank-exp"">A written password under the keyboard (II) is trivially found by anyone with physical access, defeating the password entirely. Locking screens, shredding sensitive documents, and securing backups all reduce risk.</p>
        </details>
      </article>
      <article class=""cy-bank-q"" id=""q-C2-124"">
        <p class=""cy-bank-stem"">A site&#39;s visitor policy contains the rules below. Which rule undermines physical security?</p>
        <pre class=""cy-bank-code""><code>I.   Visitors sign in and wear a temporary badge
II.  Visitors are escorted in restricted areas
III. Visitors may prop secure doors open for convenience
IV.  Visitor badges expire at end of day</code></pre>
        <ol class=""cy-bank-opts"">
          <li><span class=""cy-bank-let"">A</span> Rule I</li>
          <li><span class=""cy-bank-let"">B</span> Rule II</li>
          <li><span class=""cy-bank-let"">C</span> Rule III</li>
          <li><span class=""cy-bank-let"">D</span> Rule IV</li>
        </ol>
        <details class=""cy-bank-ans"">
          <summary>Show the answer</summary>
          <p class=""cy-bank-key""><strong>Answer:</strong> C. Rule III</p>
          <p class=""cy-bank-exp"">Propping secure doors open (III) defeats access controls and enables tailgating or unauthorized entry. Sign-in with badges, escorting visitors, and expiring badges are all sound practices.</p>
        </details>
      </article>
      <article class=""cy-bank-q"" id=""q-C2-126"">
        <p class=""cy-bank-stem"">After-hours footage shows an unknown person tailgating through the lobby, then the records-room door log shows an entry with no matching badge swipe seconds later. Which conclusion is BEST supported?</p>
        <ol class=""cy-bank-opts"">
          <li><span class=""cy-bank-let"">A</span> The records room door control or its logging may have been bypassed and should be investigated</li>
          <li><span class=""cy-bank-let"">B</span> The cameras are unreliable and footage should be deleted</li>
          <li><span class=""cy-bank-let"">C</span> Nothing unusual occurred because the lobby is public</li>
          <li><span class=""cy-bank-let"">D</span> The employee on the badge must have authorized the visitor</li>
        </ol>
        <details class=""cy-bank-ans"">
          <summary>Show the answer</summary>
          <p class=""cy-bank-key""><strong>Answer:</strong> A. The records room door control or its logging may have been bypassed and should be investigated</p>
          <p class=""cy-bank-exp"">An entry recorded with no corresponding badge swipe, combined with observed tailgating, suggests the door control or logging was bypassed and demands investigation. Deleting evidence, dismissing a public lobby, or assuming authorization all ignore the anomaly.</p>
        </details>
      </article>
      <h2 class=""cy-bank-th"">Topic 2.3 Protecting Physical Spaces</h2>
      <article class=""cy-bank-q"" id=""q-C2-113"">
        <p class=""cy-bank-stem"">To stop tailgating at a data center entrance, which control is MOST effective because it allows only one authenticated person to pass at a time?</p>
        <ol class=""cy-bank-opts"">
          <li><span class=""cy-bank-let"">A</span> A motion-activated camera</li>
          <li><span class=""cy-bank-let"">B</span> A visitor sign-in sheet</li>
          <li><span class=""cy-bank-let"">C</span> A taller perimeter fence</li>
          <li><span class=""cy-bank-let"">D</span> An access-control vestibule (mantrap)</li>
        </ol>
        <details class=""cy-bank-ans"">
          <summary>Show the answer</summary>
          <p class=""cy-bank-key""><strong>Answer:</strong> D. An access-control vestibule (mantrap)</p>
          <p class=""cy-bank-exp"">An access-control vestibule (mantrap) physically allows only one verified person through per cycle, directly preventing piggybacking. A camera detects but does not prevent, a sign-in sheet relies on honesty, and a fence does not address a person following through a door.</p>
        </details>
      </article>
      <article class=""cy-bank-q"" id=""q-C2-114"">
        <p class=""cy-bank-stem"">A fingerprint scanner at a secure door authenticates people based on:</p>
        <ol class=""cy-bank-opts"">
          <li><span class=""cy-bank-let"">A</span> Something you know</li>
          <li><span class=""cy-bank-let"">B</span> Something you are</li>
          <li><span class=""cy-bank-let"">C</span> Something you have</li>
          <li><span class=""cy-bank-let"">D</span> Somewhere you are</li>
        </ol>
        <details class=""cy-bank-ans"">
          <summary>Show the answer</summary>
          <p class=""cy-bank-key""><strong>Answer:</strong> B. Something you are</p>
          <p class=""cy-bank-exp"">Biometrics such as fingerprints are &#39;something you are.&#39; A password is something you know, a badge or token is something you have, and location is &#39;somewhere you are.&#39;</p>
        </details>
      </article>
      <article class=""cy-bank-q"" id=""q-C2-115"">
        <p class=""cy-bank-stem"">Which controls help protect a physical server room?

I.   Badge readers limiting entry to authorized staff
II.  Logging and reviewing who enters and when
III. Posting the door access code on a public sign</p>
        <ol class=""cy-bank-opts"">
          <li><span class=""cy-bank-let"">A</span> II and III only</li>
          <li><span class=""cy-bank-let"">B</span> I and III only</li>
          <li><span class=""cy-bank-let"">C</span> I, II, and III</li>
          <li><span class=""cy-bank-let"">D</span> I and II only</li>
        </ol>
        <details class=""cy-bank-ans"">
          <summary>Show the answer</summary>
          <p class=""cy-bank-key""><strong>Answer:</strong> D. I and II only</p>
          <p class=""cy-bank-exp"">Badge readers (I) restrict entry and entry logs (II) provide accountability. Publicly posting the access code (III) destroys the protection it was meant to provide.</p>
        </details>
      </article>
      <article class=""cy-bank-q"" id=""q-C2-116"">
        <p class=""cy-bank-stem"">A company gives every employee a master badge that opens all doors &#39;for convenience.&#39; Which principle does this MOST clearly violate, and what is the better approach?</p>
        <ol class=""cy-bank-opts"">
          <li><span class=""cy-bank-let"">A</span> Defense in depth; add a second fence</li>
          <li><span class=""cy-bank-let"">B</span> Availability; make doors open faster</li>
          <li><span class=""cy-bank-let"">C</span> Non-repudiation; require longer passwords</li>
          <li><span class=""cy-bank-let"">D</span> Least privilege; grant each badge access only to areas the role requires</li>
        </ol>
        <details class=""cy-bank-ans"">
          <summary>Show the answer</summary>
          <p class=""cy-bank-key""><strong>Answer:</strong> D. Least privilege; grant each badge access only to areas the role requires</p>
          <p class=""cy-bank-exp"">Universal access violates least privilege; badges should open only the areas a role needs. The other principles do not address the over-provisioning of physical access.</p>
        </details>
      </article>
      <article class=""cy-bank-q"" id=""q-C2-117"">
        <p class=""cy-bank-stem"">A building is divided into security zones. Which design choice WEAKENS the zoning scheme?</p>
        <pre class=""cy-bank-code""><code>I.   The public lobby requires no badge
II.  The employee area requires a badge
III. The server room shares one unlocked door with the public lobby
IV.  The records vault requires badge plus PIN</code></pre>
        <ol class=""cy-bank-opts"">
          <li><span class=""cy-bank-let"">A</span> Choice I</li>
          <li><span class=""cy-bank-let"">B</span> Choice II</li>
          <li><span class=""cy-bank-let"">C</span> Choice III</li>
          <li><span class=""cy-bank-let"">D</span> Choice IV</li>
        </ol>
        <details class=""cy-bank-ans"">
          <summary>Show the answer</summary>
          <p class=""cy-bank-key""><strong>Answer:</strong> C. Choice III</p>
          <p class=""cy-bank-exp"">An unlocked door connecting the most sensitive zone (server room) directly to the public lobby (III) bypasses the entire layered scheme. A badge-free public lobby, a badged employee area, and a badge-plus-PIN vault form a sensible escalation of controls.</p>
        </details>
      </article>
      <h2 class=""cy-bank-th"">Topic 2.4 Detecting Physical Attacks</h2>
      <article class=""cy-bank-q"" id=""q-C2-118"">
        <p class=""cy-bank-stem"">Surveillance cameras that record activity in a parking garage are PRIMARILY which kind of control?</p>
        <ol class=""cy-bank-opts"">
          <li><span class=""cy-bank-let"">A</span> Preventive</li>
          <li><span class=""cy-bank-let"">B</span> Corrective</li>
          <li><span class=""cy-bank-let"">C</span> Detective</li>
          <li><span class=""cy-bank-let"">D</span> Compensating only</li>
        </ol>
        <details class=""cy-bank-ans"">
          <summary>Show the answer</summary>
          <p class=""cy-bank-key""><strong>Answer:</strong> C. Detective</p>
          <p class=""cy-bank-exp"">Cameras that record events support detection and later investigation, making them detective controls. They may deter, but they do not physically prevent or correct an incident on their own.</p>
        </details>
      </article>
      <article class=""cy-bank-q"" id=""q-C2-119"">
        <p class=""cy-bank-stem"">Which mechanisms help DETECT a physical intrusion (as opposed to preventing one)?

I.   Motion sensors that trigger an alert
II.  Entry logs reviewed for unusual access times
III. A deadbolt lock on the door</p>
        <ol class=""cy-bank-opts"">
          <li><span class=""cy-bank-let"">A</span> I and II only</li>
          <li><span class=""cy-bank-let"">B</span> II and III only</li>
          <li><span class=""cy-bank-let"">C</span> I and III only</li>
          <li><span class=""cy-bank-let"">D</span> I, II, and III</li>
        </ol>
        <details class=""cy-bank-ans"">
          <summary>Show the answer</summary>
          <p class=""cy-bank-key""><strong>Answer:</strong> A. I and II only</p>
          <p class=""cy-bank-exp"">Motion sensors (I) and reviewed entry logs (II) reveal that an intrusion occurred. A deadbolt (III) prevents entry; it does not detect or report an attempt.</p>
        </details>
      </article>
      <article class=""cy-bank-q"" id=""q-C2-120"">
        <p class=""cy-bank-stem"">Reviewing a door access log, security notices a badge belonging to an employee on vacation entered the records room at 2:00 AM. The MOST important immediate conclusion is that:</p>
        <ol class=""cy-bank-opts"">
          <li><span class=""cy-bank-let"">A</span> The badge may be lost, stolen, or cloned and should be investigated and disabled</li>
          <li><span class=""cy-bank-let"">B</span> The log is malfunctioning and should be ignored</li>
          <li><span class=""cy-bank-let"">C</span> The employee secretly came to work</li>
          <li><span class=""cy-bank-let"">D</span> Vacationing employees are normally in the building at night</li>
        </ol>
        <details class=""cy-bank-ans"">
          <summary>Show the answer</summary>
          <p class=""cy-bank-key""><strong>Answer:</strong> A. The badge may be lost, stolen, or cloned and should be investigated and disabled</p>
          <p class=""cy-bank-exp"">A badge used while its owner is away strongly suggests it was lost, stolen, or cloned and warrants investigation and immediate deactivation. Dismissing the log or assuming benign explanations ignores a clear anomaly.</p>
        </details>
      </article>
      <article class=""cy-bank-q"" id=""q-C2-121"">
        <p class=""cy-bank-stem"">Why is an intrusion alarm more useful when paired with a defined response procedure?</p>
        <ol class=""cy-bank-opts"">
          <li><span class=""cy-bank-let"">A</span> The alarm becomes a preventive control on its own</li>
          <li><span class=""cy-bank-let"">B</span> It removes the need for any physical locks</li>
          <li><span class=""cy-bank-let"">C</span> Detection only reduces harm if someone acts on the alert</li>
          <li><span class=""cy-bank-let"">D</span> It guarantees no false alarms</li>
        </ol>
        <details class=""cy-bank-ans"">
          <summary>Show the answer</summary>
          <p class=""cy-bank-key""><strong>Answer:</strong> C. Detection only reduces harm if someone acts on the alert</p>
          <p class=""cy-bank-exp"">Detection has value only if it leads to action; a response procedure ensures alerts are investigated and contained. An alarm does not become preventive by itself, does not replace locks, and does not eliminate false alarms.</p>
        </details>
      </article>
  </section>
  <p class=""cy-bank-lede"">More practice: <a href=""/pages/ap-cybersecurity-practice-questions-unit-1"">Unit 1</a>, <a href=""/pages/ap-cybersecurity-practice-questions-unit-3"">Unit 3</a>, <a href=""/pages/ap-cybersecurity-practice-questions-unit-4"">Unit 4</a>, <a href=""/pages/ap-cybersecurity-practice-questions-unit-5"">Unit 5</a>, or the <a href=""/pages/ap-cybersecurity-question-of-the-day"">question of the day</a>.</p>
</div>

<script type=""application/ld+json"">
{
  ""@context"": ""https://schema.org/"",
  ""@type"": ""Quiz"",
  ""name"": ""AP Cybersecurity Unit 2 Practice Questions: Securing Spaces"",
  ""about"": {
    ""@type"": ""Thing"",
    ""name"": ""AP Cybersecurity""
  },
  ""educationalAlignment"": [
    {
      ""@type"": ""AlignmentObject"",
      ""alignmentType"": ""educationalSubject"",
      ""targetName"": ""Cybersecurity""
    },
    {
      ""@type"": ""AlignmentObject"",
      ""alignmentType"": ""educationalLevel"",
      ""targetName"": ""High school""
    }
  ],
  ""hasPart"": [
    {
      ""@context"": ""https://schema.org/"",
      ""@type"": ""Question"",
      ""eduQuestionType"": ""Flashcard"",
      ""text"": ""A hospital discovers that a patient's recorded blood type was silently altered in its database. Which element of the CIA triad was MOST directly violated?"",
      ""acceptedAnswer"": {
        ""@type"": ""Answer"",
        ""text"": ""Integrity. Unauthorized alteration of data violates integrity, which concerns accuracy and trustworthiness. Confidentiality is about disclosure, availability about access when needed, and authentication is not part of the CIA triad.""
      }
    },
    {
      ""@context"": ""https://schema.org/"",
      ""@type"": ""Question"",
      ""eduQuestionType"": ""Flashcard"",
      ""text"": ""A ransomware attack encrypts a company's files so employees cannot open them until a ransom is paid. Which element of the CIA triad is MOST directly affected?"",
      ""acceptedAnswer"": {
        ""@type"": ""Answer"",
        ""text"": ""Availability. Blocking legitimate users from accessing their own data primarily harms availability. The data may still be confidential and unaltered; non-repudiation is unrelated to access.""
      }
    },
    {
      ""@context"": ""https://schema.org/"",
      ""@type"": ""Question"",
      ""eduQuestionType"": ""Flashcard"",
      ""text"": ""Consider these definitions used in risk analysis. Which are stated correctly?\n\nI.   A vulnerability is a weakness that could be exploited\nII.  A threat is a potential cause of an unwanted incident\nIII. Risk is identical to vulnerability with no other factors"",
      ""acceptedAnswer"": {
        ""@type"": ""Answer"",
        ""text"": ""I and II only. A vulnerability is an exploitable weakness (I) and a threat is a potential cause of harm (II). Statement III is false: risk combines threat, vulnerability, and impact; it is not the same as a vulnerability alone.""
      }
    },
    {
      ""@context"": ""https://schema.org/"",
      ""@type"": ""Question"",
      ""eduQuestionType"": ""Flashcard"",
      ""text"": ""A new intern is given access only to the specific shared folder needed for their project and nothing more. This BEST illustrates which principle?"",
      ""acceptedAnswer"": {
        ""@type"": ""Answer"",
        ""text"": ""Least privilege. Granting only the minimum access required for a role is the principle of least privilege. Defense in depth layers multiple controls, security through obscurity hides design details, and non-repudiation ensures actions cannot be denied.""
      }
    },
    {
      ""@context"": ""https://schema.org/"",
      ""@type"": ""Question"",
      ""eduQuestionType"": ""Flashcard"",
      ""text"": ""A building uses a perimeter fence, a badge-controlled lobby, a locked server room, and a logged cabinet for backups. Relying on multiple independent layers so that no single failure grants full access BEST illustrates:"",
      ""acceptedAnswer"": {
        ""@type"": ""Answer"",
        ""text"": ""Defense in depth. Layering several independent controls so a breach of one does not compromise everything is defense in depth. Least privilege limits access scope, single sign-on consolidates logins, and separation of duties divides a task among people.""
      }
    },
    {
      ""@context"": ""https://schema.org/"",
      ""@type"": ""Question"",
      ""eduQuestionType"": ""Flashcard"",
      ""text"": ""A team labels each control by its function. Which label is INCORRECT?"",
      ""acceptedAnswer"": {
        ""@type"": ""Answer"",
        ""text"": ""Label IV. An alarm that records intrusions detects and signals events; it is detective, not preventive. Reviewing footage is detective, a lock is preventive, and restoring from backup is corrective - those three are labeled correctly.""
      }
    },
    {
      ""@context"": ""https://schema.org/"",
      ""@type"": ""Question"",
      ""eduQuestionType"": ""Flashcard"",
      ""text"": ""A written acceptable-use policy that employees must sign is BEST categorized as which type of control?"",
      ""acceptedAnswer"": {
        ""@type"": ""Answer"",
        ""text"": ""Administrative control. Policies, procedures, and training are administrative (managerial) controls. Physical controls are tangible barriers, technical controls are implemented in hardware/software, and biometrics are a technical authentication method.""
      }
    },
    {
      ""@context"": ""https://schema.org/"",
      ""@type"": ""Question"",
      ""eduQuestionType"": ""Flashcard"",
      ""text"": ""An employee badges into a secure door and an unfamiliar person carrying a large box says 'Could you hold that? My hands are full,' and slips in behind them without badging. This attack is:"",
      ""acceptedAnswer"": {
        ""@type"": ""Answer"",
        ""text"": ""Tailgating. Following an authorized person through a controlled door without presenting credentials is tailgating (piggybacking). The other options are digital attacks unrelated to physical entry.""
      }
    },
    {
      ""@context"": ""https://schema.org/"",
      ""@type"": ""Question"",
      ""eduQuestionType"": ""Flashcard"",
      ""text"": ""An attacker recovers printed account statements and an org chart from a company's unsecured trash bins to plan a later attack. This reconnaissance technique is called:"",
      ""acceptedAnswer"": {
        ""@type"": ""Answer"",
        ""text"": ""Dumpster diving. Searching discarded materials for useful information is dumpster diving. Shoulder surfing observes screens or keypads, tailgating is unauthorized entry, and vishing is voice phishing.""
      }
    },
    {
      ""@context"": ""https://schema.org/"",
      ""@type"": ""Question"",
      ""eduQuestionType"": ""Flashcard"",
      ""text"": ""A person standing close behind a user at an ATM watches them enter their PIN. This is BEST described as:"",
      ""acceptedAnswer"": {
        ""@type"": ""Answer"",
        ""text"": ""Shoulder surfing. Directly observing someone enter sensitive information is shoulder surfing. Baiting uses a lure item, a watering hole compromises a visited site, and pretexting builds a false story to extract information.""
      }
    },
    {
      ""@context"": ""https://schema.org/"",
      ""@type"": ""Question"",
      ""eduQuestionType"": ""Flashcard"",
      ""text"": ""Which of the following are physical security threats rather than purely digital ones?\n\nI.   Tailgating into a restricted area\nII.  Stealing an unlocked laptop from a desk\nIII. A SQL injection against a web form"",
      ""acceptedAnswer"": {
        ""@type"": ""Answer"",
        ""text"": ""I and II only. Tailgating (I) and laptop theft (II) are physical threats. SQL injection (III) is a software/application attack carried out over a network, not a physical one.""
      }
    },
    {
      ""@context"": ""https://schema.org/"",
      ""@type"": ""Question"",
      ""eduQuestionType"": ""Flashcard"",
      ""text"": ""An office reviews employee habits. Which habit creates the GREATEST physical security risk?"",
      ""acceptedAnswer"": {
        ""@type"": ""Answer"",
        ""text"": ""Habit II. A written password under the keyboard (II) is trivially found by anyone with physical access, defeating the password entirely. Locking screens, shredding sensitive documents, and securing backups all reduce risk.""
      }
    },
    {
      ""@context"": ""https://schema.org/"",
      ""@type"": ""Question"",
      ""eduQuestionType"": ""Flashcard"",
      ""text"": ""To stop tailgating at a data center entrance, which control is MOST effective because it allows only one authenticated person to pass at a time?"",
      ""acceptedAnswer"": {
        ""@type"": ""Answer"",
        ""text"": ""An access-control vestibule (mantrap). An access-control vestibule (mantrap) physically allows only one verified person through per cycle, directly preventing piggybacking. A camera detects but does not prevent, a sign-in sheet relies on honesty, and a fence does not address a person following through a door.""
      }
    },
    {
      ""@context"": ""https://schema.org/"",
      ""@type"": ""Question"",
      ""eduQuestionType"": ""Flashcard"",
      ""text"": ""A fingerprint scanner at a secure door authenticates people based on:"",
      ""acceptedAnswer"": {
        ""@type"": ""Answer"",
        ""text"": ""Something you are. Biometrics such as fingerprints are 'something you are.' A password is something you know, a badge or token is something you have, and location is 'somewhere you are.'""
      }
    },
    {
      ""@context"": ""https://schema.org/"",
      ""@type"": ""Question"",
      ""eduQuestionType"": ""Flashcard"",
      ""text"": ""Which controls help protect a physical server room?\n\nI.   Badge readers limiting entry to authorized staff\nII.  Logging and reviewing who enters and when\nIII. Posting the door access code on a public sign"",
      ""acceptedAnswer"": {
        ""@type"": ""Answer"",
        ""text"": ""I and II only. Badge readers (I) restrict entry and entry logs (II) provide accountability. Publicly posting the access code (III) destroys the protection it was meant to provide.""
      }
    },
    {
      ""@context"": ""https://schema.org/"",
      ""@type"": ""Question"",
      ""eduQuestionType"": ""Flashcard"",
      ""text"": ""A company gives every employee a master badge that opens all doors 'for convenience.' Which principle does this MOST clearly violate, and what is the better approach?"",
      ""acceptedAnswer"": {
        ""@type"": ""Answer"",
        ""text"": ""Least privilege; grant each badge access only to areas the role requires. Universal access violates least privilege; badges should open only the areas a role needs. The other principles do not address the over-provisioning of physical access.""
      }
    },
    {
      ""@context"": ""https://schema.org/"",
      ""@type"": ""Question"",
      ""eduQuestionType"": ""Flashcard"",
      ""text"": ""A building is divided into security zones. Which design choice WEAKENS the zoning scheme?"",
      ""acceptedAnswer"": {
        ""@type"": ""Answer"",
        ""text"": ""Choice III. An unlocked door connecting the most sensitive zone (server room) directly to the public lobby (III) bypasses the entire layered scheme. A badge-free public lobby, a badged employee area, and a badge-plus-PIN vault form a sensible escalation of controls.""
      }
    },
    {
      ""@context"": ""https://schema.org/"",
      ""@type"": ""Question"",
      ""eduQuestionType"": ""Flashcard"",
      ""text"": ""Surveillance cameras that record activity in a parking garage are PRIMARILY which kind of control?"",
      ""acceptedAnswer"": {
        ""@type"": ""Answer"",
        ""text"": ""Detective. Cameras that record events support detection and later investigation, making them detective controls. They may deter, but they do not physically prevent or correct an incident on their own.""
      }
    },
    {
      ""@context"": ""https://schema.org/"",
      ""@type"": ""Question"",
      ""eduQuestionType"": ""Flashcard"",
      ""text"": ""Which mechanisms help DETECT a physical intrusion (as opposed to preventing one)?\n\nI.   Motion sensors that trigger an alert\nII.  Entry logs reviewed for unusual access times\nIII. A deadbolt lock on the door"",
      ""acceptedAnswer"": {
        ""@type"": ""Answer"",
        ""text"": ""I and II only. Motion sensors (I) and reviewed entry logs (II) reveal that an intrusion occurred. A deadbolt (III) prevents entry; it does not detect or report an attempt.""
      }
    },
    {
      ""@context"": ""https://schema.org/"",
      ""@type"": ""Question"",
      ""eduQuestionType"": ""Flashcard"",
      ""text"": ""Reviewing a door access log, security notices a badge belonging to an employee on vacation entered the records room at 2:00 AM. The MOST important immediate conclusion is that:"",
      ""acceptedAnswer"": {
        ""@type"": ""Answer"",
        ""text"": ""The badge may be lost, stolen, or cloned and should be investigated and disabled. A badge used while its owner is away strongly suggests it was lost, stolen, or cloned and warrants investigation and immediate deactivation. Dismissing the log or assuming benign explanations ignores a clear anomaly.""
      }
    },
    {
      ""@context"": ""https://schema.org/"",
      ""@type"": ""Question"",
      ""eduQuestionType"": ""Flashcard"",
      ""text"": ""Why is an intrusion alarm more useful when paired with a defined response procedure?"",
      ""acceptedAnswer"": {
        ""@type"": ""Answer"",
        ""text"": ""Detection only reduces harm if someone acts on the alert. Detection has value only if it leads to action; a response procedure ensures alerts are investigated and contained. An alarm does not become preventive by itself, does not replace locks, and does not eliminate false alarms.""
      }
    },
    {
      ""@context"": ""https://schema.org/"",
      ""@type"": ""Question"",
      ""eduQuestionType"": ""Flashcard"",
      ""text"": ""A guard checks IDs at the door (stopping unauthorized entry) AND patrols hallways to spot and report break-ins. The guard is therefore serving as which combination of controls?"",
      ""acceptedAnswer"": {
        ""@type"": ""Answer"",
        ""text"": ""Preventive and detective. Checking IDs prevents unauthorized entry (preventive) while patrolling to spot and report intrusions detects them (detective). The guard fills both roles, so neither single-function answer is complete.""
      }
    },
    {
      ""@context"": ""https://schema.org/"",
      ""@type"": ""Question"",
      ""eduQuestionType"": ""Flashcard"",
      ""text"": ""Match each safeguard to the CIA element it most directly supports. Which pairings are correct?\n\nI.   Encrypting a stolen laptop's disk - confidentiality\nII.  Keeping versioned backups - availability\nIII. Using checksums to detect tampering - integrity"",
      ""acceptedAnswer"": {
        ""@type"": ""Answer"",
        ""text"": ""I, II, and III. Disk encryption protects confidentiality, backups restore availability, and checksums detect unauthorized changes to support integrity. All three pairings are correct.""
      }
    },
    {
      ""@context"": ""https://schema.org/"",
      ""@type"": ""Question"",
      ""eduQuestionType"": ""Flashcard"",
      ""text"": ""A site's visitor policy contains the rules below. Which rule undermines physical security?"",
      ""acceptedAnswer"": {
        ""@type"": ""Answer"",
        ""text"": ""Rule III. Propping secure doors open (III) defeats access controls and enables tailgating or unauthorized entry. Sign-in with badges, escorting visitors, and expiring badges are all sound practices.""
      }
    },
    {
      ""@context"": ""https://schema.org/"",
      ""@type"": ""Question"",
      ""eduQuestionType"": ""Flashcard"",
      ""text"": ""A company decides the cost of a control exceeds the expected loss from a low-probability threat, so it formally chooses to accept that residual risk. This risk response is BEST called:"",
      ""acceptedAnswer"": {
        ""@type"": ""Answer"",
        ""text"": ""Risk acceptance. Knowingly choosing to tolerate a risk because mitigation is not cost-effective is risk acceptance. Avoidance removes the activity, transfer shifts the risk (e.g., insurance), and risk can rarely be fully eliminated.""
      }
    },
    {
      ""@context"": ""https://schema.org/"",
      ""@type"": ""Question"",
      ""eduQuestionType"": ""Flashcard"",
      ""text"": ""After-hours footage shows an unknown person tailgating through the lobby, then the records-room door log shows an entry with no matching badge swipe seconds later. Which conclusion is BEST supported?"",
      ""acceptedAnswer"": {
        ""@type"": ""Answer"",
        ""text"": ""The records room door control or its logging may have been bypassed and should be investigated. An entry recorded with no corresponding badge swipe, combined with observed tailgating, suggests the door control or logging was bypassed and demands investigation. Deleting evidence, dismissing a public lobby, or assuming authorization all ignore the anomaly.""
      }
    },
    {
      ""@context"": ""https://schema.org/"",
      ""@type"": ""Question"",
      ""eduQuestionType"": ""Flashcard"",
      ""text"": ""An unlocked back door is BEST described as which of the following, and an intruder who wants to use it is which?"",
      ""acceptedAnswer"": {
        ""@type"": ""Answer"",
        ""text"": ""The unlocked door is a vulnerability; the intruder is a threat. The unlocked door is a weakness that could be exploited (a vulnerability); the intruder is a potential cause of harm (a threat). Risk arises from a threat acting on a vulnerability.""
      }
    }
  ]
}
</script>","TRUE","2026-03-01","AP Cybersecurity Unit 2 Practice Questions with Answers","27 free AP Cybersecurity practice questions for Unit 2, Securing Spaces, grouped by CED topic. Every question shows the answer and why the other options fail. No login."
"ap-cybersecurity-practice-questions-unit-3","MERGE","AP Cybersecurity Unit 3 Practice Questions: Securing Networks","<style>
  #cyb-qotd { --cy-line: #dbe4ee; --cy-r: 14px; --cy-r-sm: 10px;
    --cy-sh-sm: 0 1px 3px rgba(15,42,67,.08); }

  /* --- crawlable question bank ------------------------------------------- */
  #cyb-qotd .cy-bank { margin: 28px 0 0; padding: 22px 18px; background: #ffffff !important;
    border: 1px solid var(--cy-line); border-radius: var(--cy-r); box-shadow: var(--cy-sh-sm); }
  #cyb-qotd .cy-bank h2 { font-size: 22px; line-height: 1.25; margin: 0 0 6px;
    color: #0f2a43 !important; -webkit-text-fill-color: #0f2a43 !important; font-weight: 700; }
  #cyb-qotd .cy-bank-lede { margin: 0 0 18px; font-size: 15px; line-height: 1.55;
    color: #40566d !important; -webkit-text-fill-color: #40566d !important; }
  #cyb-qotd .cy-bank-unit { margin: 0 0 26px; }
  #cyb-qotd .cy-bank-uh { font-size: 17px; margin: 22px 0 4px; padding: 0 0 6px;
    border-bottom: 2px solid #2f6df6; color: #0f2a43 !important;
    -webkit-text-fill-color: #0f2a43 !important; font-weight: 700; }
  #cyb-qotd .cy-bank-count { float: right; font-size: 12px; font-weight: 600;
    color: #64798f !important; -webkit-text-fill-color: #64798f !important; }
  #cyb-qotd .cy-bank-th { font-size: 14px; margin: 16px 0 8px; text-transform: uppercase;
    letter-spacing: .04em; color: #15395c !important;
    -webkit-text-fill-color: #15395c !important; font-weight: 700; }
  #cyb-qotd .cy-bank-q { margin: 0 0 14px; padding: 12px 14px; background: #f7f9fc !important;
    border: 1px solid var(--cy-line); border-radius: var(--cy-r-sm); }
  #cyb-qotd .cy-bank-stem { margin: 0 0 8px; font-size: 15px; line-height: 1.55;
    color: #16273a !important; -webkit-text-fill-color: #16273a !important; }
  #cyb-qotd .cy-bank-code { margin: 0 0 10px; padding: 10px 12px; overflow-x: auto;
    background: #0f2a43 !important; border-radius: var(--cy-r-sm); font-size: 13px;
    line-height: 1.5; color: #e8eef6 !important; -webkit-text-fill-color: #e8eef6 !important; }
  #cyb-qotd .cy-bank-opts { margin: 0 0 8px; padding: 0; list-style: none; }
  #cyb-qotd .cy-bank-opts li { margin: 0 0 4px; font-size: 14px; line-height: 1.5;
    color: #2b3d52 !important; -webkit-text-fill-color: #2b3d52 !important; }
  #cyb-qotd .cy-bank-let { display: inline-block; min-width: 20px; font-weight: 700;
    color: #2f6df6 !important; -webkit-text-fill-color: #2f6df6 !important; }
  #cyb-qotd .cy-bank-ans { margin: 6px 0 0; }
  #cyb-qotd .cy-bank-ans summary { cursor: pointer; font-size: 13px; font-weight: 600;
    color: #2f6df6 !important; -webkit-text-fill-color: #2f6df6 !important; }
  #cyb-qotd .cy-bank-key { margin: 8px 0 6px; font-size: 14px; line-height: 1.5;
    color: #1f9d57 !important; -webkit-text-fill-color: #1f9d57 !important; font-weight: 600; }
  #cyb-qotd .cy-bank-exp { margin: 0; font-size: 14px; line-height: 1.6;
    color: #40566d !important; -webkit-text-fill-color: #40566d !important; }
  @media (max-width: 600px) {
    #cyb-qotd .cy-bank { padding: 16px 12px; }
    #cyb-qotd .cy-bank-count { float: none; display: block; }
  }

</style>
<div id=""cyb-qotd"">
  <h1>AP Cybersecurity Unit 3 Practice Questions: Securing Networks</h1>
  <p class=""cy-bank-lede"">28 practice questions for Unit 3, Securing Networks, grouped by CED topic. Read the question, commit to an answer, then open the answer to check yourself and see why the other options fail. Free, no login. <a href=""/pages/ap-cybersecurity-question-of-the-day"">One question a day</a> comes from this same bank, and the other units are linked at the foot of the page.</p>
  <section class=""cy-bank"">
      <h2 class=""cy-bank-th"">Topic 3.1 Network Vulnerabilities and Attacks</h2>
      <article class=""cy-bank-q"" id=""q-C3-101"">
        <p class=""cy-bank-stem"">A website becomes unreachable because thousands of compromised devices flood it with traffic simultaneously. This attack is BEST described as:</p>
        <ol class=""cy-bank-opts"">
          <li><span class=""cy-bank-let"">A</span> A man-in-the-middle attack</li>
          <li><span class=""cy-bank-let"">B</span> A SQL injection</li>
          <li><span class=""cy-bank-let"">C</span> A distributed denial-of-service (DDoS) attack</li>
          <li><span class=""cy-bank-let"">D</span> A phishing campaign</li>
        </ol>
        <details class=""cy-bank-ans"">
          <summary>Show the answer</summary>
          <p class=""cy-bank-key""><strong>Answer:</strong> C. A distributed denial-of-service (DDoS) attack</p>
          <p class=""cy-bank-exp"">Overwhelming a target with traffic from many distributed compromised hosts is a DDoS attack, which harms availability. A MITM intercepts traffic, SQL injection targets databases, and phishing manipulates people.</p>
        </details>
      </article>
      <article class=""cy-bank-q"" id=""q-C3-102"">
        <p class=""cy-bank-stem"">On an unencrypted network, an attacker captures and reads packets passing across the wire, including a plaintext login. This passive technique is called:</p>
        <ol class=""cy-bank-opts"">
          <li><span class=""cy-bank-let"">A</span> A denial-of-service attack</li>
          <li><span class=""cy-bank-let"">B</span> Packet sniffing (eavesdropping)</li>
          <li><span class=""cy-bank-let"">C</span> ARP poisoning</li>
          <li><span class=""cy-bank-let"">D</span> A brute-force attack</li>
        </ol>
        <details class=""cy-bank-ans"">
          <summary>Show the answer</summary>
          <p class=""cy-bank-key""><strong>Answer:</strong> B. Packet sniffing (eavesdropping)</p>
          <p class=""cy-bank-exp"">Capturing and reading network traffic is packet sniffing/eavesdropping, a passive attack. DoS disrupts availability, ARP poisoning manipulates address mappings, and brute force guesses credentials.</p>
        </details>
      </article>
      <article class=""cy-bank-q"" id=""q-C3-103"">
        <p class=""cy-bank-stem"">An attacker forges the source IP address of packets so they appear to come from a trusted internal host. This technique is BEST described as:</p>
        <ol class=""cy-bank-opts"">
          <li><span class=""cy-bank-let"">A</span> Phishing</li>
          <li><span class=""cy-bank-let"">B</span> Cross-site scripting</li>
          <li><span class=""cy-bank-let"">C</span> IP spoofing</li>
          <li><span class=""cy-bank-let"">D</span> Tailgating</li>
        </ol>
        <details class=""cy-bank-ans"">
          <summary>Show the answer</summary>
          <p class=""cy-bank-key""><strong>Answer:</strong> C. IP spoofing</p>
          <p class=""cy-bank-exp"">Falsifying the source address of packets to impersonate a trusted host is IP spoofing. Phishing targets people, cross-site scripting targets web browsers, and tailgating is a physical attack.</p>
        </details>
      </article>
      <article class=""cy-bank-q"" id=""q-C3-104"">
        <p class=""cy-bank-stem"">Which of the following primarily threaten network AVAILABILITY?

I.   A DDoS flood against a server
II.  Packet sniffing of plaintext traffic
III. Cutting the fiber line to a building</p>
        <ol class=""cy-bank-opts"">
          <li><span class=""cy-bank-let"">A</span> II and III only</li>
          <li><span class=""cy-bank-let"">B</span> I and II only</li>
          <li><span class=""cy-bank-let"">C</span> I, II, and III</li>
          <li><span class=""cy-bank-let"">D</span> I and III only</li>
        </ol>
        <details class=""cy-bank-ans"">
          <summary>Show the answer</summary>
          <p class=""cy-bank-key""><strong>Answer:</strong> D. I and III only</p>
          <p class=""cy-bank-exp"">A DDoS flood (I) and physically cutting the line (III) both deny access, harming availability. Packet sniffing (II) is a passive read that threatens confidentiality, not availability.</p>
        </details>
      </article>
      <article class=""cy-bank-q"" id=""q-C3-105"">
        <p class=""cy-bank-stem"">On a local network, an attacker sends forged ARP replies so that other devices associate the gateway&#39;s IP with the attacker&#39;s MAC address, routing victims&#39; traffic through the attacker first. This enables which attack?</p>
        <ol class=""cy-bank-opts"">
          <li><span class=""cy-bank-let"">A</span> A SQL injection</li>
          <li><span class=""cy-bank-let"">B</span> A man-in-the-middle attack via ARP poisoning</li>
          <li><span class=""cy-bank-let"">C</span> A password-spray attack</li>
          <li><span class=""cy-bank-let"">D</span> A captive portal attack</li>
        </ol>
        <details class=""cy-bank-ans"">
          <summary>Show the answer</summary>
          <p class=""cy-bank-key""><strong>Answer:</strong> B. A man-in-the-middle attack via ARP poisoning</p>
          <p class=""cy-bank-exp"">ARP poisoning maps a legitimate IP to the attacker&#39;s MAC, inserting the attacker into the traffic path for a man-in-the-middle attack. The other options describe database, credential, and Wi-Fi portal attacks.</p>
        </details>
      </article>
      <article class=""cy-bank-q"" id=""q-C3-106"">
        <p class=""cy-bank-stem"">An attacker captures a valid authentication message and later retransmits it unchanged to gain access, without ever knowing the password. This is BEST described as:</p>
        <ol class=""cy-bank-opts"">
          <li><span class=""cy-bank-let"">A</span> A phishing attack</li>
          <li><span class=""cy-bank-let"">B</span> A denial-of-service attack</li>
          <li><span class=""cy-bank-let"">C</span> A dictionary attack</li>
          <li><span class=""cy-bank-let"">D</span> A replay attack</li>
        </ol>
        <details class=""cy-bank-ans"">
          <summary>Show the answer</summary>
          <p class=""cy-bank-key""><strong>Answer:</strong> D. A replay attack</p>
          <p class=""cy-bank-exp"">Recording a valid transmission and resending it to be reauthenticated is a replay attack. It does not require knowing the credential, unlike a dictionary attack, and is unrelated to phishing or DoS.</p>
        </details>
      </article>
      <article class=""cy-bank-q"" id=""q-C3-126"">
        <p class=""cy-bank-stem"">Match each attack to a control that helps defend against it. Which pairings are reasonable?

I.   Packet sniffing on Wi-Fi - WPA3 encryption
II.  Unwanted inbound traffic - firewall rules
III. Lateral movement after a breach - network segmentation</p>
        <ol class=""cy-bank-opts"">
          <li><span class=""cy-bank-let"">A</span> I, II, and III</li>
          <li><span class=""cy-bank-let"">B</span> I and II only</li>
          <li><span class=""cy-bank-let"">C</span> II and III only</li>
          <li><span class=""cy-bank-let"">D</span> I and III only</li>
        </ol>
        <details class=""cy-bank-ans"">
          <summary>Show the answer</summary>
          <p class=""cy-bank-key""><strong>Answer:</strong> A. I, II, and III</p>
          <p class=""cy-bank-exp"">Encryption defeats sniffing (I), firewall rules block unwanted inbound traffic (II), and segmentation limits lateral movement after a breach (III). All three pairings are reasonable defenses.</p>
        </details>
      </article>
      <article class=""cy-bank-q"" id=""q-C3-127"">
        <p class=""cy-bank-stem"">Why is a distributed denial-of-service (DDoS) attack typically HARDER to defend against than a single-source denial-of-service attack?</p>
        <ol class=""cy-bank-opts"">
          <li><span class=""cy-bank-let"">A</span> DDoS traffic is always encrypted and unreadable</li>
          <li><span class=""cy-bank-let"">B</span> Traffic comes from many distributed sources, so simply blocking one address is insufficient</li>
          <li><span class=""cy-bank-let"">C</span> DDoS attacks only target wireless networks</li>
          <li><span class=""cy-bank-let"">D</span> A single firewall rule always stops a DDoS completely</li>
        </ol>
        <details class=""cy-bank-ans"">
          <summary>Show the answer</summary>
          <p class=""cy-bank-key""><strong>Answer:</strong> B. Traffic comes from many distributed sources, so simply blocking one address is insufficient</p>
          <p class=""cy-bank-exp"">DDoS traffic originates from many distributed hosts, so blocking a single source does little; defenders must filter or absorb traffic from thousands of addresses. DDoS is not defined by encryption or medium, and no single rule reliably stops it.</p>
        </details>
      </article>
      <h2 class=""cy-bank-th"">Topic 3.2 Managerial Controls and Wireless Security</h2>
      <article class=""cy-bank-q"" id=""q-C3-107"">
        <p class=""cy-bank-stem"">Which wireless configuration provides the STRONGEST protection for a modern office Wi-Fi network?</p>
        <ol class=""cy-bank-opts"">
          <li><span class=""cy-bank-let"">A</span> An open network with no password</li>
          <li><span class=""cy-bank-let"">B</span> WEP encryption</li>
          <li><span class=""cy-bank-let"">C</span> WPA3 encryption</li>
          <li><span class=""cy-bank-let"">D</span> Hiding the SSID with no encryption</li>
        </ol>
        <details class=""cy-bank-ans"">
          <summary>Show the answer</summary>
          <p class=""cy-bank-key""><strong>Answer:</strong> C. WPA3 encryption</p>
          <p class=""cy-bank-exp"">WPA3 is the current strong standard for Wi-Fi encryption. Open networks offer none, WEP is broken and easily cracked, and hiding the SSID is obscurity that provides no real encryption.</p>
        </details>
      </article>
      <article class=""cy-bank-q"" id=""q-C3-108"">
        <p class=""cy-bank-stem"">An office configures its wireless network with the settings below. Which setting is the WEAKEST security choice?</p>
        <pre class=""cy-bank-code""><code>I.   Uses WPA2/WPA3 encryption
II.  Uses WEP for backward compatibility
III. Requires a strong, regularly rotated passphrase
IV.  Separates guest traffic onto its own network</code></pre>
        <ol class=""cy-bank-opts"">
          <li><span class=""cy-bank-let"">A</span> Setting I</li>
          <li><span class=""cy-bank-let"">B</span> Setting III</li>
          <li><span class=""cy-bank-let"">C</span> Setting IV</li>
          <li><span class=""cy-bank-let"">D</span> Setting II</li>
        </ol>
        <details class=""cy-bank-ans"">
          <summary>Show the answer</summary>
          <p class=""cy-bank-key""><strong>Answer:</strong> D. Setting II</p>
          <p class=""cy-bank-exp"">WEP (II) is obsolete and can be cracked in minutes, so enabling it badly weakens the network. WPA2/WPA3, strong rotated passphrases, and guest network separation are all sound choices.</p>
        </details>
      </article>
      <article class=""cy-bank-q"" id=""q-C3-109"">
        <p class=""cy-bank-stem"">A written policy requiring employees to connect personal devices only to a separate guest network is an example of which control category?</p>
        <ol class=""cy-bank-opts"">
          <li><span class=""cy-bank-let"">A</span> Technical control</li>
          <li><span class=""cy-bank-let"">B</span> Managerial (administrative) control</li>
          <li><span class=""cy-bank-let"">C</span> Physical control</li>
          <li><span class=""cy-bank-let"">D</span> Biometric control</li>
        </ol>
        <details class=""cy-bank-ans"">
          <summary>Show the answer</summary>
          <p class=""cy-bank-key""><strong>Answer:</strong> B. Managerial (administrative) control</p>
          <p class=""cy-bank-exp"">Policies and procedures are managerial/administrative controls. The firewall or VLAN that enforces the separation would be a technical control, but the policy itself is administrative.</p>
        </details>
      </article>
      <article class=""cy-bank-q"" id=""q-C3-110"">
        <p class=""cy-bank-stem"">Which statements about hiding a Wi-Fi network&#39;s SSID are TRUE?

I.   It is a form of security through obscurity
II.  It replaces the need for encryption
III. Determined attackers can still discover a hidden SSID</p>
        <ol class=""cy-bank-opts"">
          <li><span class=""cy-bank-let"">A</span> I and III only</li>
          <li><span class=""cy-bank-let"">B</span> II and III only</li>
          <li><span class=""cy-bank-let"">C</span> I and II only</li>
          <li><span class=""cy-bank-let"">D</span> I, II, and III</li>
        </ol>
        <details class=""cy-bank-ans"">
          <summary>Show the answer</summary>
          <p class=""cy-bank-key""><strong>Answer:</strong> A. I and III only</p>
          <p class=""cy-bank-exp"">Hiding an SSID is obscurity (I) and can be uncovered by attackers monitoring traffic (III). It does NOT replace encryption (II); a hidden network without encryption is still readable.</p>
        </details>
      </article>
      <article class=""cy-bank-q"" id=""q-C3-128"">
        <p class=""cy-bank-stem"">A retailer wants to protect customer payment data on its network. Which combination BEST reflects layered network defense?</p>
        <ol class=""cy-bank-opts"">
          <li><span class=""cy-bank-let"">A</span> Place payment systems on the open guest Wi-Fi for convenience</li>
          <li><span class=""cy-bank-let"">B</span> Rely solely on hiding the payment server&#39;s SSID</li>
          <li><span class=""cy-bank-let"">C</span> Put payment systems on an isolated segment, encrypt their traffic, and restrict access with firewall rules</li>
          <li><span class=""cy-bank-let"">D</span> Disable all logging to reduce noise</li>
        </ol>
        <details class=""cy-bank-ans"">
          <summary>Show the answer</summary>
          <p class=""cy-bank-key""><strong>Answer:</strong> C. Put payment systems on an isolated segment, encrypt their traffic, and restrict access with firewall rules</p>
          <p class=""cy-bank-exp"">Isolating payment systems, encrypting their traffic, and restricting access with firewall rules combines multiple independent controls (defense in depth). Using guest Wi-Fi, relying on SSID obscurity, or disabling logging each weakens security.</p>
        </details>
      </article>
      <h2 class=""cy-bank-th"">Topic 3.3 Protecting Networks: Segmentation</h2>
      <article class=""cy-bank-q"" id=""q-C3-111"">
        <p class=""cy-bank-stem"">A hospital places its medical devices, guest Wi-Fi, and administrative systems on separate isolated network segments. The PRIMARY security benefit is that:</p>
        <ol class=""cy-bank-opts"">
          <li><span class=""cy-bank-let"">A</span> A compromise in one segment is contained and cannot freely spread to others</li>
          <li><span class=""cy-bank-let"">B</span> All devices get faster internet speeds</li>
          <li><span class=""cy-bank-let"">C</span> Encryption is no longer necessary</li>
          <li><span class=""cy-bank-let"">D</span> Passwords never need to be changed</li>
        </ol>
        <details class=""cy-bank-ans"">
          <summary>Show the answer</summary>
          <p class=""cy-bank-key""><strong>Answer:</strong> A. A compromise in one segment is contained and cannot freely spread to others</p>
          <p class=""cy-bank-exp"">Segmentation limits lateral movement, so an attacker who breaches one segment cannot easily reach others - it contains the blast radius. It is not primarily about speed, and it does not remove the need for encryption or password hygiene.</p>
        </details>
      </article>
      <article class=""cy-bank-q"" id=""q-C3-112"">
        <p class=""cy-bank-stem"">A company places its public web server in a DMZ between the internet and its internal network. The MAIN purpose of the DMZ is to:</p>
        <ol class=""cy-bank-opts"">
          <li><span class=""cy-bank-let"">A</span> Give the web server direct, unrestricted access to internal databases</li>
          <li><span class=""cy-bank-let"">B</span> Encrypt all internal email automatically</li>
          <li><span class=""cy-bank-let"">C</span> Replace the need for a firewall</li>
          <li><span class=""cy-bank-let"">D</span> Expose a public service while keeping the internal network isolated if that service is compromised</li>
        </ol>
        <details class=""cy-bank-ans"">
          <summary>Show the answer</summary>
          <p class=""cy-bank-key""><strong>Answer:</strong> D. Expose a public service while keeping the internal network isolated if that service is compromised</p>
          <p class=""cy-bank-exp"">A DMZ isolates internet-facing services so that compromising them does not directly expose the internal network. It deliberately restricts access into the internal zone, relies on firewalls rather than replacing them, and is unrelated to email encryption.</p>
        </details>
      </article>
      <article class=""cy-bank-q"" id=""q-C3-113"">
        <p class=""cy-bank-stem"">Which statements about network segmentation are TRUE?

I.   VLANs can logically separate traffic on shared physical hardware
II.  Segmentation can limit how far an attacker moves laterally
III. Segmentation makes encryption of sensitive data unnecessary</p>
        <ol class=""cy-bank-opts"">
          <li><span class=""cy-bank-let"">A</span> I and II only</li>
          <li><span class=""cy-bank-let"">B</span> II and III only</li>
          <li><span class=""cy-bank-let"">C</span> I and III only</li>
          <li><span class=""cy-bank-let"">D</span> I, II, and III</li>
        </ol>
        <details class=""cy-bank-ans"">
          <summary>Show the answer</summary>
          <p class=""cy-bank-key""><strong>Answer:</strong> A. I and II only</p>
          <p class=""cy-bank-exp"">VLANs provide logical separation on shared switches (I) and segmentation restricts lateral movement (II). It does NOT replace encryption (III); confidentiality controls are still needed within and across segments.</p>
        </details>
      </article>
      <article class=""cy-bank-q"" id=""q-C3-114"">
        <p class=""cy-bank-stem"">A network is segmented as shown. Which configuration choice DEFEATS the purpose of segmentation?</p>
        <pre class=""cy-bank-code""><code>I.   Guest Wi-Fi is isolated from internal systems
II.  Point-of-sale terminals are on their own segment
III. A rule allows the guest segment full access to the database segment
IV.  Inter-segment traffic is filtered by firewall rules</code></pre>
        <ol class=""cy-bank-opts"">
          <li><span class=""cy-bank-let"">A</span> Choice III</li>
          <li><span class=""cy-bank-let"">B</span> Choice I</li>
          <li><span class=""cy-bank-let"">C</span> Choice II</li>
          <li><span class=""cy-bank-let"">D</span> Choice IV</li>
        </ol>
        <details class=""cy-bank-ans"">
          <summary>Show the answer</summary>
          <p class=""cy-bank-key""><strong>Answer:</strong> A. Choice III</p>
          <p class=""cy-bank-exp"">Allowing the untrusted guest segment full access to the database segment (III) removes the isolation segmentation is meant to provide. Isolating guest Wi-Fi, separating point-of-sale terminals, and filtering inter-segment traffic all support segmentation.</p>
        </details>
      </article>
      <h2 class=""cy-bank-th"">Topic 3.4 Protecting Networks: Firewalls</h2>
      <article class=""cy-bank-q"" id=""q-C3-115"">
        <p class=""cy-bank-stem"">A firewall is configured so that all traffic is blocked unless a rule explicitly permits it. This configuration is BEST described as:</p>
        <ol class=""cy-bank-opts"">
          <li><span class=""cy-bank-let"">A</span> Default-allow</li>
          <li><span class=""cy-bank-let"">B</span> Stateless logging</li>
          <li><span class=""cy-bank-let"">C</span> Promiscuous mode</li>
          <li><span class=""cy-bank-let"">D</span> Default-deny</li>
        </ol>
        <details class=""cy-bank-ans"">
          <summary>Show the answer</summary>
          <p class=""cy-bank-key""><strong>Answer:</strong> D. Default-deny</p>
          <p class=""cy-bank-exp"">Blocking everything except explicitly permitted traffic is a default-deny (deny-by-default) policy, the more secure baseline. Default-allow permits everything not explicitly blocked; the other options are unrelated.</p>
        </details>
      </article>
      <article class=""cy-bank-q"" id=""q-C3-116"">
        <p class=""cy-bank-stem"">A firewall evaluates rules top to bottom and applies the first match. The intent is to block host 10.0.0.5 but allow the rest of 10.0.0.0/24. Which rule order achieves the intent?</p>
        <pre class=""cy-bank-code""><code>Option X:
1) ALLOW 10.0.0.0/24
2) DENY  10.0.0.5

Option Y:
1) DENY  10.0.0.5
2) ALLOW 10.0.0.0/24</code></pre>
        <ol class=""cy-bank-opts"">
          <li><span class=""cy-bank-let"">A</span> Option X, because the allow rule is more general</li>
          <li><span class=""cy-bank-let"">B</span> Both options behave identically</li>
          <li><span class=""cy-bank-let"">C</span> Option Y, because the specific deny is evaluated before the broad allow</li>
          <li><span class=""cy-bank-let"">D</span> Neither option can block a single host</li>
        </ol>
        <details class=""cy-bank-ans"">
          <summary>Show the answer</summary>
          <p class=""cy-bank-key""><strong>Answer:</strong> C. Option Y, because the specific deny is evaluated before the broad allow</p>
          <p class=""cy-bank-exp"">With first-match evaluation, the specific DENY for 10.0.0.5 must come before the broad ALLOW (Option Y). In Option X the ALLOW matches 10.0.0.5 first, so the later DENY never applies.</p>
        </details>
      </article>
      <article class=""cy-bank-q"" id=""q-C3-117"">
        <p class=""cy-bank-stem"">Which statement BEST describes what a network firewall does?</p>
        <ol class=""cy-bank-opts"">
          <li><span class=""cy-bank-let"">A</span> It scans email attachments for spelling errors</li>
          <li><span class=""cy-bank-let"">B</span> It filters traffic between networks based on a set of rules</li>
          <li><span class=""cy-bank-let"">C</span> It encrypts every file stored on a hard drive</li>
          <li><span class=""cy-bank-let"">D</span> It physically prevents people from entering a server room</li>
        </ol>
        <details class=""cy-bank-ans"">
          <summary>Show the answer</summary>
          <p class=""cy-bank-key""><strong>Answer:</strong> B. It filters traffic between networks based on a set of rules</p>
          <p class=""cy-bank-exp"">A firewall enforces rules that permit or block traffic between networks or hosts. It does not proofread email, encrypt stored files, or control physical entry.</p>
        </details>
      </article>
      <article class=""cy-bank-q"" id=""q-C3-118"">
        <p class=""cy-bank-stem"">Which statements about firewalls are TRUE?

I.   A firewall can permit or deny traffic based on ports and addresses
II.  A misconfigured allow rule can let malicious traffic through
III. A firewall alone guarantees the network can never be breached</p>
        <ol class=""cy-bank-opts"">
          <li><span class=""cy-bank-let"">A</span> II and III only</li>
          <li><span class=""cy-bank-let"">B</span> I and III only</li>
          <li><span class=""cy-bank-let"">C</span> I and II only</li>
          <li><span class=""cy-bank-let"">D</span> I, II, and III</li>
        </ol>
        <details class=""cy-bank-ans"">
          <summary>Show the answer</summary>
          <p class=""cy-bank-key""><strong>Answer:</strong> C. I and II only</p>
          <p class=""cy-bank-exp"">Firewalls filter by ports/addresses (I) and a bad allow rule can admit attacks (II). No single control guarantees the network can never be breached (III); defense in depth is required.</p>
        </details>
      </article>
      <h2 class=""cy-bank-th"">Topic 3.5 Detecting Network Attacks</h2>
      <article class=""cy-bank-q"" id=""q-C3-119"">
        <p class=""cy-bank-stem"">What is the KEY difference between an intrusion detection system (IDS) and an intrusion prevention system (IPS)?</p>
        <ol class=""cy-bank-opts"">
          <li><span class=""cy-bank-let"">A</span> An IDS alerts on suspicious traffic; an IPS can also actively block it</li>
          <li><span class=""cy-bank-let"">B</span> An IDS encrypts traffic; an IPS decrypts it</li>
          <li><span class=""cy-bank-let"">C</span> An IDS works only on wireless; an IPS works only on wired networks</li>
          <li><span class=""cy-bank-let"">D</span> There is no functional difference between them</li>
        </ol>
        <details class=""cy-bank-ans"">
          <summary>Show the answer</summary>
          <p class=""cy-bank-key""><strong>Answer:</strong> A. An IDS alerts on suspicious traffic; an IPS can also actively block it</p>
          <p class=""cy-bank-exp"">An IDS monitors and alerts on suspicious activity, while an IPS additionally takes action to block or drop malicious traffic in line. Neither is defined by encryption or by wired/wireless medium.</p>
        </details>
      </article>
      <article class=""cy-bank-q"" id=""q-C3-120"">
        <p class=""cy-bank-stem"">A detection system that compares traffic against a database of known attack patterns uses which method, and what is its main weakness?</p>
        <ol class=""cy-bank-opts"">
          <li><span class=""cy-bank-let"">A</span> Anomaly-based; it cannot detect any known attacks</li>
          <li><span class=""cy-bank-let"">B</span> Signature-based; it produces no false negatives ever</li>
          <li><span class=""cy-bank-let"">C</span> Signature-based; it may miss brand-new attacks not yet in its database</li>
          <li><span class=""cy-bank-let"">D</span> Anomaly-based; it requires no baseline of normal behavior</li>
        </ol>
        <details class=""cy-bank-ans"">
          <summary>Show the answer</summary>
          <p class=""cy-bank-key""><strong>Answer:</strong> C. Signature-based; it may miss brand-new attacks not yet in its database</p>
          <p class=""cy-bank-exp"">Matching traffic to known patterns is signature-based detection, whose weakness is missing novel (zero-day) attacks absent from its signature database. Anomaly-based detection instead learns a baseline and flags deviations.</p>
        </details>
      </article>
      <article class=""cy-bank-q"" id=""q-C3-121"">
        <p class=""cy-bank-stem"">A SIEM system aggregates logs from firewalls, servers, and IDS sensors, then correlates events to highlight likely incidents. Its PRIMARY value is that it:</p>
        <ol class=""cy-bank-opts"">
          <li><span class=""cy-bank-let"">A</span> Replaces the need for firewalls and IDS sensors</li>
          <li><span class=""cy-bank-let"">B</span> Centralizes and correlates data from many sources to reveal patterns a single log would miss</li>
          <li><span class=""cy-bank-let"">C</span> Encrypts all network traffic end to end</li>
          <li><span class=""cy-bank-let"">D</span> Physically secures the data center</li>
        </ol>
        <details class=""cy-bank-ans"">
          <summary>Show the answer</summary>
          <p class=""cy-bank-key""><strong>Answer:</strong> B. Centralizes and correlates data from many sources to reveal patterns a single log would miss</p>
          <p class=""cy-bank-exp"">A SIEM centralizes and correlates events across many sources so that distributed attack patterns become visible. It complements rather than replaces firewalls and IDS, does not perform traffic encryption, and is unrelated to physical security.</p>
        </details>
      </article>
      <article class=""cy-bank-q"" id=""q-C3-122"">
        <p class=""cy-bank-stem"">Which statements about detecting network attacks are TRUE?

I.   Signature-based detection struggles with zero-day attacks
II.  Anomaly-based detection can generate false positives from unusual but benign activity
III. A SIEM helps correlate events from multiple devices</p>
        <ol class=""cy-bank-opts"">
          <li><span class=""cy-bank-let"">A</span> I and II only</li>
          <li><span class=""cy-bank-let"">B</span> I, II, and III</li>
          <li><span class=""cy-bank-let"">C</span> II and III only</li>
          <li><span class=""cy-bank-let"">D</span> I and III only</li>
        </ol>
        <details class=""cy-bank-ans"">
          <summary>Show the answer</summary>
          <p class=""cy-bank-key""><strong>Answer:</strong> B. I, II, and III</p>
          <p class=""cy-bank-exp"">Signature detection misses unknown attacks (I), anomaly detection can flag harmless oddities as false positives (II), and a SIEM correlates multi-source events (III). All three statements are true.</p>
        </details>
      </article>
      <article class=""cy-bank-q"" id=""q-C3-123"">
        <p class=""cy-bank-stem"">A SIEM correlates these near-simultaneous events: hundreds of failed logins on a server, one success, then a large outbound data transfer to an unfamiliar IP. The MOST likely interpretation is:</p>
        <ol class=""cy-bank-opts"">
          <li><span class=""cy-bank-let"">A</span> Routine nightly backup activity</li>
          <li><span class=""cy-bank-let"">B</span> A user simply mistyping their password many times</li>
          <li><span class=""cy-bank-let"">C</span> A successful brute-force/guessing attack followed by data exfiltration</li>
          <li><span class=""cy-bank-let"">D</span> A scheduled software update</li>
        </ol>
        <details class=""cy-bank-ans"">
          <summary>Show the answer</summary>
          <p class=""cy-bank-key""><strong>Answer:</strong> C. A successful brute-force/guessing attack followed by data exfiltration</p>
          <p class=""cy-bank-exp"">A flood of failures ending in success indicates a likely brute-force or guessing breach, and the subsequent large unfamiliar outbound transfer indicates data exfiltration. Routine backups, simple mistyping, and updates would not produce this exact correlated pattern.</p>
        </details>
      </article>
      <article class=""cy-bank-q"" id=""q-C3-124"">
        <p class=""cy-bank-stem"">An organization&#39;s network-monitoring setup is described below. Which gap MOST undermines its ability to detect attacks?</p>
        <pre class=""cy-bank-code""><code>I.   IDS sensors watch inbound traffic
II.  Firewall and server logs feed a SIEM
III. No one reviews SIEM alerts or logs
IV.  Alerts are correlated automatically</code></pre>
        <ol class=""cy-bank-opts"">
          <li><span class=""cy-bank-let"">A</span> Gap I</li>
          <li><span class=""cy-bank-let"">B</span> Gap II</li>
          <li><span class=""cy-bank-let"">C</span> Gap III</li>
          <li><span class=""cy-bank-let"">D</span> Gap IV</li>
        </ol>
        <details class=""cy-bank-ans"">
          <summary>Show the answer</summary>
          <p class=""cy-bank-key""><strong>Answer:</strong> C. Gap III</p>
          <p class=""cy-bank-exp"">If no one reviews the alerts or logs (III), detection produces no response and attacks proceed unnoticed. Watching inbound traffic, feeding logs to a SIEM, and automated correlation are all strengths, not gaps.</p>
        </details>
      </article>
      <article class=""cy-bank-q"" id=""q-C3-125"">
        <p class=""cy-bank-stem"">Why does anomaly-based network detection require establishing a baseline of normal activity first?</p>
        <ol class=""cy-bank-opts"">
          <li><span class=""cy-bank-let"">A</span> To know what &#39;unusual&#39; looks like so deviations can be flagged</li>
          <li><span class=""cy-bank-let"">B</span> To encrypt all traffic on the network</li>
          <li><span class=""cy-bank-let"">C</span> To replace the firewall&#39;s rule set</li>
          <li><span class=""cy-bank-let"">D</span> To physically lock the network closet</li>
        </ol>
        <details class=""cy-bank-ans"">
          <summary>Show the answer</summary>
          <p class=""cy-bank-key""><strong>Answer:</strong> A. To know what &#39;unusual&#39; looks like so deviations can be flagged</p>
          <p class=""cy-bank-exp"">Anomaly detection flags deviations from normal, so it must first learn what normal looks like. It is not an encryption, firewall, or physical-security mechanism.</p>
        </details>
      </article>
  </section>
  <p class=""cy-bank-lede"">More practice: <a href=""/pages/ap-cybersecurity-practice-questions-unit-1"">Unit 1</a>, <a href=""/pages/ap-cybersecurity-practice-questions-unit-2"">Unit 2</a>, <a href=""/pages/ap-cybersecurity-practice-questions-unit-4"">Unit 4</a>, <a href=""/pages/ap-cybersecurity-practice-questions-unit-5"">Unit 5</a>, or the <a href=""/pages/ap-cybersecurity-question-of-the-day"">question of the day</a>.</p>
</div>

<script type=""application/ld+json"">
{
  ""@context"": ""https://schema.org/"",
  ""@type"": ""Quiz"",
  ""name"": ""AP Cybersecurity Unit 3 Practice Questions: Securing Networks"",
  ""about"": {
    ""@type"": ""Thing"",
    ""name"": ""AP Cybersecurity""
  },
  ""educationalAlignment"": [
    {
      ""@type"": ""AlignmentObject"",
      ""alignmentType"": ""educationalSubject"",
      ""targetName"": ""Cybersecurity""
    },
    {
      ""@type"": ""AlignmentObject"",
      ""alignmentType"": ""educationalLevel"",
      ""targetName"": ""High school""
    }
  ],
  ""hasPart"": [
    {
      ""@context"": ""https://schema.org/"",
      ""@type"": ""Question"",
      ""eduQuestionType"": ""Flashcard"",
      ""text"": ""A website becomes unreachable because thousands of compromised devices flood it with traffic simultaneously. This attack is BEST described as:"",
      ""acceptedAnswer"": {
        ""@type"": ""Answer"",
        ""text"": ""A distributed denial-of-service (DDoS) attack. Overwhelming a target with traffic from many distributed compromised hosts is a DDoS attack, which harms availability. A MITM intercepts traffic, SQL injection targets databases, and phishing manipulates people.""
      }
    },
    {
      ""@context"": ""https://schema.org/"",
      ""@type"": ""Question"",
      ""eduQuestionType"": ""Flashcard"",
      ""text"": ""On an unencrypted network, an attacker captures and reads packets passing across the wire, including a plaintext login. This passive technique is called:"",
      ""acceptedAnswer"": {
        ""@type"": ""Answer"",
        ""text"": ""Packet sniffing (eavesdropping). Capturing and reading network traffic is packet sniffing/eavesdropping, a passive attack. DoS disrupts availability, ARP poisoning manipulates address mappings, and brute force guesses credentials.""
      }
    },
    {
      ""@context"": ""https://schema.org/"",
      ""@type"": ""Question"",
      ""eduQuestionType"": ""Flashcard"",
      ""text"": ""An attacker forges the source IP address of packets so they appear to come from a trusted internal host. This technique is BEST described as:"",
      ""acceptedAnswer"": {
        ""@type"": ""Answer"",
        ""text"": ""IP spoofing. Falsifying the source address of packets to impersonate a trusted host is IP spoofing. Phishing targets people, cross-site scripting targets web browsers, and tailgating is a physical attack.""
      }
    },
    {
      ""@context"": ""https://schema.org/"",
      ""@type"": ""Question"",
      ""eduQuestionType"": ""Flashcard"",
      ""text"": ""Which of the following primarily threaten network AVAILABILITY?\n\nI.   A DDoS flood against a server\nII.  Packet sniffing of plaintext traffic\nIII. Cutting the fiber line to a building"",
      ""acceptedAnswer"": {
        ""@type"": ""Answer"",
        ""text"": ""I and III only. A DDoS flood (I) and physically cutting the line (III) both deny access, harming availability. Packet sniffing (II) is a passive read that threatens confidentiality, not availability.""
      }
    },
    {
      ""@context"": ""https://schema.org/"",
      ""@type"": ""Question"",
      ""eduQuestionType"": ""Flashcard"",
      ""text"": ""On a local network, an attacker sends forged ARP replies so that other devices associate the gateway's IP with the attacker's MAC address, routing victims' traffic through the attacker first. This enables which attack?"",
      ""acceptedAnswer"": {
        ""@type"": ""Answer"",
        ""text"": ""A man-in-the-middle attack via ARP poisoning. ARP poisoning maps a legitimate IP to the attacker's MAC, inserting the attacker into the traffic path for a man-in-the-middle attack. The other options describe database, credential, and Wi-Fi portal attacks.""
      }
    },
    {
      ""@context"": ""https://schema.org/"",
      ""@type"": ""Question"",
      ""eduQuestionType"": ""Flashcard"",
      ""text"": ""An attacker captures a valid authentication message and later retransmits it unchanged to gain access, without ever knowing the password. This is BEST described as:"",
      ""acceptedAnswer"": {
        ""@type"": ""Answer"",
        ""text"": ""A replay attack. Recording a valid transmission and resending it to be reauthenticated is a replay attack. It does not require knowing the credential, unlike a dictionary attack, and is unrelated to phishing or DoS.""
      }
    },
    {
      ""@context"": ""https://schema.org/"",
      ""@type"": ""Question"",
      ""eduQuestionType"": ""Flashcard"",
      ""text"": ""Which wireless configuration provides the STRONGEST protection for a modern office Wi-Fi network?"",
      ""acceptedAnswer"": {
        ""@type"": ""Answer"",
        ""text"": ""WPA3 encryption. WPA3 is the current strong standard for Wi-Fi encryption. Open networks offer none, WEP is broken and easily cracked, and hiding the SSID is obscurity that provides no real encryption.""
      }
    },
    {
      ""@context"": ""https://schema.org/"",
      ""@type"": ""Question"",
      ""eduQuestionType"": ""Flashcard"",
      ""text"": ""An office configures its wireless network with the settings below. Which setting is the WEAKEST security choice?"",
      ""acceptedAnswer"": {
        ""@type"": ""Answer"",
        ""text"": ""Setting II. WEP (II) is obsolete and can be cracked in minutes, so enabling it badly weakens the network. WPA2/WPA3, strong rotated passphrases, and guest network separation are all sound choices.""
      }
    },
    {
      ""@context"": ""https://schema.org/"",
      ""@type"": ""Question"",
      ""eduQuestionType"": ""Flashcard"",
      ""text"": ""A written policy requiring employees to connect personal devices only to a separate guest network is an example of which control category?"",
      ""acceptedAnswer"": {
        ""@type"": ""Answer"",
        ""text"": ""Managerial (administrative) control. Policies and procedures are managerial/administrative controls. The firewall or VLAN that enforces the separation would be a technical control, but the policy itself is administrative.""
      }
    },
    {
      ""@context"": ""https://schema.org/"",
      ""@type"": ""Question"",
      ""eduQuestionType"": ""Flashcard"",
      ""text"": ""Which statements about hiding a Wi-Fi network's SSID are TRUE?\n\nI.   It is a form of security through obscurity\nII.  It replaces the need for encryption\nIII. Determined attackers can still discover a hidden SSID"",
      ""acceptedAnswer"": {
        ""@type"": ""Answer"",
        ""text"": ""I and III only. Hiding an SSID is obscurity (I) and can be uncovered by attackers monitoring traffic (III). It does NOT replace encryption (II); a hidden network without encryption is still readable.""
      }
    },
    {
      ""@context"": ""https://schema.org/"",
      ""@type"": ""Question"",
      ""eduQuestionType"": ""Flashcard"",
      ""text"": ""A hospital places its medical devices, guest Wi-Fi, and administrative systems on separate isolated network segments. The PRIMARY security benefit is that:"",
      ""acceptedAnswer"": {
        ""@type"": ""Answer"",
        ""text"": ""A compromise in one segment is contained and cannot freely spread to others. Segmentation limits lateral movement, so an attacker who breaches one segment cannot easily reach others - it contains the blast radius. It is not primarily about speed, and it does not remove the need for encryption or password hygiene.""
      }
    },
    {
      ""@context"": ""https://schema.org/"",
      ""@type"": ""Question"",
      ""eduQuestionType"": ""Flashcard"",
      ""text"": ""A company places its public web server in a DMZ between the internet and its internal network. The MAIN purpose of the DMZ is to:"",
      ""acceptedAnswer"": {
        ""@type"": ""Answer"",
        ""text"": ""Expose a public service while keeping the internal network isolated if that service is compromised. A DMZ isolates internet-facing services so that compromising them does not directly expose the internal network. It deliberately restricts access into the internal zone, relies on firewalls rather than replacing them, and is unrelated to email encryption.""
      }
    },
    {
      ""@context"": ""https://schema.org/"",
      ""@type"": ""Question"",
      ""eduQuestionType"": ""Flashcard"",
      ""text"": ""Which statements about network segmentation are TRUE?\n\nI.   VLANs can logically separate traffic on shared physical hardware\nII.  Segmentation can limit how far an attacker moves laterally\nIII. Segmentation makes encryption of sensitive data unnecessary"",
      ""acceptedAnswer"": {
        ""@type"": ""Answer"",
        ""text"": ""I and II only. VLANs provide logical separation on shared switches (I) and segmentation restricts lateral movement (II). It does NOT replace encryption (III); confidentiality controls are still needed within and across segments.""
      }
    },
    {
      ""@context"": ""https://schema.org/"",
      ""@type"": ""Question"",
      ""eduQuestionType"": ""Flashcard"",
      ""text"": ""A network is segmented as shown. Which configuration choice DEFEATS the purpose of segmentation?"",
      ""acceptedAnswer"": {
        ""@type"": ""Answer"",
        ""text"": ""Choice III. Allowing the untrusted guest segment full access to the database segment (III) removes the isolation segmentation is meant to provide. Isolating guest Wi-Fi, separating point-of-sale terminals, and filtering inter-segment traffic all support segmentation.""
      }
    },
    {
      ""@context"": ""https://schema.org/"",
      ""@type"": ""Question"",
      ""eduQuestionType"": ""Flashcard"",
      ""text"": ""A firewall is configured so that all traffic is blocked unless a rule explicitly permits it. This configuration is BEST described as:"",
      ""acceptedAnswer"": {
        ""@type"": ""Answer"",
        ""text"": ""Default-deny. Blocking everything except explicitly permitted traffic is a default-deny (deny-by-default) policy, the more secure baseline. Default-allow permits everything not explicitly blocked; the other options are unrelated.""
      }
    },
    {
      ""@context"": ""https://schema.org/"",
      ""@type"": ""Question"",
      ""eduQuestionType"": ""Flashcard"",
      ""text"": ""A firewall evaluates rules top to bottom and applies the first match. The intent is to block host 10.0.0.5 but allow the rest of 10.0.0.0/24. Which rule order achieves the intent?"",
      ""acceptedAnswer"": {
        ""@type"": ""Answer"",
        ""text"": ""Option Y, because the specific deny is evaluated before the broad allow. With first-match evaluation, the specific DENY for 10.0.0.5 must come before the broad ALLOW (Option Y). In Option X the ALLOW matches 10.0.0.5 first, so the later DENY never applies.""
      }
    },
    {
      ""@context"": ""https://schema.org/"",
      ""@type"": ""Question"",
      ""eduQuestionType"": ""Flashcard"",
      ""text"": ""Which statement BEST describes what a network firewall does?"",
      ""acceptedAnswer"": {
        ""@type"": ""Answer"",
        ""text"": ""It filters traffic between networks based on a set of rules. A firewall enforces rules that permit or block traffic between networks or hosts. It does not proofread email, encrypt stored files, or control physical entry.""
      }
    },
    {
      ""@context"": ""https://schema.org/"",
      ""@type"": ""Question"",
      ""eduQuestionType"": ""Flashcard"",
      ""text"": ""Which statements about firewalls are TRUE?\n\nI.   A firewall can permit or deny traffic based on ports and addresses\nII.  A misconfigured allow rule can let malicious traffic through\nIII. A firewall alone guarantees the network can never be breached"",
      ""acceptedAnswer"": {
        ""@type"": ""Answer"",
        ""text"": ""I and II only. Firewalls filter by ports/addresses (I) and a bad allow rule can admit attacks (II). No single control guarantees the network can never be breached (III); defense in depth is required.""
      }
    },
    {
      ""@context"": ""https://schema.org/"",
      ""@type"": ""Question"",
      ""eduQuestionType"": ""Flashcard"",
      ""text"": ""What is the KEY difference between an intrusion detection system (IDS) and an intrusion prevention system (IPS)?"",
      ""acceptedAnswer"": {
        ""@type"": ""Answer"",
        ""text"": ""An IDS alerts on suspicious traffic; an IPS can also actively block it. An IDS monitors and alerts on suspicious activity, while an IPS additionally takes action to block or drop malicious traffic in line. Neither is defined by encryption or by wired/wireless medium.""
      }
    },
    {
      ""@context"": ""https://schema.org/"",
      ""@type"": ""Question"",
      ""eduQuestionType"": ""Flashcard"",
      ""text"": ""A detection system that compares traffic against a database of known attack patterns uses which method, and what is its main weakness?"",
      ""acceptedAnswer"": {
        ""@type"": ""Answer"",
        ""text"": ""Signature-based; it may miss brand-new attacks not yet in its database. Matching traffic to known patterns is signature-based detection, whose weakness is missing novel (zero-day) attacks absent from its signature database. Anomaly-based detection instead learns a baseline and flags deviations.""
      }
    },
    {
      ""@context"": ""https://schema.org/"",
      ""@type"": ""Question"",
      ""eduQuestionType"": ""Flashcard"",
      ""text"": ""A SIEM system aggregates logs from firewalls, servers, and IDS sensors, then correlates events to highlight likely incidents. Its PRIMARY value is that it:"",
      ""acceptedAnswer"": {
        ""@type"": ""Answer"",
        ""text"": ""Centralizes and correlates data from many sources to reveal patterns a single log would miss. A SIEM centralizes and correlates events across many sources so that distributed attack patterns become visible. It complements rather than replaces firewalls and IDS, does not perform traffic encryption, and is unrelated to physical security.""
      }
    },
    {
      ""@context"": ""https://schema.org/"",
      ""@type"": ""Question"",
      ""eduQuestionType"": ""Flashcard"",
      ""text"": ""Which statements about detecting network attacks are TRUE?\n\nI.   Signature-based detection struggles with zero-day attacks\nII.  Anomaly-based detection can generate false positives from unusual but benign activity\nIII. A SIEM helps correlate events from multiple devices"",
      ""acceptedAnswer"": {
        ""@type"": ""Answer"",
        ""text"": ""I, II, and III. Signature detection misses unknown attacks (I), anomaly detection can flag harmless oddities as false positives (II), and a SIEM correlates multi-source events (III). All three statements are true.""
      }
    },
    {
      ""@context"": ""https://schema.org/"",
      ""@type"": ""Question"",
      ""eduQuestionType"": ""Flashcard"",
      ""text"": ""A SIEM correlates these near-simultaneous events: hundreds of failed logins on a server, one success, then a large outbound data transfer to an unfamiliar IP. The MOST likely interpretation is:"",
      ""acceptedAnswer"": {
        ""@type"": ""Answer"",
        ""text"": ""A successful brute-force/guessing attack followed by data exfiltration. A flood of failures ending in success indicates a likely brute-force or guessing breach, and the subsequent large unfamiliar outbound transfer indicates data exfiltration. Routine backups, simple mistyping, and updates would not produce this exact correlated pattern.""
      }
    },
    {
      ""@context"": ""https://schema.org/"",
      ""@type"": ""Question"",
      ""eduQuestionType"": ""Flashcard"",
      ""text"": ""An organization's network-monitoring setup is described below. Which gap MOST undermines its ability to detect attacks?"",
      ""acceptedAnswer"": {
        ""@type"": ""Answer"",
        ""text"": ""Gap III. If no one reviews the alerts or logs (III), detection produces no response and attacks proceed unnoticed. Watching inbound traffic, feeding logs to a SIEM, and automated correlation are all strengths, not gaps.""
      }
    },
    {
      ""@context"": ""https://schema.org/"",
      ""@type"": ""Question"",
      ""eduQuestionType"": ""Flashcard"",
      ""text"": ""Why does anomaly-based network detection require establishing a baseline of normal activity first?"",
      ""acceptedAnswer"": {
        ""@type"": ""Answer"",
        ""text"": ""To know what 'unusual' looks like so deviations can be flagged. Anomaly detection flags deviations from normal, so it must first learn what normal looks like. It is not an encryption, firewall, or physical-security mechanism.""
      }
    },
    {
      ""@context"": ""https://schema.org/"",
      ""@type"": ""Question"",
      ""eduQuestionType"": ""Flashcard"",
      ""text"": ""Match each attack to a control that helps defend against it. Which pairings are reasonable?\n\nI.   Packet sniffing on Wi-Fi - WPA3 encryption\nII.  Unwanted inbound traffic - firewall rules\nIII. Lateral movement after a breach - network segmentation"",
      ""acceptedAnswer"": {
        ""@type"": ""Answer"",
        ""text"": ""I, II, and III. Encryption defeats sniffing (I), firewall rules block unwanted inbound traffic (II), and segmentation limits lateral movement after a breach (III). All three pairings are reasonable defenses.""
      }
    },
    {
      ""@context"": ""https://schema.org/"",
      ""@type"": ""Question"",
      ""eduQuestionType"": ""Flashcard"",
      ""text"": ""Why is a distributed denial-of-service (DDoS) attack typically HARDER to defend against than a single-source denial-of-service attack?"",
      ""acceptedAnswer"": {
        ""@type"": ""Answer"",
        ""text"": ""Traffic comes from many distributed sources, so simply blocking one address is insufficient. DDoS traffic originates from many distributed hosts, so blocking a single source does little; defenders must filter or absorb traffic from thousands of addresses. DDoS is not defined by encryption or medium, and no single rule reliably stops it.""
      }
    },
    {
      ""@context"": ""https://schema.org/"",
      ""@type"": ""Question"",
      ""eduQuestionType"": ""Flashcard"",
      ""text"": ""A retailer wants to protect customer payment data on its network. Which combination BEST reflects layered network defense?"",
      ""acceptedAnswer"": {
        ""@type"": ""Answer"",
        ""text"": ""Put payment systems on an isolated segment, encrypt their traffic, and restrict access with firewall rules. Isolating payment systems, encrypting their traffic, and restricting access with firewall rules combines multiple independent controls (defense in depth). Using guest Wi-Fi, relying on SSID obscurity, or disabling logging each weakens security.""
      }
    }
  ]
}
</script>","TRUE","2026-03-01","AP Cybersecurity Unit 3 Practice Questions with Answers","28 free AP Cybersecurity practice questions for Unit 3, Securing Networks, grouped by CED topic. Every question shows the answer and why the other options fail. No login."
"ap-cybersecurity-practice-questions-unit-4","MERGE","AP Cybersecurity Unit 4 Practice Questions: Securing Devices","<style>
  #cyb-qotd { --cy-line: #dbe4ee; --cy-r: 14px; --cy-r-sm: 10px;
    --cy-sh-sm: 0 1px 3px rgba(15,42,67,.08); }

  /* --- crawlable question bank ------------------------------------------- */
  #cyb-qotd .cy-bank { margin: 28px 0 0; padding: 22px 18px; background: #ffffff !important;
    border: 1px solid var(--cy-line); border-radius: var(--cy-r); box-shadow: var(--cy-sh-sm); }
  #cyb-qotd .cy-bank h2 { font-size: 22px; line-height: 1.25; margin: 0 0 6px;
    color: #0f2a43 !important; -webkit-text-fill-color: #0f2a43 !important; font-weight: 700; }
  #cyb-qotd .cy-bank-lede { margin: 0 0 18px; font-size: 15px; line-height: 1.55;
    color: #40566d !important; -webkit-text-fill-color: #40566d !important; }
  #cyb-qotd .cy-bank-unit { margin: 0 0 26px; }
  #cyb-qotd .cy-bank-uh { font-size: 17px; margin: 22px 0 4px; padding: 0 0 6px;
    border-bottom: 2px solid #2f6df6; color: #0f2a43 !important;
    -webkit-text-fill-color: #0f2a43 !important; font-weight: 700; }
  #cyb-qotd .cy-bank-count { float: right; font-size: 12px; font-weight: 600;
    color: #64798f !important; -webkit-text-fill-color: #64798f !important; }
  #cyb-qotd .cy-bank-th { font-size: 14px; margin: 16px 0 8px; text-transform: uppercase;
    letter-spacing: .04em; color: #15395c !important;
    -webkit-text-fill-color: #15395c !important; font-weight: 700; }
  #cyb-qotd .cy-bank-q { margin: 0 0 14px; padding: 12px 14px; background: #f7f9fc !important;
    border: 1px solid var(--cy-line); border-radius: var(--cy-r-sm); }
  #cyb-qotd .cy-bank-stem { margin: 0 0 8px; font-size: 15px; line-height: 1.55;
    color: #16273a !important; -webkit-text-fill-color: #16273a !important; }
  #cyb-qotd .cy-bank-code { margin: 0 0 10px; padding: 10px 12px; overflow-x: auto;
    background: #0f2a43 !important; border-radius: var(--cy-r-sm); font-size: 13px;
    line-height: 1.5; color: #e8eef6 !important; -webkit-text-fill-color: #e8eef6 !important; }
  #cyb-qotd .cy-bank-opts { margin: 0 0 8px; padding: 0; list-style: none; }
  #cyb-qotd .cy-bank-opts li { margin: 0 0 4px; font-size: 14px; line-height: 1.5;
    color: #2b3d52 !important; -webkit-text-fill-color: #2b3d52 !important; }
  #cyb-qotd .cy-bank-let { display: inline-block; min-width: 20px; font-weight: 700;
    color: #2f6df6 !important; -webkit-text-fill-color: #2f6df6 !important; }
  #cyb-qotd .cy-bank-ans { margin: 6px 0 0; }
  #cyb-qotd .cy-bank-ans summary { cursor: pointer; font-size: 13px; font-weight: 600;
    color: #2f6df6 !important; -webkit-text-fill-color: #2f6df6 !important; }
  #cyb-qotd .cy-bank-key { margin: 8px 0 6px; font-size: 14px; line-height: 1.5;
    color: #1f9d57 !important; -webkit-text-fill-color: #1f9d57 !important; font-weight: 600; }
  #cyb-qotd .cy-bank-exp { margin: 0; font-size: 14px; line-height: 1.6;
    color: #40566d !important; -webkit-text-fill-color: #40566d !important; }
  @media (max-width: 600px) {
    #cyb-qotd .cy-bank { padding: 16px 12px; }
    #cyb-qotd .cy-bank-count { float: none; display: block; }
  }

</style>
<div id=""cyb-qotd"">
  <h1>AP Cybersecurity Unit 4 Practice Questions: Securing Devices</h1>
  <p class=""cy-bank-lede"">26 practice questions for Unit 4, Securing Devices, grouped by CED topic. Read the question, commit to an answer, then open the answer to check yourself and see why the other options fail. Free, no login. <a href=""/pages/ap-cybersecurity-question-of-the-day"">One question a day</a> comes from this same bank, and the other units are linked at the foot of the page.</p>
  <section class=""cy-bank"">
      <h2 class=""cy-bank-th"">Topic 4.1 Device Vulnerabilities and Attacks</h2>
      <article class=""cy-bank-q"" id=""q-C4-101"">
        <p class=""cy-bank-stem"">What distinguishes a worm from a traditional virus?</p>
        <ol class=""cy-bank-opts"">
          <li><span class=""cy-bank-let"">A</span> A worm can self-propagate across networks without needing a host file or user action</li>
          <li><span class=""cy-bank-let"">B</span> A worm can only infect printed documents</li>
          <li><span class=""cy-bank-let"">C</span> A worm always requires the user to open an email attachment</li>
          <li><span class=""cy-bank-let"">D</span> A worm cannot replicate itself at all</li>
        </ol>
        <details class=""cy-bank-ans"">
          <summary>Show the answer</summary>
          <p class=""cy-bank-key""><strong>Answer:</strong> A. A worm can self-propagate across networks without needing a host file or user action</p>
          <p class=""cy-bank-exp"">A worm self-replicates and spreads across networks on its own, without attaching to a host file or requiring user action. A virus typically needs a host file and some user action to spread.</p>
        </details>
      </article>
      <article class=""cy-bank-q"" id=""q-C4-102"">
        <p class=""cy-bank-stem"">A user downloads what appears to be a free game, but it secretly installs a program that gives an attacker remote access. The disguised malware is BEST classified as a:</p>
        <ol class=""cy-bank-opts"">
          <li><span class=""cy-bank-let"">A</span> Worm</li>
          <li><span class=""cy-bank-let"">B</span> Denial-of-service tool</li>
          <li><span class=""cy-bank-let"">C</span> Firewall</li>
          <li><span class=""cy-bank-let"">D</span> Trojan</li>
        </ol>
        <details class=""cy-bank-ans"">
          <summary>Show the answer</summary>
          <p class=""cy-bank-key""><strong>Answer:</strong> D. Trojan</p>
          <p class=""cy-bank-exp"">Malware disguised as legitimate software to trick a user into installing it is a Trojan. A worm self-propagates, DoS tools flood targets, and a firewall is a defensive control.</p>
        </details>
      </article>
      <article class=""cy-bank-q"" id=""q-C4-103"">
        <p class=""cy-bank-stem"">Match each behavior to its malware type. Which pairings are correct?

I.   Encrypts files and demands payment - ransomware
II.  Secretly records keystrokes and activity - spyware
III. Disguises itself as a useful program - Trojan</p>
        <ol class=""cy-bank-opts"">
          <li><span class=""cy-bank-let"">A</span> I and II only</li>
          <li><span class=""cy-bank-let"">B</span> II and III only</li>
          <li><span class=""cy-bank-let"">C</span> I and III only</li>
          <li><span class=""cy-bank-let"">D</span> I, II, and III</li>
        </ol>
        <details class=""cy-bank-ans"">
          <summary>Show the answer</summary>
          <p class=""cy-bank-key""><strong>Answer:</strong> D. I, II, and III</p>
          <p class=""cy-bank-exp"">Ransomware encrypts and extorts, spyware covertly monitors activity, and a Trojan masquerades as legitimate software. All three pairings are correct.</p>
        </details>
      </article>
      <article class=""cy-bank-q"" id=""q-C4-104"">
        <p class=""cy-bank-stem"">A company installs internet-connected security cameras but never changes the manufacturer&#39;s default admin password. Which vulnerability does this create?</p>
        <ol class=""cy-bank-opts"">
          <li><span class=""cy-bank-let"">A</span> The cameras can be accessed by anyone who knows the well-published default credentials</li>
          <li><span class=""cy-bank-let"">B</span> The cameras will record in lower resolution</li>
          <li><span class=""cy-bank-let"">C</span> The cameras cannot connect to Wi-Fi</li>
          <li><span class=""cy-bank-let"">D</span> The cameras automatically encrypt all footage</li>
        </ol>
        <details class=""cy-bank-ans"">
          <summary>Show the answer</summary>
          <p class=""cy-bank-key""><strong>Answer:</strong> A. The cameras can be accessed by anyone who knows the well-published default credentials</p>
          <p class=""cy-bank-exp"">Default credentials for IoT devices are widely published, so leaving them unchanged lets attackers log in trivially. It does not affect resolution or connectivity, and it does not provide encryption.</p>
        </details>
      </article>
      <article class=""cy-bank-q"" id=""q-C4-105"">
        <p class=""cy-bank-stem"">A team manages device security as described. Which practice creates the GREATEST vulnerability?</p>
        <pre class=""cy-bank-code""><code>I.   Installs security updates promptly
II.  Runs software years past its end-of-support date
III. Removes unused applications
IV.  Uses reputable antivirus software</code></pre>
        <ol class=""cy-bank-opts"">
          <li><span class=""cy-bank-let"">A</span> Practice II</li>
          <li><span class=""cy-bank-let"">B</span> Practice I</li>
          <li><span class=""cy-bank-let"">C</span> Practice III</li>
          <li><span class=""cy-bank-let"">D</span> Practice IV</li>
        </ol>
        <details class=""cy-bank-ans"">
          <summary>Show the answer</summary>
          <p class=""cy-bank-key""><strong>Answer:</strong> A. Practice II</p>
          <p class=""cy-bank-exp"">Running end-of-support software (II) means known vulnerabilities never get patched, leaving permanent openings. Prompt updates, removing unused apps, and antivirus all reduce risk.</p>
        </details>
      </article>
      <article class=""cy-bank-q"" id=""q-C4-106"">
        <p class=""cy-bank-stem"">A zero-day vulnerability is BEST described as a flaw that:</p>
        <ol class=""cy-bank-opts"">
          <li><span class=""cy-bank-let"">A</span> Has been known and patched for years</li>
          <li><span class=""cy-bank-let"">B</span> Can only affect devices that are turned off</li>
          <li><span class=""cy-bank-let"">C</span> Is unknown to the vendor or unpatched, so no fix is yet available</li>
          <li><span class=""cy-bank-let"">D</span> Exists only in printed manuals</li>
        </ol>
        <details class=""cy-bank-ans"">
          <summary>Show the answer</summary>
          <p class=""cy-bank-key""><strong>Answer:</strong> C. Is unknown to the vendor or unpatched, so no fix is yet available</p>
          <p class=""cy-bank-exp"">A zero-day is a vulnerability with no available patch because the vendor has not yet fixed (or learned of) it, giving defenders &#39;zero days&#39; to prepare. It is the opposite of a long-known, patched flaw.</p>
        </details>
      </article>
      <article class=""cy-bank-q"" id=""q-C4-107"">
        <p class=""cy-bank-stem"">Malware that embeds itself deep in a system to hide its presence and maintain privileged access is BEST described as a:</p>
        <ol class=""cy-bank-opts"">
          <li><span class=""cy-bank-let"">A</span> CAPTCHA</li>
          <li><span class=""cy-bank-let"">B</span> Rootkit</li>
          <li><span class=""cy-bank-let"">C</span> Cookie</li>
          <li><span class=""cy-bank-let"">D</span> Patch</li>
        </ol>
        <details class=""cy-bank-ans"">
          <summary>Show the answer</summary>
          <p class=""cy-bank-key""><strong>Answer:</strong> B. Rootkit</p>
          <p class=""cy-bank-exp"">A rootkit conceals itself and maintains elevated, persistent access while evading detection. A CAPTCHA distinguishes humans from bots, a cookie stores small web data, and a patch fixes software.</p>
        </details>
      </article>
      <article class=""cy-bank-q"" id=""q-C4-124"">
        <p class=""cy-bank-stem"">Match each device threat to a control that helps defend against it. Which pairings are reasonable?

I.   Stolen laptop with sensitive files - full-disk encryption
II.  Exploitation of a known vulnerability - timely patching
III. Default device password abuse - changing default credentials</p>
        <ol class=""cy-bank-opts"">
          <li><span class=""cy-bank-let"">A</span> I and II only</li>
          <li><span class=""cy-bank-let"">B</span> II and III only</li>
          <li><span class=""cy-bank-let"">C</span> I and III only</li>
          <li><span class=""cy-bank-let"">D</span> I, II, and III</li>
        </ol>
        <details class=""cy-bank-ans"">
          <summary>Show the answer</summary>
          <p class=""cy-bank-key""><strong>Answer:</strong> D. I, II, and III</p>
          <p class=""cy-bank-exp"">Disk encryption protects a stolen laptop&#39;s data (I), patching closes known vulnerabilities (II), and changing default credentials prevents default-password abuse (III). All three pairings are reasonable.</p>
        </details>
      </article>
      <article class=""cy-bank-q"" id=""q-C4-125"">
        <p class=""cy-bank-stem"">Which scenario BEST illustrates why a single unpatched device can endanger an entire network?</p>
        <ol class=""cy-bank-opts"">
          <li><span class=""cy-bank-let"">A</span> The unpatched device simply runs more slowly than the rest</li>
          <li><span class=""cy-bank-let"">B</span> A worm exploits the unpatched device, then spreads automatically to others sharing the network</li>
          <li><span class=""cy-bank-let"">C</span> The unpatched device uses more electricity</li>
          <li><span class=""cy-bank-let"">D</span> The unpatched device displays advertisements only to its own user</li>
        </ol>
        <details class=""cy-bank-ans"">
          <summary>Show the answer</summary>
          <p class=""cy-bank-key""><strong>Answer:</strong> B. A worm exploits the unpatched device, then spreads automatically to others sharing the network</p>
          <p class=""cy-bank-exp"">A worm can exploit one unpatched host and self-propagate to others, so a single weak device becomes an entry point for the whole network. Slower speed, power use, and local ads do not endanger other devices.</p>
        </details>
      </article>
      <h2 class=""cy-bank-th"">Topic 4.2 Authentication</h2>
      <article class=""cy-bank-q"" id=""q-C4-108"">
        <p class=""cy-bank-stem"">A login that requires a password PLUS a code from the user&#39;s phone combines which two authentication factors?</p>
        <ol class=""cy-bank-opts"">
          <li><span class=""cy-bank-let"">A</span> Something you are and somewhere you are</li>
          <li><span class=""cy-bank-let"">B</span> Something you know and something you have</li>
          <li><span class=""cy-bank-let"">C</span> Something you have and something you are</li>
          <li><span class=""cy-bank-let"">D</span> Two instances of something you know</li>
        </ol>
        <details class=""cy-bank-ans"">
          <summary>Show the answer</summary>
          <p class=""cy-bank-key""><strong>Answer:</strong> B. Something you know and something you have</p>
          <p class=""cy-bank-exp"">A password is something you know and a code on the user&#39;s phone is something you have, so this combines two distinct factor types - true multi-factor authentication. A biometric would be &#39;something you are.&#39;</p>
        </details>
      </article>
      <article class=""cy-bank-q"" id=""q-C4-109"">
        <p class=""cy-bank-stem"">A site claims to use multi-factor authentication. Which described login is NOT genuine multi-factor authentication?</p>
        <pre class=""cy-bank-code""><code>I.   Password plus a fingerprint scan
II.  Password plus a one-time code from an authenticator app
III. Password plus a second, different password
IV.  PIN plus a hardware security key</code></pre>
        <ol class=""cy-bank-opts"">
          <li><span class=""cy-bank-let"">A</span> Login I</li>
          <li><span class=""cy-bank-let"">B</span> Login II</li>
          <li><span class=""cy-bank-let"">C</span> Login III</li>
          <li><span class=""cy-bank-let"">D</span> Login IV</li>
        </ol>
        <details class=""cy-bank-ans"">
          <summary>Show the answer</summary>
          <p class=""cy-bank-key""><strong>Answer:</strong> C. Login III</p>
          <p class=""cy-bank-exp"">A password plus another password (III) uses two instances of the same factor (something you know), so it is not true multi-factor. The others each combine two different factor types.</p>
        </details>
      </article>
      <article class=""cy-bank-q"" id=""q-C4-110"">
        <p class=""cy-bank-stem"">Why does using a password manager improve account security?</p>
        <ol class=""cy-bank-opts"">
          <li><span class=""cy-bank-let"">A</span> It lets users keep one easy password for every site</li>
          <li><span class=""cy-bank-let"">B</span> It makes multi-factor authentication unnecessary</li>
          <li><span class=""cy-bank-let"">C</span> It enables a unique, strong password per site without memorizing them all</li>
          <li><span class=""cy-bank-let"">D</span> It publicly shares passwords for backup</li>
        </ol>
        <details class=""cy-bank-ans"">
          <summary>Show the answer</summary>
          <p class=""cy-bank-key""><strong>Answer:</strong> C. It enables a unique, strong password per site without memorizing them all</p>
          <p class=""cy-bank-exp"">A password manager generates and stores a unique strong password for each site, defeating credential-stuffing risk from reuse, without the user memorizing them. It does not encourage reuse, replace MFA, or share passwords publicly.</p>
        </details>
      </article>
      <article class=""cy-bank-q"" id=""q-C4-111"">
        <p class=""cy-bank-stem"">Which password practices strengthen account security?

I.   Using a long, unique passphrase per account
II.  Enabling multi-factor authentication
III. Reusing one memorable password across all accounts</p>
        <ol class=""cy-bank-opts"">
          <li><span class=""cy-bank-let"">A</span> II and III only</li>
          <li><span class=""cy-bank-let"">B</span> I and III only</li>
          <li><span class=""cy-bank-let"">C</span> I, II, and III</li>
          <li><span class=""cy-bank-let"">D</span> I and II only</li>
        </ol>
        <details class=""cy-bank-ans"">
          <summary>Show the answer</summary>
          <p class=""cy-bank-key""><strong>Answer:</strong> D. I and II only</p>
          <p class=""cy-bank-exp"">Long unique passphrases (I) and MFA (II) both strengthen security. Reusing one password everywhere (III) is a weakness that lets one breach compromise every account.</p>
        </details>
      </article>
      <article class=""cy-bank-q"" id=""q-C4-112"">
        <p class=""cy-bank-stem"">Which is a genuine drawback of biometric authentication compared with a password?</p>
        <ol class=""cy-bank-opts"">
          <li><span class=""cy-bank-let"">A</span> Biometrics can be changed instantly if compromised</li>
          <li><span class=""cy-bank-let"">B</span> Biometrics require the user to memorize a long string</li>
          <li><span class=""cy-bank-let"">C</span> Biometrics are never convenient for users</li>
          <li><span class=""cy-bank-let"">D</span> A compromised biometric cannot simply be reset like a password</li>
        </ol>
        <details class=""cy-bank-ans"">
          <summary>Show the answer</summary>
          <p class=""cy-bank-key""><strong>Answer:</strong> D. A compromised biometric cannot simply be reset like a password</p>
          <p class=""cy-bank-exp"">Unlike a password, a fingerprint or face cannot be reissued if its data is stolen, which is a real drawback. Biometrics are generally convenient and require no memorization, so the other options are false.</p>
        </details>
      </article>
      <article class=""cy-bank-q"" id=""q-C4-126"">
        <p class=""cy-bank-stem"">Single sign-on (SSO) lets users access many applications with one login. What is a security TRADE-OFF of SSO?</p>
        <ol class=""cy-bank-opts"">
          <li><span class=""cy-bank-let"">A</span> Users must memorize a separate password for every application</li>
          <li><span class=""cy-bank-let"">B</span> If the single set of credentials is compromised, many applications are exposed at once</li>
          <li><span class=""cy-bank-let"">C</span> It makes every application slower to load</li>
          <li><span class=""cy-bank-let"">D</span> It removes the ability to log out</li>
        </ol>
        <details class=""cy-bank-ans"">
          <summary>Show the answer</summary>
          <p class=""cy-bank-key""><strong>Answer:</strong> B. If the single set of credentials is compromised, many applications are exposed at once</p>
          <p class=""cy-bank-exp"">SSO concentrates risk: compromising the one credential can expose every connected application, which is why SSO is usually paired with strong MFA. SSO reduces the number of passwords to remember rather than increasing it.</p>
        </details>
      </article>
      <h2 class=""cy-bank-th"">Topic 4.3 Protecting Devices</h2>
      <article class=""cy-bank-q"" id=""q-C4-113"">
        <p class=""cy-bank-stem"">Disabling unused services, removing unnecessary software, and closing unneeded ports on a device is collectively known as:</p>
        <ol class=""cy-bank-opts"">
          <li><span class=""cy-bank-let"">A</span> Social engineering</li>
          <li><span class=""cy-bank-let"">B</span> Packet sniffing</li>
          <li><span class=""cy-bank-let"">C</span> Device hardening</li>
          <li><span class=""cy-bank-let"">D</span> Phishing</li>
        </ol>
        <details class=""cy-bank-ans"">
          <summary>Show the answer</summary>
          <p class=""cy-bank-key""><strong>Answer:</strong> C. Device hardening</p>
          <p class=""cy-bank-exp"">Reducing a device&#39;s attack surface by removing or disabling what is not needed is device hardening. The other options are attack techniques, not protective measures.</p>
        </details>
      </article>
      <article class=""cy-bank-q"" id=""q-C4-114"">
        <p class=""cy-bank-stem"">To minimize damage if ransomware encrypts a workstation&#39;s files, the MOST effective preparation is to:</p>
        <ol class=""cy-bank-opts"">
          <li><span class=""cy-bank-let"">A</span> Maintain regular, tested offline or isolated backups of important data</li>
          <li><span class=""cy-bank-let"">B</span> Store the only copy of files on the same workstation</li>
          <li><span class=""cy-bank-let"">C</span> Disable all software updates</li>
          <li><span class=""cy-bank-let"">D</span> Use the same password everywhere for quick recovery</li>
        </ol>
        <details class=""cy-bank-ans"">
          <summary>Show the answer</summary>
          <p class=""cy-bank-key""><strong>Answer:</strong> A. Maintain regular, tested offline or isolated backups of important data</p>
          <p class=""cy-bank-exp"">Regular, tested backups kept offline or isolated let an organization restore data without paying a ransom. Keeping the only copy on the infected device, disabling updates, and reusing passwords all worsen the situation.</p>
        </details>
      </article>
      <article class=""cy-bank-q"" id=""q-C4-115"">
        <p class=""cy-bank-stem"">Which measures help protect an individual laptop?

I.   Keeping the operating system and applications patched
II.  Encrypting the disk so a stolen drive is unreadable
III. Leaving the device unlocked for convenience</p>
        <ol class=""cy-bank-opts"">
          <li><span class=""cy-bank-let"">A</span> II and III only</li>
          <li><span class=""cy-bank-let"">B</span> I and III only</li>
          <li><span class=""cy-bank-let"">C</span> I, II, and III</li>
          <li><span class=""cy-bank-let"">D</span> I and II only</li>
        </ol>
        <details class=""cy-bank-ans"">
          <summary>Show the answer</summary>
          <p class=""cy-bank-key""><strong>Answer:</strong> D. I and II only</p>
          <p class=""cy-bank-exp"">Patching (I) closes known vulnerabilities and disk encryption (II) protects data if the device is stolen. Leaving the device unlocked (III) removes a basic protection and increases risk.</p>
        </details>
      </article>
      <article class=""cy-bank-q"" id=""q-C4-116"">
        <p class=""cy-bank-stem"">An IT team applies the hardening steps below to new devices. Which step WEAKENS security rather than strengthening it?</p>
        <pre class=""cy-bank-code""><code>I.   Changes default administrator passwords
II.  Enables automatic security updates
III. Grants every user local administrator rights
IV.  Removes preinstalled software that is not needed</code></pre>
        <ol class=""cy-bank-opts"">
          <li><span class=""cy-bank-let"">A</span> Step I</li>
          <li><span class=""cy-bank-let"">B</span> Step II</li>
          <li><span class=""cy-bank-let"">C</span> Step IV</li>
          <li><span class=""cy-bank-let"">D</span> Step III</li>
        </ol>
        <details class=""cy-bank-ans"">
          <summary>Show the answer</summary>
          <p class=""cy-bank-key""><strong>Answer:</strong> D. Step III</p>
          <p class=""cy-bank-exp"">Giving every user local administrator rights (III) violates least privilege and lets any compromise gain full control of the device. Changing default passwords, enabling updates, and removing bloatware all harden the device.</p>
        </details>
      </article>
      <article class=""cy-bank-q"" id=""q-C4-117"">
        <p class=""cy-bank-stem"">Encrypting a laptop&#39;s hard drive PRIMARILY protects against which outcome?</p>
        <ol class=""cy-bank-opts"">
          <li><span class=""cy-bank-let"">A</span> The laptop running out of battery</li>
          <li><span class=""cy-bank-let"">B</span> A phishing email reaching the user</li>
          <li><span class=""cy-bank-let"">C</span> A stolen laptop&#39;s data being read by the thief</li>
          <li><span class=""cy-bank-let"">D</span> The network being flooded by a DDoS</li>
        </ol>
        <details class=""cy-bank-ans"">
          <summary>Show the answer</summary>
          <p class=""cy-bank-key""><strong>Answer:</strong> C. A stolen laptop&#39;s data being read by the thief</p>
          <p class=""cy-bank-exp"">Full-disk encryption renders stored data unreadable to anyone without the key, protecting confidentiality if the device is lost or stolen. It does not affect battery life, email phishing, or network availability.</p>
        </details>
      </article>
      <h2 class=""cy-bank-th"">Topic 4.4 Detecting Attacks on Devices</h2>
      <article class=""cy-bank-q"" id=""q-C4-118"">
        <p class=""cy-bank-stem"">Which of the following is the STRONGEST sign that a workstation may be infected with malware?</p>
        <ol class=""cy-bank-opts"">
          <li><span class=""cy-bank-let"">A</span> The screen brightness is set to maximum</li>
          <li><span class=""cy-bank-let"">B</span> The user has many browser bookmarks</li>
          <li><span class=""cy-bank-let"">C</span> The desktop wallpaper was recently changed by the user</li>
          <li><span class=""cy-bank-let"">D</span> Unknown programs launch on startup and the device sends large amounts of unexplained network traffic</li>
        </ol>
        <details class=""cy-bank-ans"">
          <summary>Show the answer</summary>
          <p class=""cy-bank-key""><strong>Answer:</strong> D. Unknown programs launch on startup and the device sends large amounts of unexplained network traffic</p>
          <p class=""cy-bank-exp"">Unknown auto-starting programs plus unexplained outbound traffic strongly indicate malware (e.g., a bot communicating with a command server). Brightness, bookmarks, and a user-chosen wallpaper are benign.</p>
        </details>
      </article>
      <article class=""cy-bank-q"" id=""q-C4-119"">
        <p class=""cy-bank-stem"">Endpoint detection that watches a device for suspicious BEHAVIOR (such as a program suddenly encrypting many files) rather than only matching known malware signatures is valuable because it can:</p>
        <ol class=""cy-bank-opts"">
          <li><span class=""cy-bank-let"">A</span> Encrypt the network connection</li>
          <li><span class=""cy-bank-let"">B</span> Replace the need for backups</li>
          <li><span class=""cy-bank-let"">C</span> Physically lock the device</li>
          <li><span class=""cy-bank-let"">D</span> Detect novel threats that have no known signature yet</li>
        </ol>
        <details class=""cy-bank-ans"">
          <summary>Show the answer</summary>
          <p class=""cy-bank-key""><strong>Answer:</strong> D. Detect novel threats that have no known signature yet</p>
          <p class=""cy-bank-exp"">Behavioral detection can catch new or modified malware that signature scanning would miss, by reacting to malicious actions. It does not encrypt connections, replace backups, or provide physical security.</p>
        </details>
      </article>
      <article class=""cy-bank-q"" id=""q-C4-120"">
        <p class=""cy-bank-stem"">Which observations could indicate a device has been compromised?

I.   Antivirus has been silently disabled
II.  New unknown administrator accounts appear
III. The device receives a routine vendor security patch</p>
        <ol class=""cy-bank-opts"">
          <li><span class=""cy-bank-let"">A</span> II and III only</li>
          <li><span class=""cy-bank-let"">B</span> I and III only</li>
          <li><span class=""cy-bank-let"">C</span> I and II only</li>
          <li><span class=""cy-bank-let"">D</span> I, II, and III</li>
        </ol>
        <details class=""cy-bank-ans"">
          <summary>Show the answer</summary>
          <p class=""cy-bank-key""><strong>Answer:</strong> C. I and II only</p>
          <p class=""cy-bank-exp"">Antivirus being silently disabled (I) and unexpected new admin accounts (II) are classic indicators of compromise. Receiving a routine vendor patch (III) is normal, expected maintenance.</p>
        </details>
      </article>
      <article class=""cy-bank-q"" id=""q-C4-121"">
        <p class=""cy-bank-stem"">A user notices their device is unusually slow, a security tool reports a disabled service, and files are being renamed with a strange extension. What is the BEST immediate action?</p>
        <ol class=""cy-bank-opts"">
          <li><span class=""cy-bank-let"">A</span> Disconnect the device from the network and report it to security/IT</li>
          <li><span class=""cy-bank-let"">B</span> Pay any ransom demand right away</li>
          <li><span class=""cy-bank-let"">C</span> Keep working and hope it resolves itself</li>
          <li><span class=""cy-bank-let"">D</span> Connect more devices to share the load</li>
        </ol>
        <details class=""cy-bank-ans"">
          <summary>Show the answer</summary>
          <p class=""cy-bank-key""><strong>Answer:</strong> A. Disconnect the device from the network and report it to security/IT</p>
          <p class=""cy-bank-exp"">These are signs of active malware (likely ransomware); isolating the device from the network limits spread and preserves evidence while experts respond. Paying immediately, ignoring it, or connecting more devices all increase harm.</p>
        </details>
      </article>
      <article class=""cy-bank-q"" id=""q-C4-122"">
        <p class=""cy-bank-stem"">Why are device and application logs valuable AFTER a security incident?</p>
        <ol class=""cy-bank-opts"">
          <li><span class=""cy-bank-let"">A</span> They automatically reverse all damage</li>
          <li><span class=""cy-bank-let"">B</span> They can show what happened, when, and how the attacker acted, aiding investigation</li>
          <li><span class=""cy-bank-let"">C</span> They encrypt the device retroactively</li>
          <li><span class=""cy-bank-let"">D</span> They prevent the attack from ever starting</li>
        </ol>
        <details class=""cy-bank-ans"">
          <summary>Show the answer</summary>
          <p class=""cy-bank-key""><strong>Answer:</strong> B. They can show what happened, when, and how the attacker acted, aiding investigation</p>
          <p class=""cy-bank-exp"">Logs provide a record that supports investigation and response after an incident. They do not undo damage, encrypt retroactively, or prevent the original attack.</p>
        </details>
      </article>
      <article class=""cy-bank-q"" id=""q-C4-123"">
        <p class=""cy-bank-stem"">A small office relies on the device-security setup below. Which weakness MOST limits its ability to detect a compromise?</p>
        <pre class=""cy-bank-code""><code>I.   Antivirus is installed on all devices
II.  No logs are kept and no alerts are reviewed
III. Devices receive automatic updates
IV.  Backups run nightly</code></pre>
        <ol class=""cy-bank-opts"">
          <li><span class=""cy-bank-let"">A</span> Weakness I</li>
          <li><span class=""cy-bank-let"">B</span> Weakness III</li>
          <li><span class=""cy-bank-let"">C</span> Weakness II</li>
          <li><span class=""cy-bank-let"">D</span> Weakness IV</li>
        </ol>
        <details class=""cy-bank-ans"">
          <summary>Show the answer</summary>
          <p class=""cy-bank-key""><strong>Answer:</strong> C. Weakness II</p>
          <p class=""cy-bank-exp"">Keeping no logs and reviewing no alerts (II) leaves the office blind to compromises in progress. Installed antivirus, automatic updates, and nightly backups all support, not undermine, security.</p>
        </details>
      </article>
  </section>
  <p class=""cy-bank-lede"">More practice: <a href=""/pages/ap-cybersecurity-practice-questions-unit-1"">Unit 1</a>, <a href=""/pages/ap-cybersecurity-practice-questions-unit-2"">Unit 2</a>, <a href=""/pages/ap-cybersecurity-practice-questions-unit-3"">Unit 3</a>, <a href=""/pages/ap-cybersecurity-practice-questions-unit-5"">Unit 5</a>, or the <a href=""/pages/ap-cybersecurity-question-of-the-day"">question of the day</a>.</p>
</div>

<script type=""application/ld+json"">
{
  ""@context"": ""https://schema.org/"",
  ""@type"": ""Quiz"",
  ""name"": ""AP Cybersecurity Unit 4 Practice Questions: Securing Devices"",
  ""about"": {
    ""@type"": ""Thing"",
    ""name"": ""AP Cybersecurity""
  },
  ""educationalAlignment"": [
    {
      ""@type"": ""AlignmentObject"",
      ""alignmentType"": ""educationalSubject"",
      ""targetName"": ""Cybersecurity""
    },
    {
      ""@type"": ""AlignmentObject"",
      ""alignmentType"": ""educationalLevel"",
      ""targetName"": ""High school""
    }
  ],
  ""hasPart"": [
    {
      ""@context"": ""https://schema.org/"",
      ""@type"": ""Question"",
      ""eduQuestionType"": ""Flashcard"",
      ""text"": ""What distinguishes a worm from a traditional virus?"",
      ""acceptedAnswer"": {
        ""@type"": ""Answer"",
        ""text"": ""A worm can self-propagate across networks without needing a host file or user action. A worm self-replicates and spreads across networks on its own, without attaching to a host file or requiring user action. A virus typically needs a host file and some user action to spread.""
      }
    },
    {
      ""@context"": ""https://schema.org/"",
      ""@type"": ""Question"",
      ""eduQuestionType"": ""Flashcard"",
      ""text"": ""A user downloads what appears to be a free game, but it secretly installs a program that gives an attacker remote access. The disguised malware is BEST classified as a:"",
      ""acceptedAnswer"": {
        ""@type"": ""Answer"",
        ""text"": ""Trojan. Malware disguised as legitimate software to trick a user into installing it is a Trojan. A worm self-propagates, DoS tools flood targets, and a firewall is a defensive control.""
      }
    },
    {
      ""@context"": ""https://schema.org/"",
      ""@type"": ""Question"",
      ""eduQuestionType"": ""Flashcard"",
      ""text"": ""Match each behavior to its malware type. Which pairings are correct?\n\nI.   Encrypts files and demands payment - ransomware\nII.  Secretly records keystrokes and activity - spyware\nIII. Disguises itself as a useful program - Trojan"",
      ""acceptedAnswer"": {
        ""@type"": ""Answer"",
        ""text"": ""I, II, and III. Ransomware encrypts and extorts, spyware covertly monitors activity, and a Trojan masquerades as legitimate software. All three pairings are correct.""
      }
    },
    {
      ""@context"": ""https://schema.org/"",
      ""@type"": ""Question"",
      ""eduQuestionType"": ""Flashcard"",
      ""text"": ""A company installs internet-connected security cameras but never changes the manufacturer's default admin password. Which vulnerability does this create?"",
      ""acceptedAnswer"": {
        ""@type"": ""Answer"",
        ""text"": ""The cameras can be accessed by anyone who knows the well-published default credentials. Default credentials for IoT devices are widely published, so leaving them unchanged lets attackers log in trivially. It does not affect resolution or connectivity, and it does not provide encryption.""
      }
    },
    {
      ""@context"": ""https://schema.org/"",
      ""@type"": ""Question"",
      ""eduQuestionType"": ""Flashcard"",
      ""text"": ""A team manages device security as described. Which practice creates the GREATEST vulnerability?"",
      ""acceptedAnswer"": {
        ""@type"": ""Answer"",
        ""text"": ""Practice II. Running end-of-support software (II) means known vulnerabilities never get patched, leaving permanent openings. Prompt updates, removing unused apps, and antivirus all reduce risk.""
      }
    },
    {
      ""@context"": ""https://schema.org/"",
      ""@type"": ""Question"",
      ""eduQuestionType"": ""Flashcard"",
      ""text"": ""A zero-day vulnerability is BEST described as a flaw that:"",
      ""acceptedAnswer"": {
        ""@type"": ""Answer"",
        ""text"": ""Is unknown to the vendor or unpatched, so no fix is yet available. A zero-day is a vulnerability with no available patch because the vendor has not yet fixed (or learned of) it, giving defenders 'zero days' to prepare. It is the opposite of a long-known, patched flaw.""
      }
    },
    {
      ""@context"": ""https://schema.org/"",
      ""@type"": ""Question"",
      ""eduQuestionType"": ""Flashcard"",
      ""text"": ""Malware that embeds itself deep in a system to hide its presence and maintain privileged access is BEST described as a:"",
      ""acceptedAnswer"": {
        ""@type"": ""Answer"",
        ""text"": ""Rootkit. A rootkit conceals itself and maintains elevated, persistent access while evading detection. A CAPTCHA distinguishes humans from bots, a cookie stores small web data, and a patch fixes software.""
      }
    },
    {
      ""@context"": ""https://schema.org/"",
      ""@type"": ""Question"",
      ""eduQuestionType"": ""Flashcard"",
      ""text"": ""A login that requires a password PLUS a code from the user's phone combines which two authentication factors?"",
      ""acceptedAnswer"": {
        ""@type"": ""Answer"",
        ""text"": ""Something you know and something you have. A password is something you know and a code on the user's phone is something you have, so this combines two distinct factor types - true multi-factor authentication. A biometric would be 'something you are.'""
      }
    },
    {
      ""@context"": ""https://schema.org/"",
      ""@type"": ""Question"",
      ""eduQuestionType"": ""Flashcard"",
      ""text"": ""A site claims to use multi-factor authentication. Which described login is NOT genuine multi-factor authentication?"",
      ""acceptedAnswer"": {
        ""@type"": ""Answer"",
        ""text"": ""Login III. A password plus another password (III) uses two instances of the same factor (something you know), so it is not true multi-factor. The others each combine two different factor types.""
      }
    },
    {
      ""@context"": ""https://schema.org/"",
      ""@type"": ""Question"",
      ""eduQuestionType"": ""Flashcard"",
      ""text"": ""Why does using a password manager improve account security?"",
      ""acceptedAnswer"": {
        ""@type"": ""Answer"",
        ""text"": ""It enables a unique, strong password per site without memorizing them all. A password manager generates and stores a unique strong password for each site, defeating credential-stuffing risk from reuse, without the user memorizing them. It does not encourage reuse, replace MFA, or share passwords publicly.""
      }
    },
    {
      ""@context"": ""https://schema.org/"",
      ""@type"": ""Question"",
      ""eduQuestionType"": ""Flashcard"",
      ""text"": ""Which password practices strengthen account security?\n\nI.   Using a long, unique passphrase per account\nII.  Enabling multi-factor authentication\nIII. Reusing one memorable password across all accounts"",
      ""acceptedAnswer"": {
        ""@type"": ""Answer"",
        ""text"": ""I and II only. Long unique passphrases (I) and MFA (II) both strengthen security. Reusing one password everywhere (III) is a weakness that lets one breach compromise every account.""
      }
    },
    {
      ""@context"": ""https://schema.org/"",
      ""@type"": ""Question"",
      ""eduQuestionType"": ""Flashcard"",
      ""text"": ""Which is a genuine drawback of biometric authentication compared with a password?"",
      ""acceptedAnswer"": {
        ""@type"": ""Answer"",
        ""text"": ""A compromised biometric cannot simply be reset like a password. Unlike a password, a fingerprint or face cannot be reissued if its data is stolen, which is a real drawback. Biometrics are generally convenient and require no memorization, so the other options are false.""
      }
    },
    {
      ""@context"": ""https://schema.org/"",
      ""@type"": ""Question"",
      ""eduQuestionType"": ""Flashcard"",
      ""text"": ""Disabling unused services, removing unnecessary software, and closing unneeded ports on a device is collectively known as:"",
      ""acceptedAnswer"": {
        ""@type"": ""Answer"",
        ""text"": ""Device hardening. Reducing a device's attack surface by removing or disabling what is not needed is device hardening. The other options are attack techniques, not protective measures.""
      }
    },
    {
      ""@context"": ""https://schema.org/"",
      ""@type"": ""Question"",
      ""eduQuestionType"": ""Flashcard"",
      ""text"": ""To minimize damage if ransomware encrypts a workstation's files, the MOST effective preparation is to:"",
      ""acceptedAnswer"": {
        ""@type"": ""Answer"",
        ""text"": ""Maintain regular, tested offline or isolated backups of important data. Regular, tested backups kept offline or isolated let an organization restore data without paying a ransom. Keeping the only copy on the infected device, disabling updates, and reusing passwords all worsen the situation.""
      }
    },
    {
      ""@context"": ""https://schema.org/"",
      ""@type"": ""Question"",
      ""eduQuestionType"": ""Flashcard"",
      ""text"": ""Which measures help protect an individual laptop?\n\nI.   Keeping the operating system and applications patched\nII.  Encrypting the disk so a stolen drive is unreadable\nIII. Leaving the device unlocked for convenience"",
      ""acceptedAnswer"": {
        ""@type"": ""Answer"",
        ""text"": ""I and II only. Patching (I) closes known vulnerabilities and disk encryption (II) protects data if the device is stolen. Leaving the device unlocked (III) removes a basic protection and increases risk.""
      }
    },
    {
      ""@context"": ""https://schema.org/"",
      ""@type"": ""Question"",
      ""eduQuestionType"": ""Flashcard"",
      ""text"": ""An IT team applies the hardening steps below to new devices. Which step WEAKENS security rather than strengthening it?"",
      ""acceptedAnswer"": {
        ""@type"": ""Answer"",
        ""text"": ""Step III. Giving every user local administrator rights (III) violates least privilege and lets any compromise gain full control of the device. Changing default passwords, enabling updates, and removing bloatware all harden the device.""
      }
    },
    {
      ""@context"": ""https://schema.org/"",
      ""@type"": ""Question"",
      ""eduQuestionType"": ""Flashcard"",
      ""text"": ""Encrypting a laptop's hard drive PRIMARILY protects against which outcome?"",
      ""acceptedAnswer"": {
        ""@type"": ""Answer"",
        ""text"": ""A stolen laptop's data being read by the thief. Full-disk encryption renders stored data unreadable to anyone without the key, protecting confidentiality if the device is lost or stolen. It does not affect battery life, email phishing, or network availability.""
      }
    },
    {
      ""@context"": ""https://schema.org/"",
      ""@type"": ""Question"",
      ""eduQuestionType"": ""Flashcard"",
      ""text"": ""Which of the following is the STRONGEST sign that a workstation may be infected with malware?"",
      ""acceptedAnswer"": {
        ""@type"": ""Answer"",
        ""text"": ""Unknown programs launch on startup and the device sends large amounts of unexplained network traffic. Unknown auto-starting programs plus unexplained outbound traffic strongly indicate malware (e.g., a bot communicating with a command server). Brightness, bookmarks, and a user-chosen wallpaper are benign.""
      }
    },
    {
      ""@context"": ""https://schema.org/"",
      ""@type"": ""Question"",
      ""eduQuestionType"": ""Flashcard"",
      ""text"": ""Endpoint detection that watches a device for suspicious BEHAVIOR (such as a program suddenly encrypting many files) rather than only matching known malware signatures is valuable because it can:"",
      ""acceptedAnswer"": {
        ""@type"": ""Answer"",
        ""text"": ""Detect novel threats that have no known signature yet. Behavioral detection can catch new or modified malware that signature scanning would miss, by reacting to malicious actions. It does not encrypt connections, replace backups, or provide physical security.""
      }
    },
    {
      ""@context"": ""https://schema.org/"",
      ""@type"": ""Question"",
      ""eduQuestionType"": ""Flashcard"",
      ""text"": ""Which observations could indicate a device has been compromised?\n\nI.   Antivirus has been silently disabled\nII.  New unknown administrator accounts appear\nIII. The device receives a routine vendor security patch"",
      ""acceptedAnswer"": {
        ""@type"": ""Answer"",
        ""text"": ""I and II only. Antivirus being silently disabled (I) and unexpected new admin accounts (II) are classic indicators of compromise. Receiving a routine vendor patch (III) is normal, expected maintenance.""
      }
    },
    {
      ""@context"": ""https://schema.org/"",
      ""@type"": ""Question"",
      ""eduQuestionType"": ""Flashcard"",
      ""text"": ""A user notices their device is unusually slow, a security tool reports a disabled service, and files are being renamed with a strange extension. What is the BEST immediate action?"",
      ""acceptedAnswer"": {
        ""@type"": ""Answer"",
        ""text"": ""Disconnect the device from the network and report it to security/IT. These are signs of active malware (likely ransomware); isolating the device from the network limits spread and preserves evidence while experts respond. Paying immediately, ignoring it, or connecting more devices all increase harm.""
      }
    },
    {
      ""@context"": ""https://schema.org/"",
      ""@type"": ""Question"",
      ""eduQuestionType"": ""Flashcard"",
      ""text"": ""Why are device and application logs valuable AFTER a security incident?"",
      ""acceptedAnswer"": {
        ""@type"": ""Answer"",
        ""text"": ""They can show what happened, when, and how the attacker acted, aiding investigation. Logs provide a record that supports investigation and response after an incident. They do not undo damage, encrypt retroactively, or prevent the original attack.""
      }
    },
    {
      ""@context"": ""https://schema.org/"",
      ""@type"": ""Question"",
      ""eduQuestionType"": ""Flashcard"",
      ""text"": ""A small office relies on the device-security setup below. Which weakness MOST limits its ability to detect a compromise?"",
      ""acceptedAnswer"": {
        ""@type"": ""Answer"",
        ""text"": ""Weakness II. Keeping no logs and reviewing no alerts (II) leaves the office blind to compromises in progress. Installed antivirus, automatic updates, and nightly backups all support, not undermine, security.""
      }
    },
    {
      ""@context"": ""https://schema.org/"",
      ""@type"": ""Question"",
      ""eduQuestionType"": ""Flashcard"",
      ""text"": ""Match each device threat to a control that helps defend against it. Which pairings are reasonable?\n\nI.   Stolen laptop with sensitive files - full-disk encryption\nII.  Exploitation of a known vulnerability - timely patching\nIII. Default device password abuse - changing default credentials"",
      ""acceptedAnswer"": {
        ""@type"": ""Answer"",
        ""text"": ""I, II, and III. Disk encryption protects a stolen laptop's data (I), patching closes known vulnerabilities (II), and changing default credentials prevents default-password abuse (III). All three pairings are reasonable.""
      }
    },
    {
      ""@context"": ""https://schema.org/"",
      ""@type"": ""Question"",
      ""eduQuestionType"": ""Flashcard"",
      ""text"": ""Which scenario BEST illustrates why a single unpatched device can endanger an entire network?"",
      ""acceptedAnswer"": {
        ""@type"": ""Answer"",
        ""text"": ""A worm exploits the unpatched device, then spreads automatically to others sharing the network. A worm can exploit one unpatched host and self-propagate to others, so a single weak device becomes an entry point for the whole network. Slower speed, power use, and local ads do not endanger other devices.""
      }
    },
    {
      ""@context"": ""https://schema.org/"",
      ""@type"": ""Question"",
      ""eduQuestionType"": ""Flashcard"",
      ""text"": ""Single sign-on (SSO) lets users access many applications with one login. What is a security TRADE-OFF of SSO?"",
      ""acceptedAnswer"": {
        ""@type"": ""Answer"",
        ""text"": ""If the single set of credentials is compromised, many applications are exposed at once. SSO concentrates risk: compromising the one credential can expose every connected application, which is why SSO is usually paired with strong MFA. SSO reduces the number of passwords to remember rather than increasing it.""
      }
    }
  ]
}
</script>","TRUE","2026-03-01","AP Cybersecurity Unit 4 Practice Questions with Answers","26 free AP Cybersecurity practice questions for Unit 4, Securing Devices, grouped by CED topic. Every question shows the answer and why the other options fail. No login."
"ap-cybersecurity-practice-questions-unit-5","MERGE","AP Cybersecurity Unit 5 Practice Questions: Securing Applications and Data","<style>
  #cyb-qotd { --cy-line: #dbe4ee; --cy-r: 14px; --cy-r-sm: 10px;
    --cy-sh-sm: 0 1px 3px rgba(15,42,67,.08); }

  /* --- crawlable question bank ------------------------------------------- */
  #cyb-qotd .cy-bank { margin: 28px 0 0; padding: 22px 18px; background: #ffffff !important;
    border: 1px solid var(--cy-line); border-radius: var(--cy-r); box-shadow: var(--cy-sh-sm); }
  #cyb-qotd .cy-bank h2 { font-size: 22px; line-height: 1.25; margin: 0 0 6px;
    color: #0f2a43 !important; -webkit-text-fill-color: #0f2a43 !important; font-weight: 700; }
  #cyb-qotd .cy-bank-lede { margin: 0 0 18px; font-size: 15px; line-height: 1.55;
    color: #40566d !important; -webkit-text-fill-color: #40566d !important; }
  #cyb-qotd .cy-bank-unit { margin: 0 0 26px; }
  #cyb-qotd .cy-bank-uh { font-size: 17px; margin: 22px 0 4px; padding: 0 0 6px;
    border-bottom: 2px solid #2f6df6; color: #0f2a43 !important;
    -webkit-text-fill-color: #0f2a43 !important; font-weight: 700; }
  #cyb-qotd .cy-bank-count { float: right; font-size: 12px; font-weight: 600;
    color: #64798f !important; -webkit-text-fill-color: #64798f !important; }
  #cyb-qotd .cy-bank-th { font-size: 14px; margin: 16px 0 8px; text-transform: uppercase;
    letter-spacing: .04em; color: #15395c !important;
    -webkit-text-fill-color: #15395c !important; font-weight: 700; }
  #cyb-qotd .cy-bank-q { margin: 0 0 14px; padding: 12px 14px; background: #f7f9fc !important;
    border: 1px solid var(--cy-line); border-radius: var(--cy-r-sm); }
  #cyb-qotd .cy-bank-stem { margin: 0 0 8px; font-size: 15px; line-height: 1.55;
    color: #16273a !important; -webkit-text-fill-color: #16273a !important; }
  #cyb-qotd .cy-bank-code { margin: 0 0 10px; padding: 10px 12px; overflow-x: auto;
    background: #0f2a43 !important; border-radius: var(--cy-r-sm); font-size: 13px;
    line-height: 1.5; color: #e8eef6 !important; -webkit-text-fill-color: #e8eef6 !important; }
  #cyb-qotd .cy-bank-opts { margin: 0 0 8px; padding: 0; list-style: none; }
  #cyb-qotd .cy-bank-opts li { margin: 0 0 4px; font-size: 14px; line-height: 1.5;
    color: #2b3d52 !important; -webkit-text-fill-color: #2b3d52 !important; }
  #cyb-qotd .cy-bank-let { display: inline-block; min-width: 20px; font-weight: 700;
    color: #2f6df6 !important; -webkit-text-fill-color: #2f6df6 !important; }
  #cyb-qotd .cy-bank-ans { margin: 6px 0 0; }
  #cyb-qotd .cy-bank-ans summary { cursor: pointer; font-size: 13px; font-weight: 600;
    color: #2f6df6 !important; -webkit-text-fill-color: #2f6df6 !important; }
  #cyb-qotd .cy-bank-key { margin: 8px 0 6px; font-size: 14px; line-height: 1.5;
    color: #1f9d57 !important; -webkit-text-fill-color: #1f9d57 !important; font-weight: 600; }
  #cyb-qotd .cy-bank-exp { margin: 0; font-size: 14px; line-height: 1.6;
    color: #40566d !important; -webkit-text-fill-color: #40566d !important; }
  @media (max-width: 600px) {
    #cyb-qotd .cy-bank { padding: 16px 12px; }
    #cyb-qotd .cy-bank-count { float: none; display: block; }
  }

</style>
<div id=""cyb-qotd"">
  <h1>AP Cybersecurity Unit 5 Practice Questions: Securing Applications and Data</h1>
  <p class=""cy-bank-lede"">41 practice questions for Unit 5, Securing Applications and Data, grouped by CED topic. Read the question, commit to an answer, then open the answer to check yourself and see why the other options fail. Free, no login. <a href=""/pages/ap-cybersecurity-question-of-the-day"">One question a day</a> comes from this same bank, and the other units are linked at the foot of the page.</p>
  <section class=""cy-bank"">
      <h2 class=""cy-bank-th"">Topic 5.1 Application and Data Vulnerabilities and Attacks</h2>
      <article class=""cy-bank-q"" id=""q-C5-101"">
        <p class=""cy-bank-stem"">A login form passes user input directly into a database query, allowing an attacker to type input that changes the query and bypasses the password check. This attack is BEST described as:</p>
        <ol class=""cy-bank-opts"">
          <li><span class=""cy-bank-let"">A</span> A denial-of-service attack</li>
          <li><span class=""cy-bank-let"">B</span> Tailgating</li>
          <li><span class=""cy-bank-let"">C</span> A replay attack</li>
          <li><span class=""cy-bank-let"">D</span> SQL injection</li>
        </ol>
        <details class=""cy-bank-ans"">
          <summary>Show the answer</summary>
          <p class=""cy-bank-key""><strong>Answer:</strong> D. SQL injection</p>
          <p class=""cy-bank-exp"">Injecting input that alters a database query is SQL injection, caused by trusting unsanitized user input. DoS targets availability, tailgating is physical, and a replay attack resends captured traffic.</p>
        </details>
      </article>
      <article class=""cy-bank-q"" id=""q-C5-102"">
        <p class=""cy-bank-stem"">An attacker submits a comment containing a script that later runs in other visitors&#39; browsers when they view the page. This attack is BEST described as:</p>
        <ol class=""cy-bank-opts"">
          <li><span class=""cy-bank-let"">A</span> A brute-force attack</li>
          <li><span class=""cy-bank-let"">B</span> Cross-site scripting (XSS)</li>
          <li><span class=""cy-bank-let"">C</span> A DDoS attack</li>
          <li><span class=""cy-bank-let"">D</span> Dumpster diving</li>
        </ol>
        <details class=""cy-bank-ans"">
          <summary>Show the answer</summary>
          <p class=""cy-bank-key""><strong>Answer:</strong> B. Cross-site scripting (XSS)</p>
          <p class=""cy-bank-exp"">Injecting a script that executes in other users&#39; browsers is cross-site scripting (XSS), which results from failing to sanitize output. Brute force guesses credentials, DDoS floods availability, and dumpster diving is physical reconnaissance.</p>
        </details>
      </article>
      <article class=""cy-bank-q"" id=""q-C5-103"">
        <p class=""cy-bank-stem"">Both SQL injection and cross-site scripting share which common root cause?</p>
        <ol class=""cy-bank-opts"">
          <li><span class=""cy-bank-let"">A</span> Using too many backups</li>
          <li><span class=""cy-bank-let"">B</span> Encrypting data at rest</li>
          <li><span class=""cy-bank-let"">C</span> Enabling multi-factor authentication</li>
          <li><span class=""cy-bank-let"">D</span> Failure to validate and sanitize untrusted input/output</li>
        </ol>
        <details class=""cy-bank-ans"">
          <summary>Show the answer</summary>
          <p class=""cy-bank-key""><strong>Answer:</strong> D. Failure to validate and sanitize untrusted input/output</p>
          <p class=""cy-bank-exp"">Both stem from trusting untrusted input/output without validation or sanitization. Backups, encryption, and MFA are protections and are not the cause of these injection flaws.</p>
        </details>
      </article>
      <article class=""cy-bank-q"" id=""q-C5-104"">
        <p class=""cy-bank-stem"">Which of the following are application-layer attacks?

I.   SQL injection
II.  Cross-site scripting
III. Tailgating into a server room</p>
        <ol class=""cy-bank-opts"">
          <li><span class=""cy-bank-let"">A</span> II and III only</li>
          <li><span class=""cy-bank-let"">B</span> I and II only</li>
          <li><span class=""cy-bank-let"">C</span> I and III only</li>
          <li><span class=""cy-bank-let"">D</span> I, II, and III</li>
        </ol>
        <details class=""cy-bank-ans"">
          <summary>Show the answer</summary>
          <p class=""cy-bank-key""><strong>Answer:</strong> B. I and II only</p>
          <p class=""cy-bank-exp"">SQL injection (I) and cross-site scripting (II) target application input/output handling. Tailgating (III) is a physical security attack, not an application-layer one.</p>
        </details>
      </article>
      <article class=""cy-bank-q"" id=""q-C5-105"">
        <p class=""cy-bank-stem"">A banking app shows a user their statement at the URL .../account?id=1042. The user changes the URL to id=1043 and sees another customer&#39;s statement. Which vulnerability does this reveal?</p>
        <ol class=""cy-bank-opts"">
          <li><span class=""cy-bank-let"">A</span> A strong encryption scheme working correctly</li>
          <li><span class=""cy-bank-let"">B</span> Broken access control (the app fails to verify the user owns the requested record)</li>
          <li><span class=""cy-bank-let"">C</span> A denial-of-service attack</li>
          <li><span class=""cy-bank-let"">D</span> A properly configured firewall</li>
        </ol>
        <details class=""cy-bank-ans"">
          <summary>Show the answer</summary>
          <p class=""cy-bank-key""><strong>Answer:</strong> B. Broken access control (the app fails to verify the user owns the requested record)</p>
          <p class=""cy-bank-exp"">The app exposes records by ID without checking that the requester is authorized to view them - broken access control (insecure direct object reference). It is a flaw, not encryption, DoS, or firewall behavior.</p>
        </details>
      </article>
      <article class=""cy-bank-q"" id=""q-C5-106"">
        <p class=""cy-bank-stem"">A web team reviews how their app handles user input. Which practice INTRODUCES a vulnerability?</p>
        <pre class=""cy-bank-code""><code>I.   Validates input against an expected format
II.  Inserts raw user input directly into database queries
III. Escapes output before displaying it
IV.  Rejects overly long or malformed input</code></pre>
        <ol class=""cy-bank-opts"">
          <li><span class=""cy-bank-let"">A</span> Practice I</li>
          <li><span class=""cy-bank-let"">B</span> Practice III</li>
          <li><span class=""cy-bank-let"">C</span> Practice II</li>
          <li><span class=""cy-bank-let"">D</span> Practice IV</li>
        </ol>
        <details class=""cy-bank-ans"">
          <summary>Show the answer</summary>
          <p class=""cy-bank-key""><strong>Answer:</strong> C. Practice II</p>
          <p class=""cy-bank-exp"">Inserting raw user input directly into queries (II) enables SQL injection. Validating input, escaping output, and rejecting malformed input are all protective practices.</p>
        </details>
      </article>
      <article class=""cy-bank-q"" id=""q-C5-132"">
        <p class=""cy-bank-stem"">Which measures help defend a web app against injection attacks?

I.   Parameterized queries that separate code from data
II.  Validating input against strict expected formats
III. Trusting all input that comes from logged-in users</p>
        <ol class=""cy-bank-opts"">
          <li><span class=""cy-bank-let"">A</span> II and III only</li>
          <li><span class=""cy-bank-let"">B</span> I and II only</li>
          <li><span class=""cy-bank-let"">C</span> I and III only</li>
          <li><span class=""cy-bank-let"">D</span> I, II, and III</li>
        </ol>
        <details class=""cy-bank-ans"">
          <summary>Show the answer</summary>
          <p class=""cy-bank-key""><strong>Answer:</strong> B. I and II only</p>
          <p class=""cy-bank-exp"">Parameterized queries (I) and strict input validation (II) defend against injection. Trusting input merely because a user is logged in (III) is unsafe, since authenticated users can also send malicious input.</p>
        </details>
      </article>
      <article class=""cy-bank-q"" id=""q-C5-138"">
        <p class=""cy-bank-stem"">An app is vulnerable to cross-site scripting. Which fix MOST directly addresses it?</p>
        <ol class=""cy-bank-opts"">
          <li><span class=""cy-bank-let"">A</span> Buying a faster web server</li>
          <li><span class=""cy-bank-let"">B</span> Properly encoding/escaping user-supplied content before it is rendered in the page</li>
          <li><span class=""cy-bank-let"">C</span> Increasing the session timeout</li>
          <li><span class=""cy-bank-let"">D</span> Renaming the application</li>
        </ol>
        <details class=""cy-bank-ans"">
          <summary>Show the answer</summary>
          <p class=""cy-bank-key""><strong>Answer:</strong> B. Properly encoding/escaping user-supplied content before it is rendered in the page</p>
          <p class=""cy-bank-exp"">Encoding or escaping user content before rendering prevents the browser from executing injected scripts, directly fixing XSS. Server speed, session timeout, and renaming do not address the flaw.</p>
        </details>
      </article>
      <h2 class=""cy-bank-th"">Topic 5.2 Managerial Controls and Access Controls</h2>
      <article class=""cy-bank-q"" id=""q-C5-107"">
        <p class=""cy-bank-stem"">In role-based access control (RBAC), permissions are granted based on:</p>
        <ol class=""cy-bank-opts"">
          <li><span class=""cy-bank-let"">A</span> The user&#39;s seniority in years only</li>
          <li><span class=""cy-bank-let"">B</span> The user&#39;s assigned role within the organization</li>
          <li><span class=""cy-bank-let"">C</span> Whichever files the user requests first</li>
          <li><span class=""cy-bank-let"">D</span> The time of day the user logs in</li>
        </ol>
        <details class=""cy-bank-ans"">
          <summary>Show the answer</summary>
          <p class=""cy-bank-key""><strong>Answer:</strong> B. The user&#39;s assigned role within the organization</p>
          <p class=""cy-bank-exp"">RBAC assigns permissions to roles, and users receive access according to their role. Seniority, request order, and time of day are not how RBAC determines permissions.</p>
        </details>
      </article>
      <article class=""cy-bank-q"" id=""q-C5-108"">
        <p class=""cy-bank-stem"">A company requires that the employee who submits a payment cannot also be the one who approves it. This control is BEST described as:</p>
        <ol class=""cy-bank-opts"">
          <li><span class=""cy-bank-let"">A</span> Single sign-on</li>
          <li><span class=""cy-bank-let"">B</span> Separation of duties</li>
          <li><span class=""cy-bank-let"">C</span> Defense in depth</li>
          <li><span class=""cy-bank-let"">D</span> Security through obscurity</li>
        </ol>
        <details class=""cy-bank-ans"">
          <summary>Show the answer</summary>
          <p class=""cy-bank-key""><strong>Answer:</strong> B. Separation of duties</p>
          <p class=""cy-bank-exp"">Requiring two different people for a sensitive transaction is separation of duties, which prevents one person from completing a fraudulent action alone. The other terms describe different concepts.</p>
        </details>
      </article>
      <article class=""cy-bank-q"" id=""q-C5-109"">
        <p class=""cy-bank-stem"">Which practices support the principle of least privilege for DATA access?

I.   Granting employees access only to the data their job requires
II.  Reviewing and revoking access when roles change
III. Giving all staff read/write access to every database for convenience</p>
        <ol class=""cy-bank-opts"">
          <li><span class=""cy-bank-let"">A</span> I and II only</li>
          <li><span class=""cy-bank-let"">B</span> II and III only</li>
          <li><span class=""cy-bank-let"">C</span> I and III only</li>
          <li><span class=""cy-bank-let"">D</span> I, II, and III</li>
        </ol>
        <details class=""cy-bank-ans"">
          <summary>Show the answer</summary>
          <p class=""cy-bank-key""><strong>Answer:</strong> A. I and II only</p>
          <p class=""cy-bank-exp"">Granting only job-necessary access (I) and revoking access on role change (II) implement least privilege. Universal read/write access (III) is the opposite of least privilege.</p>
        </details>
      </article>
      <article class=""cy-bank-q"" id=""q-C5-110"">
        <p class=""cy-bank-stem"">Why do organizations classify data into levels such as public, internal, and confidential?</p>
        <ol class=""cy-bank-opts"">
          <li><span class=""cy-bank-let"">A</span> To make all data publicly downloadable</li>
          <li><span class=""cy-bank-let"">B</span> To delete data automatically each night</li>
          <li><span class=""cy-bank-let"">C</span> To apply protection appropriate to each data&#39;s sensitivity</li>
          <li><span class=""cy-bank-let"">D</span> To avoid ever needing encryption</li>
        </ol>
        <details class=""cy-bank-ans"">
          <summary>Show the answer</summary>
          <p class=""cy-bank-key""><strong>Answer:</strong> C. To apply protection appropriate to each data&#39;s sensitivity</p>
          <p class=""cy-bank-exp"">Data classification lets an organization apply controls proportional to sensitivity, focusing strong protections where they matter most. It is not about publishing, auto-deleting, or avoiding encryption.</p>
        </details>
      </article>
      <article class=""cy-bank-q"" id=""q-C5-133"">
        <p class=""cy-bank-stem"">Why should organizations periodically review who has access to sensitive data?</p>
        <ol class=""cy-bank-opts"">
          <li><span class=""cy-bank-let"">A</span> To make all data public</li>
          <li><span class=""cy-bank-let"">B</span> To delete the database</li>
          <li><span class=""cy-bank-let"">C</span> To disable encryption</li>
          <li><span class=""cy-bank-let"">D</span> To remove access that is no longer needed and catch over-privileged accounts</li>
        </ol>
        <details class=""cy-bank-ans"">
          <summary>Show the answer</summary>
          <p class=""cy-bank-key""><strong>Answer:</strong> D. To remove access that is no longer needed and catch over-privileged accounts</p>
          <p class=""cy-bank-exp"">Access reviews catch lingering or excessive permissions (e.g., after role changes), enforcing least privilege over time. They are not about publishing data, deleting databases, or disabling encryption.</p>
        </details>
      </article>
      <article class=""cy-bank-q"" id=""q-C5-137"">
        <p class=""cy-bank-stem"">A records system uses the access rules below. Which rule violates least privilege?</p>
        <pre class=""cy-bank-code""><code>I.   Nurses can view records only for their assigned patients
II.  Billing staff can view only billing fields
III. Every employee can edit every patient&#39;s full record
IV.  Access is revoked when an employee leaves</code></pre>
        <ol class=""cy-bank-opts"">
          <li><span class=""cy-bank-let"">A</span> Rule I</li>
          <li><span class=""cy-bank-let"">B</span> Rule II</li>
          <li><span class=""cy-bank-let"">C</span> Rule IV</li>
          <li><span class=""cy-bank-let"">D</span> Rule III</li>
        </ol>
        <details class=""cy-bank-ans"">
          <summary>Show the answer</summary>
          <p class=""cy-bank-key""><strong>Answer:</strong> D. Rule III</p>
          <p class=""cy-bank-exp"">Allowing every employee to edit every full record (III) grants far more access than any single role needs, violating least privilege. Scoped access for nurses and billing staff, and revoking access on departure, all uphold it.</p>
        </details>
      </article>
      <article class=""cy-bank-q"" id=""q-C5-140"">
        <p class=""cy-bank-stem"">A file must give the owner read, write, and execute; the group read and execute; and others no access. Which chmod numeric command sets exactly these permissions?</p>
        <ol class=""cy-bank-opts"">
          <li><span class=""cy-bank-let"">A</span> chmod 640 report.txt</li>
          <li><span class=""cy-bank-let"">B</span> chmod 755 report.txt</li>
          <li><span class=""cy-bank-let"">C</span> chmod 750 report.txt</li>
          <li><span class=""cy-bank-let"">D</span> chmod 570 report.txt</li>
        </ol>
        <details class=""cy-bank-ans"">
          <summary>Show the answer</summary>
          <p class=""cy-bank-key""><strong>Answer:</strong> C. chmod 750 report.txt</p>
          <p class=""cy-bank-exp"">Each digit is the sum of 4 (read) + 2 (write) + 1 (execute), read in owner-group-other order. The owner needs rwx (4+2+1=7), the group needs r-x (4+1=5), and others need nothing (0), giving 750. 640 denies the owner execute, 755 lets others read and execute, and 570 reverses the owner and group values.</p>
        </details>
      </article>
      <h2 class=""cy-bank-th"">Topic 5.3 Protecting Stored Data with Cryptography</h2>
      <article class=""cy-bank-q"" id=""q-C5-111"">
        <p class=""cy-bank-stem"">In symmetric encryption such as AES, the SAME key is used to:</p>
        <ol class=""cy-bank-opts"">
          <li><span class=""cy-bank-let"">A</span> Encrypt with one key and decrypt with a different key</li>
          <li><span class=""cy-bank-let"">B</span> Only hash data, never reverse it</li>
          <li><span class=""cy-bank-let"">C</span> Both encrypt and decrypt the data</li>
          <li><span class=""cy-bank-let"">D</span> Sign data without any key</li>
        </ol>
        <details class=""cy-bank-ans"">
          <summary>Show the answer</summary>
          <p class=""cy-bank-key""><strong>Answer:</strong> C. Both encrypt and decrypt the data</p>
          <p class=""cy-bank-exp"">Symmetric encryption uses a single shared key for both encryption and decryption. Using different keys for each operation describes asymmetric encryption, and hashing is one-way.</p>
        </details>
      </article>
      <article class=""cy-bank-q"" id=""q-C5-112"">
        <p class=""cy-bank-stem"">What is the KEY difference between hashing and encryption?</p>
        <ol class=""cy-bank-opts"">
          <li><span class=""cy-bank-let"">A</span> Hashing is reversible but encryption is not</li>
          <li><span class=""cy-bank-let"">B</span> Hashing is one-way and not meant to be reversed; encryption is reversible with the correct key</li>
          <li><span class=""cy-bank-let"">C</span> Hashing requires two keys; encryption requires none</li>
          <li><span class=""cy-bank-let"">D</span> They are identical processes</li>
        </ol>
        <details class=""cy-bank-ans"">
          <summary>Show the answer</summary>
          <p class=""cy-bank-key""><strong>Answer:</strong> B. Hashing is one-way and not meant to be reversed; encryption is reversible with the correct key</p>
          <p class=""cy-bank-exp"">Hashing is a one-way function used for integrity and password storage and is not meant to be reversed, while encryption is designed to be reversed with the correct key. The other statements reverse or confuse these properties.</p>
        </details>
      </article>
      <article class=""cy-bank-q"" id=""q-C5-113"">
        <p class=""cy-bank-stem"">A database stores user passwords. Which storage approach is the MOST secure?</p>
        <ol class=""cy-bank-opts"">
          <li><span class=""cy-bank-let"">A</span> Store passwords as plaintext for easy recovery</li>
          <li><span class=""cy-bank-let"">B</span> Store salted hashes of passwords, never the passwords themselves</li>
          <li><span class=""cy-bank-let"">C</span> Store passwords encrypted with a key kept next to the database</li>
          <li><span class=""cy-bank-let"">D</span> Store passwords reversed character by character</li>
        </ol>
        <details class=""cy-bank-ans"">
          <summary>Show the answer</summary>
          <p class=""cy-bank-key""><strong>Answer:</strong> B. Store salted hashes of passwords, never the passwords themselves</p>
          <p class=""cy-bank-exp"">Storing salted hashes means the original passwords are never kept and identical passwords produce different hashes, resisting precomputed attacks. Plaintext is unsafe, a key stored beside the data offers little protection, and reversing characters is trivial to undo.</p>
        </details>
      </article>
      <article class=""cy-bank-q"" id=""q-C5-114"">
        <p class=""cy-bank-stem"">Why is a unique &#39;salt&#39; added to each password before hashing?</p>
        <ol class=""cy-bank-opts"">
          <li><span class=""cy-bank-let"">A</span> So identical passwords produce different hashes, defeating precomputed (rainbow table) attacks</li>
          <li><span class=""cy-bank-let"">B</span> To make the password shorter</li>
          <li><span class=""cy-bank-let"">C</span> To encrypt the network connection</li>
          <li><span class=""cy-bank-let"">D</span> To allow the password to be recovered in plaintext</li>
        </ol>
        <details class=""cy-bank-ans"">
          <summary>Show the answer</summary>
          <p class=""cy-bank-key""><strong>Answer:</strong> A. So identical passwords produce different hashes, defeating precomputed (rainbow table) attacks</p>
          <p class=""cy-bank-exp"">A unique salt ensures identical passwords hash to different values, defeating rainbow-table lookups. It does not shorten passwords, encrypt connections, or make hashes reversible.</p>
        </details>
      </article>
      <article class=""cy-bank-q"" id=""q-C5-115"">
        <p class=""cy-bank-stem"">Which statements about encrypting stored data (&#39;at rest&#39;) are TRUE?

I.   It protects confidentiality if storage media are stolen
II.  Proper key management is essential to its effectiveness
III. It guarantees the data can never be altered</p>
        <ol class=""cy-bank-opts"">
          <li><span class=""cy-bank-let"">A</span> II and III only</li>
          <li><span class=""cy-bank-let"">B</span> I and III only</li>
          <li><span class=""cy-bank-let"">C</span> I and II only</li>
          <li><span class=""cy-bank-let"">D</span> I, II, and III</li>
        </ol>
        <details class=""cy-bank-ans"">
          <summary>Show the answer</summary>
          <p class=""cy-bank-key""><strong>Answer:</strong> C. I and II only</p>
          <p class=""cy-bank-exp"">Encryption at rest protects confidentiality of stolen media (I) and depends on sound key management (II). It does not by itself guarantee integrity (III); detecting alteration requires additional controls such as hashing or signatures.</p>
        </details>
      </article>
      <article class=""cy-bank-q"" id=""q-C5-131"">
        <p class=""cy-bank-stem"">Which cryptographic tool is the RIGHT choice to verify that a downloaded file was not altered in transit, without needing to keep it secret?</p>
        <ol class=""cy-bank-opts"">
          <li><span class=""cy-bank-let"">A</span> A published hash (checksum) of the file</li>
          <li><span class=""cy-bank-let"">B</span> A longer Wi-Fi password</li>
          <li><span class=""cy-bank-let"">C</span> A faster CPU</li>
          <li><span class=""cy-bank-let"">D</span> A larger monitor</li>
        </ol>
        <details class=""cy-bank-ans"">
          <summary>Show the answer</summary>
          <p class=""cy-bank-key""><strong>Answer:</strong> A. A published hash (checksum) of the file</p>
          <p class=""cy-bank-exp"">Comparing a freshly computed hash to a trusted published checksum verifies integrity without secrecy. A Wi-Fi password, CPU speed, and monitor size are unrelated to verifying file integrity.</p>
        </details>
      </article>
      <article class=""cy-bank-q"" id=""q-C5-134"">
        <p class=""cy-bank-stem"">A company encrypts its backups but stores the only copy of the decryption key on the same server as the backups, with no other copy. What is the MAIN risk?</p>
        <ol class=""cy-bank-opts"">
          <li><span class=""cy-bank-let"">A</span> The backups will be too small</li>
          <li><span class=""cy-bank-let"">B</span> Encryption will make the data public</li>
          <li><span class=""cy-bank-let"">C</span> The key will speed up the network</li>
          <li><span class=""cy-bank-let"">D</span> If that server is lost or its key is stolen, the encryption is either useless or the data becomes unrecoverable</li>
        </ol>
        <details class=""cy-bank-ans"">
          <summary>Show the answer</summary>
          <p class=""cy-bank-key""><strong>Answer:</strong> D. If that server is lost or its key is stolen, the encryption is either useless or the data becomes unrecoverable</p>
          <p class=""cy-bank-exp"">Co-locating the sole key with the encrypted data means an attacker who reaches the server gets both, and losing the server destroys the only key, making data unrecoverable - both reflect poor key management. The other options are nonsensical.</p>
        </details>
      </article>
      <article class=""cy-bank-q"" id=""q-C5-136"">
        <p class=""cy-bank-stem"">Match each control to the security goal it primarily supports. Which pairings are correct?

I.   Hashing a file and rechecking it later - integrity
II.  Encrypting stored customer data - confidentiality
III. Keeping tested backups of the database - availability</p>
        <ol class=""cy-bank-opts"">
          <li><span class=""cy-bank-let"">A</span> I and II only</li>
          <li><span class=""cy-bank-let"">B</span> II and III only</li>
          <li><span class=""cy-bank-let"">C</span> I, II, and III</li>
          <li><span class=""cy-bank-let"">D</span> I and III only</li>
        </ol>
        <details class=""cy-bank-ans"">
          <summary>Show the answer</summary>
          <p class=""cy-bank-key""><strong>Answer:</strong> C. I, II, and III</p>
          <p class=""cy-bank-exp"">Re-hashing verifies integrity, encryption protects confidentiality, and tested backups restore availability. All three pairings correctly map a control to its primary CIA goal.</p>
        </details>
      </article>
      <h2 class=""cy-bank-th"">Topic 5.4 Asymmetric Cryptography</h2>
      <article class=""cy-bank-q"" id=""q-C5-116"">
        <p class=""cy-bank-stem"">In asymmetric (public-key) cryptography, if Alice wants others to send her confidential messages, she publishes which key, and keeps which key secret?</p>
        <ol class=""cy-bank-opts"">
          <li><span class=""cy-bank-let"">A</span> Publishes her private key; keeps her public key secret</li>
          <li><span class=""cy-bank-let"">B</span> Publishes her public key; keeps her private key secret</li>
          <li><span class=""cy-bank-let"">C</span> Publishes both keys</li>
          <li><span class=""cy-bank-let"">D</span> Keeps both keys secret and shares a password instead</li>
        </ol>
        <details class=""cy-bank-ans"">
          <summary>Show the answer</summary>
          <p class=""cy-bank-key""><strong>Answer:</strong> B. Publishes her public key; keeps her private key secret</p>
          <p class=""cy-bank-exp"">Senders encrypt with Alice&#39;s public key, which she can share freely; only her secret private key can decrypt. Publishing the private key would destroy the system&#39;s security.</p>
        </details>
      </article>
      <article class=""cy-bank-q"" id=""q-C5-117"">
        <p class=""cy-bank-stem"">To create a digital signature proving a message came from her and was not altered, the sender encrypts a hash of the message with which key, and recipients verify it with which key?</p>
        <ol class=""cy-bank-opts"">
          <li><span class=""cy-bank-let"">A</span> Signs with her public key; verified with her private key</li>
          <li><span class=""cy-bank-let"">B</span> Signs with her private key; verified with her public key</li>
          <li><span class=""cy-bank-let"">C</span> Signs with the recipient&#39;s public key; verified with the recipient&#39;s private key</li>
          <li><span class=""cy-bank-let"">D</span> Signs and verifies with the same shared secret key</li>
        </ol>
        <details class=""cy-bank-ans"">
          <summary>Show the answer</summary>
          <p class=""cy-bank-key""><strong>Answer:</strong> B. Signs with her private key; verified with her public key</p>
          <p class=""cy-bank-exp"">A digital signature is created with the sender&#39;s private key and verified with the sender&#39;s public key, proving authenticity and integrity since only she holds the private key. Using the recipient&#39;s keys would provide confidentiality, not a signature.</p>
        </details>
      </article>
      <article class=""cy-bank-q"" id=""q-C5-118"">
        <p class=""cy-bank-stem"">Which statements correctly contrast symmetric and asymmetric cryptography?

I.   Symmetric uses one shared key; asymmetric uses a public/private key pair
II.  Asymmetric solves the problem of securely distributing a shared secret
III. Symmetric encryption is generally slower than asymmetric for large data</p>
        <ol class=""cy-bank-opts"">
          <li><span class=""cy-bank-let"">A</span> I and II only</li>
          <li><span class=""cy-bank-let"">B</span> II and III only</li>
          <li><span class=""cy-bank-let"">C</span> I and III only</li>
          <li><span class=""cy-bank-let"">D</span> I, II, and III</li>
        </ol>
        <details class=""cy-bank-ans"">
          <summary>Show the answer</summary>
          <p class=""cy-bank-key""><strong>Answer:</strong> A. I and II only</p>
          <p class=""cy-bank-exp"">Symmetric uses one shared key while asymmetric uses a key pair (I), and asymmetric helps distribute keys without a prior shared secret (II). Statement III is false: symmetric encryption is generally FASTER than asymmetric for bulk data.</p>
        </details>
      </article>
      <article class=""cy-bank-q"" id=""q-C5-119"">
        <p class=""cy-bank-stem"">Secure messaging often uses asymmetric cryptography to exchange a key and then symmetric encryption for the conversation itself. Why combine them this way?</p>
        <ol class=""cy-bank-opts"">
          <li><span class=""cy-bank-let"">A</span> Symmetric is used because it cannot be decrypted at all</li>
          <li><span class=""cy-bank-let"">B</span> Asymmetric is used for bulk data because it is much faster</li>
          <li><span class=""cy-bank-let"">C</span> Asymmetric safely shares the key without a prior secret, while faster symmetric encryption handles the bulk data</li>
          <li><span class=""cy-bank-let"">D</span> Combining them removes the need for any keys</li>
        </ol>
        <details class=""cy-bank-ans"">
          <summary>Show the answer</summary>
          <p class=""cy-bank-key""><strong>Answer:</strong> C. Asymmetric safely shares the key without a prior secret, while faster symmetric encryption handles the bulk data</p>
          <p class=""cy-bank-exp"">Asymmetric cryptography solves secure key distribution, then efficient symmetric encryption protects the actual data - leveraging the strength of each. Symmetric is faster (not unbreakable), and the scheme still relies on keys.</p>
        </details>
      </article>
      <article class=""cy-bank-q"" id=""q-C5-120"">
        <p class=""cy-bank-stem"">When a browser connects to an HTTPS site, a digital certificate signed by a trusted certificate authority primarily lets the browser:</p>
        <ol class=""cy-bank-opts"">
          <li><span class=""cy-bank-let"">A</span> Verify that the site&#39;s public key really belongs to that site</li>
          <li><span class=""cy-bank-let"">B</span> Speed up the website&#39;s images</li>
          <li><span class=""cy-bank-let"">C</span> Store the user&#39;s password in plaintext</li>
          <li><span class=""cy-bank-let"">D</span> Disable the site&#39;s firewall</li>
        </ol>
        <details class=""cy-bank-ans"">
          <summary>Show the answer</summary>
          <p class=""cy-bank-key""><strong>Answer:</strong> A. Verify that the site&#39;s public key really belongs to that site</p>
          <p class=""cy-bank-exp"">A CA-signed certificate binds a public key to a verified identity, letting the browser trust that the key belongs to the legitimate site. It is unrelated to image speed, password storage, or firewalls.</p>
        </details>
      </article>
      <article class=""cy-bank-q"" id=""q-C5-135"">
        <p class=""cy-bank-stem"">A valid digital signature on a contract provides non-repudiation, meaning:</p>
        <ol class=""cy-bank-opts"">
          <li><span class=""cy-bank-let"">A</span> The signer cannot credibly deny having signed it, since only their private key could produce the signature</li>
          <li><span class=""cy-bank-let"">B</span> The contract is automatically encrypted from all readers</li>
          <li><span class=""cy-bank-let"">C</span> The contract can never be read by the recipient</li>
          <li><span class=""cy-bank-let"">D</span> The signature hides the contract&#39;s contents</li>
        </ol>
        <details class=""cy-bank-ans"">
          <summary>Show the answer</summary>
          <p class=""cy-bank-key""><strong>Answer:</strong> A. The signer cannot credibly deny having signed it, since only their private key could produce the signature</p>
          <p class=""cy-bank-exp"">Because only the signer holds the private key used to sign, a valid signature ties the action to them, so they cannot plausibly deny it - that is non-repudiation. A signature authenticates and protects integrity; it does not conceal the document&#39;s contents.</p>
        </details>
      </article>
      <h2 class=""cy-bank-th"">Topic 5.5 Protecting Applications</h2>
      <article class=""cy-bank-q"" id=""q-C5-121"">
        <p class=""cy-bank-stem"">Which secure-coding technique MOST directly prevents SQL injection?</p>
        <ol class=""cy-bank-opts"">
          <li><span class=""cy-bank-let"">A</span> Choosing a longer database password</li>
          <li><span class=""cy-bank-let"">B</span> Hiding the database server&#39;s name</li>
          <li><span class=""cy-bank-let"">C</span> Using parameterized queries (prepared statements) that separate code from data</li>
          <li><span class=""cy-bank-let"">D</span> Increasing the server&#39;s memory</li>
        </ol>
        <details class=""cy-bank-ans"">
          <summary>Show the answer</summary>
          <p class=""cy-bank-key""><strong>Answer:</strong> C. Using parameterized queries (prepared statements) that separate code from data</p>
          <p class=""cy-bank-exp"">Parameterized queries keep user input as data rather than executable query code, neutralizing injection. A longer DB password, an obscured server name, and more memory do not address the injection flaw.</p>
        </details>
      </article>
      <article class=""cy-bank-q"" id=""q-C5-122"">
        <p class=""cy-bank-stem"">Why is server-side input validation more trustworthy than relying only on validation in the browser?</p>
        <ol class=""cy-bank-opts"">
          <li><span class=""cy-bank-let"">A</span> Browsers cannot run any validation code at all</li>
          <li><span class=""cy-bank-let"">B</span> Server-side validation encrypts the database</li>
          <li><span class=""cy-bank-let"">C</span> Client-side validation is impossible to implement</li>
          <li><span class=""cy-bank-let"">D</span> Attackers can bypass client-side checks by sending requests directly to the server</li>
        </ol>
        <details class=""cy-bank-ans"">
          <summary>Show the answer</summary>
          <p class=""cy-bank-key""><strong>Answer:</strong> D. Attackers can bypass client-side checks by sending requests directly to the server</p>
          <p class=""cy-bank-exp"">Client-side checks can be skipped by crafting requests directly to the server, so validation must also occur server-side where the attacker cannot disable it. Browsers can run validation, but it is not authoritative.</p>
        </details>
      </article>
      <article class=""cy-bank-q"" id=""q-C5-123"">
        <p class=""cy-bank-stem"">Which practices strengthen application security?

I.   Validating and sanitizing all untrusted input
II.  Keeping libraries and frameworks patched
III. Displaying detailed internal error messages with stack traces to all users</p>
        <ol class=""cy-bank-opts"">
          <li><span class=""cy-bank-let"">A</span> II and III only</li>
          <li><span class=""cy-bank-let"">B</span> I and III only</li>
          <li><span class=""cy-bank-let"">C</span> I, II, and III</li>
          <li><span class=""cy-bank-let"">D</span> I and II only</li>
        </ol>
        <details class=""cy-bank-ans"">
          <summary>Show the answer</summary>
          <p class=""cy-bank-key""><strong>Answer:</strong> D. I and II only</p>
          <p class=""cy-bank-exp"">Validating input (I) and patching dependencies (II) strengthen security. Showing detailed internal errors and stack traces to all users (III) leaks information attackers can exploit and is a weakness.</p>
        </details>
      </article>
      <article class=""cy-bank-q"" id=""q-C5-124"">
        <p class=""cy-bank-stem"">A development team adopts the practices below. Which one is a SECURITY MISTAKE?</p>
        <pre class=""cy-bank-code""><code>I.   Sanitizes user input before processing
II.  Stores the database admin password in the public source code repository
III. Applies security patches to dependencies
IV.  Uses HTTPS for all traffic</code></pre>
        <ol class=""cy-bank-opts"">
          <li><span class=""cy-bank-let"">A</span> Practice I</li>
          <li><span class=""cy-bank-let"">B</span> Practice III</li>
          <li><span class=""cy-bank-let"">C</span> Practice II</li>
          <li><span class=""cy-bank-let"">D</span> Practice IV</li>
        </ol>
        <details class=""cy-bank-ans"">
          <summary>Show the answer</summary>
          <p class=""cy-bank-key""><strong>Answer:</strong> C. Practice II</p>
          <p class=""cy-bank-exp"">Committing the database admin password to a public repository (II) exposes the secret to anyone who views the code. Sanitizing input, patching dependencies, and using HTTPS are all sound practices.</p>
        </details>
      </article>
      <article class=""cy-bank-q"" id=""q-C5-125"">
        <p class=""cy-bank-stem"">A web application firewall (WAF) protects an application by:</p>
        <ol class=""cy-bank-opts"">
          <li><span class=""cy-bank-let"">A</span> Encrypting the hard drive of every client device</li>
          <li><span class=""cy-bank-let"">B</span> Inspecting and filtering web requests to block common attacks like injection attempts</li>
          <li><span class=""cy-bank-let"">C</span> Physically guarding the data center door</li>
          <li><span class=""cy-bank-let"">D</span> Replacing the need for input validation entirely</li>
        </ol>
        <details class=""cy-bank-ans"">
          <summary>Show the answer</summary>
          <p class=""cy-bank-key""><strong>Answer:</strong> B. Inspecting and filtering web requests to block common attacks like injection attempts</p>
          <p class=""cy-bank-exp"">A WAF inspects HTTP traffic and blocks malicious patterns such as injection or XSS attempts. It does not encrypt client disks, provide physical security, or eliminate the need for secure coding and input validation.</p>
        </details>
      </article>
      <h2 class=""cy-bank-th"">Topic 5.6 Detecting Attacks on Data and Applications</h2>
      <article class=""cy-bank-q"" id=""q-C5-126"">
        <p class=""cy-bank-stem"">A system stores a cryptographic hash of an important file and periodically recomputes it to confirm the file has not changed. This technique detects:</p>
        <ol class=""cy-bank-opts"">
          <li><span class=""cy-bank-let"">A</span> Unauthorized modification of the file (integrity violations)</li>
          <li><span class=""cy-bank-let"">B</span> How much electricity the server uses</li>
          <li><span class=""cy-bank-let"">C</span> The physical temperature of the room</li>
          <li><span class=""cy-bank-let"">D</span> The user&#39;s typing speed</li>
        </ol>
        <details class=""cy-bank-ans"">
          <summary>Show the answer</summary>
          <p class=""cy-bank-key""><strong>Answer:</strong> A. Unauthorized modification of the file (integrity violations)</p>
          <p class=""cy-bank-exp"">Comparing a stored hash to a freshly computed one (file integrity monitoring) reveals unauthorized changes, supporting the integrity goal. It does not measure power, temperature, or typing speed.</p>
        </details>
      </article>
      <article class=""cy-bank-q"" id=""q-C5-127"">
        <p class=""cy-bank-stem"">Logs show that a marketing employee&#39;s account suddenly queried and exported the entire customer payment-card table at 3:00 AM. The MOST appropriate interpretation is that:</p>
        <ol class=""cy-bank-opts"">
          <li><span class=""cy-bank-let"">A</span> This is normal marketing activity and needs no review</li>
          <li><span class=""cy-bank-let"">B</span> The account may be compromised or misused and the access should be investigated</li>
          <li><span class=""cy-bank-let"">C</span> The database is simply running a backup</li>
          <li><span class=""cy-bank-let"">D</span> Marketing employees always work at 3:00 AM</li>
        </ol>
        <details class=""cy-bank-ans"">
          <summary>Show the answer</summary>
          <p class=""cy-bank-key""><strong>Answer:</strong> B. The account may be compromised or misused and the access should be investigated</p>
          <p class=""cy-bank-exp"">A role-inappropriate, large, off-hours data export is a strong anomaly suggesting account compromise or misuse and warrants investigation. Dismissing it as normal, a backup, or routine ignores a clear red flag.</p>
        </details>
      </article>
      <article class=""cy-bank-q"" id=""q-C5-128"">
        <p class=""cy-bank-stem"">Which signals could indicate an attack against an application or its data?

I.   A spike in database errors matching injection-style input
II.  A WAF logging many blocked malicious requests from one source
III. A routine, scheduled software update being applied</p>
        <ol class=""cy-bank-opts"">
          <li><span class=""cy-bank-let"">A</span> II and III only</li>
          <li><span class=""cy-bank-let"">B</span> I and III only</li>
          <li><span class=""cy-bank-let"">C</span> I, II, and III</li>
          <li><span class=""cy-bank-let"">D</span> I and II only</li>
        </ol>
        <details class=""cy-bank-ans"">
          <summary>Show the answer</summary>
          <p class=""cy-bank-key""><strong>Answer:</strong> D. I and II only</p>
          <p class=""cy-bank-exp"">A burst of injection-style errors (I) and many blocked malicious requests from one source (II) indicate attack activity. A scheduled software update (III) is normal maintenance, not an attack signal.</p>
        </details>
      </article>
      <article class=""cy-bank-q"" id=""q-C5-129"">
        <p class=""cy-bank-stem"">An application&#39;s monitoring is configured as below. Which choice MOST weakens the ability to detect data attacks?</p>
        <pre class=""cy-bank-code""><code>I.   Logs all database access attempts
II.  Alerts on unusually large data exports
III. Disables logging on the payment-data table to save space
IV.  Reviews WAF alerts daily</code></pre>
        <ol class=""cy-bank-opts"">
          <li><span class=""cy-bank-let"">A</span> Choice I</li>
          <li><span class=""cy-bank-let"">B</span> Choice II</li>
          <li><span class=""cy-bank-let"">C</span> Choice III</li>
          <li><span class=""cy-bank-let"">D</span> Choice IV</li>
        </ol>
        <details class=""cy-bank-ans"">
          <summary>Show the answer</summary>
          <p class=""cy-bank-key""><strong>Answer:</strong> C. Choice III</p>
          <p class=""cy-bank-exp"">Disabling logging on the most sensitive table (III) creates a blind spot exactly where attacks would be most damaging. Logging access, alerting on large exports, and reviewing WAF alerts all aid detection.</p>
        </details>
      </article>
      <article class=""cy-bank-q"" id=""q-C5-130"">
        <p class=""cy-bank-stem"">Which combination BEST reflects defense in depth for protecting a sensitive customer database?</p>
        <ol class=""cy-bank-opts"">
          <li><span class=""cy-bank-let"">A</span> Rely only on a strong database password</li>
          <li><span class=""cy-bank-let"">B</span> Make the database publicly readable but rename the server</li>
          <li><span class=""cy-bank-let"">C</span> Disable all logging and trust the firewall alone</li>
          <li><span class=""cy-bank-let"">D</span> Encrypt the data at rest, enforce least-privilege access, validate application input, and log/monitor access</li>
        </ol>
        <details class=""cy-bank-ans"">
          <summary>Show the answer</summary>
          <p class=""cy-bank-key""><strong>Answer:</strong> D. Encrypt the data at rest, enforce least-privilege access, validate application input, and log/monitor access</p>
          <p class=""cy-bank-exp"">Combining encryption, least-privilege access control, input validation, and monitoring layers independent controls so no single failure exposes the data. A lone password, obscurity, or a single firewall with no logging are all single points of failure.</p>
        </details>
      </article>
      <article class=""cy-bank-q"" id=""q-C5-139"">
        <p class=""cy-bank-stem"">An immutable audit trail of who accessed or changed sensitive data is valuable because it:</p>
        <ol class=""cy-bank-opts"">
          <li><span class=""cy-bank-let"">A</span> Prevents the database from ever being attacked</li>
          <li><span class=""cy-bank-let"">B</span> Supports accountability and helps reconstruct what happened during an incident</li>
          <li><span class=""cy-bank-let"">C</span> Encrypts the network automatically</li>
          <li><span class=""cy-bank-let"">D</span> Eliminates the need for access controls</li>
        </ol>
        <details class=""cy-bank-ans"">
          <summary>Show the answer</summary>
          <p class=""cy-bank-key""><strong>Answer:</strong> B. Supports accountability and helps reconstruct what happened during an incident</p>
          <p class=""cy-bank-exp"">A tamper-resistant audit trail provides accountability and an investigative record after an incident. It does not by itself prevent attacks, encrypt traffic, or replace access controls.</p>
        </details>
      </article>
      <article class=""cy-bank-q"" id=""q-C5-141"">
        <p class=""cy-bank-stem"">An analyst relies only on cryptographic hash checks to detect attacks on a sensitive file. Which attack would this method FAIL to detect?</p>
        <ol class=""cy-bank-opts"">
          <li><span class=""cy-bank-let"">A</span> An attacker modifies a record inside the file</li>
          <li><span class=""cy-bank-let"">B</span> An attacker copies and exfiltrates the file without changing it</li>
          <li><span class=""cy-bank-let"">C</span> An attacker appends new rows to the file</li>
          <li><span class=""cy-bank-let"">D</span> An attacker encrypts the file during a ransomware attack</li>
        </ol>
        <details class=""cy-bank-ans"">
          <summary>Show the answer</summary>
          <p class=""cy-bank-key""><strong>Answer:</strong> B. An attacker copies and exfiltrates the file without changing it</p>
          <p class=""cy-bank-exp"">Hash comparison only reveals whether data have been altered. Modifying, appending, and encrypting all change the file, so the recomputed hash would not match. Copying the file leaves it byte-for-byte identical, so the hash still matches even though the data were stolen. This is the classic false negative for hash-based integrity monitoring, and it is why hashing is paired with access logging or DLP.</p>
        </details>
      </article>
  </section>
  <p class=""cy-bank-lede"">More practice: <a href=""/pages/ap-cybersecurity-practice-questions-unit-1"">Unit 1</a>, <a href=""/pages/ap-cybersecurity-practice-questions-unit-2"">Unit 2</a>, <a href=""/pages/ap-cybersecurity-practice-questions-unit-3"">Unit 3</a>, <a href=""/pages/ap-cybersecurity-practice-questions-unit-4"">Unit 4</a>, or the <a href=""/pages/ap-cybersecurity-question-of-the-day"">question of the day</a>.</p>
</div>

<script type=""application/ld+json"">
{
  ""@context"": ""https://schema.org/"",
  ""@type"": ""Quiz"",
  ""name"": ""AP Cybersecurity Unit 5 Practice Questions: Securing Applications and Data"",
  ""about"": {
    ""@type"": ""Thing"",
    ""name"": ""AP Cybersecurity""
  },
  ""educationalAlignment"": [
    {
      ""@type"": ""AlignmentObject"",
      ""alignmentType"": ""educationalSubject"",
      ""targetName"": ""Cybersecurity""
    },
    {
      ""@type"": ""AlignmentObject"",
      ""alignmentType"": ""educationalLevel"",
      ""targetName"": ""High school""
    }
  ],
  ""hasPart"": [
    {
      ""@context"": ""https://schema.org/"",
      ""@type"": ""Question"",
      ""eduQuestionType"": ""Flashcard"",
      ""text"": ""A login form passes user input directly into a database query, allowing an attacker to type input that changes the query and bypasses the password check. This attack is BEST described as:"",
      ""acceptedAnswer"": {
        ""@type"": ""Answer"",
        ""text"": ""SQL injection. Injecting input that alters a database query is SQL injection, caused by trusting unsanitized user input. DoS targets availability, tailgating is physical, and a replay attack resends captured traffic.""
      }
    },
    {
      ""@context"": ""https://schema.org/"",
      ""@type"": ""Question"",
      ""eduQuestionType"": ""Flashcard"",
      ""text"": ""An attacker submits a comment containing a script that later runs in other visitors' browsers when they view the page. This attack is BEST described as:"",
      ""acceptedAnswer"": {
        ""@type"": ""Answer"",
        ""text"": ""Cross-site scripting (XSS). Injecting a script that executes in other users' browsers is cross-site scripting (XSS), which results from failing to sanitize output. Brute force guesses credentials, DDoS floods availability, and dumpster diving is physical reconnaissance.""
      }
    },
    {
      ""@context"": ""https://schema.org/"",
      ""@type"": ""Question"",
      ""eduQuestionType"": ""Flashcard"",
      ""text"": ""Both SQL injection and cross-site scripting share which common root cause?"",
      ""acceptedAnswer"": {
        ""@type"": ""Answer"",
        ""text"": ""Failure to validate and sanitize untrusted input/output. Both stem from trusting untrusted input/output without validation or sanitization. Backups, encryption, and MFA are protections and are not the cause of these injection flaws.""
      }
    },
    {
      ""@context"": ""https://schema.org/"",
      ""@type"": ""Question"",
      ""eduQuestionType"": ""Flashcard"",
      ""text"": ""Which of the following are application-layer attacks?\n\nI.   SQL injection\nII.  Cross-site scripting\nIII. Tailgating into a server room"",
      ""acceptedAnswer"": {
        ""@type"": ""Answer"",
        ""text"": ""I and II only. SQL injection (I) and cross-site scripting (II) target application input/output handling. Tailgating (III) is a physical security attack, not an application-layer one.""
      }
    },
    {
      ""@context"": ""https://schema.org/"",
      ""@type"": ""Question"",
      ""eduQuestionType"": ""Flashcard"",
      ""text"": ""A banking app shows a user their statement at the URL .../account?id=1042. The user changes the URL to id=1043 and sees another customer's statement. Which vulnerability does this reveal?"",
      ""acceptedAnswer"": {
        ""@type"": ""Answer"",
        ""text"": ""Broken access control (the app fails to verify the user owns the requested record). The app exposes records by ID without checking that the requester is authorized to view them - broken access control (insecure direct object reference). It is a flaw, not encryption, DoS, or firewall behavior.""
      }
    },
    {
      ""@context"": ""https://schema.org/"",
      ""@type"": ""Question"",
      ""eduQuestionType"": ""Flashcard"",
      ""text"": ""A web team reviews how their app handles user input. Which practice INTRODUCES a vulnerability?"",
      ""acceptedAnswer"": {
        ""@type"": ""Answer"",
        ""text"": ""Practice II. Inserting raw user input directly into queries (II) enables SQL injection. Validating input, escaping output, and rejecting malformed input are all protective practices.""
      }
    },
    {
      ""@context"": ""https://schema.org/"",
      ""@type"": ""Question"",
      ""eduQuestionType"": ""Flashcard"",
      ""text"": ""In role-based access control (RBAC), permissions are granted based on:"",
      ""acceptedAnswer"": {
        ""@type"": ""Answer"",
        ""text"": ""The user's assigned role within the organization. RBAC assigns permissions to roles, and users receive access according to their role. Seniority, request order, and time of day are not how RBAC determines permissions.""
      }
    },
    {
      ""@context"": ""https://schema.org/"",
      ""@type"": ""Question"",
      ""eduQuestionType"": ""Flashcard"",
      ""text"": ""A company requires that the employee who submits a payment cannot also be the one who approves it. This control is BEST described as:"",
      ""acceptedAnswer"": {
        ""@type"": ""Answer"",
        ""text"": ""Separation of duties. Requiring two different people for a sensitive transaction is separation of duties, which prevents one person from completing a fraudulent action alone. The other terms describe different concepts.""
      }
    },
    {
      ""@context"": ""https://schema.org/"",
      ""@type"": ""Question"",
      ""eduQuestionType"": ""Flashcard"",
      ""text"": ""Which practices support the principle of least privilege for DATA access?\n\nI.   Granting employees access only to the data their job requires\nII.  Reviewing and revoking access when roles change\nIII. Giving all staff read/write access to every database for convenience"",
      ""acceptedAnswer"": {
        ""@type"": ""Answer"",
        ""text"": ""I and II only. Granting only job-necessary access (I) and revoking access on role change (II) implement least privilege. Universal read/write access (III) is the opposite of least privilege.""
      }
    },
    {
      ""@context"": ""https://schema.org/"",
      ""@type"": ""Question"",
      ""eduQuestionType"": ""Flashcard"",
      ""text"": ""Why do organizations classify data into levels such as public, internal, and confidential?"",
      ""acceptedAnswer"": {
        ""@type"": ""Answer"",
        ""text"": ""To apply protection appropriate to each data's sensitivity. Data classification lets an organization apply controls proportional to sensitivity, focusing strong protections where they matter most. It is not about publishing, auto-deleting, or avoiding encryption.""
      }
    },
    {
      ""@context"": ""https://schema.org/"",
      ""@type"": ""Question"",
      ""eduQuestionType"": ""Flashcard"",
      ""text"": ""In symmetric encryption such as AES, the SAME key is used to:"",
      ""acceptedAnswer"": {
        ""@type"": ""Answer"",
        ""text"": ""Both encrypt and decrypt the data. Symmetric encryption uses a single shared key for both encryption and decryption. Using different keys for each operation describes asymmetric encryption, and hashing is one-way.""
      }
    },
    {
      ""@context"": ""https://schema.org/"",
      ""@type"": ""Question"",
      ""eduQuestionType"": ""Flashcard"",
      ""text"": ""What is the KEY difference between hashing and encryption?"",
      ""acceptedAnswer"": {
        ""@type"": ""Answer"",
        ""text"": ""Hashing is one-way and not meant to be reversed; encryption is reversible with the correct key. Hashing is a one-way function used for integrity and password storage and is not meant to be reversed, while encryption is designed to be reversed with the correct key. The other statements reverse or confuse these properties.""
      }
    },
    {
      ""@context"": ""https://schema.org/"",
      ""@type"": ""Question"",
      ""eduQuestionType"": ""Flashcard"",
      ""text"": ""A database stores user passwords. Which storage approach is the MOST secure?"",
      ""acceptedAnswer"": {
        ""@type"": ""Answer"",
        ""text"": ""Store salted hashes of passwords, never the passwords themselves. Storing salted hashes means the original passwords are never kept and identical passwords produce different hashes, resisting precomputed attacks. Plaintext is unsafe, a key stored beside the data offers little protection, and reversing characters is trivial to undo.""
      }
    },
    {
      ""@context"": ""https://schema.org/"",
      ""@type"": ""Question"",
      ""eduQuestionType"": ""Flashcard"",
      ""text"": ""Why is a unique 'salt' added to each password before hashing?"",
      ""acceptedAnswer"": {
        ""@type"": ""Answer"",
        ""text"": ""So identical passwords produce different hashes, defeating precomputed (rainbow table) attacks. A unique salt ensures identical passwords hash to different values, defeating rainbow-table lookups. It does not shorten passwords, encrypt connections, or make hashes reversible.""
      }
    },
    {
      ""@context"": ""https://schema.org/"",
      ""@type"": ""Question"",
      ""eduQuestionType"": ""Flashcard"",
      ""text"": ""Which statements about encrypting stored data ('at rest') are TRUE?\n\nI.   It protects confidentiality if storage media are stolen\nII.  Proper key management is essential to its effectiveness\nIII. It guarantees the data can never be altered"",
      ""acceptedAnswer"": {
        ""@type"": ""Answer"",
        ""text"": ""I and II only. Encryption at rest protects confidentiality of stolen media (I) and depends on sound key management (II). It does not by itself guarantee integrity (III); detecting alteration requires additional controls such as hashing or signatures.""
      }
    },
    {
      ""@context"": ""https://schema.org/"",
      ""@type"": ""Question"",
      ""eduQuestionType"": ""Flashcard"",
      ""text"": ""In asymmetric (public-key) cryptography, if Alice wants others to send her confidential messages, she publishes which key, and keeps which key secret?"",
      ""acceptedAnswer"": {
        ""@type"": ""Answer"",
        ""text"": ""Publishes her public key; keeps her private key secret. Senders encrypt with Alice's public key, which she can share freely; only her secret private key can decrypt. Publishing the private key would destroy the system's security.""
      }
    },
    {
      ""@context"": ""https://schema.org/"",
      ""@type"": ""Question"",
      ""eduQuestionType"": ""Flashcard"",
      ""text"": ""To create a digital signature proving a message came from her and was not altered, the sender encrypts a hash of the message with which key, and recipients verify it with which key?"",
      ""acceptedAnswer"": {
        ""@type"": ""Answer"",
        ""text"": ""Signs with her private key; verified with her public key. A digital signature is created with the sender's private key and verified with the sender's public key, proving authenticity and integrity since only she holds the private key. Using the recipient's keys would provide confidentiality, not a signature.""
      }
    },
    {
      ""@context"": ""https://schema.org/"",
      ""@type"": ""Question"",
      ""eduQuestionType"": ""Flashcard"",
      ""text"": ""Which statements correctly contrast symmetric and asymmetric cryptography?\n\nI.   Symmetric uses one shared key; asymmetric uses a public/private key pair\nII.  Asymmetric solves the problem of securely distributing a shared secret\nIII. Symmetric encryption is generally slower than asymmetric for large data"",
      ""acceptedAnswer"": {
        ""@type"": ""Answer"",
        ""text"": ""I and II only. Symmetric uses one shared key while asymmetric uses a key pair (I), and asymmetric helps distribute keys without a prior shared secret (II). Statement III is false: symmetric encryption is generally FASTER than asymmetric for bulk data.""
      }
    },
    {
      ""@context"": ""https://schema.org/"",
      ""@type"": ""Question"",
      ""eduQuestionType"": ""Flashcard"",
      ""text"": ""Secure messaging often uses asymmetric cryptography to exchange a key and then symmetric encryption for the conversation itself. Why combine them this way?"",
      ""acceptedAnswer"": {
        ""@type"": ""Answer"",
        ""text"": ""Asymmetric safely shares the key without a prior secret, while faster symmetric encryption handles the bulk data. Asymmetric cryptography solves secure key distribution, then efficient symmetric encryption protects the actual data - leveraging the strength of each. Symmetric is faster (not unbreakable), and the scheme still relies on keys.""
      }
    },
    {
      ""@context"": ""https://schema.org/"",
      ""@type"": ""Question"",
      ""eduQuestionType"": ""Flashcard"",
      ""text"": ""When a browser connects to an HTTPS site, a digital certificate signed by a trusted certificate authority primarily lets the browser:"",
      ""acceptedAnswer"": {
        ""@type"": ""Answer"",
        ""text"": ""Verify that the site's public key really belongs to that site. A CA-signed certificate binds a public key to a verified identity, letting the browser trust that the key belongs to the legitimate site. It is unrelated to image speed, password storage, or firewalls.""
      }
    },
    {
      ""@context"": ""https://schema.org/"",
      ""@type"": ""Question"",
      ""eduQuestionType"": ""Flashcard"",
      ""text"": ""Which secure-coding technique MOST directly prevents SQL injection?"",
      ""acceptedAnswer"": {
        ""@type"": ""Answer"",
        ""text"": ""Using parameterized queries (prepared statements) that separate code from data. Parameterized queries keep user input as data rather than executable query code, neutralizing injection. A longer DB password, an obscured server name, and more memory do not address the injection flaw.""
      }
    },
    {
      ""@context"": ""https://schema.org/"",
      ""@type"": ""Question"",
      ""eduQuestionType"": ""Flashcard"",
      ""text"": ""Why is server-side input validation more trustworthy than relying only on validation in the browser?"",
      ""acceptedAnswer"": {
        ""@type"": ""Answer"",
        ""text"": ""Attackers can bypass client-side checks by sending requests directly to the server. Client-side checks can be skipped by crafting requests directly to the server, so validation must also occur server-side where the attacker cannot disable it. Browsers can run validation, but it is not authoritative.""
      }
    },
    {
      ""@context"": ""https://schema.org/"",
      ""@type"": ""Question"",
      ""eduQuestionType"": ""Flashcard"",
      ""text"": ""Which practices strengthen application security?\n\nI.   Validating and sanitizing all untrusted input\nII.  Keeping libraries and frameworks patched\nIII. Displaying detailed internal error messages with stack traces to all users"",
      ""acceptedAnswer"": {
        ""@type"": ""Answer"",
        ""text"": ""I and II only. Validating input (I) and patching dependencies (II) strengthen security. Showing detailed internal errors and stack traces to all users (III) leaks information attackers can exploit and is a weakness.""
      }
    },
    {
      ""@context"": ""https://schema.org/"",
      ""@type"": ""Question"",
      ""eduQuestionType"": ""Flashcard"",
      ""text"": ""A development team adopts the practices below. Which one is a SECURITY MISTAKE?"",
      ""acceptedAnswer"": {
        ""@type"": ""Answer"",
        ""text"": ""Practice II. Committing the database admin password to a public repository (II) exposes the secret to anyone who views the code. Sanitizing input, patching dependencies, and using HTTPS are all sound practices.""
      }
    },
    {
      ""@context"": ""https://schema.org/"",
      ""@type"": ""Question"",
      ""eduQuestionType"": ""Flashcard"",
      ""text"": ""A web application firewall (WAF) protects an application by:"",
      ""acceptedAnswer"": {
        ""@type"": ""Answer"",
        ""text"": ""Inspecting and filtering web requests to block common attacks like injection attempts. A WAF inspects HTTP traffic and blocks malicious patterns such as injection or XSS attempts. It does not encrypt client disks, provide physical security, or eliminate the need for secure coding and input validation.""
      }
    },
    {
      ""@context"": ""https://schema.org/"",
      ""@type"": ""Question"",
      ""eduQuestionType"": ""Flashcard"",
      ""text"": ""A system stores a cryptographic hash of an important file and periodically recomputes it to confirm the file has not changed. This technique detects:"",
      ""acceptedAnswer"": {
        ""@type"": ""Answer"",
        ""text"": ""Unauthorized modification of the file (integrity violations). Comparing a stored hash to a freshly computed one (file integrity monitoring) reveals unauthorized changes, supporting the integrity goal. It does not measure power, temperature, or typing speed.""
      }
    },
    {
      ""@context"": ""https://schema.org/"",
      ""@type"": ""Question"",
      ""eduQuestionType"": ""Flashcard"",
      ""text"": ""Logs show that a marketing employee's account suddenly queried and exported the entire customer payment-card table at 3:00 AM. The MOST appropriate interpretation is that:"",
      ""acceptedAnswer"": {
        ""@type"": ""Answer"",
        ""text"": ""The account may be compromised or misused and the access should be investigated. A role-inappropriate, large, off-hours data export is a strong anomaly suggesting account compromise or misuse and warrants investigation. Dismissing it as normal, a backup, or routine ignores a clear red flag.""
      }
    },
    {
      ""@context"": ""https://schema.org/"",
      ""@type"": ""Question"",
      ""eduQuestionType"": ""Flashcard"",
      ""text"": ""Which signals could indicate an attack against an application or its data?\n\nI.   A spike in database errors matching injection-style input\nII.  A WAF logging many blocked malicious requests from one source\nIII. A routine, scheduled software update being applied"",
      ""acceptedAnswer"": {
        ""@type"": ""Answer"",
        ""text"": ""I and II only. A burst of injection-style errors (I) and many blocked malicious requests from one source (II) indicate attack activity. A scheduled software update (III) is normal maintenance, not an attack signal.""
      }
    },
    {
      ""@context"": ""https://schema.org/"",
      ""@type"": ""Question"",
      ""eduQuestionType"": ""Flashcard"",
      ""text"": ""An application's monitoring is configured as below. Which choice MOST weakens the ability to detect data attacks?"",
      ""acceptedAnswer"": {
        ""@type"": ""Answer"",
        ""text"": ""Choice III. Disabling logging on the most sensitive table (III) creates a blind spot exactly where attacks would be most damaging. Logging access, alerting on large exports, and reviewing WAF alerts all aid detection.""
      }
    },
    {
      ""@context"": ""https://schema.org/"",
      ""@type"": ""Question"",
      ""eduQuestionType"": ""Flashcard"",
      ""text"": ""Which combination BEST reflects defense in depth for protecting a sensitive customer database?"",
      ""acceptedAnswer"": {
        ""@type"": ""Answer"",
        ""text"": ""Encrypt the data at rest, enforce least-privilege access, validate application input, and log/monitor access. Combining encryption, least-privilege access control, input validation, and monitoring layers independent controls so no single failure exposes the data. A lone password, obscurity, or a single firewall with no logging are all single points of failure.""
      }
    },
    {
      ""@context"": ""https://schema.org/"",
      ""@type"": ""Question"",
      ""eduQuestionType"": ""Flashcard"",
      ""text"": ""Which cryptographic tool is the RIGHT choice to verify that a downloaded file was not altered in transit, without needing to keep it secret?"",
      ""acceptedAnswer"": {
        ""@type"": ""Answer"",
        ""text"": ""A published hash (checksum) of the file. Comparing a freshly computed hash to a trusted published checksum verifies integrity without secrecy. A Wi-Fi password, CPU speed, and monitor size are unrelated to verifying file integrity.""
      }
    },
    {
      ""@context"": ""https://schema.org/"",
      ""@type"": ""Question"",
      ""eduQuestionType"": ""Flashcard"",
      ""text"": ""Which measures help defend a web app against injection attacks?\n\nI.   Parameterized queries that separate code from data\nII.  Validating input against strict expected formats\nIII. Trusting all input that comes from logged-in users"",
      ""acceptedAnswer"": {
        ""@type"": ""Answer"",
        ""text"": ""I and II only. Parameterized queries (I) and strict input validation (II) defend against injection. Trusting input merely because a user is logged in (III) is unsafe, since authenticated users can also send malicious input.""
      }
    },
    {
      ""@context"": ""https://schema.org/"",
      ""@type"": ""Question"",
      ""eduQuestionType"": ""Flashcard"",
      ""text"": ""Why should organizations periodically review who has access to sensitive data?"",
      ""acceptedAnswer"": {
        ""@type"": ""Answer"",
        ""text"": ""To remove access that is no longer needed and catch over-privileged accounts. Access reviews catch lingering or excessive permissions (e.g., after role changes), enforcing least privilege over time. They are not about publishing data, deleting databases, or disabling encryption.""
      }
    },
    {
      ""@context"": ""https://schema.org/"",
      ""@type"": ""Question"",
      ""eduQuestionType"": ""Flashcard"",
      ""text"": ""A company encrypts its backups but stores the only copy of the decryption key on the same server as the backups, with no other copy. What is the MAIN risk?"",
      ""acceptedAnswer"": {
        ""@type"": ""Answer"",
        ""text"": ""If that server is lost or its key is stolen, the encryption is either useless or the data becomes unrecoverable. Co-locating the sole key with the encrypted data means an attacker who reaches the server gets both, and losing the server destroys the only key, making data unrecoverable - both reflect poor key management. The other options are nonsensical.""
      }
    },
    {
      ""@context"": ""https://schema.org/"",
      ""@type"": ""Question"",
      ""eduQuestionType"": ""Flashcard"",
      ""text"": ""A valid digital signature on a contract provides non-repudiation, meaning:"",
      ""acceptedAnswer"": {
        ""@type"": ""Answer"",
        ""text"": ""The signer cannot credibly deny having signed it, since only their private key could produce the signature. Because only the signer holds the private key used to sign, a valid signature ties the action to them, so they cannot plausibly deny it - that is non-repudiation. A signature authenticates and protects integrity; it does not conceal the document's contents.""
      }
    },
    {
      ""@context"": ""https://schema.org/"",
      ""@type"": ""Question"",
      ""eduQuestionType"": ""Flashcard"",
      ""text"": ""Match each control to the security goal it primarily supports. Which pairings are correct?\n\nI.   Hashing a file and rechecking it later - integrity\nII.  Encrypting stored customer data - confidentiality\nIII. Keeping tested backups of the database - availability"",
      ""acceptedAnswer"": {
        ""@type"": ""Answer"",
        ""text"": ""I, II, and III. Re-hashing verifies integrity, encryption protects confidentiality, and tested backups restore availability. All three pairings correctly map a control to its primary CIA goal.""
      }
    },
    {
      ""@context"": ""https://schema.org/"",
      ""@type"": ""Question"",
      ""eduQuestionType"": ""Flashcard"",
      ""text"": ""A records system uses the access rules below. Which rule violates least privilege?"",
      ""acceptedAnswer"": {
        ""@type"": ""Answer"",
        ""text"": ""Rule III. Allowing every employee to edit every full record (III) grants far more access than any single role needs, violating least privilege. Scoped access for nurses and billing staff, and revoking access on departure, all uphold it.""
      }
    },
    {
      ""@context"": ""https://schema.org/"",
      ""@type"": ""Question"",
      ""eduQuestionType"": ""Flashcard"",
      ""text"": ""An app is vulnerable to cross-site scripting. Which fix MOST directly addresses it?"",
      ""acceptedAnswer"": {
        ""@type"": ""Answer"",
        ""text"": ""Properly encoding/escaping user-supplied content before it is rendered in the page. Encoding or escaping user content before rendering prevents the browser from executing injected scripts, directly fixing XSS. Server speed, session timeout, and renaming do not address the flaw.""
      }
    },
    {
      ""@context"": ""https://schema.org/"",
      ""@type"": ""Question"",
      ""eduQuestionType"": ""Flashcard"",
      ""text"": ""An immutable audit trail of who accessed or changed sensitive data is valuable because it:"",
      ""acceptedAnswer"": {
        ""@type"": ""Answer"",
        ""text"": ""Supports accountability and helps reconstruct what happened during an incident. A tamper-resistant audit trail provides accountability and an investigative record after an incident. It does not by itself prevent attacks, encrypt traffic, or replace access controls.""
      }
    },
    {
      ""@context"": ""https://schema.org/"",
      ""@type"": ""Question"",
      ""eduQuestionType"": ""Flashcard"",
      ""text"": ""A file must give the owner read, write, and execute; the group read and execute; and others no access. Which chmod numeric command sets exactly these permissions?"",
      ""acceptedAnswer"": {
        ""@type"": ""Answer"",
        ""text"": ""chmod 750 report.txt. Each digit is the sum of 4 (read) + 2 (write) + 1 (execute), read in owner-group-other order. The owner needs rwx (4+2+1=7), the group needs r-x (4+1=5), and others need nothing (0), giving 750. 640 denies the owner execute, 755 lets others read and execute, and 570 reverses the owner and group values.""
      }
    },
    {
      ""@context"": ""https://schema.org/"",
      ""@type"": ""Question"",
      ""eduQuestionType"": ""Flashcard"",
      ""text"": ""An analyst relies only on cryptographic hash checks to detect attacks on a sensitive file. Which attack would this method FAIL to detect?"",
      ""acceptedAnswer"": {
        ""@type"": ""Answer"",
        ""text"": ""An attacker copies and exfiltrates the file without changing it. Hash comparison only reveals whether data have been altered. Modifying, appending, and encrypting all change the file, so the recomputed hash would not match. Copying the file leaves it byte-for-byte identical, so the hash still matches even though the data were stolen. This is the classic false negative for hash-based integrity monitoring, and it is why hashing is paired with access logging or DLP.""
      }
    }
  ]
}
</script>","TRUE","2026-03-01","AP Cybersecurity Unit 5 Practice Questions with Answers","41 free AP Cybersecurity practice questions for Unit 5, Securing Applications and Data, grouped by CED topic. Every question shows the answer and why the other options fail. No login."
