"Handle","Command","Body HTML"
"ap-csp-course-bi2-binary-numbers","MERGE","<!--
  PAGE: /pages/ap-csp-course-bi2-binary-numbers
  TITLE: AP CSP 2.1 Binary Numbers | Bits, Bytes, and Binary to Decimal
  META: AP CSP Topic 2.1: bits and bytes, binary to decimal conversion, overflow and roundoff, and analog versus digital. 6 exam MCQs plus the Binary Conversion Race game.
-->

<style>
  @import url('https://fonts.googleapis.com/css2?family=DM+Serif+Display:ital@0;1&family=DM+Sans:ital,opsz,wght@0,9..40,300;0,9..40,400;0,9..40,500;0,9..40,600;0,9..40,700;1,9..40,400&display=swap');
  :root{--navy:#0f1f3d;--bi3:#1a56db;--bi3-lt:#93c5fd;--bi3-bg:#eff6ff;--bi3-dk:#1e40af;--green:#16a34a;--amber:#d97706;--red:#dc2626;--slate:#64748b;--white:#ffffff;--py:#3b82f6;--pseudo:#8b5cf6;}
  *{box-sizing:border-box;margin:0;padding:0;}
  .lesson-page{font-family:""DM Sans"",sans-serif;color:var(--navy);background:#f8fafc;line-height:1.6;}

  .lesson-breadcrumb{background:#fff;border-bottom:1px solid #e2e8f0;padding:12px 24px;}
  .lesson-breadcrumb-inner{max-width:880px;margin:0 auto;display:flex;align-items:center;gap:8px;font-size:13px;color:var(--slate);flex-wrap:wrap;}
  .lesson-breadcrumb a{color:var(--bi3)!important;-webkit-text-fill-color:var(--bi3)!important;text-decoration:none;font-weight:500;}
  .bc-sep{color:#cbd5e1;}

  .social-proof-bar{background:#fff;border-bottom:1px solid #e2e8f0;padding:10px 24px;}
  .social-proof-inner{max-width:880px;margin:0 auto;display:flex;flex-wrap:wrap;align-items:center;gap:6px 20px;font-size:13px;color:var(--slate);}
  .social-proof-item{display:flex;align-items:center;gap:5px;font-weight:500;}
  .social-proof-item strong{color:var(--navy)!important;-webkit-text-fill-color:var(--navy)!important;}

  .lesson-hero{background:var(--navy);background-image:radial-gradient(ellipse 60% 70% at 90% 20%,rgba(26,86,219,.28) 0%,transparent 60%);padding:48px 24px 40px;}
  .lesson-hero-inner{max-width:880px;margin:0 auto;}
  .lesson-hero-meta{display:flex;align-items:center;gap:10px;flex-wrap:wrap;margin-bottom:16px;}
  .lesson-num-badge{display:inline-flex;align-items:center;justify-content:center;width:44px;height:44px;border-radius:10px;background:var(--bi3);font-weight:700;font-size:14px;color:#fff!important;-webkit-text-fill-color:#fff!important;flex-shrink:0;}
  .lesson-eyebrow{font-size:12px;font-weight:700;letter-spacing:.08em;text-transform:uppercase;color:var(--bi3-lt)!important;-webkit-text-fill-color:var(--bi3-lt)!important;}
  .lesson-hero h1{font-family:""DM Serif Display"",serif!important;font-size:clamp(26px,4vw,40px)!important;line-height:1.2!important;color:#fff!important;-webkit-text-fill-color:#fff!important;margin-bottom:14px!important;}
  .lesson-hero-pills{display:flex;flex-wrap:wrap;gap:8px;}
  .lesson-pill{display:inline-flex;align-items:center;gap:5px;background:rgba(255,255,255,.08);border:1px solid rgba(255,255,255,.15);padding:5px 12px;border-radius:100px;font-size:12px;color:#e2e8f0!important;-webkit-text-fill-color:#e2e8f0!important;}
  .ced-tag{display:inline-flex;align-items:center;background:rgba(26,86,219,.25);border:1px solid rgba(147,197,253,.3);padding:4px 10px;border-radius:100px;font-size:11px;font-weight:600;color:#bfdbfe!important;-webkit-text-fill-color:#bfdbfe!important;letter-spacing:.04em;}

  /* PROGRESS STRIP */
  .bi3-progress{background:#fff!important;border-bottom:1px solid #e2e8f0!important;padding:14px 20px!important;overflow-x:auto!important;-webkit-overflow-scrolling:touch!important;}
  .bi3-progress-inner{display:flex!important;flex-direction:row!important;flex-wrap:nowrap!important;align-items:center!important;gap:0!important;width:max-content!important;min-width:100%!important;}
  .prog-step{display:flex!important;flex-direction:column!important;align-items:center!important;min-width:46px!important;text-align:center!important;flex-shrink:0!important;}
  .prog-step-link{display:flex!important;flex-direction:column!important;align-items:center!important;min-width:46px!important;text-align:center!important;flex-shrink:0!important;text-decoration:none!important;cursor:pointer!important;}
  .prog-step-link:hover .prog-dot{background:#dbeafe!important;color:var(--bi3)!important;-webkit-text-fill-color:var(--bi3)!important;border-color:var(--bi3)!important;}
  .prog-dot{width:26px!important;height:26px!important;border-radius:50%!important;display:flex!important;align-items:center!important;justify-content:center!important;font-size:9px!important;font-weight:700!important;margin-bottom:4px!important;flex-shrink:0!important;}
  .prog-dot.active{background:var(--bi3)!important;color:#fff!important;-webkit-text-fill-color:#fff!important;}
  .prog-dot.upcoming{background:#f1f5f9!important;color:#94a3b8!important;-webkit-text-fill-color:#94a3b8!important;border:2px solid #e2e8f0!important;}
  .prog-dot.done{background:#dbeafe!important;color:var(--bi3)!important;-webkit-text-fill-color:var(--bi3)!important;border:2px solid var(--bi3)!important;}
  .prog-label{font-size:8px!important;font-weight:600!important;color:#64748b!important;-webkit-text-fill-color:#64748b!important;line-height:1.2!important;white-space:nowrap!important;}
  .prog-label.active-label{color:var(--bi3)!important;-webkit-text-fill-color:var(--bi3)!important;}
  .prog-arrow{flex:1 0 4px!important;height:2px!important;background:#e2e8f0!important;margin-bottom:18px!important;min-width:4px!important;max-width:16px!important;flex-shrink:0!important;}

  /* MAIN */
  .lesson-main{max-width:880px;margin:0 auto;padding:40px 24px 80px;}
  .lesson-objectives{background:var(--bi3-bg);border-left:4px solid var(--bi3);border-radius:0 10px 10px 0;padding:20px 24px;margin-bottom:28px;}
  .lesson-objectives h2{font-size:14px!important;font-weight:700!important;color:var(--bi3-dk)!important;-webkit-text-fill-color:var(--bi3-dk)!important;text-transform:uppercase!important;letter-spacing:.06em!important;margin-bottom:12px!important;}
  .lesson-objectives ul{list-style:none;padding:0;display:flex;flex-direction:column;gap:8px;}
  .lesson-objectives li{display:flex;align-items:flex-start;gap:10px;font-size:14px;color:#1e3a8a;line-height:1.5;}
  .lesson-objectives li::before{content:""\2713"";color:var(--bi3);font-weight:700;flex-shrink:0;margin-top:1px;}
  .score-impact{background:#f0fdf4;border:1px solid #bbf7d0;border-radius:8px;padding:12px 18px;margin-bottom:28px;display:flex;align-items:center;gap:10px;font-size:14px;color:#14532d;}
  .score-impact strong{color:#14532d!important;-webkit-text-fill-color:#14532d!important;}

  /* HOOK */
  .hook-box{background:linear-gradient(135deg,#1e3a8a 0%,#1e40af 100%);border-radius:12px;padding:24px 28px;margin-bottom:32px;}
  .hook-label{font-size:11px;font-weight:700;letter-spacing:.1em;text-transform:uppercase;color:var(--bi3-lt)!important;-webkit-text-fill-color:var(--bi3-lt)!important;margin-bottom:8px;}
  .hook-box p{font-size:15px!important;color:#bfdbfe!important;-webkit-text-fill-color:#bfdbfe!important;line-height:1.7!important;margin-bottom:0!important;}

  /* LESSON SECTIONS */
  .lesson-section{margin-bottom:40px;}
  .lesson-section h2{font-family:""DM Serif Display"",serif!important;font-size:24px!important;color:var(--navy)!important;-webkit-text-fill-color:var(--navy)!important;margin-bottom:14px!important;padding-bottom:10px!important;border-bottom:2px solid var(--bi3-bg)!important;}
  .lesson-section h3{font-size:17px!important;font-weight:700!important;color:var(--navy)!important;-webkit-text-fill-color:var(--navy)!important;margin-top:24px!important;margin-bottom:10px!important;}
  .lesson-section p{font-size:15px;color:#374151;line-height:1.8;margin-bottom:14px;}
  .lesson-section ul,.lesson-section ol{padding-left:20px;margin-bottom:14px;}
  .lesson-section li{font-size:15px;color:#374151;line-height:1.7;margin-bottom:6px;}
  .lesson-section code{background:#eef2ff;color:#1e3a8a!important;-webkit-text-fill-color:#1e3a8a!important;padding:1px 6px;border-radius:5px;font-size:13px;}

  /* DUAL CODE PANEL */
  .code-panel-wrap{margin:20px 0;border-radius:12px;overflow:hidden;border:1px solid #e2e8f0;}
  .code-panel-tabs{display:flex;background:#1e293b;}
  .code-tab{padding:8px 16px;font-size:12px;font-weight:700;cursor:pointer;border:none;background:transparent;letter-spacing:.04em;transition:background .15s;font-family:inherit;}
  .code-tab.py{color:#93c5fd!important;-webkit-text-fill-color:#93c5fd!important;}
  .code-tab.pseudo{color:#c4b5fd!important;-webkit-text-fill-color:#c4b5fd!important;}
  .code-tab.active{background:rgba(255,255,255,.15)!important;}
  .code-tab-label{font-size:10px;opacity:.6;margin-left:4px;font-weight:400;}
  .code-pane{background:#0f172a;padding:18px 20px;overflow-x:auto;height:0;overflow:hidden;padding:0;}
  .code-pane.active{height:auto;overflow-x:auto;padding:18px 20px;}
  .code-pane pre{font-family:monospace;font-size:13px;line-height:1.8;margin:0;white-space:pre-wrap;word-break:break-word;max-width:100%;color:#e2e8f0!important;-webkit-text-fill-color:#e2e8f0!important;}
  .py-kw{color:#93c5fd!important;-webkit-text-fill-color:#93c5fd!important;font-weight:700;}
  .py-fn{color:#6ee7b7!important;-webkit-text-fill-color:#6ee7b7!important;}
  .py-num{color:#fde68a!important;-webkit-text-fill-color:#fde68a!important;}
  .py-str{color:#f9a8d4!important;-webkit-text-fill-color:#f9a8d4!important;}
  .py-comment{color:#475569!important;-webkit-text-fill-color:#475569!important;font-style:italic;}
  .py-var{color:#e2e8f0!important;-webkit-text-fill-color:#e2e8f0!important;}
  .py-op{color:#94a3b8!important;-webkit-text-fill-color:#94a3b8!important;}
  .ps-kw{color:#c4b5fd!important;-webkit-text-fill-color:#c4b5fd!important;font-weight:700;}
  .ps-op{color:#f9a8d4!important;-webkit-text-fill-color:#f9a8d4!important;}
  .ps-num{color:#fde68a!important;-webkit-text-fill-color:#fde68a!important;}
  .ps-str{color:#86efac!important;-webkit-text-fill-color:#86efac!important;}
  .ps-comment{color:#475569!important;-webkit-text-fill-color:#475569!important;font-style:italic;}
  .ps-var{color:#e2e8f0!important;-webkit-text-fill-color:#e2e8f0!important;}

  /* CALLOUTS */
  .callout-exam{background:#fffbeb;border:1px solid #fcd34d;border-left:4px solid var(--amber);border-radius:0 8px 8px 0;padding:16px 20px;margin:20px 0;}
  .callout-exam-label{font-size:11px;font-weight:700;letter-spacing:.08em;text-transform:uppercase;color:var(--amber)!important;-webkit-text-fill-color:var(--amber)!important;margin-bottom:6px;}
  .callout-exam p{font-size:14px!important;color:#78350f!important;-webkit-text-fill-color:#78350f!important;margin-bottom:0!important;line-height:1.6!important;}
  .callout-trap{background:#fef2f2;border:1px solid #fca5a5;border-left:4px solid var(--red);border-radius:0 8px 8px 0;padding:16px 20px;margin:20px 0;}
  .callout-trap-label{font-size:11px;font-weight:700;letter-spacing:.08em;text-transform:uppercase;color:var(--red)!important;-webkit-text-fill-color:var(--red)!important;margin-bottom:6px;}
  .callout-trap p{font-size:14px!important;color:#7f1d1d!important;-webkit-text-fill-color:#7f1d1d!important;margin-bottom:0!important;line-height:1.6!important;}

  /* MINI EXERCISES */
  .mini-ex{background:#fff;border:1px solid #bfdbfe;border-radius:12px;padding:20px 24px;margin:24px 0;}
  .mini-ex-label{display:flex;align-items:center;gap:8px;font-size:11px;font-weight:700;letter-spacing:.08em;text-transform:uppercase;color:var(--bi3-dk)!important;-webkit-text-fill-color:var(--bi3-dk)!important;margin-bottom:12px;}
  .mini-ex-q{font-size:15px;font-weight:600;color:var(--navy)!important;-webkit-text-fill-color:var(--navy)!important;margin-bottom:14px;line-height:1.5;}
  .mini-ex-code{background:#0f172a;border-radius:8px;padding:14px 16px;font-family:monospace;font-size:13px;line-height:1.8;margin-bottom:14px;overflow-x:auto;white-space:pre;display:block;}
  .mini-opts{display:flex;flex-direction:column;gap:7px;margin-bottom:10px;}
  .mini-opt{display:flex;align-items:center;gap:10px;padding:10px 14px;border:2px solid #e2e8f0;border-radius:8px;cursor:pointer;font-size:14px;font-family:monospace;color:#374151!important;-webkit-text-fill-color:#374151!important;background:#f8fafc;text-align:left;width:100%;transition:border-color .15s;}
  .mini-opt:hover{border-color:var(--bi3-lt);background:var(--bi3-bg);}
  .mini-opt.correct{border-color:var(--green)!important;background:#f0fdf4!important;color:#14532d!important;-webkit-text-fill-color:#14532d!important;}
  .mini-opt.incorrect{border-color:var(--red)!important;background:#fef2f2!important;color:#7f1d1d!important;-webkit-text-fill-color:#7f1d1d!important;}
  .mini-opt.reveal{border-color:var(--green)!important;background:#f0fdf4!important;}
  .mini-opt-letter{font-weight:700;color:var(--bi3)!important;-webkit-text-fill-color:var(--bi3)!important;min-width:18px;font-family:inherit;}
  .mini-opt.correct .mini-opt-letter{color:#14532d!important;-webkit-text-fill-color:#14532d!important;}
  .mini-opt.incorrect .mini-opt-letter{color:#7f1d1d!important;-webkit-text-fill-color:#7f1d1d!important;}
  .mini-fib-row{display:flex;gap:8px;align-items:center;flex-wrap:wrap;margin-bottom:10px;}
  .mini-fib-input{padding:8px 12px;border:2px solid #e2e8f0;border-radius:8px;font-family:monospace;font-size:14px;width:130px;outline:none;color:var(--navy)!important;background:#f8fafc;}
  .mini-fib-input:focus{border-color:var(--bi3-lt);}
  .mini-fib-input.correct{border-color:var(--green);background:#f0fdf4;}
  .mini-fib-input.incorrect{border-color:var(--red);background:#fef2f2;}
  .mini-fib-btn{padding:8px 18px;background:var(--bi3);border:none;border-radius:8px;color:#fff!important;-webkit-text-fill-color:#fff!important;font-size:13px;font-weight:700;cursor:pointer;font-family:inherit;}
  .mini-fb{font-size:13px;font-weight:500;padding:8px 12px;border-radius:7px;margin-top:6px;display:none;line-height:1.5;}
  .mini-fb.c{background:#f0fdf4;color:var(--green)!important;-webkit-text-fill-color:var(--green)!important;display:block;}
  .mini-fb.w{background:#fef2f2;color:var(--red)!important;-webkit-text-fill-color:var(--red)!important;display:block;}

  /* VOCAB */
  .vocab-table{width:100%;border-collapse:collapse;margin-bottom:24px;font-size:14px;}
  .vocab-table thead tr{background:var(--bi3);}
  .vocab-table thead th{padding:10px 16px;text-align:left;font-weight:600;color:#fff!important;-webkit-text-fill-color:#fff!important;font-size:13px;}
  .vocab-table tbody tr:nth-child(even){background:var(--bi3-bg);}
  .vocab-table tbody tr:nth-child(odd){background:#fff;}
  .vocab-table tbody td{padding:10px 16px;border-bottom:1px solid #bfdbfe;color:#374151;vertical-align:top;line-height:1.5;}
  .vocab-table tbody td:first-child{font-weight:700;color:var(--bi3-dk)!important;-webkit-text-fill-color:var(--bi3-dk)!important;white-space:nowrap;}

  /* CPT CONNECTION */
  .cpt-connection{background:#fefce8;border:1px solid #fde68a;border-left:4px solid #f59e0b;border-radius:0 10px 10px 0;padding:20px 24px;margin:28px 0;}
  .cpt-connection-label{font-size:11px;font-weight:700;letter-spacing:.08em;text-transform:uppercase;color:#92400e!important;-webkit-text-fill-color:#92400e!important;margin-bottom:8px;}
  .cpt-connection h3{font-size:16px!important;font-weight:700!important;color:#78350f!important;-webkit-text-fill-color:#78350f!important;margin:16px 0 8px!important;}
  .cpt-connection p{font-size:14px!important;color:#78350f!important;-webkit-text-fill-color:#78350f!important;line-height:1.7!important;margin-bottom:12px!important;}
  .cpt-connection a{color:#b45309!important;-webkit-text-fill-color:#b45309!important;font-weight:600;text-decoration:underline;}
  .cpt-connection code{background:#fef3c7;color:#78350f!important;-webkit-text-fill-color:#78350f!important;padding:1px 6px;border-radius:5px;font-size:13px;}
  .cpt-stems{list-style:none;padding:0;margin:0 0 8px;display:flex;flex-direction:column;gap:8px;}
  .cpt-stems li{background:#fffef5;border:1px solid #fde68a;border-radius:8px;padding:10px 14px;font-size:13px!important;color:#78350f!important;-webkit-text-fill-color:#78350f!important;line-height:1.6;}
  .cpt-code{background:#0f172a;border-radius:8px;padding:14px 16px;font-family:monospace;font-size:13px;line-height:1.8;margin:6px 0 12px;overflow-x:auto;white-space:pre;display:block;color:#e2e8f0!important;-webkit-text-fill-color:#e2e8f0!important;}

  /* EMAIL */
  .email-capture{background:linear-gradient(135deg,#1e3a8a 0%,#1e40af 100%);border-radius:12px;padding:24px 28px;margin-bottom:36px;display:flex;align-items:center;gap:24px;flex-wrap:wrap;}
  .email-capture-text{flex:1;min-width:200px;}
  .email-capture-eyebrow{font-size:11px;font-weight:700;letter-spacing:.1em;text-transform:uppercase;color:var(--bi3-lt)!important;-webkit-text-fill-color:var(--bi3-lt)!important;margin-bottom:4px;}
  .email-capture h3{font-size:16px!important;font-weight:700!important;color:#fff!important;-webkit-text-fill-color:#fff!important;margin-bottom:4px!important;}
  .email-capture p{font-size:13px!important;color:#94a3b8!important;-webkit-text-fill-color:#94a3b8!important;margin-bottom:0!important;line-height:1.5!important;}
  .email-capture-form{display:flex;gap:8px;flex-wrap:wrap;flex-shrink:0;}
  .email-capture-input{padding:10px 14px;border-radius:8px;border:1px solid rgba(255,255,255,.2);background:rgba(255,255,255,.1);color:#fff!important;font-size:14px;font-family:inherit;min-width:180px;outline:none;}
  .email-capture-btn{padding:10px 20px!important;background:var(--bi3)!important;color:#fff!important;-webkit-text-fill-color:#fff!important;border:none!important;border-radius:8px!important;font-size:14px!important;font-weight:600!important;cursor:pointer!important;font-family:inherit!important;}
  .email-capture-success{display:none;font-size:14px;color:#93c5fd!important;-webkit-text-fill-color:#93c5fd!important;font-weight:600;padding:10px 0;}

  /* MCQ */
  .mcq-section{background:#fff;border:1px solid #e2e8f0;border-radius:14px;padding:28px;margin-bottom:40px;}
  .mcq-section-header{display:flex;align-items:center;gap:12px;margin-bottom:24px;padding-bottom:16px;border-bottom:2px solid var(--bi3-bg);}
  .mcq-section-icon{width:40px;height:40px;border-radius:10px;background:var(--bi3-bg);display:flex;align-items:center;justify-content:center;font-size:18px;flex-shrink:0;}
  .mcq-section-title{font-family:""DM Serif Display"",serif;font-size:20px;color:var(--navy)!important;-webkit-text-fill-color:var(--navy)!important;}
  .mcq-section-sub{font-size:13px;color:var(--slate);}
  .mcq-item{margin-bottom:28px;padding-bottom:28px;border-bottom:1px solid #f1f5f9;}
  .mcq-item:last-child{border-bottom:none;margin-bottom:0;padding-bottom:0;}
  .mcq-q-num{font-size:11px;font-weight:700;letter-spacing:.08em;text-transform:uppercase;color:var(--slate);margin-bottom:8px;}
  .diff-tag{display:inline-block;font-size:10px;font-weight:700;letter-spacing:.06em;text-transform:uppercase;padding:2px 8px;border-radius:100px;margin-left:8px;background:#fef2f2;color:#b91c1c!important;-webkit-text-fill-color:#b91c1c!important;border:1px solid #fca5a5;}
  .mcq-q-text{font-size:15px!important;font-weight:600!important;color:#0f1f3d!important;-webkit-text-fill-color:#0f1f3d!important;line-height:1.6!important;margin-bottom:12px!important;}
  .predict-note{font-size:12px;font-style:italic;color:#64748b!important;-webkit-text-fill-color:#64748b!important;margin-bottom:12px;}
  .mcq-code{background:#0f172a;border-radius:8px;padding:12px 14px;margin:10px 0 14px;font-family:monospace;font-size:13px;line-height:1.75;color:#e2e8f0!important;-webkit-text-fill-color:#e2e8f0!important;white-space:pre;overflow-x:auto;display:block;}
  .mcq-code .k{color:#93c5fd!important;-webkit-text-fill-color:#93c5fd!important;}
  .mcq-code .s{color:#f9a8d4!important;-webkit-text-fill-color:#f9a8d4!important;}
  .mcq-code .n{color:#fde68a!important;-webkit-text-fill-color:#fde68a!important;}
  .mcq-code .c{color:#64748b!important;-webkit-text-fill-color:#64748b!important;font-style:italic;}
  .mcq-roman{list-style:none;padding:0;margin:10px 0 14px;display:flex;flex-direction:column;gap:6px;}
  .mcq-roman li{font-family:monospace;font-size:13px;color:#1e293b!important;-webkit-text-fill-color:#1e293b!important;background:#f1f5f9;border-radius:6px;padding:8px 12px;}
  .mcq-roman li strong{color:var(--bi3-dk)!important;-webkit-text-fill-color:var(--bi3-dk)!important;font-family:""DM Sans"",sans-serif;margin-right:8px;}
  .mcq-options{display:flex;flex-direction:column;gap:8px;margin-bottom:12px;}
  .mcq-option{display:flex!important;align-items:flex-start!important;gap:12px!important;padding:11px 14px!important;border:2px solid #e2e8f0!important;border-radius:8px!important;cursor:pointer!important;background:#f8fafc!important;font-size:14px!important;color:#374151!important;-webkit-text-fill-color:#374151!important;line-height:1.5!important;text-align:left!important;width:100%!important;font-family:inherit!important;}
  .mcq-option:hover{border-color:var(--bi3-lt)!important;background:var(--bi3-bg)!important;}
  .mcq-option.correct{border-color:var(--green)!important;background:#f0fdf4!important;color:#14532d!important;-webkit-text-fill-color:#14532d!important;}
  .mcq-option.incorrect{border-color:var(--red)!important;background:#fef2f2!important;color:#7f1d1d!important;-webkit-text-fill-color:#7f1d1d!important;}
  .mcq-option.revealed-correct{border-color:var(--green)!important;background:#f0fdf4!important;}
  .mcq-option-letter{font-weight:700!important;color:var(--bi3)!important;-webkit-text-fill-color:var(--bi3)!important;flex-shrink:0!important;min-width:18px!important;}
  .mcq-option.correct .mcq-option-letter{color:#14532d!important;-webkit-text-fill-color:#14532d!important;}
  .mcq-option.incorrect .mcq-option-letter{color:#7f1d1d!important;-webkit-text-fill-color:#7f1d1d!important;}
  .mcq-feedback{display:none!important;padding:12px 16px!important;border-radius:8px!important;font-size:14px!important;line-height:1.6!important;margin-top:8px!important;}
  .mcq-feedback.show{display:block!important;}
  .mcq-feedback.correct-fb{background:#f0fdf4!important;color:#14532d!important;-webkit-text-fill-color:#14532d!important;border:1px solid #bbf7d0!important;}
  .mcq-feedback.incorrect-fb{background:#fef2f2!important;color:#7f1d1d!important;-webkit-text-fill-color:#7f1d1d!important;border:1px solid #fecaca!important;}

  /* GAME */
  .game-section{background:linear-gradient(135deg,#1e3a8a 0%,#1e40af 100%);border-radius:14px;padding:28px;margin-bottom:40px;}
  .game-badge{display:inline-block;background:rgba(147,197,253,.15);border:1px solid rgba(147,197,253,.35);color:var(--bi3-lt)!important;-webkit-text-fill-color:var(--bi3-lt)!important;font-size:11px;font-weight:700;letter-spacing:.1em;text-transform:uppercase;padding:5px 14px;border-radius:100px;margin-bottom:10px;}
  .game-title{font-family:""DM Serif Display"",serif!important;font-size:24px!important;color:#fff!important;-webkit-text-fill-color:#fff!important;margin-bottom:4px!important;}
  .game-sub{font-size:13px!important;color:#94a3b8!important;-webkit-text-fill-color:#94a3b8!important;margin-bottom:20px!important;}
  .vt-score-bar{display:flex;justify-content:space-between;background:rgba(255,255,255,.06);border-radius:10px;padding:12px 20px;margin-bottom:20px;flex-wrap:wrap;gap:8px;}
  .vt-stat{text-align:center;}
  .vt-stat-val{font-size:20px;font-weight:800;color:#fff!important;-webkit-text-fill-color:#fff!important;line-height:1;}
  .vt-stat-lbl{font-size:10px;color:#94a3b8!important;-webkit-text-fill-color:#94a3b8!important;margin-top:2px;}
  .vt-code-card{background:rgba(255,255,255,.06);border:1px solid rgba(255,255,255,.1);border-radius:12px;padding:18px 20px;margin-bottom:16px;}
  .vt-code-label{font-size:11px;font-weight:700;letter-spacing:.06em;text-transform:uppercase;color:var(--bi3-lt)!important;-webkit-text-fill-color:var(--bi3-lt)!important;margin-bottom:10px;}
  .vt-code-lines{font-family:monospace;font-size:14px;line-height:2;color:#e2e8f0!important;-webkit-text-fill-color:#e2e8f0!important;}
  .vt-line{display:block;padding:2px 8px;border-radius:4px;white-space:pre;}
  .vt-line.hl{background:rgba(147,197,253,.2);color:#93c5fd!important;-webkit-text-fill-color:#93c5fd!important;}
  .vt-question{font-size:15px;font-weight:600;color:#e2e8f0!important;-webkit-text-fill-color:#e2e8f0!important;margin-bottom:14px;}
  .vt-options{display:grid;grid-template-columns:1fr 1fr;gap:8px;margin-bottom:14px;}
  .vt-btn{padding:12px;border-radius:9px;border:2px solid rgba(255,255,255,.15);background:rgba(255,255,255,.06);cursor:pointer;font-size:15px;font-weight:700;color:#e2e8f0!important;-webkit-text-fill-color:#e2e8f0!important;font-family:monospace;transition:all .15s;}
  .vt-btn:hover{border-color:var(--bi3-lt);background:rgba(26,86,219,.2);}
  .vt-btn.c{border-color:#4ade80;background:rgba(74,222,128,.15);color:#4ade80!important;-webkit-text-fill-color:#4ade80!important;}
  .vt-btn.w{border-color:#f87171;background:rgba(248,113,113,.15);color:#f87171!important;-webkit-text-fill-color:#f87171!important;}
  .vt-btn.rv{border-color:#4ade80;background:rgba(74,222,128,.08);}
  .vt-fb{padding:10px 14px;border-radius:8px;font-size:13px;font-weight:500;margin-bottom:12px;display:none;line-height:1.5;}
  .vt-fb.c{background:rgba(74,222,128,.1);color:#4ade80!important;-webkit-text-fill-color:#4ade80!important;display:block;}
  .vt-fb.w{background:rgba(248,113,113,.1);color:#f87171!important;-webkit-text-fill-color:#f87171!important;display:block;}
  .vt-next{display:none;width:100%;padding:12px;background:rgba(255,255,255,.1);border:2px solid rgba(255,255,255,.2);border-radius:8px;color:#fff!important;-webkit-text-fill-color:#fff!important;font-size:14px;font-weight:600;cursor:pointer;font-family:inherit;}
  .vt-next.show{display:block;}
  .vt-results{display:none;text-align:center;padding:20px;}
  .vt-results.show{display:block;}
  .vt-res-score{font-family:""DM Serif Display"",serif;font-size:52px;color:#fff!important;-webkit-text-fill-color:#fff!important;line-height:1;}
  .vt-res-lbl{font-size:14px;color:#94a3b8!important;-webkit-text-fill-color:#94a3b8!important;margin-bottom:12px;}
  .vt-res-msg{font-size:14px;color:#bfdbfe!important;-webkit-text-fill-color:#bfdbfe!important;margin-bottom:20px;line-height:1.6;}
  .vt-restart{background:rgba(255,255,255,.1);color:#fff!important;-webkit-text-fill-color:#fff!important;border:2px solid rgba(255,255,255,.2);border-radius:8px;padding:11px 24px;font-size:14px;font-weight:600;cursor:pointer;font-family:inherit;}

  /* CODE EDITOR (Pyodide live) */
  .code-editor-section{background:#0f172a;border-radius:14px;padding:28px;margin-bottom:40px;}
  .code-editor-badge{display:inline-block;background:rgba(147,197,253,.15);border:1px solid rgba(147,197,253,.35);color:var(--bi3-lt)!important;-webkit-text-fill-color:var(--bi3-lt)!important;font-size:11px;font-weight:700;letter-spacing:.1em;text-transform:uppercase;padding:5px 14px;border-radius:100px;margin-bottom:10px;}
  .code-editor-title{font-family:""DM Serif Display"",serif!important;font-size:22px!important;color:#fff!important;-webkit-text-fill-color:#fff!important;margin-bottom:4px!important;}
  .code-editor-sub{font-size:13px!important;color:#94a3b8!important;-webkit-text-fill-color:#94a3b8!important;margin-bottom:20px!important;line-height:1.6;}
  .code-problem{background:rgba(255,255,255,.04);border:1px solid rgba(255,255,255,.08);border-radius:10px;padding:18px 20px;margin-bottom:16px;}
  .scaffold-badge{display:inline-block;font-size:10px;font-weight:700;letter-spacing:.06em;text-transform:uppercase;padding:3px 10px;border-radius:100px;background:rgba(147,197,253,.15);color:var(--bi3-lt)!important;-webkit-text-fill-color:var(--bi3-lt)!important;border:1px solid rgba(147,197,253,.35);margin-bottom:8px;}
  .code-problem-num{font-size:11px;font-weight:700;letter-spacing:.06em;text-transform:uppercase;color:var(--bi3-lt)!important;-webkit-text-fill-color:var(--bi3-lt)!important;margin-bottom:8px;}
  .code-problem-prompt{font-size:14px!important;color:#e2e8f0!important;-webkit-text-fill-color:#e2e8f0!important;line-height:1.6!important;margin-bottom:12px!important;}
  .code-problem-prompt code{background:rgba(147,197,253,.12);color:#bfdbfe!important;-webkit-text-fill-color:#bfdbfe!important;padding:1px 6px;border-radius:5px;font-size:12px;}
  .code-textarea{width:100%;min-height:120px;background:#020617;border:2px solid rgba(255,255,255,.1);border-radius:8px;padding:14px 16px;font-family:monospace;font-size:13px;color:#e2e8f0!important;resize:vertical;outline:none;line-height:1.8;}
  .code-textarea:focus{border-color:var(--bi3-lt);}
  .code-btn-row{display:flex;gap:8px;margin-top:10px;flex-wrap:wrap;align-items:center;}
  .code-run-btn{padding:9px 20px!important;background:var(--bi3)!important;color:#fff!important;-webkit-text-fill-color:#fff!important;border:none!important;border-radius:7px!important;font-size:13px!important;font-weight:700!important;cursor:pointer!important;font-family:inherit!important;}
  .code-run-btn:disabled{opacity:.6;cursor:wait;}
  .code-hint-btn,.code-sol-btn{padding:9px 16px!important;background:rgba(255,255,255,.06)!important;color:#94a3b8!important;-webkit-text-fill-color:#94a3b8!important;border:1px solid rgba(255,255,255,.12)!important;border-radius:7px!important;font-size:13px!important;cursor:pointer!important;font-family:inherit!important;}
  .code-output{margin-top:10px;background:#020617;border-radius:8px;padding:12px 16px;font-family:monospace;font-size:13px;min-height:44px;display:none;line-height:1.7;white-space:pre-wrap;word-break:break-word;color:#e2e8f0!important;-webkit-text-fill-color:#e2e8f0!important;}
  .code-output.show{display:block;}
  .code-output.ok{color:#4ade80!important;-webkit-text-fill-color:#4ade80!important;}
  .code-output.err{color:#f87171!important;-webkit-text-fill-color:#f87171!important;}
  .code-hint{margin-top:8px;background:rgba(147,197,253,.06);border:1px solid rgba(147,197,253,.2);border-radius:8px;padding:10px 14px;font-size:13px;color:#bfdbfe!important;-webkit-text-fill-color:#bfdbfe!important;display:none;line-height:1.6;}
  .code-hint.show{display:block;}
  .code-solution{margin-top:8px;background:rgba(74,222,128,.06);border:1px solid rgba(74,222,128,.2);border-radius:8px;padding:12px 14px;font-family:monospace;font-size:13px;color:#bbf7d0!important;-webkit-text-fill-color:#bbf7d0!important;display:none;white-space:pre;line-height:1.8;overflow-x:auto;}
  .code-solution.show{display:block;}

  /* FAQ */
  .faq-section{margin-bottom:40px;}
  .faq-section h2{font-family:""DM Serif Display"",serif!important;font-size:24px!important;color:var(--navy)!important;-webkit-text-fill-color:var(--navy)!important;margin-bottom:14px!important;padding-bottom:10px!important;border-bottom:2px solid var(--bi3-bg)!important;}
  .faq-item{background:#fff;border:1px solid #e2e8f0;border-radius:10px;margin-bottom:10px;overflow:hidden;}
  .faq-q{width:100%;text-align:left;padding:16px 20px;background:none;border:none;cursor:pointer;display:flex;align-items:center;justify-content:space-between;gap:12px;font-size:15px!important;font-weight:600!important;color:var(--navy)!important;-webkit-text-fill-color:var(--navy)!important;font-family:inherit!important;line-height:1.4!important;}
  .faq-q:hover{background:#f8fafc;}
  .faq-icon{font-size:18px;color:var(--bi3)!important;-webkit-text-fill-color:var(--bi3)!important;flex-shrink:0;transition:transform .2s;font-style:normal;}
  .faq-item.open .faq-icon{transform:rotate(45deg);}
  .faq-a{display:none;padding:0 20px 16px;font-size:14px!important;color:#374151!important;-webkit-text-fill-color:#374151!important;line-height:1.7!important;border-top:1px solid #f1f5f9;}
  .faq-item.open .faq-a{display:block;}
  .faq-a code{background:#eef2ff;color:#1e3a8a!important;-webkit-text-fill-color:#1e3a8a!important;padding:1px 6px;border-radius:5px;font-size:13px;}

  /* RELATED + SUPERPACK + TEACHER + NAV */
  .related-links{background:#fff;border:1px solid #e2e8f0;border-radius:12px;padding:24px;margin-bottom:40px;}
  .related-links h3{font-size:15px!important;font-weight:700!important;color:var(--navy)!important;-webkit-text-fill-color:var(--navy)!important;margin-bottom:14px!important;}
  .related-links-grid{display:grid;grid-template-columns:repeat(auto-fill,minmax(200px,1fr));gap:8px;}
  .related-link{display:flex;align-items:center;gap:8px;padding:10px 12px;border-radius:8px;background:#f8fafc;text-decoration:none;font-size:13px!important;font-weight:500!important;color:var(--bi3)!important;-webkit-text-fill-color:var(--bi3)!important;border:1px solid #bfdbfe;transition:background .15s;line-height:1.3;}
  .related-link:link,.related-link:visited{color:var(--bi3)!important;-webkit-text-fill-color:var(--bi3)!important;}
  .related-link:hover{background:var(--bi3-bg);}
  .related-ext{color:var(--slate)!important;-webkit-text-fill-color:var(--slate)!important;border-color:#e2e8f0;}
  .superpack-slim{background:#fff;border:1px solid #bfdbfe;border-radius:10px;padding:16px 20px;display:flex;align-items:center;justify-content:space-between;gap:16px;flex-wrap:wrap;margin-bottom:36px;}
  .superpack-slim-icon{width:36px;height:36px;border-radius:8px;background:var(--bi3-bg);display:flex;align-items:center;justify-content:center;font-size:16px;flex-shrink:0;}
  .superpack-slim-text{font-size:14px;color:var(--navy)!important;-webkit-text-fill-color:var(--navy)!important;font-weight:600;line-height:1.3;}
  .superpack-slim-sub{font-size:12px;color:var(--slate);font-weight:400;display:block;margin-top:2px;}
  .superpack-slim-btn{display:inline-flex!important;align-items:center!important;gap:6px!important;background:var(--bi3)!important;color:#fff!important;-webkit-text-fill-color:#fff!important;padding:9px 18px!important;border-radius:7px!important;font-size:13px!important;font-weight:600!important;text-decoration:none!important;white-space:nowrap!important;}
  .superpack-slim-btn:link,.superpack-slim-btn:visited{color:#fff!important;-webkit-text-fill-color:#fff!important;}
  .teacher-callout{background:#f0f9ff;border:1px solid #bae6fd;border-radius:10px;padding:18px 22px;margin-bottom:28px;display:flex;align-items:flex-start;gap:14px;}
  .teacher-callout-icon{font-size:22px;flex-shrink:0;margin-top:2px;}
  .teacher-callout-body{flex:1;}
  .teacher-callout-label{font-size:12px;font-weight:700;letter-spacing:.06em;text-transform:uppercase;color:#0369a1!important;-webkit-text-fill-color:#0369a1!important;margin-bottom:4px;}
  .teacher-callout-body p{font-size:14px!important;color:#0c4a6e!important;-webkit-text-fill-color:#0c4a6e!important;margin-bottom:0!important;line-height:1.6!important;}
  .teacher-callout-body a{color:#0369a1!important;-webkit-text-fill-color:#0369a1!important;font-weight:600;text-decoration:underline;}
  .lesson-nav{display:grid;grid-template-columns:1fr 1fr;gap:14px;margin-bottom:40px;}
  .nav-card{background:#fff;border:1px solid #e2e8f0;border-radius:10px;padding:16px 20px;text-decoration:none;color:inherit;transition:box-shadow .15s;display:block;}
  .nav-card:hover{box-shadow:0 4px 16px rgba(26,86,219,.1);border-color:#bfdbfe;}
  .nav-card-dir{font-size:11px;font-weight:700;letter-spacing:.08em;text-transform:uppercase;color:var(--slate);margin-bottom:4px;}
  .nav-card-title{font-size:14px;font-weight:700;color:var(--bi3)!important;-webkit-text-fill-color:var(--bi3)!important;line-height:1.3;}
  .nav-card.next{border-left:3px solid var(--bi3);}

  @media(max-width:600px){
    .lesson-hero{padding:36px 20px 32px;}
    .lesson-main{padding:32px 20px 60px;}
    .vt-options{grid-template-columns:1fr 1fr;}
    .lesson-nav{grid-template-columns:1fr;}
    .mini-opts{gap:6px;}
  }
</style>
<style>
.code-usage{font-size:12px!important;color:#94a3b8!important;-webkit-text-fill-color:#94a3b8!important;margin:-6px 0 18px!important;padding:8px 12px!important;background:rgba(255,255,255,.04)!important;border:1px solid rgba(255,255,255,.08)!important;border-radius:8px!important;display:block!important;}
.code-usage strong{color:#bfdbfe!important;-webkit-text-fill-color:#bfdbfe!important;}
.code-problem-prompt ul.rules{margin:10px 0 4px!important;padding-left:0!important;list-style:none!important;}
.code-problem-prompt ul.rules li{position:relative;padding:3px 0 3px 20px!important;font-size:14px;color:#e2e8f0!important;-webkit-text-fill-color:#e2e8f0!important;line-height:1.55;}
.code-problem-prompt ul.rules li::before{content:""\25B8"";position:absolute;left:2px;color:#93c5fd!important;-webkit-text-fill-color:#93c5fd!important;}
.mcq-q-text ul.rules,.mini-ex-q ul.rules{margin:10px 0 4px!important;padding-left:0!important;list-style:none!important;}
.mcq-q-text ul.rules li,.mini-ex-q ul.rules li{position:relative;padding:3px 0 3px 20px!important;font-size:15px;font-weight:400;color:#1e293b!important;-webkit-text-fill-color:#1e293b!important;line-height:1.5;}
.mcq-q-text ul.rules li::before,.mini-ex-q ul.rules li::before{content:""\25B8"";position:absolute;left:2px;color:#1a56db!important;-webkit-text-fill-color:#1a56db!important;}
</style>
<style>

.lesson-visual{margin:0 0 40px!important;}
.lv-kicker{font-size:11px!important;font-weight:700!important;letter-spacing:.1em!important;text-transform:uppercase!important;color:#1a56db!important;-webkit-text-fill-color:#1a56db!important;margin:0 0 10px!important;}
/* before/after panel */
.ba{background:#fff!important;border:1px solid #e2e8f0!important;border-radius:14px!important;padding:20px!important;margin:0 0 14px!important;}
.ba-cap-top{font-size:12px!important;font-weight:700!important;letter-spacing:.06em!important;text-transform:uppercase!important;color:#1a56db!important;-webkit-text-fill-color:#1a56db!important;margin:0 0 14px!important;}
.ba-grid{display:grid!important;grid-template-columns:1fr auto 1fr!important;align-items:center!important;gap:14px!important;}
.ba-panel{border-radius:12px!important;padding:16px 14px!important;text-align:center!important;}
.ba-panel.before{background:#f8fafc!important;border:1px solid #e2e8f0!important;}
.ba-panel.after{background:#f0fdf4!important;border:1px solid #bbf7d0!important;}
.ba-label{font-size:11px!important;font-weight:700!important;letter-spacing:.05em!important;text-transform:uppercase!important;margin:0 0 8px!important;}
.ba-panel.before .ba-label{color:#64748b!important;-webkit-text-fill-color:#64748b!important;}
.ba-panel.after .ba-label{color:#166534!important;-webkit-text-fill-color:#166534!important;}
.ba-data{font-family:monospace!important;font-size:15px!important;letter-spacing:1px!important;color:#1e293b!important;-webkit-text-fill-color:#1e293b!important;word-break:break-all!important;}
.ba-meta{font-size:12px!important;color:#94a3b8!important;-webkit-text-fill-color:#94a3b8!important;margin-top:6px!important;}
.ba-arrow{font-size:26px!important;color:#1a56db!important;-webkit-text-fill-color:#1a56db!important;font-weight:700!important;}
.ba-caption{font-size:13px!important;color:#475569!important;-webkit-text-fill-color:#475569!important;line-height:1.55!important;margin:14px 0 0!important;padding-top:12px!important;border-top:1px solid #f1f5f9!important;}
.ba-caption strong{color:#166534!important;-webkit-text-fill-color:#166534!important;}
/* dark interactive card shell (shared by binary/rle/parallel/packet/io) */
.wgt{background:#0f172a!important;border-radius:16px!important;padding:22px!important;border:1px solid #1e293b!important;margin:0 0 14px!important;}
.wgt-h{font-family:""DM Serif Display"",serif!important;font-size:18px!important;color:#fff!important;-webkit-text-fill-color:#fff!important;margin:0 0 3px!important;}
.wgt-sub{font-size:13px!important;color:#93c5fd!important;-webkit-text-fill-color:#93c5fd!important;margin:0 0 18px!important;}
.wgt-btns{display:flex!important;gap:8px!important;justify-content:center!important;flex-wrap:wrap!important;margin-top:14px!important;}
.wgt-btn{font-family:""DM Sans"",sans-serif!important;font-size:13px!important;font-weight:700!important;padding:8px 14px!important;border-radius:9px!important;border:1px solid #334155!important;background:#1e293b!important;color:#cbd5e1!important;-webkit-text-fill-color:#cbd5e1!important;cursor:pointer!important;}
.wgt-btn:hover{background:#334155!important;}
.wgt-note{font-size:12.5px!important;color:#94a3b8!important;-webkit-text-fill-color:#94a3b8!important;text-align:center!important;margin:12px 0 0!important;line-height:1.5!important;}
.wgt-note.warn{color:#fca5a5!important;-webkit-text-fill-color:#fca5a5!important;}
.wgt-note.good{color:#86efac!important;-webkit-text-fill-color:#86efac!important;}
/* binary */
.bpv-strip{display:flex!important;gap:6px!important;justify-content:center!important;flex-wrap:wrap!important;}
.bpv-col{display:flex!important;flex-direction:column!important;align-items:center!important;gap:6px!important;}
.bpv-pv{font-size:12px!important;font-weight:700!important;color:#64748b!important;-webkit-text-fill-color:#64748b!important;font-variant-numeric:tabular-nums!important;}
.bpv-bit{width:44px!important;height:54px!important;border-radius:10px!important;border:2px solid #334155!important;background:#1e293b!important;color:#64748b!important;-webkit-text-fill-color:#64748b!important;font-family:monospace!important;font-size:23px!important;font-weight:700!important;cursor:pointer!important;}
.bpv-bit.on{background:#1a56db!important;border-color:#60a5fa!important;color:#fff!important;-webkit-text-fill-color:#fff!important;}
.bpv-read{display:flex!important;align-items:baseline!important;justify-content:center!important;gap:14px!important;margin:20px 0 0!important;flex-wrap:wrap!important;}
.bpv-binary{font-family:monospace!important;font-size:22px!important;letter-spacing:2px!important;color:#e2e8f0!important;-webkit-text-fill-color:#e2e8f0!important;}
.bpv-eq{font-size:22px!important;color:#64748b!important;-webkit-text-fill-color:#64748b!important;}
.bpv-dec{font-family:""DM Serif Display"",serif!important;font-size:34px!important;color:#4ade80!important;-webkit-text-fill-color:#4ade80!important;line-height:1!important;}
/* rle */
.rle-in{width:100%!important;box-sizing:border-box!important;font-family:monospace!important;font-size:15px!important;padding:10px 12px!important;border-radius:9px!important;border:1px solid #334155!important;background:#1e293b!important;color:#e2e8f0!important;-webkit-text-fill-color:#e2e8f0!important;letter-spacing:1px!important;}
.rle-row{display:flex!important;gap:12px!important;flex-wrap:wrap!important;margin-top:14px!important;}
.rle-cell{flex:1!important;min-width:130px!important;background:#1e293b!important;border-radius:10px!important;padding:12px!important;text-align:center!important;}
.rle-cell .l{font-size:11px!important;font-weight:700!important;text-transform:uppercase!important;letter-spacing:.05em!important;color:#64748b!important;-webkit-text-fill-color:#64748b!important;margin-bottom:6px!important;}
.rle-cell .v{font-family:monospace!important;font-size:16px!important;color:#e2e8f0!important;-webkit-text-fill-color:#e2e8f0!important;word-break:break-all!important;}
.rle-cell.out .v{color:#4ade80!important;-webkit-text-fill-color:#4ade80!important;}
.rle-cell .m{font-size:12px!important;color:#94a3b8!important;-webkit-text-fill-color:#94a3b8!important;margin-top:4px!important;}
/* parallel timeline */
.ptl-ctl{display:flex!important;align-items:center!important;gap:12px!important;justify-content:center!important;flex-wrap:wrap!important;margin-bottom:16px!important;}
.ptl-ctl label{font-size:13px!important;color:#cbd5e1!important;-webkit-text-fill-color:#cbd5e1!important;font-weight:700!important;}
.ptl-ctl input[type=range]{width:180px!important;}
.ptl-ctl .n{font-family:""DM Serif Display"",serif!important;font-size:22px!important;color:#93c5fd!important;-webkit-text-fill-color:#93c5fd!important;min-width:28px!important;text-align:center!important;}
.ptl-bar{height:26px!important;border-radius:6px!important;margin:8px 0!important;display:flex!important;overflow:hidden!important;}
.ptl-seg{height:100%!important;display:flex!important;align-items:center!important;justify-content:center!important;font-size:11px!important;font-weight:700!important;color:#0f172a!important;-webkit-text-fill-color:#0f172a!important;white-space:nowrap!important;}
.ptl-seg.seq{background:#fca5a5!important;}
.ptl-seg.par{background:#6ee7b7!important;}
.ptl-lbl{font-size:12px!important;color:#94a3b8!important;-webkit-text-fill-color:#94a3b8!important;margin-bottom:2px!important;}
.ptl-stat{display:flex!important;gap:18px!important;justify-content:center!important;margin-top:14px!important;flex-wrap:wrap!important;}
.ptl-stat div{text-align:center!important;}
.ptl-stat .k{font-size:11px!important;text-transform:uppercase!important;letter-spacing:.05em!important;color:#64748b!important;-webkit-text-fill-color:#64748b!important;}
.ptl-stat .v{font-family:""DM Serif Display"",serif!important;font-size:26px!important;color:#4ade80!important;-webkit-text-fill-color:#4ade80!important;}
/* packet */
.pkt-track{display:flex!important;gap:8px!important;justify-content:center!important;flex-wrap:wrap!important;min-height:64px!important;}
.pkt{width:58px!important;border-radius:9px!important;background:#1e293b!important;border:1px solid #334155!important;padding:8px 4px!important;text-align:center!important;}
.pkt .seq{font-size:10px!important;font-weight:700!important;color:#93c5fd!important;-webkit-text-fill-color:#93c5fd!important;}
.pkt .ch{font-family:monospace!important;font-size:20px!important;color:#e2e8f0!important;-webkit-text-fill-color:#e2e8f0!important;margin-top:2px!important;}
.pkt.lost{opacity:.35!important;border-style:dashed!important;}
.pkt-msg{font-family:monospace!important;font-size:20px!important;letter-spacing:3px!important;text-align:center!important;margin-top:16px!important;color:#4ade80!important;-webkit-text-fill-color:#4ade80!important;min-height:24px!important;}
/* io mapper */
.iom-flow{display:grid!important;grid-template-columns:1fr auto 1fr auto 1fr!important;align-items:center!important;gap:10px!important;}
.iom-box{background:#1e293b!important;border-radius:12px!important;padding:14px!important;text-align:center!important;}
.iom-box .l{font-size:10px!important;font-weight:700!important;text-transform:uppercase!important;letter-spacing:.05em!important;color:#64748b!important;-webkit-text-fill-color:#64748b!important;margin-bottom:6px!important;}
.iom-box .v{font-size:15px!important;font-weight:700!important;color:#e2e8f0!important;-webkit-text-fill-color:#e2e8f0!important;}
.iom-box.prog{background:#1a3a6b!important;}
.iom-box.out .v{color:#4ade80!important;-webkit-text-fill-color:#4ade80!important;}
.iom-ar{font-size:20px!important;color:#1a56db!important;-webkit-text-fill-color:#1a56db!important;font-weight:700!important;}
.iom-temp{font-family:""DM Serif Display"",serif!important;font-size:26px!important;color:#93c5fd!important;-webkit-text-fill-color:#93c5fd!important;}
@media(max-width:520px){.ba-grid{grid-template-columns:1fr!important;}.ba-arrow{transform:rotate(90deg)!important;}.iom-flow{grid-template-columns:1fr!important;}.iom-ar{transform:rotate(90deg)!important;}}

</style>

<script type=""application/ld+json"">
{""@context"": ""https://schema.org"", ""@type"": ""BreadcrumbList"", ""itemListElement"": [{""@type"": ""ListItem"", ""position"": 1, ""name"": ""AP CSP Course"", ""item"": ""https://apcsexamprep.com/pages/ap-csp-course""}, {""@type"": ""ListItem"", ""position"": 2, ""name"": ""Big Idea 2"", ""item"": ""https://apcsexamprep.com/pages/ap-csp-course-big-idea-2-data""}, {""@type"": ""ListItem"", ""position"": 3, ""name"": ""Topic 2.1: Binary Numbers"", ""item"": ""https://apcsexamprep.com/pages/ap-csp-course-bi2-binary-numbers""}]}</script>
<script type=""application/ld+json"">
{""@context"": ""https://schema.org"", ""@type"": ""LearningResource"", ""name"": ""AP CSP Topic 2.1: Binary Numbers"", ""description"": ""AP CSP Topic 2.1: bits and bytes, binary to decimal conversion, overflow and roundoff, and analog versus digital. 6 exam MCQs plus the Binary Conversion Race game."", ""url"": ""https://apcsexamprep.com/pages/ap-csp-course-bi2-binary-numbers"", ""educationalLevel"": ""High School"", ""learningResourceType"": ""Lesson"", ""author"": {""@type"": ""Person"", ""name"": ""Tanner Crow""}, ""isPartOf"": {""@type"": ""Course"", ""name"": ""AP Computer Science Principles Complete Course"", ""url"": ""https://apcsexamprep.com/pages/ap-csp-course""}, ""datePublished"": ""2026-03-01""}</script>
<script type=""application/ld+json"">
{""@context"": ""https://schema.org"", ""@type"": ""FAQPage"", ""mainEntity"": [{""@type"": ""Question"", ""name"": ""What is the difference between a bit and a byte?"", ""acceptedAnswer"": {""@type"": ""Answer"", ""text"": ""A bit is a single binary digit, either 0 or 1, and is the smallest unit of data. A byte is a group of 8 bits. Computers represent all data, including numbers, text, images, and sound, as sequences of bits.""}}, {""@type"": ""Question"", ""name"": ""How do I convert a binary number to decimal quickly?"", ""acceptedAnswer"": {""@type"": ""Answer"", ""text"": ""Write the place values 128 64 32 16 8 4 2 1 above the bits, then add up the place values everywhere a 1 appears. For example, 1011 has 1s in the 8, 2, and 1 columns, so it equals 8 + 2 + 1 = 11.""}}, {""@type"": ""Question"", ""name"": ""Why can 8 bits store only 256 different values?"", ""acceptedAnswer"": {""@type"": ""Answer"", ""text"": ""With n bits you can represent 2 to the n distinct values, because each bit doubles the number of patterns. Eight bits give 2 to the 8 = 256 values. When used for whole numbers starting at 0, that range is 0 to 255.""}}, {""@type"": ""Question"", ""name"": ""What is the difference between overflow and roundoff errors?"", ""acceptedAnswer"": {""@type"": ""Answer"", ""text"": ""Overflow happens when a value is too large to represent in the available bits, such as going past the maximum a variable can hold. Roundoff happens when a value cannot be stored exactly, like many real numbers, so it is approximated. Overflow is too big to fit; roundoff is impossible to store precisely.""}}, {""@type"": ""Question"", ""name"": ""What does analog versus digital mean on the exam?"", ""acceptedAnswer"": {""@type"": ""Answer"", ""text"": ""Analog data changes smoothly and continuously with infinitely many possible values. Digital data uses discrete, separate values stored as bits. Analog signals are turned into digital data by sampling, and more samples with more bits per sample give a closer approximation of the original.""}}]}</script>

<div class=""lesson-page"" data-course=""ap-csp"" data-unit=""bi-2"" data-lesson=""binary-numbers"">

  <div class=""lesson-breadcrumb"">
    <div class=""lesson-breadcrumb-inner"">
      <a href=""/pages/ap-csp-course"">AP CSP Course</a><span class=""bc-sep"">›</span>
      <a href=""/pages/ap-csp-course-big-idea-2-data"">Big Idea 2</a><span class=""bc-sep"">›</span>
      <span>2.1 Binary Numbers</span>
    </div>
  </div>
  <div class=""social-proof-bar"">
    <div class=""social-proof-inner"">
      <span class=""social-proof-item"">⭐ <strong>5.0</strong> Wyzant rating</span>
      <span class=""social-proof-item"">📚 <strong>1,845+</strong> tutoring hours</span>
      <span class=""social-proof-item"">🏫 Built by an <strong>AP CS teacher</strong> with 11+ years experience</span>
      <span class=""social-proof-item"">🎯 <strong>70%</strong> of classroom students score 4 or 5 on AP CSP</span>
    </div>
  </div>
  <div class=""lesson-hero"">
    <div class=""lesson-hero-inner"">
      <div class=""lesson-hero-meta"">
        <div class=""lesson-num-badge"">2.1</div>
        <div><div class=""lesson-eyebrow"">Big Idea 2 • Data</div></div>
      </div>
      <h1>Binary Numbers</h1>
      <div class=""lesson-hero-pills"">
        <span class=""lesson-pill"">🕐 ~35 min</span>
        <span class=""lesson-pill"" style=""background:rgba(74,222,128,0.15);border-color:rgba(74,222,128,0.3);color:#4ade80!important;-webkit-text-fill-color:#4ade80!important;"">FREE</span>
        <span class=""lesson-pill"">📖 6 MCQ questions</span>
        <span class=""lesson-pill"">🎮 Binary Conversion Race game</span>
        <span class=""ced-tag"">DAT-1.A / DAT-1.B / DAT-1.C</span>
      </div>
    </div>
  </div>
  <div class=""bi3-progress""><div class=""bi3-progress-inner"">
<div class=""prog-step"">
<div class=""prog-dot active"">2.1</div>
<div class=""prog-label active-label"">Binary</div>
</div>
<div class=""prog-arrow""></div>
<a href=""/pages/ap-csp-course-bi2-data-compression"" class=""prog-step-link""><div class=""prog-dot upcoming"">2.2</div>
<div class=""prog-label"">Compress</div></a>
<div class=""prog-arrow""></div>
<a href=""/pages/ap-csp-course-bi2-extracting-information"" class=""prog-step-link""><div class=""prog-dot upcoming"">2.3</div>
<div class=""prog-label"">Extract</div></a>
<div class=""prog-arrow""></div>
<a href=""/pages/ap-csp-course-bi2-using-programs-with-data"" class=""prog-step-link""><div class=""prog-dot upcoming"">2.4</div>
<div class=""prog-label"">Programs</div></a>
</div></div>

  <div class=""lesson-main"">

    <div class=""lesson-objectives"">
      <h2>After this lesson, you will be able to:</h2>
      <ul>
        <li><span>Define a bit and a byte and explain that computers represent all data as sequences of bits</span></li>
        <li><span>Convert a binary number to decimal by summing the place values where a 1 appears</span></li>
        <li><span>Convert a decimal number to binary using powers of 2 or repeated division by 2</span></li>
        <li><span>Explain why n bits represent 2 to the n distinct values, and relate this to overflow</span></li>
        <li><span>Distinguish analog from digital data and explain overflow and roundoff errors as limits of fixed bit-width</span></li>
      </ul>
    </div>
    <div class=""score-impact"">📈 <span>Big Idea 2 (Data) is 17 to 22 percent of the AP CSP exam, and binary questions are among the most predictable points on the whole test. Conversions and the 2 to the n rule show up every year, and the analog versus digital and overflow versus roundoff ideas are quick vocabulary points once you can tell them apart.</span>
</div>
    <div class=""hook-box"">
      <div class=""hook-label"">💡 Think about this first</div>
      <p>A single light switch can be off or on, which is exactly two states. String eight of those switches together and you can spell any letter, store a number up to 255, or set the shade of one pixel. Computers do not understand the number 42, a photo, or the word cat directly, yet all three end up as nothing but 0s and 1s. How can two symbols possibly be enough to represent everything a computer stores?</p>
    </div>
    <div class=""lesson-section"">
      <h2>Bits, Bytes, and Why Two Symbols Are Enough</h2>
      <p>A <strong>bit</strong> is a binary digit: a single value that is either <code>0</code> or <code>1</code>. It is the smallest unit of data a computer stores. A <strong>byte</strong> is a group of <strong>8 bits</strong>. Computers represent <strong>all</strong> data — numbers, text, images, and sound — as sequences of bits. A photo, a song, and this sentence are all, underneath, just long strings of 0s and 1s. The meaning comes from how a program agrees to interpret those bits, not from the bits themselves.</p>
      <p>Two symbols are enough because you combine them in a <strong>place-value system</strong>, the same idea you already use in base ten. In decimal you have ten digits and each place is worth ten times the one to its right. <strong>Binary is base 2</strong>: only two digits, and each place is worth twice the one to its right. Add more bits and you can count higher, exactly the way adding another decimal digit lets you count past 9.</p>
      <div class=""callout-exam"">
        <div class=""callout-exam-label"">🎯 What the exam rewards</div>
        <p>Know the vocabulary cold: a <strong>bit</strong> is one 0 or 1, a <strong>byte</strong> is 8 bits, and <strong>every</strong> kind of data is stored as bits. A question that says a computer stores text or images ""as binary"" or ""as sequences of bits"" is stating a fact you are expected to already accept.</p>
      </div>
    </div>

    <div class=""lesson-section"">
      <h2>Binary Place Values and Converting to Decimal</h2>
      <p>Because binary is base 2, the place values are the <strong>powers of 2</strong>. Reading right to left they are 1, 2, 4, 8, 16, 32, 64, 128, and so on, each one double the last. To convert a binary number to decimal, write the place values above the bits and <strong>add up the place values wherever a 1 appears</strong>.</p>
      <table class=""vocab-table"">
        <tr>
<th>Place value</th>
<th>128</th>
<th>64</th>
<th>32</th>
<th>16</th>
<th>8</th>
<th>4</th>
<th>2</th>
<th>1</th>
</tr>
        <tr>
<td><strong>Binary digit</strong></td>
<td>0</td>
<td>0</td>
<td>0</td>
<td>0</td>
<td>1</td>
<td>0</td>
<td>1</td>
<td>1</td>
</tr>
      </table>
      <p>In the row above, 1s sit in the 8, 2, and 1 columns, so the value is <code>8 + 2 + 1 = 11</code>. That is how you read the binary number <code>1011</code> as decimal 11. The reverse direction, decimal to binary, is covered next.</p>
      <div class=""mini-ex"">
        <div class=""mini-ex-label"">Quick check</div>
        <div class=""mini-ex-q"">Convert the binary number <code>1011</code> to decimal.</div>
        <div class=""mini-opts"" id=""mc-binary-1-opts"">
          <button class=""mini-opt"" onclick=""miniMCQ('mc-binary-1','A','C','mc-binary-1-fb')""><span class=""mini-opt-letter"">A</span> 7</button>
          <button class=""mini-opt"" onclick=""miniMCQ('mc-binary-1','B','C','mc-binary-1-fb')""><span class=""mini-opt-letter"">B</span> 9</button>
          <button class=""mini-opt"" onclick=""miniMCQ('mc-binary-1','C','C','mc-binary-1-fb')""><span class=""mini-opt-letter"">C</span> 11</button>
          <button class=""mini-opt"" onclick=""miniMCQ('mc-binary-1','D','C','mc-binary-1-fb')""><span class=""mini-opt-letter"">D</span> 13</button>
        </div>
        <div class=""mini-fb"" id=""mc-binary-1-fb""></div>
      </div>
    </div>

    <div class=""lesson-section"">
      <h2>Converting Decimal to Binary</h2>
      <p>Two reliable methods give the same answer. Pick whichever you trust under time pressure.</p>
      <ul>
        <li>
<strong>Subtract the largest power of 2.</strong> Find the biggest power of 2 that fits, put a 1 there, subtract it, and repeat with what is left. For 37: 32 fits, leaving 5; 4 fits, leaving 1; 1 fits, leaving 0. Ones go in the 32, 4, and 1 columns, giving <code>100101</code>.</li>
        <li>
<strong>Repeated division by 2.</strong> Divide by 2 and record each remainder. The remainders, read from <strong>bottom to top</strong>, are the binary digits. Dividing 37 gives remainders 1, 0, 1, 0, 0, 1 from last to first, which reads as <code>100101</code>.</li>
      </ul>
      <p>Check your work by converting back: <code>32 + 4 + 1 = 37</code>. If the place values you marked do not add to the original decimal number, one of the bits is wrong.</p>
      <div class=""callout-trap"">
        <div class=""callout-trap-label"">⚠ Common trap</div>
        <p>With the division method, students read the remainders in the order they wrote them and get the number backwards. The correct order is <strong>bottom to top</strong> (last remainder first). Always sanity-check by adding the place values back to the original decimal.</p>
      </div>
    </div>

    <div class=""lesson-section"">
      <h2>How Many Values Can n Bits Hold?</h2>
      <p>With <code>n</code> bits you can represent <strong>2 to the n</strong> distinct values. Each bit doubles the count, because every existing pattern can now end in either a 0 or a 1. So 1 bit gives 2 values, 2 bits give 4, 3 bits give 8, and 8 bits (one byte) give <code>2^8 = 256</code> values. When those 256 values are used for whole numbers starting at zero, the range is <strong>0 to 255</strong>, not 1 to 256.</p>
      <table class=""vocab-table"">
        <tr>
<th>Number of bits</th>
<th>Distinct values (2 to the n)</th>
</tr>
        <tr>
<td>1</td>
<td>2</td>
</tr>
        <tr>
<td>2</td>
<td>4</td>
</tr>
        <tr>
<td>4</td>
<td>16</td>
</tr>
        <tr>
<td>8 (one byte)</td>
<td>256</td>
</tr>
      </table>
      <p>This rule is the backbone of many exam questions. Adding a single bit does not add one more value, it <strong>doubles</strong> the number of values you can store.</p>
      <div class=""mini-ex"">
        <div class=""mini-ex-label"">Quick check</div>
        <div class=""mini-ex-q"">Using 3 bits, how many distinct values can you represent?</div>
        <div class=""mini-opts"" id=""mc-binary-2-opts"">
          <button class=""mini-opt"" onclick=""miniMCQ('mc-binary-2','A','C','mc-binary-2-fb')""><span class=""mini-opt-letter"">A</span> 3</button>
          <button class=""mini-opt"" onclick=""miniMCQ('mc-binary-2','B','C','mc-binary-2-fb')""><span class=""mini-opt-letter"">B</span> 6</button>
          <button class=""mini-opt"" onclick=""miniMCQ('mc-binary-2','C','C','mc-binary-2-fb')""><span class=""mini-opt-letter"">C</span> 8</button>
          <button class=""mini-opt"" onclick=""miniMCQ('mc-binary-2','D','C','mc-binary-2-fb')""><span class=""mini-opt-letter"">D</span> 9</button>
        </div>
        <div class=""mini-fb"" id=""mc-binary-2-fb""></div>
      </div>
    </div>

    <div class=""lesson-section"">
      <h2>Analog vs Digital</h2>
      <p><strong>Analog</strong> data changes smoothly and continuously, with infinitely many possible values between any two points — think of a dimmer knob sliding, a real sound wave, or a shadow lengthening through the afternoon. <strong>Digital</strong> data uses <strong>discrete</strong> values: a finite set of separate steps, stored as bits. To put analog information into a computer you take <strong>samples</strong>, measuring the signal at many moments and recording each measurement as a number.</p>
      <p>A digital version is an <strong>approximation</strong> of the analog original, like a staircase tracing a ramp. The more samples you take and the more bits you use per sample, the closer the digital copy gets to the smooth original — but with a finite number of bits it can never be a perfect match.</p>
      <div class=""callout-exam"">
        <div class=""callout-exam-label"">🎯 What the exam rewards</div>
        <p>Match the keyword to the concept: <strong>continuous</strong> means analog, <strong>discrete</strong> or <strong>sampled</strong> means digital. Expect a question where more samples and more bits per sample yield a <strong>closer</strong> approximation of an analog signal, never an exact one.</p>
      </div>
    </div>

    <div class=""lesson-section"">
      <h2>Limits of Fixed Bit-Width: Overflow and Roundoff</h2>
      <p>Because a computer sets aside a fixed number of bits for a value, some numbers simply do not fit, and the framework names two specific errors that result.</p>
      <ul>
        <li>
<strong>Overflow error:</strong> a value is <strong>too large</strong> to represent in the available bits. With 8 bits the largest whole number is 255; try to store 256 and there is no room, so the result is wrong.</li>
        <li>
<strong>Roundoff error:</strong> a value <strong>cannot be stored exactly</strong> and must be approximated or rounded. Many real numbers, such as the result of <code>1 / 3</code>, would need infinitely many digits, so a fixed number of bits can only hold a rounded version.</li>
      </ul>
      <p>The clean split: overflow is about a number being <strong>too big to fit at all</strong>; roundoff is about a number being <strong>impossible to store precisely</strong>, so it is stored close-but-not-exact. Both come from the same root cause, a finite number of bits.</p>
      <div class=""callout-trap"">
        <div class=""callout-trap-label"">⚠ Common trap</div>
        <p>Do not swap the two. If a program adds 1 to the largest value a variable can hold and gets a nonsense result, that is <strong>overflow</strong>. If a program stores 0.1 or 1/3 and later the arithmetic is slightly off, that is <strong>roundoff</strong>. ""Too large to represent"" is overflow; ""cannot be represented exactly"" is roundoff.</p>
      </div>
    </div>

    <div class=""lesson-section"">
      <h2>Many Representations, Real Tradeoffs</h2>
      <p>The same information can be represented in more than one way, and the choice has consequences. The number eleven can be written as decimal <code>11</code> or binary <code>1011</code>; both mean the same quantity. Using more bits per value widens the range you can store and reduces overflow and roundoff, but it also uses more memory and storage. Representations are chosen by weighing these <strong>tradeoffs</strong>, which is a theme you will see again in data compression.</p>
    </div>
    <div class=""lesson-visual"">
      <p class=""lv-kicker"">💡 See it in action</p>
    <div class=""wgt"" role=""group"" aria-label=""Interactive binary place-value explorer"">
      <div class=""wgt-h"">Binary Place-Value Explorer</div>
      <div class=""wgt-sub"">Click the bits. Watch the binary and the decimal update.</div>
      <div class=""bpv-strip"" id=""bpvStrip""></div>
      <div class=""bpv-read"">
<span class=""bpv-binary"" id=""bpvBin"" aria-live=""polite"">00000000</span><span class=""bpv-eq"">=</span><span class=""bpv-dec"" id=""bpvDec"" aria-live=""polite"">0</span>
</div>
      <div class=""wgt-note"" id=""bpvNote"">8 bits represent the values 0 to 255. Turn every bit on to reach 255.</div>
      <div class=""wgt-btns"">
<button class=""wgt-btn"" id=""bpvClear"" type=""button"">Clear</button><button class=""wgt-btn"" id=""bpvRand"" type=""button"">Random</button><button class=""wgt-btn"" id=""bpvMax"" type=""button"">All on (255)</button>
</div>
    </div>
    <script>(function(){
      var PV=[128,64,32,16,8,4,2,1],bits=[0,0,0,0,0,0,0,0],cells=[];
      var strip=document.getElementById('bpvStrip'),binEl=document.getElementById('bpvBin'),decEl=document.getElementById('bpvDec'),noteEl=document.getElementById('bpvNote');
      function render(){var dec=0,bin='';for(var i=0;i<8;i++){dec+=bits[i]*PV[i];bin+=bits[i];cells[i].classList.toggle('on',!!bits[i]);cells[i].textContent=bits[i];cells[i].setAttribute('aria-label','bit value '+PV[i]+', currently '+(bits[i]?'on':'off'));}
        binEl.textContent=bin;decEl.textContent=dec;
        if(dec===255){noteEl.textContent='All 8 bits on = 255, the largest value 8 bits can hold. One more would overflow back to 0.';noteEl.className='wgt-note warn';}
        else{noteEl.textContent='8 bits represent the values 0 to 255. This is '+dec+' of 255.';noteEl.className='wgt-note';}}
      for(var i=0;i<8;i++){(function(i){var col=document.createElement('div');col.className='bpv-col';var pv=document.createElement('div');pv.className='bpv-pv';pv.textContent=PV[i];var b=document.createElement('button');b.type='button';b.className='bpv-bit';b.textContent='0';b.onclick=function(){bits[i]=bits[i]?0:1;render();};col.appendChild(pv);col.appendChild(b);strip.appendChild(col);cells[i]=b;})(i);}
      document.getElementById('bpvClear').onclick=function(){bits=[0,0,0,0,0,0,0,0];render();};
      document.getElementById('bpvMax').onclick=function(){bits=[1,1,1,1,1,1,1,1];render();};
      document.getElementById('bpvRand').onclick=function(){for(var i=0;i<8;i++)bits[i]=(i*7+bits[i]*3+bits[(i+1)%8]+1)%2;if(bits.join('')==='00000000')bits[3]=1;render();};
      render();
    })();</script>
    </div>
    <div class=""lesson-section"">
      <h2>How Binary Is Tested on the Exam</h2>
      <p>Binary number representation is <strong>multiple-choice material</strong>, not a skill you demonstrate on the Create Performance Task. You will not hand-convert numbers inside your Create Task program; instead the end-of-course multiple-choice exam asks you to convert between binary and decimal, apply the <strong>2 to the n</strong> rule, and tell overflow apart from roundoff. Treat this as fast, high-confidence points.</p>
      <p>Quick strategy for the exam room:</p>
      <ul>
        <li>
<strong>Write the place values first.</strong> Jot 128 64 32 16 8 4 2 1 across the top and line the bits up underneath. For binary to decimal, add the place values under each 1.</li>
        <li>
<strong>For decimal to binary, subtract the largest power of 2</strong> that fits, mark a 1, and repeat with the remainder.</li>
        <li>
<strong>Always check by converting back.</strong> Add your marked place values; they must equal the original decimal number.</li>
        <li>
<strong>Sort the error type by keyword.</strong> ""Too large to store"" is overflow; ""cannot be stored exactly"" is roundoff.</li>
      </ul>
    </div>
    <div class=""email-capture"">
      <div class=""email-capture-text"">
        <div class=""email-capture-eyebrow"">FREE for students</div>
        <h3>Get a free AP CSP question every day</h3>
        <p>Join 3,000+ students. Daily practice, study tips, and exam strategies.</p>
      </div>
      <div>
        <div class=""email-capture-form"" id=""capture-form"">
          <input type=""email"" class=""email-capture-input"" id=""capture-email"" placeholder=""your@email.com"">
          <button class=""email-capture-btn"" onclick=""handleCapture()"">Subscribe →</button>
        </div>
        <div class=""email-capture-success"" id=""capture-success"">✓ You're in!</div>
      </div>
    </div>
    <div class=""mcq-section"">
      <div class=""mcq-section-header"">
        <div class=""mcq-section-icon"">📈</div>
        <div>
          <div class=""mcq-section-title"">MCQ Practice</div>
          <div class=""mcq-section-sub"">6 questions • Exam difficulty and above • Predict before you peek</div>
        </div>
      </div>
      <div class=""mcq-item"" data-activity=""quiz"" data-item=""q1"">
        <div class=""mcq-q-num"">Question 1 of 6<span class=""diff-tag"">Binary to decimal</span>
</div>
        <div class=""predict-note"">Add the place values under each 1 before you look at the choices.</div>
        <div class=""mcq-q-text""><p>What is the decimal value of the binary number <code>1101</code>?</p></div>
        <div class=""mcq-options"" id=""q1-options"">
<button class=""mcq-option"" onclick=""checkMCQ('q1','A','A','q1-fb-A')""><span class=""mcq-option-letter"">A</span> 13</button>
<button class=""mcq-option"" onclick=""checkMCQ('q1','B','A','q1-fb-B')""><span class=""mcq-option-letter"">B</span> 11</button>
<button class=""mcq-option"" onclick=""checkMCQ('q1','C','A','q1-fb-C')""><span class=""mcq-option-letter"">C</span> 12</button>
<button class=""mcq-option"" onclick=""checkMCQ('q1','D','A','q1-fb-D')""><span class=""mcq-option-letter"">D</span> 14</button>
</div>
<div id=""q1-fb-A"" class=""mcq-feedback correct-fb"">Correct. 1101 has 1s in the 8, 4, and 1 columns, so the value is 8 + 4 + 1 = 13.</div>
<div id=""q1-fb-B"" class=""mcq-feedback incorrect-fb"">Incorrect. 11 is binary 1011. In 1101 the 1s are in the 8, 4, and 1 columns.</div>
<div id=""q1-fb-C"" class=""mcq-feedback incorrect-fb"">Incorrect. 12 is binary 1100. The rightmost bit of 1101 is a 1, which adds one more.</div>
<div id=""q1-fb-D"" class=""mcq-feedback incorrect-fb"">Incorrect. 14 is binary 1110. In 1101 the 2 column is 0, so you do not add 2.</div>
      </div>
      <div class=""mcq-item"" data-activity=""quiz"" data-item=""q2"">
        <div class=""mcq-q-num"">Question 2 of 6<span class=""diff-tag"">Decimal to binary</span>
</div>
        <div class=""predict-note"">Subtract the largest powers of 2 first, then match to an option.</div>
        <div class=""mcq-q-text""><p>What is the binary representation of the decimal number 37?</p></div>
        <div class=""mcq-options"" id=""q2-options"">
          <button class=""mcq-option"" onclick=""checkMCQ('q2','A','B','q2-fb-A')""><span class=""mcq-option-letter"">A</span> 101101</button>
          <button class=""mcq-option"" onclick=""checkMCQ('q2','B','B','q2-fb-B')""><span class=""mcq-option-letter"">B</span> 100101</button>
          <button class=""mcq-option"" onclick=""checkMCQ('q2','C','B','q2-fb-C')""><span class=""mcq-option-letter"">C</span> 110010</button>
          <button class=""mcq-option"" onclick=""checkMCQ('q2','D','B','q2-fb-D')""><span class=""mcq-option-letter"">D</span> 100111</button>
        </div>
        <div id=""q2-fb-A"" class=""mcq-feedback incorrect-fb"">Incorrect. 101101 equals 32 + 8 + 4 + 1 = 45, not 37.</div>
        <div id=""q2-fb-B"" class=""mcq-feedback correct-fb"">Correct. 37 = 32 + 4 + 1, so 1s go in the 32, 4, and 1 columns, giving 100101.</div>
        <div id=""q2-fb-C"" class=""mcq-feedback incorrect-fb"">Incorrect. 110010 equals 32 + 16 + 2 = 50, not 37.</div>
        <div id=""q2-fb-D"" class=""mcq-feedback incorrect-fb"">Incorrect. 100111 equals 32 + 4 + 2 + 1 = 39, not 37.</div>
      </div>
      <div class=""mcq-item"" data-activity=""quiz"" data-item=""q3"">
        <div class=""mcq-q-num"">Question 3 of 6<span class=""diff-tag"">Multiple statements</span>
</div>
        <div class=""predict-note"">Judge each statement true or false before choosing.</div>
        <div class=""mcq-q-text""><p>Consider these statements about how computers store data:</p></div>
        <ul class=""mcq-roman"">
          <li>
<strong>I.</strong> A byte consists of 8 bits.</li>
          <li>
<strong>II.</strong> With n bits a computer can represent 2 to the n distinct values.</li>
          <li>
<strong>III.</strong> Text and images are stored as sequences of bits, just like numbers.</li>
        </ul>
        <div class=""mcq-options"" id=""q3-options"">
<button class=""mcq-option"" onclick=""checkMCQ('q3','A','C','q3-fb-A')""><span class=""mcq-option-letter"">A</span> I only</button>
<button class=""mcq-option"" onclick=""checkMCQ('q3','B','C','q3-fb-B')""><span class=""mcq-option-letter"">B</span> I and II only</button>
<button class=""mcq-option"" onclick=""checkMCQ('q3','C','C','q3-fb-C')""><span class=""mcq-option-letter"">C</span> I, II, and III</button>
<button class=""mcq-option"" onclick=""checkMCQ('q3','D','C','q3-fb-D')""><span class=""mcq-option-letter"">D</span> II and III only</button>
</div>
<div id=""q3-fb-A"" class=""mcq-feedback incorrect-fb"">Incorrect. Statements II and III are also true, not just I.</div>
<div id=""q3-fb-B"" class=""mcq-feedback incorrect-fb"">Incorrect. Statement III is true as well, so this option is incomplete.</div>
<div id=""q3-fb-C"" class=""mcq-feedback correct-fb"">Correct. All three are true: a byte is 8 bits, n bits give 2 to the n values, and all data types are stored as bits.</div>
<div id=""q3-fb-D"" class=""mcq-feedback incorrect-fb"">Incorrect. Statement I is also true, so this pairing leaves out a correct statement.</div>
      </div>
      <div class=""mcq-item"" data-activity=""quiz"" data-item=""q4"">
        <div class=""mcq-q-num"">Question 4 of 6<span class=""diff-tag"">Overflow vs roundoff</span>
</div>
        <div class=""predict-note"">Decide which error the keyword describes before reading the options.</div>
        <div class=""mcq-q-text""><p>A program uses a fixed number of bits for each whole number. It repeatedly adds 1 to a variable that already holds the largest value those bits can store, and the next result is a wrong, much smaller number. Which error does this best illustrate?</p></div>
        <div class=""mcq-options"" id=""q4-options"">
<button class=""mcq-option"" onclick=""checkMCQ('q4','A','D','q4-fb-A')""><span class=""mcq-option-letter"">A</span> A roundoff error, because the value could not be represented exactly</button>
<button class=""mcq-option"" onclick=""checkMCQ('q4','B','D','q4-fb-B')""><span class=""mcq-option-letter"">B</span> A syntax error, because the addition was written incorrectly</button>
<button class=""mcq-option"" onclick=""checkMCQ('q4','C','D','q4-fb-C')""><span class=""mcq-option-letter"">C</span> An analog error, because the data was continuous rather than discrete</button>
<button class=""mcq-option"" onclick=""checkMCQ('q4','D','D','q4-fb-D')""><span class=""mcq-option-letter"">D</span> An overflow error, because the value became too large to represent in the available bits</button>
</div>
<div id=""q4-fb-A"" class=""mcq-feedback incorrect-fb"">Incorrect. Roundoff is about a value that cannot be stored exactly, not about exceeding the maximum. Here the value was too large to fit.</div>
<div id=""q4-fb-B"" class=""mcq-feedback incorrect-fb"">Incorrect. The code runs; nothing is written incorrectly. The failure comes from the bit-width limit, which is overflow.</div>
<div id=""q4-fb-C"" class=""mcq-feedback incorrect-fb"">Incorrect. There is no such thing as an analog error here, and the data is already discrete whole numbers.</div>
<div id=""q4-fb-D"" class=""mcq-feedback correct-fb"">Correct. Exceeding the largest value the fixed bits can hold is an overflow error.</div>
      </div>
      <div class=""mcq-item"" data-activity=""quiz"" data-item=""q5"">
        <div class=""mcq-q-num"">Question 5 of 6<span class=""diff-tag"">Bit-width and range</span>
</div>
        <div class=""predict-note"">Work out how many values the bits give before scanning the choices.</div>
        <div class=""mcq-q-text""><p>A variable is stored using 8 bits and is used to hold whole numbers starting at 0. Which statement about this variable is correct?</p></div>
        <div class=""mcq-options"" id=""q5-options"">
<button class=""mcq-option"" onclick=""checkMCQ('q5','A','A','q5-fb-A')""><span class=""mcq-option-letter"">A</span> It can represent 256 distinct values, ranging from 0 to 255</button>
<button class=""mcq-option"" onclick=""checkMCQ('q5','B','A','q5-fb-B')""><span class=""mcq-option-letter"">B</span> It can represent 256 distinct values, ranging from 1 to 256</button>
<button class=""mcq-option"" onclick=""checkMCQ('q5','C','A','q5-fb-C')""><span class=""mcq-option-letter"">C</span> It can represent 128 distinct values, ranging from 0 to 127</button>
<button class=""mcq-option"" onclick=""checkMCQ('q5','D','A','q5-fb-D')""><span class=""mcq-option-letter"">D</span> It can represent 255 distinct values, ranging from 0 to 255</button>
</div>
<div id=""q5-fb-A"" class=""mcq-feedback correct-fb"">Correct. 8 bits give 2 to the 8 = 256 values, and starting at 0 the range is 0 to 255.</div>
<div id=""q5-fb-B"" class=""mcq-feedback incorrect-fb"">Incorrect. There are 256 values, but starting at 0 the range is 0 to 255, not 1 to 256.</div>
<div id=""q5-fb-C"" class=""mcq-feedback incorrect-fb"">Incorrect. 128 is 2 to the 7. With 8 bits there are 2 to the 8 = 256 values.</div>
<div id=""q5-fb-D"" class=""mcq-feedback incorrect-fb"">Incorrect. The count of values is 256, not 255. The largest value is 255, but 0 is also a value, so there are 256 in total.</div>
      </div>
      <div class=""mcq-item"" data-activity=""quiz"" data-item=""q6"">
        <div class=""mcq-q-num"">Question 6 of 6<span class=""diff-tag"">Analog vs digital</span>
</div>
        <div class=""predict-note"">Predict what more samples do to a digital copy first.</div>
        <div class=""mcq-q-text""><p>An analog sound wave is recorded by measuring its height many times per second and storing each measurement as a number. Which statement best describes this digital recording?</p></div>
        <div class=""mcq-options"" id=""q6-options"">
<button class=""mcq-option"" onclick=""checkMCQ('q6','A','C','q6-fb-A')""><span class=""mcq-option-letter"">A</span> It is an exact copy of the analog wave, because every point of the wave is stored</button>
<button class=""mcq-option"" onclick=""checkMCQ('q6','B','C','q6-fb-B')""><span class=""mcq-option-letter"">B</span> It is analog data, because sound is continuous by nature</button>
<button class=""mcq-option"" onclick=""checkMCQ('q6','C','C','q6-fb-C')""><span class=""mcq-option-letter"">C</span> It is an approximation of the analog wave, and taking more samples with more bits each makes it closer to the original</button>
<button class=""mcq-option"" onclick=""checkMCQ('q6','D','C','q6-fb-D')""><span class=""mcq-option-letter"">D</span> It is digital only if the wave never changes, since digital data cannot represent change</button>
</div>
<div id=""q6-fb-A"" class=""mcq-feedback incorrect-fb"">Incorrect. A finite set of samples cannot capture every point of a continuous wave, so it is an approximation, not an exact copy.</div>
<div id=""q6-fb-B"" class=""mcq-feedback incorrect-fb"">Incorrect. Storing measurements as numbers makes the recording digital and discrete, even though the source was analog.</div>
<div id=""q6-fb-C"" class=""mcq-feedback correct-fb"">Correct. Sampling produces a discrete approximation of the continuous signal, and more samples with more bits per sample bring it closer to the original.</div>
<div id=""q6-fb-D"" class=""mcq-feedback incorrect-fb"">Incorrect. Digital data represents change fine by storing many samples over time; that is exactly how the recording works.</div>
      </div>
    </div>
    <div class=""game-section"">
      <div style=""text-align:center;margin-bottom:20px;"">
        <div class=""game-badge"">🎮 Lesson Game</div>
        <div class=""game-title"">Binary Conversion Race</div>
        <div class=""game-sub"">Convert between binary and decimal against the clock and build speed for the exam.</div>
      </div>
<style>
@import url('https://fonts.googleapis.com/css2?family=DM+Serif+Display&family=DM+Sans:wght@400;500;600;700&display=swap');

#bcr-game {
  --navy: #0f1f3d;
  --blue: #1a56db;
  --lblue: #93c5fd;
  --pale: #eff6ff;
  --green: #16a34a;
  --amber: #d97706;
  --red: #dc2626;
  --slate: #64748b;
  --purple: #7c3aed;
  --accent: #06b6d4;
  --border: #e2e8f0;
  font-family: 'DM Sans', -apple-system, BlinkMacSystemFont, sans-serif !important;
  color: var(--navy) !important;
  -webkit-text-fill-color: var(--navy) !important;
  max-width: 640px !important;
  margin: 0 auto !important;
  padding: 12px !important;
  box-sizing: border-box !important;
  line-height: 1.45 !important;
}
#bcr-game *, #bcr-game *::before, #bcr-game *::after { box-sizing: border-box !important; }

#bcr-game .bcr-hero {
  background: linear-gradient(135deg, #0f1f3d 0%, #1a56db 100%) !important;
  border-radius: 14px !important;
  padding: 20px 22px !important;
  color: #ffffff !important;
  -webkit-text-fill-color: #ffffff !important;
}
#bcr-game .bcr-title {
  font-family: 'DM Serif Display', Georgia, serif !important;
  font-size: 28px !important;
  line-height: 1.1 !important;
  margin: 0 0 6px 0 !important;
  color: #ffffff !important;
  -webkit-text-fill-color: #ffffff !important;
}
#bcr-game .bcr-desc {
  font-size: 14px !important;
  margin: 0 0 4px 0 !important;
  color: #dbeafe !important;
  -webkit-text-fill-color: #dbeafe !important;
}
#bcr-game .bcr-how {
  font-size: 12.5px !important;
  margin: 6px 0 0 0 !important;
  color: #93c5fd !important;
  -webkit-text-fill-color: #93c5fd !important;
}

#bcr-game .bcr-scorebar {
  display: flex !important;
  gap: 8px !important;
  margin: 12px 0 !important;
  flex-wrap: wrap !important;
}
#bcr-game .bcr-stat {
  flex: 1 1 0 !important;
  min-width: 74px !important;
  background: #ffffff !important;
  border: 1px solid var(--border) !important;
  border-radius: 12px !important;
  padding: 8px 10px !important;
  text-align: center !important;
}
#bcr-game .bcr-stat .bcr-lbl {
  font-size: 10.5px !important;
  text-transform: uppercase !important;
  letter-spacing: 0.06em !important;
  font-weight: 700 !important;
  color: var(--slate) !important;
  -webkit-text-fill-color: var(--slate) !important;
}
#bcr-game .bcr-stat .bcr-val {
  font-size: 22px !important;
  font-weight: 700 !important;
  color: var(--navy) !important;
  -webkit-text-fill-color: var(--navy) !important;
}
#bcr-game #bcr-time.bcr-low { color: var(--red) !important; -webkit-text-fill-color: var(--red) !important; }
#bcr-game #bcr-streak-val.bcr-hot { color: var(--amber) !important; -webkit-text-fill-color: var(--amber) !important; }

#bcr-game .bcr-timerbar {
  height: 8px !important;
  background: #e2e8f0 !important;
  border-radius: 8px !important;
  overflow: hidden !important;
  margin-bottom: 12px !important;
}
#bcr-game #bcr-timerfill {
  height: 100% !important;
  width: 100% !important;
  background: linear-gradient(90deg, var(--green), var(--accent)) !important;
  transition: width 0.25s linear !important;
}

#bcr-game .bcr-card {
  background: #ffffff !important;
  border: 1px solid var(--border) !important;
  border-radius: 14px !important;
  padding: 16px !important;
  position: relative !important;
  overflow: hidden !important;
}
#bcr-game .bcr-flash {
  position: absolute !important;
  inset: 0 !important;
  opacity: 0 !important;
  pointer-events: none !important;
  border-radius: 14px !important;
}
#bcr-game .bcr-flash.bcr-good { background: rgba(22,163,74,0.28) !important; animation: bcr-fl 0.5s ease !important; }
#bcr-game .bcr-flash.bcr-bad { background: rgba(220,38,38,0.28) !important; animation: bcr-fl 0.5s ease !important; }
@keyframes bcr-fl { 0%{opacity:1;} 100%{opacity:0;} }

#bcr-game .bcr-roundtype {
  display: inline-block !important;
  font-size: 11px !important;
  font-weight: 700 !important;
  text-transform: uppercase !important;
  letter-spacing: 0.05em !important;
  padding: 3px 9px !important;
  border-radius: 999px !important;
  background: var(--pale) !important;
  color: var(--blue) !important;
  -webkit-text-fill-color: var(--blue) !important;
  margin-bottom: 8px !important;
}
#bcr-game .bcr-prompt {
  font-size: 15px !important;
  font-weight: 600 !important;
  margin: 0 0 4px 0 !important;
  color: var(--navy) !important;
  -webkit-text-fill-color: var(--navy) !important;
}
#bcr-game .bcr-target {
  font-family: 'DM Serif Display', Georgia, serif !important;
  font-size: 40px !important;
  line-height: 1.05 !important;
  color: var(--blue) !important;
  -webkit-text-fill-color: var(--blue) !important;
  margin: 2px 0 10px 0 !important;
}

/* place-value header + bit row */
#bcr-game .bcr-bits {
  display: grid !important;
  grid-template-columns: repeat(8, 1fr) !important;
  gap: 5px !important;
  margin: 6px 0 !important;
}
#bcr-game .bcr-place {
  text-align: center !important;
  font-size: 12px !important;
  font-weight: 700 !important;
  color: var(--slate) !important;
  -webkit-text-fill-color: var(--slate) !important;
  padding-bottom: 2px !important;
}
#bcr-game .bcr-bit {
  aspect-ratio: 1 / 1 !important;
  border: 2px solid var(--border) !important;
  border-radius: 10px !important;
  background: #f8fafc !important;
  color: var(--slate) !important;
  -webkit-text-fill-color: var(--slate) !important;
  font-family: 'DM Sans', sans-serif !important;
  font-size: 20px !important;
  font-weight: 700 !important;
  cursor: pointer !important;
  display: flex !important;
  align-items: center !important;
  justify-content: center !important;
  padding: 0 !important;
  transition: transform 0.08s ease, background 0.12s ease, border-color 0.12s ease !important;
  -webkit-tap-highlight-color: transparent !important;
}
#bcr-game .bcr-bit:active { transform: scale(0.92) !important; }
#bcr-game .bcr-bit.bcr-on {
  background: var(--blue) !important;
  border-color: var(--blue) !important;
  color: #ffffff !important;
  -webkit-text-fill-color: #ffffff !important;
  box-shadow: 0 2px 8px rgba(26,86,219,0.35) !important;
}
/* read-only bits (Round B) */
#bcr-game .bcr-bit.bcr-ro { cursor: default !important; }
#bcr-game .bcr-bit.bcr-ro:active { transform: none !important; }

#bcr-game .bcr-sumline {
  font-size: 13.5px !important;
  color: var(--slate) !important;
  -webkit-text-fill-color: var(--slate) !important;
  margin: 8px 0 4px 0 !important;
  min-height: 20px !important;
}
#bcr-game .bcr-sumline b {
  color: var(--navy) !important;
  -webkit-text-fill-color: var(--navy) !important;
}

#bcr-game .bcr-answerrow {
  display: flex !important;
  gap: 8px !important;
  margin-top: 10px !important;
  align-items: center !important;
}
#bcr-game #bcr-input {
  flex: 1 1 auto !important;
  font-family: 'DM Sans', sans-serif !important;
  font-size: 20px !important;
  font-weight: 700 !important;
  padding: 10px 12px !important;
  border: 2px solid var(--border) !important;
  border-radius: 10px !important;
  background: #ffffff !important;
  color: var(--navy) !important;
  -webkit-text-fill-color: var(--navy) !important;
  width: 100% !important;
  min-width: 0 !important;
}
#bcr-game #bcr-input:focus { outline: none !important; border-color: var(--blue) !important; }

#bcr-game .bcr-btn {
  font-family: 'DM Sans', sans-serif !important;
  font-size: 16px !important;
  font-weight: 700 !important;
  padding: 12px 20px !important;
  border-radius: 10px !important;
  border: none !important;
  cursor: pointer !important;
  background: var(--blue) !important;
  color: #ffffff !important;
  -webkit-text-fill-color: #ffffff !important;
  -webkit-tap-highlight-color: transparent !important;
}
#bcr-game .bcr-btn:active { transform: scale(0.97) !important; }
#bcr-game .bcr-btn.bcr-check { width: 100% !important; margin-top: 10px !important; }

#bcr-game .bcr-feedback {
  font-size: 13.5px !important;
  font-weight: 600 !important;
  margin: 10px 0 0 0 !important;
  min-height: 20px !important;
}
#bcr-game .bcr-feedback.bcr-ok { color: var(--green) !important; -webkit-text-fill-color: var(--green) !important; }
#bcr-game .bcr-feedback.bcr-no { color: var(--red) !important; -webkit-text-fill-color: var(--red) !important; }

/* start + end overlay */
#bcr-game .bcr-screen {
  text-align: center !important;
  padding: 20px 16px !important;
}
#bcr-game .bcr-screen h2 {
  font-family: 'DM Serif Display', Georgia, serif !important;
  font-size: 26px !important;
  margin: 0 0 8px 0 !important;
  color: var(--navy) !important;
  -webkit-text-fill-color: var(--navy) !important;
}
#bcr-game .bcr-screen p {
  font-size: 14px !important;
  color: var(--slate) !important;
  -webkit-text-fill-color: var(--slate) !important;
  margin: 4px 0 !important;
}
#bcr-game .bcr-bigscore {
  font-family: 'DM Serif Display', Georgia, serif !important;
  font-size: 52px !important;
  color: var(--blue) !important;
  -webkit-text-fill-color: var(--blue) !important;
  margin: 6px 0 !important;
}
#bcr-game .bcr-endstats {
  display: flex !important;
  justify-content: center !important;
  gap: 22px !important;
  margin: 10px 0 16px 0 !important;
}
#bcr-game .bcr-endstats div span {
  display: block !important;
}
#bcr-game .bcr-endstats .bcr-en {
  font-size: 24px !important;
  font-weight: 700 !important;
  color: var(--navy) !important;
  -webkit-text-fill-color: var(--navy) !important;
}
#bcr-game .bcr-endstats .bcr-el {
  font-size: 11px !important;
  text-transform: uppercase !important;
  letter-spacing: 0.05em !important;
  color: var(--slate) !important;
  -webkit-text-fill-color: var(--slate) !important;
}
#bcr-game .bcr-hidden { display: none !important; }
#bcr-game .bcr-combo {
  color: var(--amber) !important;
  -webkit-text-fill-color: var(--amber) !important;
  font-weight: 700 !important;
}
</style>

<div class=""bcr-game"" id=""bcr-game"">
  <div class=""bcr-hero"">
    <h1 class=""bcr-title"">Binary Conversion Race</h1>
    <p class=""bcr-desc"">AP CSP • Big Idea 2, Topic 2.1  -  binary place value &amp; decimal↔binary conversion.</p>
    <p class=""bcr-how"">How to play: beat the clock. Build numbers by toggling bits, or read a bit pattern and type its value. Correct answers grow your streak for bonus points.</p>
  </div>

  <div class=""bcr-scorebar"">
    <div class=""bcr-stat"">
<div class=""bcr-lbl"">Time</div>
<div class=""bcr-val"" id=""bcr-time"">60</div>
</div>
    <div class=""bcr-stat"">
<div class=""bcr-lbl"">Score</div>
<div class=""bcr-val"" id=""bcr-score"">0</div>
</div>
    <div class=""bcr-stat"">
<div class=""bcr-lbl"">Streak</div>
<div class=""bcr-val"" id=""bcr-streak-val"">0</div>
</div>
    <div class=""bcr-stat"">
<div class=""bcr-lbl"">Best</div>
<div class=""bcr-val"" id=""bcr-best"">0</div>
</div>
  </div>
  <div class=""bcr-timerbar""><div id=""bcr-timerfill""></div></div>

  <!-- START SCREEN -->
  <div class=""bcr-card"" id=""bcr-start"">
    <div class=""bcr-screen"">
      <h2>Ready to race?</h2>
      <p>60 seconds. Two round types alternate: <b>Build the number</b> and <b>Read the bits</b>.</p>
      <p>The place-value header (128 64 32 16 8 4 2 1) stays on screen the whole time to guide you.</p>
      <button class=""bcr-btn"" id=""bcr-startbtn"" style=""margin-top:14px !important;"">▶ Start race</button>
    </div>
  </div>

  <!-- PLAY CARD -->
  <div class=""bcr-card bcr-hidden"" id=""bcr-play"">
    <div class=""bcr-flash"" id=""bcr-flash""></div>
    <span class=""bcr-roundtype"" id=""bcr-rtype"">Build the number</span>
    <p class=""bcr-prompt"" id=""bcr-prompt"">Make this decimal in binary:</p>
    <div class=""bcr-target"" id=""bcr-target"">42</div>

    <div class=""bcr-bits"" id=""bcr-places""></div>
    <div class=""bcr-bits"" id=""bcr-bitrow""></div>

    <div class=""bcr-sumline"" id=""bcr-sumline""></div>

    <div class=""bcr-answerrow bcr-hidden"" id=""bcr-answerrow"">
      <input id=""bcr-input"" type=""text"" inputmode=""numeric"" autocomplete=""off"" placeholder=""decimal value"">
    </div>

    <button class=""bcr-btn bcr-check"" id=""bcr-checkbtn"">Check</button>
    <p class=""bcr-feedback"" id=""bcr-feedback""></p>
  </div>

  <!-- END SCREEN -->
  <div class=""bcr-card bcr-hidden"" id=""bcr-end"">
    <div class=""bcr-screen"">
      <h2 id=""bcr-endtitle"">Time!</h2>
      <div class=""bcr-bigscore"" id=""bcr-endscore"">0</div>
      <div class=""bcr-endstats"">
        <div>
<span class=""bcr-en"" id=""bcr-endbest"">0</span><span class=""bcr-el"">Best streak</span>
</div>
        <div>
<span class=""bcr-en"" id=""bcr-endright"">0</span><span class=""bcr-el"">Correct</span>
</div>
      </div>
      <p id=""bcr-endmsg"">Nice work!</p>
      <button class=""bcr-btn"" id=""bcr-againbtn"" style=""margin-top:14px !important;"">↻ Play again</button>
    </div>
  </div>
</div>

<script>
(function () {
  var PLACES = [128, 64, 32, 16, 8, 4, 2, 1];
  var GAME_SECONDS = 60;

  var state = {
    time: GAME_SECONDS,
    score: 0,
    streak: 0,
    bestStreak: 0,
    correct: 0,
    rounds: 0,
    mode: 'build',      // 'build' or 'read'
    target: 0,          // build: decimal to make ; read: decimal answer
    bits: [0,0,0,0,0,0,0,0], // build mode player toggles ; read mode fixed pattern
    locked: false,
    timerId: null
  };

  var el = {};
  ['time','score','streak-val','best','timerfill','start','play','end','flash',
   'rtype','prompt','target','places','bitrow','sumline','answerrow','input',
   'checkbtn','feedback','startbtn','againbtn','endscore','endbest','endright',
   'endmsg','endtitle'].forEach(function (id) {
    el[id] = document.getElementById('bcr-' + id);
  });

  // Build the static place-value header once.
  PLACES.forEach(function (p) {
    var d = document.createElement('div');
    d.className = 'bcr-place';
    d.textContent = String(p);
    el.places.appendChild(d);
  });

  // Build the 8 bit cells once; behavior depends on mode.
  var bitCells = [];
  for (var i = 0; i < 8; i++) {
    (function (idx) {
      var b = document.createElement('button');
      b.className = 'bcr-bit';
      b.type = 'button';
      b.textContent = '0';
      b.addEventListener('click', function () {
        if (state.mode !== 'build' || state.locked) return;
        state.bits[idx] = state.bits[idx] ? 0 : 1;
        renderBits();
        renderSum();
      });
      bitCells.push(b);
      el.bitrow.appendChild(b);
    })(i);
  }

  function bitsValue(bits) {
    var s = 0;
    for (var i = 0; i < 8; i++) if (bits[i]) s += PLACES[i];
    return s;
  }

  function bitsString(bits) {
    return bits.join('');
  }

  function renderBits() {
    for (var i = 0; i < 8; i++) {
      var on = !!state.bits[i];
      bitCells[i].textContent = on ? '1' : '0';
      bitCells[i].className = 'bcr-bit' + (on ? ' bcr-on' : '') +
        (state.mode === 'read' ? ' bcr-ro' : '');
    }
  }

  function renderSum() {
    if (state.mode === 'build') {
      var parts = [];
      for (var i = 0; i < 8; i++) if (state.bits[i]) parts.push(PLACES[i]);
      var sum = bitsValue(state.bits);
      if (parts.length === 0) {
        el.sumline.innerHTML = 'Current value: <b>0</b>';
      } else {
        el.sumline.innerHTML = 'Current value: ' + parts.join(' + ') + ' = <b>' + sum + '</b>';
      }
    } else {
      el.sumline.innerHTML = 'Pattern: <b>' + bitsString(state.bits) + '</b>  -  add the lit place values.';
    }
  }

  function randInt(max) { return Math.floor(Math.random() * (max + 1)); } // 0..max

  // Difficulty ramps by rounds played.
  function targetForRound(r) {
    if (r < 3) return randInt(15) + 1;          // 1..16 -> small, 4 low bits area
    if (r < 6) return randInt(31);              // 0..31
    if (r < 10) return randInt(63);             // 0..63
    return randInt(255);                        // full range 0..255
  }

  function nextRound() {
    state.locked = false;
    el.feedback.textContent = '';
    el.feedback.className = 'bcr-feedback';
    el.input.value = '';

    // Alternate modes each round.
    state.mode = (state.rounds % 2 === 0) ? 'build' : 'read';
    var val = targetForRound(state.rounds);
    state.target = val;

    if (state.mode === 'build') {
      state.bits = [0,0,0,0,0,0,0,0];
      el.rtype.textContent = 'Build the number';
      el.prompt.textContent = 'Toggle bits so the binary equals this decimal:';
      el.target.textContent = String(val);
      el.target.classList.remove('bcr-hidden');
      el.answerrow.classList.add('bcr-hidden');
      el.checkbtn.textContent = 'Check';
    } else {
      // Read the bits: display fixed pattern of the target value.
      var bits = [];
      for (var i = 0; i < 8; i++) bits.push((val & PLACES[i]) ? 1 : 0);
      state.bits = bits;
      el.rtype.textContent = 'Read the bits';
      el.prompt.textContent = 'What decimal value does this 8-bit pattern equal?';
      el.target.classList.add('bcr-hidden');
      el.answerrow.classList.remove('bcr-hidden');
      el.checkbtn.textContent = 'Check';
      setTimeout(function () { try { el.input.focus(); } catch (e) {} }, 30);
    }

    renderBits();
    renderSum();
    updateStats();
  }

  function flash(good) {
    el.flash.className = 'bcr-flash ' + (good ? 'bcr-good' : 'bcr-bad');
    // force reflow to restart animation
    void el.flash.offsetWidth;
  }

  function explainWrong() {
    if (state.mode === 'build') {
      var got = bitsValue(state.bits);
      var want = state.target;
      var parts = [];
      for (var i = 0; i < 8; i++) if (state.bits[i]) parts.push(PLACES[i]);
      var gotExpr = parts.length ? parts.join(' + ') + ' = ' + got : '0';
      return bitsString(state.bits) + ' is ' + gotExpr + ', not ' + want + '. Check the place values.';
    } else {
      var parts2 = [];
      for (var j = 0; j < 8; j++) if (state.bits[j]) parts2.push(PLACES[j]);
      var expr = parts2.length ? parts2.join(' + ') + ' = ' + state.target : '0';
      return bitsString(state.bits) + ' is ' + expr + '. Add every lit place value.';
    }
  }

  function check() {
    if (state.locked || el.play.classList.contains('bcr-hidden')) return;

    var isCorrect;
    if (state.mode === 'build') {
      isCorrect = (bitsValue(state.bits) === state.target);
    } else {
      var raw = (el.input.value || '').trim();
      if (raw === '' || !/^\d+$/.test(raw)) {
        el.feedback.className = 'bcr-feedback bcr-no';
        el.feedback.textContent = 'Enter a whole number 0-255.';
        return;
      }
      isCorrect = (parseInt(raw, 10) === state.target);
    }

    state.rounds++;

    if (isCorrect) {
      state.streak++;
      if (state.streak > state.bestStreak) state.bestStreak = state.streak;
      state.correct++;
      var base = 10;
      var bonus = Math.min(state.streak - 1, 5) * 5; // up to +25 streak bonus
      var gained = base + bonus;
      state.score += gained;
      flash(true);
      el.feedback.className = 'bcr-feedback bcr-ok';
      var comboTxt = state.streak >= 2
        ? ' <span class=""bcr-combo"">' + state.streak + 'x combo! +' + gained + '</span>'
        : ' +' + gained;
      el.feedback.innerHTML = 'Correct!' + comboTxt;
      updateStats();
      state.locked = true;
      setTimeout(function () { if (state.time > 0) nextRound(); }, 520);
    } else {
      state.streak = 0;
      flash(false);
      el.feedback.className = 'bcr-feedback bcr-no';
      el.feedback.textContent = explainWrong();
      updateStats();
      // allow retry on same round (no auto-advance)
    }
  }

  function updateStats() {
    el.time.textContent = String(state.time);
    el.score.textContent = String(state.score);
    el['streak-val'].textContent = String(state.streak);
    el.best.textContent = String(state.bestStreak);
    if (state.time <= 10) el.time.classList.add('bcr-low'); else el.time.classList.remove('bcr-low');
    if (state.streak >= 3) el['streak-val'].classList.add('bcr-hot'); else el['streak-val'].classList.remove('bcr-hot');
    var pct = Math.max(0, (state.time / GAME_SECONDS) * 100);
    el.timerfill.style.width = pct + '%';
  }

  function tick() {
    state.time--;
    if (state.time <= 0) {
      state.time = 0;
      updateStats();
      endGame();
      return;
    }
    updateStats();
  }

  function startGame() {
    state.time = GAME_SECONDS;
    state.score = 0;
    state.streak = 0;
    state.bestStreak = 0;
    state.correct = 0;
    state.rounds = 0;
    state.locked = false;

    el.start.classList.add('bcr-hidden');
    el.end.classList.add('bcr-hidden');
    el.play.classList.remove('bcr-hidden');

    updateStats();
    nextRound();

    if (state.timerId) clearInterval(state.timerId);
    state.timerId = setInterval(tick, 1000);
  }

  function endGame() {
    if (state.timerId) { clearInterval(state.timerId); state.timerId = null; }
    state.locked = true;
    el.play.classList.add('bcr-hidden');
    el.end.classList.remove('bcr-hidden');

    el.endscore.textContent = String(state.score);
    el.endbest.textContent = String(state.bestStreak);
    el.endright.textContent = String(state.correct);

    var msg;
    if (state.score >= 200) msg = 'Binary master! You can read place values in your sleep.';
    else if (state.score >= 120) msg = 'Great pace! Place value 128-64-32-16-8-4-2-1 is clicking.';
    else if (state.score >= 60) msg = 'Solid run. Keep chaining streaks for the bonus points.';
    else msg = 'Good start! Remember: each bit is worth double the one to its right.';
    el.endmsg.textContent = msg;

    document.dispatchEvent(new CustomEvent('apcsGameScore', { detail: { value: state.score } }));
  }

  el.startbtn.addEventListener('click', startGame);
  el.againbtn.addEventListener('click', startGame);
  el.checkbtn.addEventListener('click', check);
  el.input.addEventListener('keydown', function (e) {
    if (e.key === 'Enter') { e.preventDefault(); check(); }
  });
})();
</script>
    </div>
    <div class=""faq-section"">
      <h2>Frequently Asked Questions</h2>
      <div class=""faq-item"">
        <button class=""faq-q"" onclick=""toggleFAQ(this)"">What is the difference between a bit and a byte?<i class=""faq-icon"">+</i></button>
        <div class=""faq-a"">A bit is a single binary digit, either 0 or 1, and is the smallest unit of data. A byte is a group of 8 bits. Computers represent all data, including numbers, text, images, and sound, as sequences of bits.</div>
      </div>
      <div class=""faq-item"">
        <button class=""faq-q"" onclick=""toggleFAQ(this)"">How do I convert a binary number to decimal quickly?<i class=""faq-icon"">+</i></button>
        <div class=""faq-a"">Write the place values 128 64 32 16 8 4 2 1 above the bits, then add up the place values everywhere a 1 appears. For example, 1011 has 1s in the 8, 2, and 1 columns, so it equals 8 + 2 + 1 = 11.</div>
      </div>
      <div class=""faq-item"">
        <button class=""faq-q"" onclick=""toggleFAQ(this)"">Why can 8 bits store only 256 different values?<i class=""faq-icon"">+</i></button>
        <div class=""faq-a"">With n bits you can represent 2 to the n distinct values, because each bit doubles the number of patterns. Eight bits give 2 to the 8 = 256 values. When used for whole numbers starting at 0, that range is 0 to 255.</div>
      </div>
      <div class=""faq-item"">
        <button class=""faq-q"" onclick=""toggleFAQ(this)"">What is the difference between overflow and roundoff errors?<i class=""faq-icon"">+</i></button>
        <div class=""faq-a"">Overflow happens when a value is too large to represent in the available bits, such as going past the maximum a variable can hold. Roundoff happens when a value cannot be stored exactly, like many real numbers, so it is approximated. Overflow is too big to fit; roundoff is impossible to store precisely.</div>
      </div>
      <div class=""faq-item"">
        <button class=""faq-q"" onclick=""toggleFAQ(this)"">What does analog versus digital mean on the exam?<i class=""faq-icon"">+</i></button>
        <div class=""faq-a"">Analog data changes smoothly and continuously with infinitely many possible values. Digital data uses discrete, separate values stored as bits. Analog signals are turned into digital data by sampling, and more samples with more bits per sample give a closer approximation of the original.</div>
      </div>
    </div>
    <div class=""related-links"">
      <h3>🔗 Continue studying</h3>
      <div class=""related-links-grid"">
        <a href=""/pages/ap-csp-course-bi2-data-compression"" class=""related-link"">2.2 Data Compression</a>
        <a href=""/pages/ap-csp-reference-sheet"" class=""related-link"">AP CSP Reference Sheet</a>
        <a href=""/pages/ap-csp-study-games-hub"" class=""related-link"">All CSP Study Games</a>
      </div>
    </div>
    <div class=""superpack-slim"">
      <div style=""display:flex;align-items:center;gap:12px;"">
        <div class=""superpack-slim-icon"">📦</div>
        <div><div class=""superpack-slim-text"">AP CSP Teacher Superpack<span class=""superpack-slim-sub"">Slides, lesson plans, unit tests for all 5 Big Ideas, $249</span>
</div></div>
      </div>
      <a href=""/products/ap-csp-teacher-superpack"" class=""superpack-slim-btn"">Get the Superpack →</a>
    </div>
    <div class=""teacher-callout"">
      <div class=""teacher-callout-icon"">🏫</div>
      <div class=""teacher-callout-body"">
        <div class=""teacher-callout-label"">For teachers</div>
        <p>Binary is where students either click or freeze, so drill the place-value strip until conversions are automatic, then time them with the Binary Conversion Race game before the exam. The overflow versus roundoff distinction is a reliable point students miss, so anchor it with a keyword sort: too large to fit means overflow, cannot be stored exactly means roundoff. The Superpack includes conversion worksheets and an analog-to-digital sampling demo. <a href=""/products/ap-csp-teacher-superpack"">View what's included →</a></p>
      </div>
    </div>
    <div class=""lesson-nav"">
      <a href=""/pages/ap-csp-course-bi1-identifying-correcting-errors"" class=""nav-card"">
        <div class=""nav-card-dir"">← Previous</div>
        <div class=""nav-card-title"">1.4 Identifying and Correcting Errors</div>
      </a>
      <a href=""/pages/ap-csp-course-bi2-data-compression"" class=""nav-card next"">
        <div class=""nav-card-dir"">Next lesson →</div>
        <div class=""nav-card-title"">2.2 Data Compression</div>
      </a>
    </div>

  </div>
</div>

<script>
var MINI_MSGS={""mc-binary-1"": {""A"": ""Not quite. 7 is binary 111. In 1011 the 1s are in the 8, 2, and 1 columns."", ""B"": ""Close, but recount the columns. 1011 has 1s in the 8, 2, and 1 places, and 8 + 2 + 1 is not 9."", ""C"": ""Correct. 1011 has 1s in the 8, 2, and 1 columns, so the value is 8 + 2 + 1 = 11."", ""D"": ""Not quite. 13 would be 1101. In 1011 the 1s sit in the 8, 2, and 1 columns, giving 11.""}, ""mc-binary-2"": {""A"": ""No. That is the number of bits, not the number of values. Each bit doubles the count, so use 2 to the n."", ""B"": ""No. Do not multiply bits by 2. The count is 2 to the n, so 3 bits give 2 to the 3."", ""C"": ""Correct. With 3 bits you get 2 to the 3 = 8 distinct values."", ""D"": ""No. That would be 3 squared. The rule is 2 to the number of bits, so 2 to the 3 = 8.""}};
var MINI_FIB={};

function _activity(d){
  try{ var w=document.querySelector('.lesson-page');
    if(w){ d.course=w.getAttribute('data-course'); d.unit=w.getAttribute('data-unit'); d.lesson=w.getAttribute('data-lesson'); }
    document.dispatchEvent(new CustomEvent('apcsActivity',{detail:d}));
  }catch(e){}
}
function checkMCQ(qid, chosen, correct, fbId){
  var opts=document.querySelectorAll('#'+qid+'-options .mcq-option');
  opts.forEach(function(b){b.disabled=true;b.onclick=null;});
  var letters=['A','B','C','D'];
  opts[letters.indexOf(chosen)].classList.add(chosen===correct?'correct':'incorrect');
  if(chosen!==correct)opts[letters.indexOf(correct)].classList.add('revealed-correct');
  document.getElementById(fbId).classList.add('show');
  _activity({activity:'quiz',item:qid,choice:chosen});
}
function miniMCQ(id, chosen, correct, fbId){
  var opts=document.querySelectorAll('#'+id+'-opts .mini-opt');
  opts.forEach(function(b){b.onclick=null;b.style.cursor='default';});
  var letters=['A','B','C','D'];
  opts[letters.indexOf(chosen)].classList.add(chosen===correct?'correct':'incorrect');
  if(chosen!==correct)opts[letters.indexOf(correct)].classList.add('reveal');
  var fb=document.getElementById(fbId);
  if(MINI_MSGS[id]){fb.textContent=MINI_MSGS[id][chosen]||'';fb.className='mini-fb '+(chosen===correct?'c':'w');}
}
function miniFIB(id, fbId){
  var inp=document.getElementById(id+'-inp'),fb=document.getElementById(fbId);
  var val=inp.value.trim().toLowerCase();var d=MINI_FIB[id];
  var ok=(val===String(d.correct).toLowerCase());
  inp.classList.add(ok?'correct':'incorrect');
  fb.textContent=ok?d.c:d.w; fb.className='mini-fb '+(ok?'c':'w'); inp.disabled=true;
}
function toggleFAQ(btn){
  var item=btn.parentElement,wasOpen=item.classList.contains('open');
  document.querySelectorAll('.faq-item').forEach(function(el){el.classList.remove('open');});
  if(!wasOpen)item.classList.add('open');
}
function handleCapture(){
  var email=document.getElementById('capture-email').value.trim();
  if(!email||!email.includes('@')){document.getElementById('capture-email').focus();return;}
  document.getElementById('capture-form').style.display='none';
  document.getElementById('capture-success').style.display='block';
  if(typeof window._learnq!=='undefined'){window._learnq.push(['identify',{'$email':email}]);}
}
/* Bridge: the embedded topic game dispatches 'apcsGameScore' on completion.
   Convert that single completion into the standard exercise-2 gradebook hook. */
document.addEventListener('apcsGameScore', function(e){
  _activity({activity:'exercise-2', earned:1, possible:1});
});
</script>
<!-- apcs-exercises (managed) -->
<div id=""apcs-ex-links"">
<style>
#apcs-ex-links{all:initial!important;display:block!important;box-sizing:border-box!important;max-width:880px!important;margin:28px auto 0!important;padding:0 16px 8px!important;font-family:-apple-system,BlinkMacSystemFont,""Segoe UI"",Roboto,Helvetica,Arial,sans-serif!important}
#apcs-ex-links *,#apcs-ex-links *::before,#apcs-ex-links *::after{box-sizing:border-box!important}
#apcs-ex-links .ex-lbl{font-size:12px!important;font-weight:800!important;letter-spacing:.06em!important;text-transform:uppercase!important;color:#1e40af!important;-webkit-text-fill-color:#1e40af!important;margin:0 0 10px!important}
#apcs-ex-links .ex-row{display:grid!important;grid-template-columns:repeat(2,1fr)!important;gap:12px!important}
@media (max-width:640px){#apcs-ex-links .ex-row{grid-template-columns:repeat(1,1fr)!important}}
#apcs-ex-links a.ex,#apcs-ex-links a.ex:link,#apcs-ex-links a.ex:visited{display:block!important;text-decoration:none!important;border:1px solid #93c5fd!important;border-left:5px solid #1a56db!important;border-radius:0 12px 12px 0!important;background:#eff6ff!important;padding:14px 16px!important;color:#0f1f3d!important;-webkit-text-fill-color:#0f1f3d!important;font-size:16px!important;font-weight:700!important;line-height:1.35!important}
#apcs-ex-links a.ex:hover{background:#dbeafe!important}
#apcs-ex-links a.ex span{display:block!important;margin-top:4px!important;font-size:13px!important;font-weight:400!important;color:#64748b!important;-webkit-text-fill-color:#64748b!important}
#apcs-ex-links a.ex.wide{grid-column:1/-1!important}
</style>
<p class=""ex-lbl"">Exercises for Topic 2.1</p>
<div class=""ex-row"">
<a class=""ex"" href=""/pages/ap-csp-topic-2-1-exercise-1"">Exercise 1: The Wraparound Bug<span>Work it online. Saved in your browser, not graded</span></a>
<a class=""ex"" href=""/pages/ap-csp-topic-2-1-exercise-2"">Exercise 2: Binary Help Desk<span>Work it online. Saved in your browser, not graded</span></a>
<a class=""ex wide"" href=""/pages/ap-csp-course-bi2-binary-numbers-exercise-2"">Applied Challenge<span>6 questions, and every answer is recorded for your teacher</span></a>
</div>
</div>"
"ap-csp-course-bi2-data-compression","MERGE","<!--
  PAGE: /pages/ap-csp-course-bi2-data-compression
  TITLE: Topic 2.2: Data Compression | AP CSP Big Idea 2 | APCSExamPrep.com
  META: Master AP CSP Topic 2.2 Data Compression. Lossless vs lossy compression, run-length encoding worked example, the size-versus-quality trade-off, when to pick each method, the Compression Challenge game, and how data choices appear in the Create Task written response.
-->

<style>
  @import url('https://fonts.googleapis.com/css2?family=DM+Serif+Display:ital@0;1&family=DM+Sans:ital,opsz,wght@0,9..40,300;0,9..40,400;0,9..40,500;0,9..40,600;0,9..40,700;1,9..40,400&display=swap');
  :root{--navy:#0f1f3d;--bi3:#1a56db;--bi3-lt:#93c5fd;--bi3-bg:#eff6ff;--bi3-dk:#1e40af;--green:#16a34a;--amber:#d97706;--red:#dc2626;--slate:#64748b;--white:#ffffff;--py:#3b82f6;--pseudo:#8b5cf6;}
  *{box-sizing:border-box;margin:0;padding:0;}
  .lesson-page{font-family:""DM Sans"",sans-serif;color:var(--navy);background:#f8fafc;line-height:1.6;}

  .lesson-breadcrumb{background:#fff;border-bottom:1px solid #e2e8f0;padding:12px 24px;}
  .lesson-breadcrumb-inner{max-width:880px;margin:0 auto;display:flex;align-items:center;gap:8px;font-size:13px;color:var(--slate);flex-wrap:wrap;}
  .lesson-breadcrumb a{color:var(--bi3)!important;-webkit-text-fill-color:var(--bi3)!important;text-decoration:none;font-weight:500;}
  .bc-sep{color:#cbd5e1;}

  .social-proof-bar{background:#fff;border-bottom:1px solid #e2e8f0;padding:10px 24px;}
  .social-proof-inner{max-width:880px;margin:0 auto;display:flex;flex-wrap:wrap;align-items:center;gap:6px 20px;font-size:13px;color:var(--slate);}
  .social-proof-item{display:flex;align-items:center;gap:5px;font-weight:500;}
  .social-proof-item strong{color:var(--navy)!important;-webkit-text-fill-color:var(--navy)!important;}

  .lesson-hero{background:var(--navy);background-image:radial-gradient(ellipse 60% 70% at 90% 20%,rgba(26,86,219,.28) 0%,transparent 60%);padding:48px 24px 40px;}
  .lesson-hero-inner{max-width:880px;margin:0 auto;}
  .lesson-hero-meta{display:flex;align-items:center;gap:10px;flex-wrap:wrap;margin-bottom:16px;}
  .lesson-num-badge{display:inline-flex;align-items:center;justify-content:center;width:44px;height:44px;border-radius:10px;background:var(--bi3);font-weight:700;font-size:14px;color:#fff!important;-webkit-text-fill-color:#fff!important;flex-shrink:0;}
  .lesson-eyebrow{font-size:12px;font-weight:700;letter-spacing:.08em;text-transform:uppercase;color:var(--bi3-lt)!important;-webkit-text-fill-color:var(--bi3-lt)!important;}
  .lesson-hero h1{font-family:""DM Serif Display"",serif!important;font-size:clamp(26px,4vw,40px)!important;line-height:1.2!important;color:#fff!important;-webkit-text-fill-color:#fff!important;margin-bottom:14px!important;}
  .lesson-hero-pills{display:flex;flex-wrap:wrap;gap:8px;}
  .lesson-pill{display:inline-flex;align-items:center;gap:5px;background:rgba(255,255,255,.08);border:1px solid rgba(255,255,255,.15);padding:5px 12px;border-radius:100px;font-size:12px;color:#e2e8f0!important;-webkit-text-fill-color:#e2e8f0!important;}
  .ced-tag{display:inline-flex;align-items:center;background:rgba(26,86,219,.25);border:1px solid rgba(147,197,253,.3);padding:4px 10px;border-radius:100px;font-size:11px;font-weight:600;color:#bfdbfe!important;-webkit-text-fill-color:#bfdbfe!important;letter-spacing:.04em;}

  /* PROGRESS STRIP */
  .bi3-progress{background:#fff!important;border-bottom:1px solid #e2e8f0!important;padding:14px 20px!important;overflow-x:auto!important;-webkit-overflow-scrolling:touch!important;}
  .bi3-progress-inner{display:flex!important;flex-direction:row!important;flex-wrap:nowrap!important;align-items:center!important;gap:0!important;width:max-content!important;min-width:100%!important;}
  .prog-step{display:flex!important;flex-direction:column!important;align-items:center!important;min-width:46px!important;text-align:center!important;flex-shrink:0!important;}
  .prog-step-link{display:flex!important;flex-direction:column!important;align-items:center!important;min-width:46px!important;text-align:center!important;flex-shrink:0!important;text-decoration:none!important;cursor:pointer!important;}
  .prog-step-link:hover .prog-dot{background:#dbeafe!important;color:var(--bi3)!important;-webkit-text-fill-color:var(--bi3)!important;border-color:var(--bi3)!important;}
  .prog-dot{width:26px!important;height:26px!important;border-radius:50%!important;display:flex!important;align-items:center!important;justify-content:center!important;font-size:9px!important;font-weight:700!important;margin-bottom:4px!important;flex-shrink:0!important;}
  .prog-dot.active{background:var(--bi3)!important;color:#fff!important;-webkit-text-fill-color:#fff!important;}
  .prog-dot.upcoming{background:#f1f5f9!important;color:#94a3b8!important;-webkit-text-fill-color:#94a3b8!important;border:2px solid #e2e8f0!important;}
  .prog-dot.done{background:#dbeafe!important;color:var(--bi3)!important;-webkit-text-fill-color:var(--bi3)!important;border:2px solid var(--bi3)!important;}
  .prog-label{font-size:8px!important;font-weight:600!important;color:#64748b!important;-webkit-text-fill-color:#64748b!important;line-height:1.2!important;white-space:nowrap!important;}
  .prog-label.active-label{color:var(--bi3)!important;-webkit-text-fill-color:var(--bi3)!important;}
  .prog-arrow{flex:1 0 4px!important;height:2px!important;background:#e2e8f0!important;margin-bottom:18px!important;min-width:4px!important;max-width:16px!important;flex-shrink:0!important;}

  /* MAIN */
  .lesson-main{max-width:880px;margin:0 auto;padding:40px 24px 80px;}
  .lesson-objectives{background:var(--bi3-bg);border-left:4px solid var(--bi3);border-radius:0 10px 10px 0;padding:20px 24px;margin-bottom:28px;}
  .lesson-objectives h2{font-size:14px!important;font-weight:700!important;color:var(--bi3-dk)!important;-webkit-text-fill-color:var(--bi3-dk)!important;text-transform:uppercase!important;letter-spacing:.06em!important;margin-bottom:12px!important;}
  .lesson-objectives ul{list-style:none;padding:0;display:flex;flex-direction:column;gap:8px;}
  .lesson-objectives li{display:flex;align-items:flex-start;gap:10px;font-size:14px;color:#1e3a8a;line-height:1.5;}
  .lesson-objectives li::before{content:""\2713"";color:var(--bi3);font-weight:700;flex-shrink:0;margin-top:1px;}
  .score-impact{background:#f0fdf4;border:1px solid #bbf7d0;border-radius:8px;padding:12px 18px;margin-bottom:28px;display:flex;align-items:center;gap:10px;font-size:14px;color:#14532d;}
  .score-impact strong{color:#14532d!important;-webkit-text-fill-color:#14532d!important;}

  /* HOOK */
  .hook-box{background:linear-gradient(135deg,#1e3a8a 0%,#1e40af 100%);border-radius:12px;padding:24px 28px;margin-bottom:32px;}
  .hook-label{font-size:11px;font-weight:700;letter-spacing:.1em;text-transform:uppercase;color:var(--bi3-lt)!important;-webkit-text-fill-color:var(--bi3-lt)!important;margin-bottom:8px;}
  .hook-box p{font-size:15px!important;color:#bfdbfe!important;-webkit-text-fill-color:#bfdbfe!important;line-height:1.7!important;margin-bottom:0!important;}

  /* LESSON SECTIONS */
  .lesson-section{margin-bottom:40px;}
  .lesson-section h2{font-family:""DM Serif Display"",serif!important;font-size:24px!important;color:var(--navy)!important;-webkit-text-fill-color:var(--navy)!important;margin-bottom:14px!important;padding-bottom:10px!important;border-bottom:2px solid var(--bi3-bg)!important;}
  .lesson-section h3{font-size:17px!important;font-weight:700!important;color:var(--navy)!important;-webkit-text-fill-color:var(--navy)!important;margin-top:24px!important;margin-bottom:10px!important;}
  .lesson-section p{font-size:15px;color:#374151;line-height:1.8;margin-bottom:14px;}
  .lesson-section ul,.lesson-section ol{padding-left:20px;margin-bottom:14px;}
  .lesson-section li{font-size:15px;color:#374151;line-height:1.7;margin-bottom:6px;}
  .lesson-section code{background:#eef2ff;color:#1e3a8a!important;-webkit-text-fill-color:#1e3a8a!important;padding:1px 6px;border-radius:5px;font-size:13px;}

  /* DUAL CODE PANEL */
  .code-panel-wrap{margin:20px 0;border-radius:12px;overflow:hidden;border:1px solid #e2e8f0;}
  .code-panel-tabs{display:flex;background:#1e293b;}
  .code-tab{padding:8px 16px;font-size:12px;font-weight:700;cursor:pointer;border:none;background:transparent;letter-spacing:.04em;transition:background .15s;font-family:inherit;}
  .code-tab.py{color:#93c5fd!important;-webkit-text-fill-color:#93c5fd!important;}
  .code-tab.pseudo{color:#c4b5fd!important;-webkit-text-fill-color:#c4b5fd!important;}
  .code-tab.active{background:rgba(255,255,255,.15)!important;}
  .code-tab-label{font-size:10px;opacity:.6;margin-left:4px;font-weight:400;}
  .code-pane{background:#0f172a;padding:18px 20px;overflow-x:auto;height:0;overflow:hidden;padding:0;}
  .code-pane.active{height:auto;overflow-x:auto;padding:18px 20px;}
  .code-pane pre{font-family:monospace;font-size:13px;line-height:1.8;margin:0;white-space:pre-wrap;word-break:break-word;max-width:100%;color:#e2e8f0!important;-webkit-text-fill-color:#e2e8f0!important;}
  .py-kw{color:#93c5fd!important;-webkit-text-fill-color:#93c5fd!important;font-weight:700;}
  .py-fn{color:#6ee7b7!important;-webkit-text-fill-color:#6ee7b7!important;}
  .py-num{color:#fde68a!important;-webkit-text-fill-color:#fde68a!important;}
  .py-str{color:#f9a8d4!important;-webkit-text-fill-color:#f9a8d4!important;}
  .py-comment{color:#475569!important;-webkit-text-fill-color:#475569!important;font-style:italic;}
  .py-var{color:#e2e8f0!important;-webkit-text-fill-color:#e2e8f0!important;}
  .py-op{color:#94a3b8!important;-webkit-text-fill-color:#94a3b8!important;}
  .ps-kw{color:#c4b5fd!important;-webkit-text-fill-color:#c4b5fd!important;font-weight:700;}
  .ps-op{color:#f9a8d4!important;-webkit-text-fill-color:#f9a8d4!important;}
  .ps-num{color:#fde68a!important;-webkit-text-fill-color:#fde68a!important;}
  .ps-str{color:#86efac!important;-webkit-text-fill-color:#86efac!important;}
  .ps-comment{color:#475569!important;-webkit-text-fill-color:#475569!important;font-style:italic;}
  .ps-var{color:#e2e8f0!important;-webkit-text-fill-color:#e2e8f0!important;}

  /* CALLOUTS */
  .callout-exam{background:#fffbeb;border:1px solid #fcd34d;border-left:4px solid var(--amber);border-radius:0 8px 8px 0;padding:16px 20px;margin:20px 0;}
  .callout-exam-label{font-size:11px;font-weight:700;letter-spacing:.08em;text-transform:uppercase;color:var(--amber)!important;-webkit-text-fill-color:var(--amber)!important;margin-bottom:6px;}
  .callout-exam p{font-size:14px!important;color:#78350f!important;-webkit-text-fill-color:#78350f!important;margin-bottom:0!important;line-height:1.6!important;}
  .callout-trap{background:#fef2f2;border:1px solid #fca5a5;border-left:4px solid var(--red);border-radius:0 8px 8px 0;padding:16px 20px;margin:20px 0;}
  .callout-trap-label{font-size:11px;font-weight:700;letter-spacing:.08em;text-transform:uppercase;color:var(--red)!important;-webkit-text-fill-color:var(--red)!important;margin-bottom:6px;}
  .callout-trap p{font-size:14px!important;color:#7f1d1d!important;-webkit-text-fill-color:#7f1d1d!important;margin-bottom:0!important;line-height:1.6!important;}

  /* MINI EXERCISES */
  .mini-ex{background:#fff;border:1px solid #bfdbfe;border-radius:12px;padding:20px 24px;margin:24px 0;}
  .mini-ex-label{display:flex;align-items:center;gap:8px;font-size:11px;font-weight:700;letter-spacing:.08em;text-transform:uppercase;color:var(--bi3-dk)!important;-webkit-text-fill-color:var(--bi3-dk)!important;margin-bottom:12px;}
  .mini-ex-q{font-size:15px;font-weight:600;color:var(--navy)!important;-webkit-text-fill-color:var(--navy)!important;margin-bottom:14px;line-height:1.5;}
  .mini-ex-code{background:#0f172a;border-radius:8px;padding:14px 16px;font-family:monospace;font-size:13px;line-height:1.8;margin-bottom:14px;overflow-x:auto;white-space:pre;display:block;}
  .mini-opts{display:flex;flex-direction:column;gap:7px;margin-bottom:10px;}
  .mini-opt{display:flex;align-items:center;gap:10px;padding:10px 14px;border:2px solid #e2e8f0;border-radius:8px;cursor:pointer;font-size:14px;font-family:monospace;color:#374151!important;-webkit-text-fill-color:#374151!important;background:#f8fafc;text-align:left;width:100%;transition:border-color .15s;}
  .mini-opt:hover{border-color:var(--bi3-lt);background:var(--bi3-bg);}
  .mini-opt.correct{border-color:var(--green)!important;background:#f0fdf4!important;color:#14532d!important;-webkit-text-fill-color:#14532d!important;}
  .mini-opt.incorrect{border-color:var(--red)!important;background:#fef2f2!important;color:#7f1d1d!important;-webkit-text-fill-color:#7f1d1d!important;}
  .mini-opt.reveal{border-color:var(--green)!important;background:#f0fdf4!important;}
  .mini-opt-letter{font-weight:700;color:var(--bi3)!important;-webkit-text-fill-color:var(--bi3)!important;min-width:18px;font-family:inherit;}
  .mini-opt.correct .mini-opt-letter{color:#14532d!important;-webkit-text-fill-color:#14532d!important;}
  .mini-opt.incorrect .mini-opt-letter{color:#7f1d1d!important;-webkit-text-fill-color:#7f1d1d!important;}
  .mini-fib-row{display:flex;gap:8px;align-items:center;flex-wrap:wrap;margin-bottom:10px;}
  .mini-fib-input{padding:8px 12px;border:2px solid #e2e8f0;border-radius:8px;font-family:monospace;font-size:14px;width:130px;outline:none;color:var(--navy)!important;background:#f8fafc;}
  .mini-fib-input:focus{border-color:var(--bi3-lt);}
  .mini-fib-input.correct{border-color:var(--green);background:#f0fdf4;}
  .mini-fib-input.incorrect{border-color:var(--red);background:#fef2f2;}
  .mini-fib-btn{padding:8px 18px;background:var(--bi3);border:none;border-radius:8px;color:#fff!important;-webkit-text-fill-color:#fff!important;font-size:13px;font-weight:700;cursor:pointer;font-family:inherit;}
  .mini-fb{font-size:13px;font-weight:500;padding:8px 12px;border-radius:7px;margin-top:6px;display:none;line-height:1.5;}
  .mini-fb.c{background:#f0fdf4;color:var(--green)!important;-webkit-text-fill-color:var(--green)!important;display:block;}
  .mini-fb.w{background:#fef2f2;color:var(--red)!important;-webkit-text-fill-color:var(--red)!important;display:block;}

  /* VOCAB */
  .vocab-table{width:100%;border-collapse:collapse;margin-bottom:24px;font-size:14px;}
  .vocab-table thead tr{background:var(--bi3);}
  .vocab-table thead th{padding:10px 16px;text-align:left;font-weight:600;color:#fff!important;-webkit-text-fill-color:#fff!important;font-size:13px;}
  .vocab-table tbody tr:nth-child(even){background:var(--bi3-bg);}
  .vocab-table tbody tr:nth-child(odd){background:#fff;}
  .vocab-table tbody td{padding:10px 16px;border-bottom:1px solid #bfdbfe;color:#374151;vertical-align:top;line-height:1.5;}
  .vocab-table tbody td:first-child{font-weight:700;color:var(--bi3-dk)!important;-webkit-text-fill-color:var(--bi3-dk)!important;white-space:nowrap;}

  /* CPT CONNECTION */
  .cpt-connection{background:#fefce8;border:1px solid #fde68a;border-left:4px solid #f59e0b;border-radius:0 10px 10px 0;padding:20px 24px;margin:28px 0;}
  .cpt-connection-label{font-size:11px;font-weight:700;letter-spacing:.08em;text-transform:uppercase;color:#92400e!important;-webkit-text-fill-color:#92400e!important;margin-bottom:8px;}
  .cpt-connection h3{font-size:16px!important;font-weight:700!important;color:#78350f!important;-webkit-text-fill-color:#78350f!important;margin:16px 0 8px!important;}
  .cpt-connection p{font-size:14px!important;color:#78350f!important;-webkit-text-fill-color:#78350f!important;line-height:1.7!important;margin-bottom:12px!important;}
  .cpt-connection a{color:#b45309!important;-webkit-text-fill-color:#b45309!important;font-weight:600;text-decoration:underline;}
  .cpt-connection code{background:#fef3c7;color:#78350f!important;-webkit-text-fill-color:#78350f!important;padding:1px 6px;border-radius:5px;font-size:13px;}
  .cpt-stems{list-style:none;padding:0;margin:0 0 8px;display:flex;flex-direction:column;gap:8px;}
  .cpt-stems li{background:#fffef5;border:1px solid #fde68a;border-radius:8px;padding:10px 14px;font-size:13px!important;color:#78350f!important;-webkit-text-fill-color:#78350f!important;line-height:1.6;}
  .cpt-code{background:#0f172a;border-radius:8px;padding:14px 16px;font-family:monospace;font-size:13px;line-height:1.8;margin:6px 0 12px;overflow-x:auto;white-space:pre;display:block;color:#e2e8f0!important;-webkit-text-fill-color:#e2e8f0!important;}

  /* EMAIL */
  .email-capture{background:linear-gradient(135deg,#1e3a8a 0%,#1e40af 100%);border-radius:12px;padding:24px 28px;margin-bottom:36px;display:flex;align-items:center;gap:24px;flex-wrap:wrap;}
  .email-capture-text{flex:1;min-width:200px;}
  .email-capture-eyebrow{font-size:11px;font-weight:700;letter-spacing:.1em;text-transform:uppercase;color:var(--bi3-lt)!important;-webkit-text-fill-color:var(--bi3-lt)!important;margin-bottom:4px;}
  .email-capture h3{font-size:16px!important;font-weight:700!important;color:#fff!important;-webkit-text-fill-color:#fff!important;margin-bottom:4px!important;}
  .email-capture p{font-size:13px!important;color:#94a3b8!important;-webkit-text-fill-color:#94a3b8!important;margin-bottom:0!important;line-height:1.5!important;}
  .email-capture-form{display:flex;gap:8px;flex-wrap:wrap;flex-shrink:0;}
  .email-capture-input{padding:10px 14px;border-radius:8px;border:1px solid rgba(255,255,255,.2);background:rgba(255,255,255,.1);color:#fff!important;font-size:14px;font-family:inherit;min-width:180px;outline:none;}
  .email-capture-btn{padding:10px 20px!important;background:var(--bi3)!important;color:#fff!important;-webkit-text-fill-color:#fff!important;border:none!important;border-radius:8px!important;font-size:14px!important;font-weight:600!important;cursor:pointer!important;font-family:inherit!important;}
  .email-capture-success{display:none;font-size:14px;color:#93c5fd!important;-webkit-text-fill-color:#93c5fd!important;font-weight:600;padding:10px 0;}

  /* MCQ */
  .mcq-section{background:#fff;border:1px solid #e2e8f0;border-radius:14px;padding:28px;margin-bottom:40px;}
  .mcq-section-header{display:flex;align-items:center;gap:12px;margin-bottom:24px;padding-bottom:16px;border-bottom:2px solid var(--bi3-bg);}
  .mcq-section-icon{width:40px;height:40px;border-radius:10px;background:var(--bi3-bg);display:flex;align-items:center;justify-content:center;font-size:18px;flex-shrink:0;}
  .mcq-section-title{font-family:""DM Serif Display"",serif;font-size:20px;color:var(--navy)!important;-webkit-text-fill-color:var(--navy)!important;}
  .mcq-section-sub{font-size:13px;color:var(--slate);}
  .mcq-item{margin-bottom:28px;padding-bottom:28px;border-bottom:1px solid #f1f5f9;}
  .mcq-item:last-child{border-bottom:none;margin-bottom:0;padding-bottom:0;}
  .mcq-q-num{font-size:11px;font-weight:700;letter-spacing:.08em;text-transform:uppercase;color:var(--slate);margin-bottom:8px;}
  .diff-tag{display:inline-block;font-size:10px;font-weight:700;letter-spacing:.06em;text-transform:uppercase;padding:2px 8px;border-radius:100px;margin-left:8px;background:#fef2f2;color:#b91c1c!important;-webkit-text-fill-color:#b91c1c!important;border:1px solid #fca5a5;}
  .mcq-q-text{font-size:15px!important;font-weight:600!important;color:#0f1f3d!important;-webkit-text-fill-color:#0f1f3d!important;line-height:1.6!important;margin-bottom:12px!important;}
  .predict-note{font-size:12px;font-style:italic;color:#64748b!important;-webkit-text-fill-color:#64748b!important;margin-bottom:12px;}
  .mcq-code{background:#0f172a;border-radius:8px;padding:12px 14px;margin:10px 0 14px;font-family:monospace;font-size:13px;line-height:1.75;color:#e2e8f0!important;-webkit-text-fill-color:#e2e8f0!important;white-space:pre;overflow-x:auto;display:block;}
  .mcq-code .k{color:#93c5fd!important;-webkit-text-fill-color:#93c5fd!important;}
  .mcq-code .s{color:#f9a8d4!important;-webkit-text-fill-color:#f9a8d4!important;}
  .mcq-code .n{color:#fde68a!important;-webkit-text-fill-color:#fde68a!important;}
  .mcq-code .c{color:#64748b!important;-webkit-text-fill-color:#64748b!important;font-style:italic;}
  .mcq-roman{list-style:none;padding:0;margin:10px 0 14px;display:flex;flex-direction:column;gap:6px;}
  .mcq-roman li{font-family:monospace;font-size:13px;color:#1e293b!important;-webkit-text-fill-color:#1e293b!important;background:#f1f5f9;border-radius:6px;padding:8px 12px;}
  .mcq-roman li strong{color:var(--bi3-dk)!important;-webkit-text-fill-color:var(--bi3-dk)!important;font-family:""DM Sans"",sans-serif;margin-right:8px;}
  .mcq-options{display:flex;flex-direction:column;gap:8px;margin-bottom:12px;}
  .mcq-option{display:flex!important;align-items:flex-start!important;gap:12px!important;padding:11px 14px!important;border:2px solid #e2e8f0!important;border-radius:8px!important;cursor:pointer!important;background:#f8fafc!important;font-size:14px!important;color:#374151!important;-webkit-text-fill-color:#374151!important;line-height:1.5!important;text-align:left!important;width:100%!important;font-family:inherit!important;}
  .mcq-option:hover{border-color:var(--bi3-lt)!important;background:var(--bi3-bg)!important;}
  .mcq-option.correct{border-color:var(--green)!important;background:#f0fdf4!important;color:#14532d!important;-webkit-text-fill-color:#14532d!important;}
  .mcq-option.incorrect{border-color:var(--red)!important;background:#fef2f2!important;color:#7f1d1d!important;-webkit-text-fill-color:#7f1d1d!important;}
  .mcq-option.revealed-correct{border-color:var(--green)!important;background:#f0fdf4!important;}
  .mcq-option-letter{font-weight:700!important;color:var(--bi3)!important;-webkit-text-fill-color:var(--bi3)!important;flex-shrink:0!important;min-width:18px!important;}
  .mcq-option.correct .mcq-option-letter{color:#14532d!important;-webkit-text-fill-color:#14532d!important;}
  .mcq-option.incorrect .mcq-option-letter{color:#7f1d1d!important;-webkit-text-fill-color:#7f1d1d!important;}
  .mcq-feedback{display:none!important;padding:12px 16px!important;border-radius:8px!important;font-size:14px!important;line-height:1.6!important;margin-top:8px!important;}
  .mcq-feedback.show{display:block!important;}
  .mcq-feedback.correct-fb{background:#f0fdf4!important;color:#14532d!important;-webkit-text-fill-color:#14532d!important;border:1px solid #bbf7d0!important;}
  .mcq-feedback.incorrect-fb{background:#fef2f2!important;color:#7f1d1d!important;-webkit-text-fill-color:#7f1d1d!important;border:1px solid #fecaca!important;}

  /* GAME */
  .game-section{background:linear-gradient(135deg,#1e3a8a 0%,#1e40af 100%);border-radius:14px;padding:28px;margin-bottom:40px;}
  .game-badge{display:inline-block;background:rgba(147,197,253,.15);border:1px solid rgba(147,197,253,.35);color:var(--bi3-lt)!important;-webkit-text-fill-color:var(--bi3-lt)!important;font-size:11px;font-weight:700;letter-spacing:.1em;text-transform:uppercase;padding:5px 14px;border-radius:100px;margin-bottom:10px;}
  .game-title{font-family:""DM Serif Display"",serif!important;font-size:24px!important;color:#fff!important;-webkit-text-fill-color:#fff!important;margin-bottom:4px!important;}
  .game-sub{font-size:13px!important;color:#94a3b8!important;-webkit-text-fill-color:#94a3b8!important;margin-bottom:20px!important;}
  .vt-score-bar{display:flex;justify-content:space-between;background:rgba(255,255,255,.06);border-radius:10px;padding:12px 20px;margin-bottom:20px;flex-wrap:wrap;gap:8px;}
  .vt-stat{text-align:center;}
  .vt-stat-val{font-size:20px;font-weight:800;color:#fff!important;-webkit-text-fill-color:#fff!important;line-height:1;}
  .vt-stat-lbl{font-size:10px;color:#94a3b8!important;-webkit-text-fill-color:#94a3b8!important;margin-top:2px;}
  .vt-code-card{background:rgba(255,255,255,.06);border:1px solid rgba(255,255,255,.1);border-radius:12px;padding:18px 20px;margin-bottom:16px;}
  .vt-code-label{font-size:11px;font-weight:700;letter-spacing:.06em;text-transform:uppercase;color:var(--bi3-lt)!important;-webkit-text-fill-color:var(--bi3-lt)!important;margin-bottom:10px;}
  .vt-code-lines{font-family:monospace;font-size:14px;line-height:2;color:#e2e8f0!important;-webkit-text-fill-color:#e2e8f0!important;}
  .vt-line{display:block;padding:2px 8px;border-radius:4px;white-space:pre;}
  .vt-line.hl{background:rgba(147,197,253,.2);color:#93c5fd!important;-webkit-text-fill-color:#93c5fd!important;}
  .vt-question{font-size:15px;font-weight:600;color:#e2e8f0!important;-webkit-text-fill-color:#e2e8f0!important;margin-bottom:14px;}
  .vt-options{display:grid;grid-template-columns:1fr 1fr;gap:8px;margin-bottom:14px;}
  .vt-btn{padding:12px;border-radius:9px;border:2px solid rgba(255,255,255,.15);background:rgba(255,255,255,.06);cursor:pointer;font-size:15px;font-weight:700;color:#e2e8f0!important;-webkit-text-fill-color:#e2e8f0!important;font-family:monospace;transition:all .15s;}
  .vt-btn:hover{border-color:var(--bi3-lt);background:rgba(26,86,219,.2);}
  .vt-btn.c{border-color:#4ade80;background:rgba(74,222,128,.15);color:#4ade80!important;-webkit-text-fill-color:#4ade80!important;}
  .vt-btn.w{border-color:#f87171;background:rgba(248,113,113,.15);color:#f87171!important;-webkit-text-fill-color:#f87171!important;}
  .vt-btn.rv{border-color:#4ade80;background:rgba(74,222,128,.08);}
  .vt-fb{padding:10px 14px;border-radius:8px;font-size:13px;font-weight:500;margin-bottom:12px;display:none;line-height:1.5;}
  .vt-fb.c{background:rgba(74,222,128,.1);color:#4ade80!important;-webkit-text-fill-color:#4ade80!important;display:block;}
  .vt-fb.w{background:rgba(248,113,113,.1);color:#f87171!important;-webkit-text-fill-color:#f87171!important;display:block;}
  .vt-next{display:none;width:100%;padding:12px;background:rgba(255,255,255,.1);border:2px solid rgba(255,255,255,.2);border-radius:8px;color:#fff!important;-webkit-text-fill-color:#fff!important;font-size:14px;font-weight:600;cursor:pointer;font-family:inherit;}
  .vt-next.show{display:block;}
  .vt-results{display:none;text-align:center;padding:20px;}
  .vt-results.show{display:block;}
  .vt-res-score{font-family:""DM Serif Display"",serif;font-size:52px;color:#fff!important;-webkit-text-fill-color:#fff!important;line-height:1;}
  .vt-res-lbl{font-size:14px;color:#94a3b8!important;-webkit-text-fill-color:#94a3b8!important;margin-bottom:12px;}
  .vt-res-msg{font-size:14px;color:#bfdbfe!important;-webkit-text-fill-color:#bfdbfe!important;margin-bottom:20px;line-height:1.6;}
  .vt-restart{background:rgba(255,255,255,.1);color:#fff!important;-webkit-text-fill-color:#fff!important;border:2px solid rgba(255,255,255,.2);border-radius:8px;padding:11px 24px;font-size:14px;font-weight:600;cursor:pointer;font-family:inherit;}

  /* CODE EDITOR (Pyodide live) */
  .code-editor-section{background:#0f172a;border-radius:14px;padding:28px;margin-bottom:40px;}
  .code-editor-badge{display:inline-block;background:rgba(147,197,253,.15);border:1px solid rgba(147,197,253,.35);color:var(--bi3-lt)!important;-webkit-text-fill-color:var(--bi3-lt)!important;font-size:11px;font-weight:700;letter-spacing:.1em;text-transform:uppercase;padding:5px 14px;border-radius:100px;margin-bottom:10px;}
  .code-editor-title{font-family:""DM Serif Display"",serif!important;font-size:22px!important;color:#fff!important;-webkit-text-fill-color:#fff!important;margin-bottom:4px!important;}
  .code-editor-sub{font-size:13px!important;color:#94a3b8!important;-webkit-text-fill-color:#94a3b8!important;margin-bottom:20px!important;line-height:1.6;}
  .code-problem{background:rgba(255,255,255,.04);border:1px solid rgba(255,255,255,.08);border-radius:10px;padding:18px 20px;margin-bottom:16px;}
  .scaffold-badge{display:inline-block;font-size:10px;font-weight:700;letter-spacing:.06em;text-transform:uppercase;padding:3px 10px;border-radius:100px;background:rgba(147,197,253,.15);color:var(--bi3-lt)!important;-webkit-text-fill-color:var(--bi3-lt)!important;border:1px solid rgba(147,197,253,.35);margin-bottom:8px;}
  .code-problem-num{font-size:11px;font-weight:700;letter-spacing:.06em;text-transform:uppercase;color:var(--bi3-lt)!important;-webkit-text-fill-color:var(--bi3-lt)!important;margin-bottom:8px;}
  .code-problem-prompt{font-size:14px!important;color:#e2e8f0!important;-webkit-text-fill-color:#e2e8f0!important;line-height:1.6!important;margin-bottom:12px!important;}
  .code-problem-prompt code{background:rgba(147,197,253,.12);color:#bfdbfe!important;-webkit-text-fill-color:#bfdbfe!important;padding:1px 6px;border-radius:5px;font-size:12px;}
  .code-textarea{width:100%;min-height:120px;background:#020617;border:2px solid rgba(255,255,255,.1);border-radius:8px;padding:14px 16px;font-family:monospace;font-size:13px;color:#e2e8f0!important;resize:vertical;outline:none;line-height:1.8;}
  .code-textarea:focus{border-color:var(--bi3-lt);}
  .code-btn-row{display:flex;gap:8px;margin-top:10px;flex-wrap:wrap;align-items:center;}
  .code-run-btn{padding:9px 20px!important;background:var(--bi3)!important;color:#fff!important;-webkit-text-fill-color:#fff!important;border:none!important;border-radius:7px!important;font-size:13px!important;font-weight:700!important;cursor:pointer!important;font-family:inherit!important;}
  .code-run-btn:disabled{opacity:.6;cursor:wait;}
  .code-hint-btn,.code-sol-btn{padding:9px 16px!important;background:rgba(255,255,255,.06)!important;color:#94a3b8!important;-webkit-text-fill-color:#94a3b8!important;border:1px solid rgba(255,255,255,.12)!important;border-radius:7px!important;font-size:13px!important;cursor:pointer!important;font-family:inherit!important;}
  .code-output{margin-top:10px;background:#020617;border-radius:8px;padding:12px 16px;font-family:monospace;font-size:13px;min-height:44px;display:none;line-height:1.7;white-space:pre-wrap;word-break:break-word;color:#e2e8f0!important;-webkit-text-fill-color:#e2e8f0!important;}
  .code-output.show{display:block;}
  .code-output.ok{color:#4ade80!important;-webkit-text-fill-color:#4ade80!important;}
  .code-output.err{color:#f87171!important;-webkit-text-fill-color:#f87171!important;}
  .code-hint{margin-top:8px;background:rgba(147,197,253,.06);border:1px solid rgba(147,197,253,.2);border-radius:8px;padding:10px 14px;font-size:13px;color:#bfdbfe!important;-webkit-text-fill-color:#bfdbfe!important;display:none;line-height:1.6;}
  .code-hint.show{display:block;}
  .code-solution{margin-top:8px;background:rgba(74,222,128,.06);border:1px solid rgba(74,222,128,.2);border-radius:8px;padding:12px 14px;font-family:monospace;font-size:13px;color:#bbf7d0!important;-webkit-text-fill-color:#bbf7d0!important;display:none;white-space:pre;line-height:1.8;overflow-x:auto;}
  .code-solution.show{display:block;}

  /* FAQ */
  .faq-section{margin-bottom:40px;}
  .faq-section h2{font-family:""DM Serif Display"",serif!important;font-size:24px!important;color:var(--navy)!important;-webkit-text-fill-color:var(--navy)!important;margin-bottom:14px!important;padding-bottom:10px!important;border-bottom:2px solid var(--bi3-bg)!important;}
  .faq-item{background:#fff;border:1px solid #e2e8f0;border-radius:10px;margin-bottom:10px;overflow:hidden;}
  .faq-q{width:100%;text-align:left;padding:16px 20px;background:none;border:none;cursor:pointer;display:flex;align-items:center;justify-content:space-between;gap:12px;font-size:15px!important;font-weight:600!important;color:var(--navy)!important;-webkit-text-fill-color:var(--navy)!important;font-family:inherit!important;line-height:1.4!important;}
  .faq-q:hover{background:#f8fafc;}
  .faq-icon{font-size:18px;color:var(--bi3)!important;-webkit-text-fill-color:var(--bi3)!important;flex-shrink:0;transition:transform .2s;font-style:normal;}
  .faq-item.open .faq-icon{transform:rotate(45deg);}
  .faq-a{display:none;padding:0 20px 16px;font-size:14px!important;color:#374151!important;-webkit-text-fill-color:#374151!important;line-height:1.7!important;border-top:1px solid #f1f5f9;}
  .faq-item.open .faq-a{display:block;}
  .faq-a code{background:#eef2ff;color:#1e3a8a!important;-webkit-text-fill-color:#1e3a8a!important;padding:1px 6px;border-radius:5px;font-size:13px;}

  /* RELATED + SUPERPACK + TEACHER + NAV */
  .related-links{background:#fff;border:1px solid #e2e8f0;border-radius:12px;padding:24px;margin-bottom:40px;}
  .related-links h3{font-size:15px!important;font-weight:700!important;color:var(--navy)!important;-webkit-text-fill-color:var(--navy)!important;margin-bottom:14px!important;}
  .related-links-grid{display:grid;grid-template-columns:repeat(auto-fill,minmax(200px,1fr));gap:8px;}
  .related-link{display:flex;align-items:center;gap:8px;padding:10px 12px;border-radius:8px;background:#f8fafc;text-decoration:none;font-size:13px!important;font-weight:500!important;color:var(--bi3)!important;-webkit-text-fill-color:var(--bi3)!important;border:1px solid #bfdbfe;transition:background .15s;line-height:1.3;}
  .related-link:link,.related-link:visited{color:var(--bi3)!important;-webkit-text-fill-color:var(--bi3)!important;}
  .related-link:hover{background:var(--bi3-bg);}
  .related-ext{color:var(--slate)!important;-webkit-text-fill-color:var(--slate)!important;border-color:#e2e8f0;}
  .superpack-slim{background:#fff;border:1px solid #bfdbfe;border-radius:10px;padding:16px 20px;display:flex;align-items:center;justify-content:space-between;gap:16px;flex-wrap:wrap;margin-bottom:36px;}
  .superpack-slim-icon{width:36px;height:36px;border-radius:8px;background:var(--bi3-bg);display:flex;align-items:center;justify-content:center;font-size:16px;flex-shrink:0;}
  .superpack-slim-text{font-size:14px;color:var(--navy)!important;-webkit-text-fill-color:var(--navy)!important;font-weight:600;line-height:1.3;}
  .superpack-slim-sub{font-size:12px;color:var(--slate);font-weight:400;display:block;margin-top:2px;}
  .superpack-slim-btn{display:inline-flex!important;align-items:center!important;gap:6px!important;background:var(--bi3)!important;color:#fff!important;-webkit-text-fill-color:#fff!important;padding:9px 18px!important;border-radius:7px!important;font-size:13px!important;font-weight:600!important;text-decoration:none!important;white-space:nowrap!important;}
  .superpack-slim-btn:link,.superpack-slim-btn:visited{color:#fff!important;-webkit-text-fill-color:#fff!important;}
  .teacher-callout{background:#f0f9ff;border:1px solid #bae6fd;border-radius:10px;padding:18px 22px;margin-bottom:28px;display:flex;align-items:flex-start;gap:14px;}
  .teacher-callout-icon{font-size:22px;flex-shrink:0;margin-top:2px;}
  .teacher-callout-body{flex:1;}
  .teacher-callout-label{font-size:12px;font-weight:700;letter-spacing:.06em;text-transform:uppercase;color:#0369a1!important;-webkit-text-fill-color:#0369a1!important;margin-bottom:4px;}
  .teacher-callout-body p{font-size:14px!important;color:#0c4a6e!important;-webkit-text-fill-color:#0c4a6e!important;margin-bottom:0!important;line-height:1.6!important;}
  .teacher-callout-body a{color:#0369a1!important;-webkit-text-fill-color:#0369a1!important;font-weight:600;text-decoration:underline;}
  .lesson-nav{display:grid;grid-template-columns:1fr 1fr;gap:14px;margin-bottom:40px;}
  .nav-card{background:#fff;border:1px solid #e2e8f0;border-radius:10px;padding:16px 20px;text-decoration:none;color:inherit;transition:box-shadow .15s;display:block;}
  .nav-card:hover{box-shadow:0 4px 16px rgba(26,86,219,.1);border-color:#bfdbfe;}
  .nav-card-dir{font-size:11px;font-weight:700;letter-spacing:.08em;text-transform:uppercase;color:var(--slate);margin-bottom:4px;}
  .nav-card-title{font-size:14px;font-weight:700;color:var(--bi3)!important;-webkit-text-fill-color:var(--bi3)!important;line-height:1.3;}
  .nav-card.next{border-left:3px solid var(--bi3);}

  @media(max-width:600px){
    .lesson-hero{padding:36px 20px 32px;}
    .lesson-main{padding:32px 20px 60px;}
    .vt-options{grid-template-columns:1fr 1fr;}
    .lesson-nav{grid-template-columns:1fr;}
    .mini-opts{gap:6px;}
  }
</style>
<style>
.code-usage{font-size:12px!important;color:#94a3b8!important;-webkit-text-fill-color:#94a3b8!important;margin:-6px 0 18px!important;padding:8px 12px!important;background:rgba(255,255,255,.04)!important;border:1px solid rgba(255,255,255,.08)!important;border-radius:8px!important;display:block!important;}
.code-usage strong{color:#bfdbfe!important;-webkit-text-fill-color:#bfdbfe!important;}
.code-problem-prompt ul.rules{margin:10px 0 4px!important;padding-left:0!important;list-style:none!important;}
.code-problem-prompt ul.rules li{position:relative;padding:3px 0 3px 20px!important;font-size:14px;color:#e2e8f0!important;-webkit-text-fill-color:#e2e8f0!important;line-height:1.55;}
.code-problem-prompt ul.rules li::before{content:""\25B8"";position:absolute;left:2px;color:#93c5fd!important;-webkit-text-fill-color:#93c5fd!important;}
.mcq-q-text ul.rules,.mini-ex-q ul.rules{margin:10px 0 4px!important;padding-left:0!important;list-style:none!important;}
.mcq-q-text ul.rules li,.mini-ex-q ul.rules li{position:relative;padding:3px 0 3px 20px!important;font-size:15px;font-weight:400;color:#1e293b!important;-webkit-text-fill-color:#1e293b!important;line-height:1.5;}
.mcq-q-text ul.rules li::before,.mini-ex-q ul.rules li::before{content:""\25B8"";position:absolute;left:2px;color:#1a56db!important;-webkit-text-fill-color:#1a56db!important;}
</style>

<script type=""application/ld+json"">
{""@context"": ""https://schema.org"", ""@type"": ""BreadcrumbList"", ""itemListElement"": [{""@type"": ""ListItem"", ""position"": 1, ""name"": ""AP CSP Course"", ""item"": ""https://apcsexamprep.com/pages/ap-csp-course""}, {""@type"": ""ListItem"", ""position"": 2, ""name"": ""Big Idea 2"", ""item"": ""https://apcsexamprep.com/pages/ap-csp-course-big-idea-2-data""}, {""@type"": ""ListItem"", ""position"": 3, ""name"": ""Topic 2.2: Data Compression"", ""item"": ""https://apcsexamprep.com/pages/ap-csp-course-bi2-data-compression""}]}</script>
<script type=""application/ld+json"">
{""@context"": ""https://schema.org"", ""@type"": ""LearningResource"", ""name"": ""AP CSP Topic 2.2: Data Compression"", ""description"": ""Master AP CSP Topic 2.2 Data Compression. Lossless vs lossy compression, run-length encoding worked example, the size-versus-quality trade-off, when to pick each method, the Compression Challenge game, and how data choices appear in the Create Task written response."", ""url"": ""https://apcsexamprep.com/pages/ap-csp-course-bi2-data-compression"", ""educationalLevel"": ""High School"", ""learningResourceType"": ""Lesson"", ""author"": {""@type"": ""Person"", ""name"": ""Tanner Crow""}, ""isPartOf"": {""@type"": ""Course"", ""name"": ""AP Computer Science Principles Complete Course"", ""url"": ""https://apcsexamprep.com/pages/ap-csp-course""}, ""datePublished"": ""2026-03-01""}</script>
<script type=""application/ld+json"">
{""@context"": ""https://schema.org"", ""@type"": ""FAQPage"", ""mainEntity"": [{""@type"": ""Question"", ""name"": ""What is the difference between lossless and lossy compression?"", ""acceptedAnswer"": {""@type"": ""Answer"", ""text"": ""Lossless compression reduces the number of bits while guaranteeing that the original data can be reconstructed exactly, bit for bit. Lossy compression can reduce size much more, but it permanently discards some data, so the exact original can never be recovered. ZIP, PNG, and run-length encoding are lossless; JPEG and MP3 are lossy.""}}, {""@type"": ""Question"", ""name"": ""Does fewer bits always mean less information?"", ""acceptedAnswer"": {""@type"": ""Answer"", ""text"": ""No. Lossless compression removes redundancy, not information, so a smaller file can still hold all of the original information and be rebuilt exactly. Only lossy compression actually throws information away. This is why fewer bits does not automatically mean less information.""}}, {""@type"": ""Question"", ""name"": ""How does run-length encoding work?"", ""acceptedAnswer"": {""@type"": ""Answer"", ""text"": ""Run-length encoding is a lossless method that replaces each run of repeated symbols with a count followed by the symbol. For example, AAAAABBB has a run of five A characters and a run of three B characters, so it encodes to 5A3B. Because the counts and symbols are kept, the original can be rebuilt exactly, which makes it lossless.""}}, {""@type"": ""Question"", ""name"": ""When should I choose lossy compression over lossless?"", ""acceptedAnswer"": {""@type"": ""Answer"", ""text"": ""Choose lossy when smaller size and faster transmission matter more than a perfect copy, and when a human viewer or listener will not notice the discarded detail. Streaming music, web photos, and video use lossy for this reason. Choose lossless when the data must be reconstructed exactly, such as text, source code, spreadsheets, and legal or medical records.""}}, {""@type"": ""Question"", ""name"": ""What decides how much a file shrinks when compressed?"", ""acceptedAnswer"": {""@type"": ""Answer"", ""text"": ""The amount of size reduction depends on both how much redundancy the original data contains and which compression method is used. Data with long runs or repeated patterns compresses a great deal, while data that is already varied or random compresses very little no matter the algorithm.""}}]}</script>

<div class=""lesson-page"" data-course=""ap-csp"" data-unit=""bi-2"" data-lesson=""data-compression"">

  <div class=""lesson-breadcrumb"">
    <div class=""lesson-breadcrumb-inner"">
      <a href=""/pages/ap-csp-course"">AP CSP Course</a><span class=""bc-sep"">›</span>
      <a href=""/pages/ap-csp-course-big-idea-2-data"">Big Idea 2</a><span class=""bc-sep"">›</span>
      <span>2.2 Data Compression</span>
    </div>
  </div>
  <div class=""social-proof-bar"">
    <div class=""social-proof-inner"">
      <span class=""social-proof-item"">⭐ <strong>5.0</strong> Wyzant rating</span>
      <span class=""social-proof-item"">📚 <strong>1,845+</strong> tutoring hours</span>
      <span class=""social-proof-item"">🏫 Built by an <strong>AP CS teacher</strong> with 11+ years experience</span>
      <span class=""social-proof-item"">🎯 <strong>70%</strong> of classroom students score 4 or 5 on AP CSP</span>
    </div>
  </div>
  <div class=""lesson-hero"">
    <div class=""lesson-hero-inner"">
      <div class=""lesson-hero-meta"">
        <div class=""lesson-num-badge"">2.2</div>
        <div><div class=""lesson-eyebrow"">Big Idea 2 • Data</div></div>
      </div>
      <h1>Data Compression</h1>
      <div class=""lesson-hero-pills"">
        <span class=""lesson-pill"">🕐 ~30 min</span>
        <span class=""lesson-pill"" style=""background:rgba(74,222,128,0.15);border-color:rgba(74,222,128,0.3);color:#4ade80!important;-webkit-text-fill-color:#4ade80!important;"">FREE</span>
        <span class=""lesson-pill"">📖 6 MCQ questions</span>
        <span class=""lesson-pill"">🎮 Compression Challenge game</span>
        <span class=""ced-tag"">DAT-1.D</span>
      </div>
    </div>
  </div>
  <div class=""bi3-progress""><div class=""bi3-progress-inner"">
<a href=""/pages/ap-csp-course-bi2-binary-numbers"" class=""prog-step-link""><div class=""prog-dot done"">2.1</div>
<div class=""prog-label"">Binary</div></a>
<div class=""prog-arrow""></div>
<div class=""prog-step"">
<div class=""prog-dot active"">2.2</div>
<div class=""prog-label active-label"">Compression</div>
</div>
<div class=""prog-arrow""></div>
<a href=""/pages/ap-csp-course-bi2-extracting-information"" class=""prog-step-link""><div class=""prog-dot upcoming"">2.3</div>
<div class=""prog-label"">Extract</div></a>
<div class=""prog-arrow""></div>
<a href=""/pages/ap-csp-course-bi2-using-programs-with-data"" class=""prog-step-link""><div class=""prog-dot upcoming"">2.4</div>
<div class=""prog-label"">Programs</div></a>
</div></div>

  <div class=""lesson-main"">

    <div class=""lesson-objectives"">
      <h2>After this lesson, you will be able to:</h2>
      <ul>
        <li><span>Explain why data is compressed and what redundancy has to do with it</span></li>
        <li><span>Compare lossless and lossy compression and state exactly what each guarantees</span></li>
        <li><span>Work a run-length encoding example by hand and show why it is lossless</span></li>
        <li><span>Reason about the size-versus-quality trade-off and pick the right method for a use case</span></li>
        <li><span>Explain why fewer bits does not automatically mean less information</span></li>
        <li><span>Describe how data-format and compression choices appear in your Create Task written response</span></li>
      </ul>
    </div>
    <div class=""score-impact"">📈 <span><strong>Exam weight:</strong> Big Idea 2 (Data) is 17 to 22 percent of the AP CSP exam, and compression is one of its most reliably tested ideas. Expect MCQs that ask you to choose lossless versus lossy for a scenario, judge whether the exact original can be recovered, and reason about how much a file will shrink. These are quick points once the distinctions are automatic.</span>
</div>
    <div class=""hook-box"">
      <div class=""hook-label"">💡 Think about this first</div>
      <p>A single minute of raw, uncompressed audio is over 10 megabytes, yet a three-minute song streams to your phone in seconds. A photo straight off a camera sensor is enormous, yet it fits in a text message. Nothing about the original recording changed; the file just got dramatically smaller on the way to you. Compression is the reason almost everything on the internet is fast enough to use, and the key question this lesson answers is: when is it safe to make a file smaller, and when does making it smaller quietly throw away something you needed?</p>
    </div>

    <div class=""lesson-section"">
      <h2>Why We Compress Data</h2>
      <p><strong>Data compression</strong> reduces the number of bits used to store or transmit a piece of data. Smaller files take less storage space and travel faster across a network, which is why compression sits underneath streaming, messaging, backups, and nearly every download you make. A compression method looks for <strong>redundancy</strong> in the data, which is repeated or predictable patterns, and finds a shorter way to represent the same content.</p>
      <p>How much a file shrinks is not fixed. The amount of size reduction depends on <strong>both</strong> how much redundancy the original contains <strong>and</strong> which compression method is used. A page of text with long repeated stretches compresses a great deal; data that is already varied or close to random barely compresses at all, no matter how clever the algorithm.</p>
      <div class=""callout-exam"">
        <div class=""callout-exam-label"">🎯 A distinction the exam loves</div>
        <p>Fewer bits does <strong>not</strong> automatically mean less information. Removing redundancy shortens how the data is written down without changing what it says, so a smaller file can still carry all of the original information. Only certain methods actually discard information. Keep ""fewer bits"" and ""less information"" as two separate ideas.</p>
      </div>
      <p>That last point splits every compression method into two families. Some methods promise the original can be rebuilt exactly, and some trade that promise away for a much smaller file. Those two families are <strong>lossless</strong> and <strong>lossy</strong>, and knowing which one a scenario needs is the whole skill.</p>
    </div>

    <div class=""lesson-section"">
      <h2>Lossless Compression</h2>
      <p><strong>Lossless compression</strong> reduces the number of bits while <strong>guaranteeing that the original data can be reconstructed exactly</strong>. Nothing is lost. You compress, and later you decompress, and what comes back is bit-for-bit identical to what you started with. Common lossless formats include <strong>ZIP</strong> for general files, <strong>PNG</strong> for images, and <strong>run-length encoding</strong> as a simple teaching example. Lossless is the only acceptable choice whenever the exact original must survive, which is why it is used for text, source code, spreadsheets, and archives.</p>

      <h3>A worked example: run-length encoding</h3>
      <p>Run-length encoding (RLE) is the clearest way to see lossless compression happen. It scans the data left to right and replaces each <strong>run</strong> of identical symbols with a <strong>count</strong> followed by the <strong>symbol</strong>. Watch it compress an 8-character string:</p>
      <div class=""mcq-code"">Original (8 characters):   A A A A A B B B
                           |---- 5 A ----| |-3 B-|
Encoded (4 characters):    5A3B
Decoded back:              AAAAABBB   (exactly the original)</div>
      <p>The five A characters become <code>5A</code> and the three B characters become <code>3B</code>, so <code>AAAAABBB</code> shrinks to <code>5A3B</code>: from 8 characters down to 4, a saving of 4. Crucially, the counts and symbols carry everything needed to rebuild the string, so decoding returns <code>AAAAABBB</code> perfectly. That exact-recovery guarantee is what makes RLE lossless.</p>
      <div class=""callout-trap"">
        <div class=""callout-trap-label"">⚠ Redundancy is what RLE feeds on</div>
        <p>RLE only helps when there are long runs. Encode <code>ABABAB</code> and you get <code>1A1B1A1B1A1B</code>, which is <strong>longer</strong> than the original because there is no redundancy to remove. This is the general rule in miniature: compression pays off in proportion to how much repetition the data actually contains.</p>
      </div>

      <div class=""mini-ex"">
        <div class=""mini-ex-label"">✍ Mini Exercise 1 • Predict first</div>
        <div class=""mini-ex-q"">A file is compressed, stored, and later decompressed. The decompressed file is confirmed to be bit-for-bit identical to the original. Which statement must be true?</div>
        <div class=""mini-opts"" id=""me1-opts"">
          <button class=""mini-opt"" onclick=""miniMCQ('me1','A','C','me1-fb')""><span class=""mini-opt-letter"">A</span> A lossy method was used, since only lossy can shrink files</button>
          <button class=""mini-opt"" onclick=""miniMCQ('me1','B','C','me1-fb')""><span class=""mini-opt-letter"">B</span> The file contained no redundancy before it was compressed</button>
          <button class=""mini-opt"" onclick=""miniMCQ('me1','C','C','me1-fb')""><span class=""mini-opt-letter"">C</span> A lossless method was used, since the exact original was recovered</button>
          <button class=""mini-opt"" onclick=""miniMCQ('me1','D','C','me1-fb')""><span class=""mini-opt-letter"">D</span> The compressed file must have been larger than the original</button>
        </div>
        <div class=""mini-fb"" id=""me1-fb""></div>
      </div>
    </div>

    <div class=""lesson-section"">
      <h2>Lossy Compression</h2>
      <p><strong>Lossy compression</strong> can reduce the number of bits far more than lossless, but it does so by <strong>permanently discarding some of the data</strong>. Once compressed, the exact original <strong>cannot</strong> be reconstructed; decompressing gives back an approximation, not a perfect copy. The classic lossy formats are <strong>JPEG</strong> for photos and <strong>MP3</strong> for audio. They work by throwing away detail a human is unlikely to notice, such as subtle color shifts or sounds masked by louder ones, so the file gets much smaller while still looking or sounding acceptable.</p>
      <p>Lossy is the right tool when transmission and storage efficiency matter more than a perfect reproduction, and when a person perceiving the media will tolerate the loss. That describes most photos, music, and video on the web. It is the wrong tool the instant an exact copy is required, because the discarded data is gone for good and no amount of decompressing brings it back.</p>
      <div class=""callout-trap"">
        <div class=""callout-trap-label"">⚠ The one-way door</div>
        <p>Lossy loss is <strong>permanent</strong>. Saving a JPEG at high compression and later ""saving it again at full quality"" does not restore the detail; that detail no longer exists in the file. Re-compressing a lossy file repeatedly only degrades it further. Treat lossy as a door that opens one way only.</p>
      </div>

      <div class=""mini-ex"">
        <div class=""mini-ex-label"">✍ Mini Exercise 2 • Spot the flawed reasoning</div>
        <div class=""mini-ex-q"">A student says: ""Lossy compression is strictly better than lossless because it makes files smaller."" Which choice best identifies the flaw in that reasoning?</div>
        <div class=""mini-opts"" id=""me2-opts"">
          <button class=""mini-opt"" onclick=""miniMCQ('me2','A','B','me2-fb')""><span class=""mini-opt-letter"">A</span> The reasoning is sound, because a smaller file is always the better outcome</button>
          <button class=""mini-opt"" onclick=""miniMCQ('me2','B','B','me2-fb')""><span class=""mini-opt-letter"">B</span> It ignores that lossy discards data permanently, so it fails when the exact original is required</button>
          <button class=""mini-opt"" onclick=""miniMCQ('me2','C','B','me2-fb')""><span class=""mini-opt-letter"">C</span> It is wrong because lossy compression actually produces larger files than lossless</button>
          <button class=""mini-opt"" onclick=""miniMCQ('me2','D','B','me2-fb')""><span class=""mini-opt-letter"">D</span> It is wrong because lossless compression can never reduce a file at all</button>
        </div>
        <div class=""mini-fb"" id=""me2-fb""></div>
      </div>
    </div>

    <div class=""lesson-section"">
      <h2>The Size-versus-Quality Trade-off</h2>
      <p>Choosing a compression method is a trade-off between <strong>size</strong> and <strong>fidelity</strong> (how faithful the copy is to the original). Lossless keeps perfect fidelity but reduces size less. Lossy sacrifices some fidelity to reduce size much more. Neither is ""better"" in the abstract; the right choice depends entirely on what the data is for.</p>
      <p>A reliable way to decide is to ask one question: <strong>must the reconstructed data be exactly the original?</strong></p>
      <ul>
        <li>
<strong>If yes, use lossless.</strong> Text, source code, spreadsheets, executable programs, legal contracts, and medical scans all break or lose meaning if a single value changes. When the data must be reconstructed exactly, lossless is preferred.</li>
        <li>
<strong>If no, lossy is often the smart choice.</strong> For photos, music, and video that a human will simply view or hear, lossy delivers a much smaller file at a quality the person will accept, which is why it dominates streaming and the web.</li>
      </ul>
      <div class=""callout-exam"">
        <div class=""callout-exam-label"">🎯 How the exam frames it</div>
        <p>Scenario questions almost always hinge on one clue: does the situation demand a perfect copy or just a good-enough one? ""Archive,"" ""legal record,"" ""source code,"" and ""must be recovered exactly"" point to lossless. ""Stream,"" ""download quickly,"" ""small thumbnail,"" and ""a listener or viewer"" point to lossy. Read the stem for that clue before you look at the options.</p>
      </div>

      <div class=""mini-ex"">
        <div class=""mini-ex-label"">✍ Mini Exercise 3 • Encode it yourself</div>
        <div class=""mini-ex-q"">Using run-length encoding (count then symbol for each run), what is the encoding of the string <code>AAAAABBB</code>? Type it with no spaces.</div>
        <div class=""mini-fib-row"">
          <span style=""font-size:14px;color:#374151;"">encoding:</span>
          <input type=""text"" class=""mini-fib-input"" id=""me3-inp"" placeholder=""?"">
          <button class=""mini-fib-btn"" onclick=""miniFIB('me3','me3-fb')"">Check</button>
        </div>
        <div class=""mini-fb"" id=""me3-fb""></div>
      </div>
    </div>

    <div class=""lesson-section"">
      <h2>Key Vocabulary</h2>
      <table class=""vocab-table"">
        <thead><tr>
<th>Term</th>
<th>Definition</th>
<th>Example</th>
</tr></thead>
        <tbody>
          <tr>
<td>Data compression</td>
<td>Reducing the number of bits used to store or transmit data</td>
<td>Zipping a folder before emailing it</td>
</tr>
          <tr>
<td>Redundancy</td>
<td>Repeated or predictable patterns in data that compression can remove</td>
<td>A long run of the same pixel color</td>
</tr>
          <tr>
<td>Lossless</td>
<td>Compression that guarantees the original can be reconstructed exactly</td>
<td>ZIP, PNG, RLE</td>
</tr>
          <tr>
<td>Lossy</td>
<td>Compression that permanently discards data for a much smaller file</td>
<td>JPEG, MP3</td>
</tr>
          <tr>
<td>Run-length encoding</td>
<td>A lossless method that replaces each run of repeats with count + symbol</td>
<td>
<code>AAAAABBB</code> becomes <code>5A3B</code>
</td>
</tr>
          <tr>
<td>Reconstruction</td>
<td>Rebuilding the data from its compressed form when decompressing</td>
<td>Unzipping restores every byte</td>
</tr>
          <tr>
<td>Trade-off</td>
<td>Balancing smaller file size against loss of quality or detail</td>
<td>Lower JPEG quality for a smaller photo</td>
</tr>
        </tbody>
      </table>
    </div>
    <div class=""cpt-connection"">
      <div class=""cpt-connection-label"">📋 Create Performance Task • Where data choices earn points</div>
      <p>The Create Task is a program you build, and your written response has to explain how the program manages data. You will not compress files by hand, but the same reasoning you just practiced, choosing a representation that fits the purpose, is exactly what graders want to see described clearly. When your program stores or moves data, the format you pick is a decision you can justify.</p>
      <h3>What a clear data explanation sounds like</h3>
      <p>Suppose your Create Task saves a list of user scores and reads them back later:</p>
      <div class=""cpt-code"">scores &lt;- [88, 92, 75, 100]
DISPLAY(scores)</div>
      <p>A response earns credit when it names the data, states how it is stored, and ties that choice to the program's purpose. The habit is the same one compression teaches: match the representation to what the data is for.</p>
      <ul class=""cpt-stems"">
        <li>""The list <code>scores</code> stores each user's results so the program can display and total them later.""</li>
        <li>""Because every score must be kept exactly, the data is stored without any loss, the way lossless compression preserves the original values.""</li>
        <li>""Choosing a list lets the program handle any number of scores, which is how it manages the complexity of varied input.""</li>
      </ul>
      <h3>The idea that carries over</h3>
      <p>Compression is a concrete case of a bigger CSP theme: data must be represented in a way that fits its use. Exact-copy data (text, records, code) is kept losslessly; human-perceived media (images, sound) can accept lossy trade-offs. Being able to state <em>why</em> a representation fits the purpose is what turns a vague answer into a point-earning one. <a href=""/pages/ap-csp-course-create-task"">See the full Create Task module →</a></p>
    </div>
    <div class=""email-capture"">
      <div class=""email-capture-text"">
        <div class=""email-capture-eyebrow"">FREE for students</div>
        <h3>Get a free AP CSP question every day</h3>
        <p>Join 3,000+ students. Daily practice, study tips, and exam strategies.</p>
      </div>
      <div>
        <div class=""email-capture-form"" id=""capture-form"">
          <input type=""email"" class=""email-capture-input"" id=""capture-email"" placeholder=""your@email.com"">
          <button class=""email-capture-btn"" onclick=""handleCapture()"">Subscribe →</button>
        </div>
        <div class=""email-capture-success"" id=""capture-success"">✓ You're in!</div>
      </div>
    </div>
    <div class=""mcq-section"">
      <div class=""mcq-section-header"">
        <div class=""mcq-section-icon"">📈</div>
        <div>
          <div class=""mcq-section-title"">MCQ Practice</div>
          <div class=""mcq-section-sub"">6 questions • Exam difficulty and above • Predict before you peek</div>
        </div>
      </div>
      <div class=""mcq-item"" data-activity=""quiz"" data-item=""q1"">
        <div class=""mcq-q-num"">Question 1 of 6<span class=""diff-tag"">Spot the flaw</span>
</div>
        <div class=""predict-note"">Predict first: decide what is wrong with the claim before you read the choices.</div>
        <div class=""mcq-q-text"">A student argues: ""Run-length encoding is lossy, because the encoded string <code>5A3B</code> has fewer characters than <code>AAAAABBB</code>, and fewer characters means information was lost."" Which choice best identifies the error in this argument?</div>
        <div class=""mcq-options"" id=""q1-options"">
<button class=""mcq-option"" onclick=""checkMCQ('q1','A','B','q1-fb-A')""><span class=""mcq-option-letter"">A</span> The argument is correct; any method that removes characters is lossy</button>
<button class=""mcq-option"" onclick=""checkMCQ('q1','B','B','q1-fb-B')""><span class=""mcq-option-letter"">B</span> The error is equating fewer characters with lost information; the exact original is still fully recoverable</button>
<button class=""mcq-option"" onclick=""checkMCQ('q1','C','B','q1-fb-C')""><span class=""mcq-option-letter"">C</span> The error is the claim that <code>5A3B</code> is shorter; it is actually longer than the original</button>
<button class=""mcq-option"" onclick=""checkMCQ('q1','D','B','q1-fb-D')""><span class=""mcq-option-letter"">D</span> The error is that RLE cannot be applied to a string of letters at all</button>
</div>
<div id=""q1-fb-A"" class=""mcq-feedback incorrect-fb"">Incorrect. Removing characters is not what makes a method lossy; discarding recoverable information is. RLE removes redundancy while keeping everything needed to rebuild the original.</div>
<div id=""q1-fb-B"" class=""mcq-feedback correct-fb"">Correct. Fewer bits does not mean less information. RLE removes only redundancy, and <code>5A3B</code> decodes back to <code>AAAAABBB</code> exactly, so nothing was lost and the method is lossless.</div>
<div id=""q1-fb-C"" class=""mcq-feedback incorrect-fb"">Incorrect. <code>5A3B</code> is 4 characters and <code>AAAAABBB</code> is 8, so the encoded form really is shorter. The flaw is elsewhere in the reasoning.</div>
<div id=""q1-fb-D"" class=""mcq-feedback incorrect-fb"">Incorrect. RLE applies to any sequence of symbols, including letters. That is not the flaw in the argument.</div>
      </div>
      <div class=""mcq-item"" data-activity=""quiz"" data-item=""q2"">
        <div class=""mcq-q-num"">Question 2 of 6<span class=""diff-tag"">I, II, III</span>
</div>
        <div class=""mcq-q-text"">A team needs a compression method that guarantees the original data can be reconstructed exactly. Which of the following formats satisfy that requirement?</div>
        <ul class=""mcq-roman"">
          <li>
<strong>I.</strong> Saving a diagram as a PNG image</li>
          <li>
<strong>II.</strong> Compressing a folder of documents into a ZIP file</li>
          <li>
<strong>III.</strong> Saving a photograph as a JPEG image</li>
        </ul>
        <div class=""mcq-options"" id=""q2-options"">
<button class=""mcq-option"" onclick=""checkMCQ('q2','A','D','q2-fb-A')""><span class=""mcq-option-letter"">A</span> I only</button>
<button class=""mcq-option"" onclick=""checkMCQ('q2','B','D','q2-fb-B')""><span class=""mcq-option-letter"">B</span> II and III only</button>
<button class=""mcq-option"" onclick=""checkMCQ('q2','C','D','q2-fb-C')""><span class=""mcq-option-letter"">C</span> I, II, and III</button>
<button class=""mcq-option"" onclick=""checkMCQ('q2','D','D','q2-fb-D')""><span class=""mcq-option-letter"">D</span> I and II only</button>
</div>
<div id=""q2-fb-A"" class=""mcq-feedback incorrect-fb"">Incorrect. PNG (I) is lossless, but ZIP (II) is lossless too, so I alone is incomplete.</div>
<div id=""q2-fb-B"" class=""mcq-feedback incorrect-fb"">Incorrect. JPEG (III) is lossy, so it cannot guarantee exact reconstruction. II is lossless, but it must pair with I, not III.</div>
<div id=""q2-fb-C"" class=""mcq-feedback incorrect-fb"">Incorrect. JPEG (III) is lossy and cannot rebuild the original exactly. Only the lossless formats, I and II, satisfy the requirement.</div>
<div id=""q2-fb-D"" class=""mcq-feedback correct-fb"">Correct. PNG and ZIP are both lossless, so each guarantees exact reconstruction. JPEG (III) is lossy and permanently discards data, so it fails the requirement.</div>
      </div>
      <div class=""mcq-item"" data-activity=""quiz"" data-item=""q3"">
        <div class=""mcq-q-num"">Question 3 of 6<span class=""diff-tag"">NOT question</span>
</div>
        <div class=""mcq-q-text"">Which of the following is <strong>NOT</strong> a property of lossy compression?</div>
        <div class=""mcq-options"" id=""q3-options"">
<button class=""mcq-option"" onclick=""checkMCQ('q3','A','D','q3-fb-A')""><span class=""mcq-option-letter"">A</span> It can reach smaller file sizes than lossless for the same media</button>
<button class=""mcq-option"" onclick=""checkMCQ('q3','B','D','q3-fb-B')""><span class=""mcq-option-letter"">B</span> The data it removes cannot be recovered by decompressing</button>
<button class=""mcq-option"" onclick=""checkMCQ('q3','C','D','q3-fb-C')""><span class=""mcq-option-letter"">C</span> It is well suited to streaming photos, music, and video</button>
<button class=""mcq-option"" onclick=""checkMCQ('q3','D','D','q3-fb-D')""><span class=""mcq-option-letter"">D</span> The original data can always be reconstructed exactly</button>
</div>
<div id=""q3-fb-A"" class=""mcq-feedback incorrect-fb"">Incorrect. This IS a property of lossy compression, so it is not the answer. Lossy can achieve smaller sizes precisely because it discards data.</div>
<div id=""q3-fb-B"" class=""mcq-feedback incorrect-fb"">Incorrect. This IS true of lossy compression: what it discards is gone permanently. The question asks for the property that does not fit.</div>
<div id=""q3-fb-C"" class=""mcq-feedback incorrect-fb"">Incorrect. This IS a property of lossy compression, which dominates streaming media. Look for the statement that describes lossless instead.</div>
<div id=""q3-fb-D"" class=""mcq-feedback correct-fb"">Correct. Exact reconstruction is a property of lossless, not lossy. Lossy permanently discards data, so the original cannot be rebuilt exactly, which makes this the statement that does NOT belong.</div>
      </div>
      <div class=""mcq-item"" data-activity=""quiz"" data-item=""q4"">
        <div class=""mcq-q-num"">Question 4 of 6<span class=""diff-tag"">Best use case</span>
</div>
        <div class=""predict-note"">Predict first: does this scenario demand a perfect copy or just a good-enough one?</div>
        <div class=""mcq-q-text"">A hospital must store an MRI scan that radiologists will later zoom into to make a diagnosis. Which compression choice is best, and why?</div>
        <div class=""mcq-options"" id=""q4-options"">
<button class=""mcq-option"" onclick=""checkMCQ('q4','A','A','q4-fb-A')""><span class=""mcq-option-letter"">A</span> Lossless, because no diagnostic detail can be discarded</button>
<button class=""mcq-option"" onclick=""checkMCQ('q4','B','A','q4-fb-B')""><span class=""mcq-option-letter"">B</span> Lossy, because a smaller file is faster to transfer between systems</button>
<button class=""mcq-option"" onclick=""checkMCQ('q4','C','A','q4-fb-C')""><span class=""mcq-option-letter"">C</span> Lossy, because the scan will be viewed only a single time</button>
<button class=""mcq-option"" onclick=""checkMCQ('q4','D','A','q4-fb-D')""><span class=""mcq-option-letter"">D</span> Lossless, because lossless always produces the smallest possible file</button>
</div>
<div id=""q4-fb-A"" class=""mcq-feedback correct-fb"">Correct. Diagnosis depends on exact detail, so the data must be reconstructed exactly. That requires lossless compression, which preserves every value.</div>
<div id=""q4-fb-B"" class=""mcq-feedback incorrect-fb"">Incorrect. Faster transfer does not justify discarding detail here. A lossy artifact could hide or invent something clinically important, so the smaller size is not worth it.</div>
<div id=""q4-fb-C"" class=""mcq-feedback incorrect-fb"">Incorrect. How often the scan is viewed is irrelevant; what matters is that the detail must be exact each time it is examined, which requires lossless.</div>
<div id=""q4-fb-D"" class=""mcq-feedback incorrect-fb"">Incorrect. The choice of lossless is right, but the reason is wrong. Lossless does not produce the smallest file; lossy usually produces smaller files. Lossless is chosen to preserve exact detail.</div>
      </div>
      <div class=""mcq-item"" data-activity=""quiz"" data-item=""q5"">
        <div class=""mcq-q-num"">Question 5 of 6<span class=""diff-tag"">Best use case</span>
</div>
        <div class=""mcq-q-text"">A music app must stream a 3-minute song over a limited mobile data connection while keeping the sound acceptable to listeners. Which choice is best, and why?</div>
        <div class=""mcq-options"" id=""q5-options"">
<button class=""mcq-option"" onclick=""checkMCQ('q5','A','B','q5-fb-A')""><span class=""mcq-option-letter"">A</span> Lossless, because audio must be reconstructed bit for bit to be usable</button>
<button class=""mcq-option"" onclick=""checkMCQ('q5','B','B','q5-fb-B')""><span class=""mcq-option-letter"">B</span> Lossy, because discarding barely audible detail greatly shrinks the file at a quality listeners accept</button>
<button class=""mcq-option"" onclick=""checkMCQ('q5','C','B','q5-fb-C')""><span class=""mcq-option-letter"">C</span> Lossy, because it reconstructs the original waveform perfectly while shrinking it</button>
<button class=""mcq-option"" onclick=""checkMCQ('q5','D','B','q5-fb-D')""><span class=""mcq-option-letter"">D</span> Lossless, because it produces the smallest file for streaming over limited data</button>
</div>
<div id=""q5-fb-A"" class=""mcq-feedback incorrect-fb"">Incorrect. Music for listening does not need bit-for-bit reconstruction. Insisting on it would waste bandwidth the scenario says is limited.</div>
<div id=""q5-fb-B"" class=""mcq-feedback correct-fb"">Correct. Efficiency matters more than a perfect copy here, and a listener will not notice the discarded detail. Lossy shrinks the file a lot while keeping acceptable quality, which is why streaming uses it.</div>
<div id=""q5-fb-C"" class=""mcq-feedback incorrect-fb"">Incorrect. The choice of lossy is right, but the reason is false. Lossy does NOT reconstruct the original perfectly; it discards data permanently. That is exactly why the file is smaller.</div>
<div id=""q5-fb-D"" class=""mcq-feedback incorrect-fb"">Incorrect. Lossless does not give the smallest file; lossy does. For acceptable-quality streaming over limited data, lossy is the better fit.</div>
      </div>
      <div class=""mcq-item"" data-activity=""quiz"" data-item=""q6"">
        <div class=""mcq-q-num"">Question 6 of 6<span class=""diff-tag"">Compare algorithms</span>
</div>
        <div class=""mcq-q-text"">Two different <strong>lossless</strong> algorithms compress the same text file. Algorithm X produces a 40 KB file and Algorithm Y produces a 55 KB file. Which statement is best supported?</div>
        <div class=""mcq-options"" id=""q6-options"">
<button class=""mcq-option"" onclick=""checkMCQ('q6','A','A','q6-fb-A')""><span class=""mcq-option-letter"">A</span> Both files decompress to the exact original text, and X achieved more size reduction here</button>
<button class=""mcq-option"" onclick=""checkMCQ('q6','B','A','q6-fb-B')""><span class=""mcq-option-letter"">B</span> Algorithm Y discarded more of the original data than Algorithm X did</button>
<button class=""mcq-option"" onclick=""checkMCQ('q6','C','A','q6-fb-C')""><span class=""mcq-option-letter"">C</span> Algorithm X must actually be lossy, since its file is smaller</button>
<button class=""mcq-option"" onclick=""checkMCQ('q6','D','A','q6-fb-D')""><span class=""mcq-option-letter"">D</span> Only Algorithm Y can recover the original text, because a larger file keeps more detail</button>
</div>
<div id=""q6-fb-A"" class=""mcq-feedback correct-fb"">Correct. Lossless means both outputs rebuild the original text exactly, regardless of size. X simply removed more redundancy on this file, so it compressed better here.</div>
<div id=""q6-fb-B"" class=""mcq-feedback incorrect-fb"">Incorrect. Both algorithms are lossless, so neither discards original data. A smaller output reflects better compression of redundancy, not lost content.</div>
<div id=""q6-fb-C"" class=""mcq-feedback incorrect-fb"">Incorrect. A smaller file does not make a method lossy. The problem states both algorithms are lossless, so X is lossless and just compressed more effectively.</div>
<div id=""q6-fb-D"" class=""mcq-feedback incorrect-fb"">Incorrect. Both are lossless, so both recover the original exactly. File size does not determine whether the original can be rebuilt.</div>
      </div>
    </div>

    <div class=""lesson-section"">
      <h2>Practice: Compression Challenge</h2>
      <p>Put the ideas to work. Each round either asks you to pick the right compression method for a real use case or to crack a run-length encoding by hand. Fast, accurate answers build a streak. Aim to reason from the size-versus-quality trade-off, not from a guess.</p>

<style>
  #cc-game{font-family:""DM Sans"",sans-serif;max-width:560px;margin:0 auto;padding:0 12px;color:#0f1f3d!important;-webkit-text-fill-color:#0f1f3d!important;box-sizing:border-box;}
  #cc-game *{box-sizing:border-box;}
  #cc-game .cc-card{border:1px solid #e2e8f0!important;border-radius:14px!important;overflow:hidden;background:#fff!important;box-shadow:0 1px 3px rgba(15,31,61,.06);}
  #cc-game .cc-hero{background:#0f1f3d!important;padding:18px 20px;}
  #cc-game .cc-title{font-family:""DM Serif Display"",serif!important;font-size:26px!important;line-height:1.1;color:#fff!important;-webkit-text-fill-color:#fff!important;margin:0;}
  #cc-game .cc-sub{font-size:13px!important;color:#93c5fd!important;-webkit-text-fill-color:#93c5fd!important;margin:6px 0 0;font-weight:500;}
  #cc-game .cc-how{font-size:12px!important;color:#cbd5e1!important;-webkit-text-fill-color:#cbd5e1!important;margin:8px 0 0;}

  #cc-game .cc-bar{display:flex;align-items:center;justify-content:space-between;gap:8px;padding:10px 14px;background:#eff6ff!important;border-bottom:1px solid #e2e8f0;flex-wrap:wrap;}
  #cc-game .cc-stat{display:flex;flex-direction:column;align-items:center;min-width:60px;}
  #cc-game .cc-stat b{font-size:19px!important;color:#0f1f3d!important;-webkit-text-fill-color:#0f1f3d!important;font-weight:800;font-variant-numeric:tabular-nums;}
  #cc-game .cc-stat span{font-size:10px!important;color:#64748b!important;-webkit-text-fill-color:#64748b!important;font-weight:700;text-transform:uppercase;letter-spacing:.5px;}
  #cc-game .cc-stat.hot b{color:#d97706!important;-webkit-text-fill-color:#d97706!important;}
  #cc-game .cc-prog{height:6px;background:#dbeafe!important;border-radius:100px;overflow:hidden;margin:0 14px;}
  #cc-game .cc-prog i{display:block;height:100%;background:#1a56db!important;width:0;transition:width .3s;}

  #cc-game .cc-body{padding:18px 16px;}
  #cc-game .cc-tag{display:inline-block;font-size:11px!important;font-weight:800;text-transform:uppercase;letter-spacing:.6px;padding:4px 10px;border-radius:100px;margin-bottom:12px;}
  #cc-game .cc-tag.choose{background:#ede9fe!important;color:#7c3aed!important;-webkit-text-fill-color:#7c3aed!important;}
  #cc-game .cc-tag.rle{background:#dcfce7!important;color:#16a34a!important;-webkit-text-fill-color:#16a34a!important;}
  #cc-game .cc-q{font-size:18px!important;font-weight:700;line-height:1.35;color:#0f1f3d!important;-webkit-text-fill-color:#0f1f3d!important;margin:0 0 4px;}
  #cc-game .cc-note{font-size:13px!important;color:#64748b!important;-webkit-text-fill-color:#64748b!important;margin:6px 0 14px;}
  #cc-game .cc-data{font-family:""DM Sans"",monospace;font-size:22px!important;font-weight:800;letter-spacing:3px;text-align:center;background:#0f1f3d!important;color:#93c5fd!important;-webkit-text-fill-color:#93c5fd!important;padding:16px;border-radius:12px;margin:0 0 14px;word-break:break-all;}

  #cc-game .cc-opts{display:grid;gap:10px;}
  #cc-game .cc-opts.two{grid-template-columns:1fr 1fr;}
  #cc-game .cc-opt{border:2px solid #e2e8f0!important;background:#fff!important;color:#0f1f3d!important;-webkit-text-fill-color:#0f1f3d!important;border-radius:12px;padding:14px 12px;font-family:inherit;font-size:15px!important;font-weight:700;cursor:pointer;text-align:center;transition:transform .08s,border-color .12s,background .12s;line-height:1.3;}
  #cc-game .cc-opt small{display:block;font-size:11px!important;font-weight:600;color:#64748b!important;-webkit-text-fill-color:#64748b!important;margin-top:4px;}
  #cc-game .cc-opt:hover{border-color:#1a56db!important;background:#f8fafc!important;}
  #cc-game .cc-opt:active{transform:scale(.98);}
  #cc-game .cc-opt.good{border-color:#16a34a!important;background:#dcfce7!important;}
  #cc-game .cc-opt.bad{border-color:#dc2626!important;background:#fee2e2!important;}
  #cc-game .cc-opt.dim{opacity:.5;}
  #cc-game .cc-opt:disabled{cursor:default;}

  #cc-game .cc-fb{margin-top:14px;padding:13px 14px;border-radius:12px;font-size:13px!important;line-height:1.45;font-weight:600;display:none;}
  #cc-game .cc-fb.show{display:block;}
  #cc-game .cc-fb.ok{background:#dcfce7!important;color:#166534!important;-webkit-text-fill-color:#166534!important;border:1px solid #86efac;}
  #cc-game .cc-fb.no{background:#fee2e2!important;color:#991b1b!important;-webkit-text-fill-color:#991b1b!important;border:1px solid #fca5a5;}

  #cc-game .cc-btn{display:inline-block;background:#1a56db!important;color:#fff!important;-webkit-text-fill-color:#fff!important;border:none;border-radius:10px;font-family:inherit;font-size:15px!important;font-weight:800;padding:12px 22px;cursor:pointer;margin-top:14px;width:100%;}
  #cc-game .cc-btn:active{transform:scale(.99);}
  #cc-game .cc-btn.ghost{background:#fff!important;color:#1a56db!important;-webkit-text-fill-color:#1a56db!important;border:2px solid #bfdbfe!important;}

  #cc-game .cc-end{text-align:center;padding:26px 18px;}
  #cc-game .cc-end h3{font-family:""DM Serif Display"",serif!important;font-size:24px!important;color:#0f1f3d!important;-webkit-text-fill-color:#0f1f3d!important;margin:0 0 6px;}
  #cc-game .cc-end .cc-score{font-size:44px!important;font-weight:800;color:#1a56db!important;-webkit-text-fill-color:#1a56db!important;line-height:1;margin:10px 0;}
  #cc-game .cc-end p{font-size:14px!important;color:#334155!important;-webkit-text-fill-color:#334155!important;line-height:1.5;margin:8px 0 0;}
  #cc-game .cc-hidden{display:none!important;}
</style>

<div class=""cc-game"" id=""cc-game"">
  <div class=""cc-card"">
    <div class=""cc-hero"">
      <h2 class=""cc-title"">Compression Challenge</h2>
      <p class=""cc-sub"">Lossless vs lossy, and the size versus quality trade-off (AP CSP 2.2)</p>
      <p class=""cc-how"">How to play: pick the right compression for each use case, then crack the run-length encoding rounds. Fast answers keep your streak alive.</p>
    </div>

    <div class=""cc-bar"" id=""cc-bar"">
      <div class=""cc-stat"">
<b id=""cc-score"">0</b><span>Score</span>
</div>
      <div class=""cc-stat"" id=""cc-streakbox"">
<b id=""cc-streak"">0</b><span>Streak</span>
</div>
      <div class=""cc-stat"">
<b id=""cc-round"">1</b><span>Round</span>
</div>
    </div>
    <div class=""cc-prog""><i id=""cc-progbar""></i></div>

    <div class=""cc-body"" id=""cc-play"">
      <span class=""cc-tag choose"" id=""cc-tagtype"">Choose the method</span>
      <p class=""cc-q"" id=""cc-q"">Loading...</p>
      <div id=""cc-datawrap""></div>
      <p class=""cc-note cc-hidden"" id=""cc-note""></p>
      <div class=""cc-opts"" id=""cc-opts""></div>
      <div class=""cc-fb"" id=""cc-fb""></div>
      <button class=""cc-btn cc-hidden"" id=""cc-next"">Next round ▶</button>
    </div>

    <div class=""cc-body cc-end cc-hidden"" id=""cc-endscreen"">
      <h3 id=""cc-endtitle"">Nice work!</h3>
      <div class=""cc-score"" id=""cc-endscore"">0</div>
      <p id=""cc-endmsg""></p>
      <button class=""cc-btn"" id=""cc-again"">↻ Play again</button>
    </div>
  </div>
</div>

<script>
(function(){
  var TOTAL = 8;
  var score = 0, streak = 0, round = 0, locked = false;

  // Use-case bank for ""choose the method"" rounds.
  var USE = [
    {t:'Archive a signed legal contract PDF for the records.', a:'lossless',
     why:'Legal records must stay bit-for-bit identical, so use lossless. Every character and signature detail has to survive.'},
    {t:'Stream a 4 minute pop song to a phone over cellular data.', a:'lossy',
     why:'Audio streaming uses lossy (like MP3/AAC). Discarding sounds the ear barely notices shrinks the file a lot with acceptable quality loss.'},
    {t:'Send a tiny meme thumbnail in a group chat.', a:'lossy',
     why:'A small thumbnail can use lossy (JPEG). Minor quality loss is fine and the smaller size sends faster.'},
    {t:'Store a diagnostic X-ray a doctor will zoom into.', a:'lossless',
     why:'Medical images use lossless so no diagnostic detail is discarded. A lossy artifact could hide or fake something clinically important.'},
    {t:'Zip a folder of source code before emailing it.', a:'lossless',
     why:'Source code must be lossless. Losing even one character breaks the program, so nothing can be discarded.'},
    {t:'Upload a high-resolution vacation photo to social media.', a:'lossy',
     why:'Photos for the web use lossy (JPEG) to cut size for fast loading. A small, hard-to-see quality drop is acceptable.'},
    {t:'Back up a spreadsheet of bank account balances.', a:'lossless',
     why:'Financial data must be lossless. An altered digit would corrupt the numbers, so every bit has to be recoverable.'},
    {t:'Compress a voice memo reminder for yourself.', a:'lossy',
     why:'A casual voice memo can use lossy. You only need to understand the words, so discarding fine audio detail is fine.'},
    {t:'Save the raw text of a novel manuscript.', a:'lossless',
     why:'Text should be lossless. Every word must be recovered exactly, and text compresses well without dropping anything.'},
    {t:'Deliver background video for a website hero banner.', a:'lossy',
     why:'Web video uses lossy codecs to keep files small enough to stream. Slight quality loss is worth the smaller size.'}
  ];

  // RLE strings by difficulty tier.
  var RLE_EASY = ['AAAABBB','WWWWWW','XXXYY','QQQQQZ'];
  var RLE_MED = ['AAAABBBCCDAAA','MMMNNNNPP','RRRRRRSSSTT','KKLLLLLLMM'];
  var RLE_HARD = ['AAAAABBBBBBCCDDDDA','ZZZZWWXXXXXXXYY','GGGGGGGHHIIIIJJJJ','TTTTTUUUVVVVVVWWX'];

  var el = function(id){ return document.getElementById(id); };

  function rleEncode(s){
    var out='', i=0;
    while(i<s.length){
      var c=s[i], n=1;
      while(i+n<s.length && s[i+n]===c) n++;
      out += n + c; i += n;
    }
    return out;
  }
  function rleUnits(s){ // number of runs
    var i=0,u=0;
    while(i<s.length){ var c=s[i],n=1; while(i+n<s.length && s[i+n]===c) n++; u++; i+=n; }
    return u;
  }

  function shuffle(arr){
    for(var i=arr.length-1;i>0;i--){ var j=Math.floor(Math.random()*(i+1)); var t=arr[i];arr[i]=arr[j];arr[j]=t; }
    return arr;
  }

  // Build the sequence of rounds: interleave choose and rle, escalating.
  var sequence = [];
  function buildSequence(){
    sequence = [];
    var uses = shuffle(USE.slice()).slice(0, 4);
    var easy = shuffle(RLE_EASY.slice());
    var med = shuffle(RLE_MED.slice());
    var hard = shuffle(RLE_HARD.slice());
    var rle = [easy[0], med[0], med[1], hard[0]];
    // Interleave: choose, rle, choose, rle ...
    for(var i=0;i<4;i++){
      sequence.push({kind:'choose', data:uses[i]});
      sequence.push({kind:'rle', data:rle[i]});
    }
  }

  function setBar(){
    el('cc-score').textContent = score;
    el('cc-streak').textContent = streak;
    el('cc-round').textContent = Math.min(round+1, TOTAL);
    el('cc-streakbox').className = 'cc-stat' + (streak>=2 ? ' hot' : '');
    el('cc-progbar').style.width = (round/TOTAL*100) + '%';
  }

  function clearUI(){
    el('cc-opts').innerHTML = '';
    el('cc-datawrap').innerHTML = '';
    var fb = el('cc-fb'); fb.className='cc-fb'; fb.innerHTML='';
    el('cc-next').className = 'cc-btn cc-hidden';
    var note = el('cc-note'); note.className='cc-note cc-hidden'; note.textContent='';
  }

  function renderChoose(item){
    el('cc-tagtype').className='cc-tag choose';
    el('cc-tagtype').textContent='Choose the method';
    el('cc-q').textContent = item.t;
    var wrap = el('cc-opts'); wrap.className='cc-opts two';
    var opts = [
      {k:'lossless', label:'LOSSLESS', sub:'fully reversible, no data lost'},
      {k:'lossy', label:'LOSSY', sub:'much smaller, some data discarded'}
    ];
    opts.forEach(function(o){
      var b=document.createElement('button');
      b.className='cc-opt'; b.type='button';
      b.innerHTML = o.label + '<small>' + o.sub + '</small>';
      b.onclick = function(){ answerChoose(o.k, item, wrap); };
      wrap.appendChild(b);
    });
  }

  function answerChoose(pick, item, wrap){
    if(locked) return; locked=true;
    var correct = item.a;
    Array.prototype.forEach.call(wrap.children, function(b){
      b.disabled=true;
      var isThis = b.textContent.indexOf(pick==='lossless'?'LOSSLESS':'LOSSY')===0;
      var isCorrect = b.textContent.indexOf(correct==='lossless'?'LOSSLESS':'LOSSY')===0;
      if(isCorrect) b.classList.add('good');
      else if(isThis) b.classList.add('bad');
      else b.classList.add('dim');
    });
    resolve(pick===correct, item.why);
  }

  function renderRle(str){
    el('cc-tagtype').className='cc-tag rle';
    el('cc-tagtype').textContent='Run-length encoding';
    var enc = rleEncode(str);
    var units = rleUnits(str);
    var orig = str.length;
    var comp = enc.length;
    var mode = Math.random()<0.5 ? 'encode' : 'saved';

    el('cc-datawrap').innerHTML = '<div class=""cc-data"">' + str + '</div>';
    var note = el('cc-note'); note.className='cc-note';
    note.textContent = 'RLE replaces each run of repeats with count + symbol. Original is ' + orig + ' characters.';

    var wrap = el('cc-opts'); wrap.className='cc-opts';
    var correctVal, options, why;

    if(mode==='encode'){
      el('cc-q').textContent = 'What is the run-length encoding of this string?';
      correctVal = enc;
      // distractors
      var d1 = enc.replace(/(\d+)/, function(m){ return String(Math.max(1,parseInt(m,10)-1)); }); // off by one on first count
      var d2 = wrongOrder(str); // symbol then count
      var d3 = dropRun(str); // merge/miss a run
      options = uniq([correctVal, d1, d2, d3]);
      why = 'The RLE is ' + enc + '. Read left to right, writing count then symbol for each run. RLE is lossless: the original is fully rebuilt with no data lost.';
    } else {
      el('cc-q').textContent = 'The encoded form is ' + comp + ' characters. How many characters are saved versus the original?';
      correctVal = String(orig - comp);
      var s = orig - comp;
      options = uniq([String(s), String(s+1), String(Math.max(0,s-2)), String(orig-units)]);
      why = 'Original ' + orig + ' minus encoded ' + comp + ' equals ' + (orig-comp) + ' characters saved. RLE shrinks files by removing redundancy, and it stays lossless.';
    }

    options = shuffle(options).slice(0,4);
    if(options.indexOf(correctVal)<0){ options[0]=correctVal; options=shuffle(options); }

    options.forEach(function(o){
      var b=document.createElement('button');
      b.className='cc-opt'; b.type='button';
      b.style.fontFamily='""DM Sans"",monospace';
      b.textContent=o;
      b.onclick=function(){ answerRle(o, correctVal, why, wrap); };
      wrap.appendChild(b);
    });
  }

  function wrongOrder(s){
    var out='',i=0;
    while(i<s.length){ var c=s[i],n=1; while(i+n<s.length && s[i+n]===c) n++; out+=c+n; i+=n; }
    return out;
  }
  function dropRun(s){
    var enc = rleEncode(s);
    // remove the first run's digit-symbol pair to simulate a missed run
    return enc.replace(/^\d+[A-Z]/, '');
  }
  function uniq(a){ var seen={},out=[]; a.forEach(function(x){ if(x!=null && x!=='' && !seen[x]){ seen[x]=1; out.push(x);} }); return out; }

  function answerRle(pick, correctVal, why, wrap){
    if(locked) return; locked=true;
    Array.prototype.forEach.call(wrap.children, function(b){
      b.disabled=true;
      if(b.textContent===correctVal) b.classList.add('good');
      else if(b.textContent===pick) b.classList.add('bad');
      else b.classList.add('dim');
    });
    resolve(pick===correctVal, why);
  }

  function resolve(correct, why){
    var fb = el('cc-fb');
    var pts = 0;
    if(correct){
      streak++;
      pts = 10 + (round*2) + Math.min(streak-1,5)*3; // escalating + streak bonus
      score += pts;
      fb.className='cc-fb show ok';
      fb.innerHTML = '✔ Correct! +' + pts + ' points' + (streak>=2?(' (streak x'+streak+')'):'') + '<br>' + why;
    } else {
      streak = 0;
      fb.className='cc-fb show no';
      fb.innerHTML = '✘ Not quite. ' + why;
    }
    setBar();
    var nb = el('cc-next');
    nb.className='cc-btn';
    nb.innerHTML = (round+1>=TOTAL) ? 'See results ▶' : 'Next round ▶';
  }

  function showRound(){
    clearUI();
    locked=false;
    setBar();
    var r = sequence[round];
    if(r.kind==='choose') renderChoose(r.data);
    else renderRle(r.data);
  }

  function nextRound(){
    round++;
    if(round>=TOTAL){ endGame(); return; }
    showRound();
  }

  function endGame(){
    el('cc-play').classList.add('cc-hidden');
    el('cc-progbar').style.width='100%';
    var es = el('cc-endscreen'); es.classList.remove('cc-hidden');
    el('cc-endscore').textContent = score;
    var title, msg;
    if(score>=140){ title='Compression Master!'; }
    else if(score>=90){ title='Strong work!'; }
    else { title='Good run!'; }
    el('cc-endtitle').textContent = title;
    msg = 'Key idea: lossless (RLE, ZIP, PNG) is fully reversible and needed when every bit matters. ' +
          'Lossy (JPEG, MP3) discards data for much smaller files when a little quality loss is fine. ' +
          'RLE shows how lossless compression works: it removes redundancy without losing anything.';
    el('cc-endmsg').textContent = msg;
    // fire final score for the leaderboard
    document.dispatchEvent(new CustomEvent('apcsGameScore',{detail:{value:score}}));
  }

  function reset(){
    score=0; streak=0; round=0; locked=false;
    buildSequence();
    el('cc-endscreen').classList.add('cc-hidden');
    el('cc-play').classList.remove('cc-hidden');
    showRound();
  }

  el('cc-next').onclick = nextRound;
  el('cc-again').onclick = reset;

  buildSequence();
  showRound();
})();
</script>
    </div>

    <div class=""faq-section"">
      <h2>Frequently Asked Questions</h2>
      <div class=""faq-item"">
        <button class=""faq-q"" onclick=""toggleFAQ(this)"">What is the difference between lossless and lossy compression?<i class=""faq-icon"">+</i></button>
        <div class=""faq-a"">Lossless compression reduces the number of bits while guaranteeing that the original data can be reconstructed exactly, bit for bit. Lossy compression can reduce size much more, but it permanently discards some data, so the exact original can never be recovered. <code>ZIP</code>, <code>PNG</code>, and run-length encoding are lossless; <code>JPEG</code> and <code>MP3</code> are lossy.</div>
      </div>
      <div class=""faq-item"">
        <button class=""faq-q"" onclick=""toggleFAQ(this)"">Does fewer bits always mean less information?<i class=""faq-icon"">+</i></button>
        <div class=""faq-a"">No. Lossless compression removes redundancy, not information, so a smaller file can still hold all of the original information and be rebuilt exactly. Only lossy compression actually throws information away. This is why fewer bits does not automatically mean less information.</div>
      </div>
      <div class=""faq-item"">
        <button class=""faq-q"" onclick=""toggleFAQ(this)"">How does run-length encoding work?<i class=""faq-icon"">+</i></button>
        <div class=""faq-a"">Run-length encoding is a lossless method that replaces each run of repeated symbols with a count followed by the symbol. For example, <code>AAAAABBB</code> has a run of five A characters and a run of three B characters, so it encodes to <code>5A3B</code>. Because the counts and symbols are kept, the original can be rebuilt exactly, which makes it lossless.</div>
      </div>
      <div class=""faq-item"">
        <button class=""faq-q"" onclick=""toggleFAQ(this)"">When should I choose lossy compression over lossless?<i class=""faq-icon"">+</i></button>
        <div class=""faq-a"">Choose lossy when smaller size and faster transmission matter more than a perfect copy, and when a human viewer or listener will not notice the discarded detail. Streaming music, web photos, and video use lossy for this reason. Choose lossless when the data must be reconstructed exactly, such as text, source code, spreadsheets, and legal or medical records.</div>
      </div>
      <div class=""faq-item"">
        <button class=""faq-q"" onclick=""toggleFAQ(this)"">What decides how much a file shrinks when compressed?<i class=""faq-icon"">+</i></button>
        <div class=""faq-a"">The amount of size reduction depends on both how much redundancy the original data contains and which compression method is used. Data with long runs or repeated patterns compresses a great deal, while data that is already varied or random compresses very little no matter the algorithm.</div>
      </div>
    </div>
    <div class=""related-links"">
      <h3>🔗 Continue studying</h3>
      <div class=""related-links-grid"">
        <a href=""/pages/ap-csp-course-big-idea-2-data"" class=""related-link"">← BI2 Hub</a>
        <a href=""/pages/ap-csp-course-bi2-binary-numbers"" class=""related-link"">← 2.1 Binary Numbers</a>
        <a href=""/pages/ap-csp-course-bi2-extracting-information"" class=""related-link"">Next: 2.3 Extracting Information →</a>
        <a href=""/pages/ap-csp-course-bi2-using-programs-with-data"" class=""related-link"">2.4 Using Programs with Data</a>
        <a href=""/pages/ap-csp-course-create-task"" class=""related-link"">Create Task Module</a>
        <a href=""/pages/ap-csp-question-of-the-day"" class=""related-link"">Daily Practice Questions</a>
        <a href=""https://apcentral.collegeboard.org/courses/ap-computer-science-principles"" class=""related-link related-ext"" target=""_blank"" rel=""noopener"">College Board AP CSP ↗</a>
      </div>
    </div>
    <div class=""superpack-slim"">
      <div style=""display:flex;align-items:center;gap:12px;"">
        <div class=""superpack-slim-icon"">📦</div>
        <div><div class=""superpack-slim-text"">AP CSP Teacher Superpack<span class=""superpack-slim-sub"">Slides, lesson plans, unit tests for all 5 Big Ideas, $249</span>
</div></div>
      </div>
      <a href=""/products/ap-csp-teacher-superpack"" class=""superpack-slim-btn"">Get the Superpack →</a>
    </div>
    <div class=""teacher-callout"">
      <div class=""teacher-callout-icon"">🏫</div>
      <div class=""teacher-callout-body"">
        <div class=""teacher-callout-label"">For teachers</div>
        <p>The Superpack includes an editable Topic 2.2 slide deck with animated lossless-versus-lossy demos, a run-length encoding worksheet with an answer key, a use-case sorting activity, and a unit quiz. <a href=""/products/ap-csp-teacher-superpack"">View what's included →</a></p>
      </div>
    </div>
    <div class=""lesson-nav"">
      <a href=""/pages/ap-csp-course-bi2-binary-numbers"" class=""nav-card"">
        <div class=""nav-card-dir"">← Previous</div>
        <div class=""nav-card-title"">2.1 Binary Numbers</div>
      </a>
      <a href=""/pages/ap-csp-course-bi2-extracting-information"" class=""nav-card next"">
        <div class=""nav-card-dir"">Next lesson →</div>
        <div class=""nav-card-title"">2.3 Extracting Information</div>
      </a>
    </div>

  </div>
</div>

<script>
var MINI_MSGS={""me1"": {""A"": ""\u2717 Lossy is not the only way to shrink a file; lossless shrinks files too. And lossy could never return a bit-for-bit identical copy, so this cannot be lossy."", ""B"": ""\u2717 Redundancy is what compression removes, but its presence or absence is not what this tells you. The exact-recovery result is the clue."", ""C"": ""\u2713 Correct! Only lossless compression guarantees the decompressed file is bit-for-bit identical to the original. Recovering the exact original means a lossless method was used."", ""D"": ""\u2717 A larger compressed file would defeat the purpose. Size is not the point here; exact recovery is what identifies lossless.""}, ""me2"": {""A"": ""\u2717 Smaller is not always better. If the exact original is needed, discarding data makes lossy the wrong choice, not the better one."", ""B"": ""\u2713 Correct! The claim ignores that lossy permanently discards data. When the exact original must be reconstructed, lossy fails, so it is not strictly better than lossless."", ""C"": ""\u2717 Lossy generally produces smaller files, not larger ones. That part of the student's claim is actually true; the flaw is ignoring the permanent data loss."", ""D"": ""\u2717 Lossless does reduce file size; it just reduces it less than lossy. The real flaw is ignoring lossy's permanent loss of data.""}};
var MINI_FIB={""me3"": {""correct"": ""5A3B"", ""c"": ""\u2713 Correct! The run of five A characters becomes 5A and the run of three B characters becomes 3B, giving 5A3B. It decodes back to AAAAABBB exactly, so it is lossless."", ""w"": ""\u2717 Not quite. Count each run, then write count then symbol: five A characters give 5A, three B characters give 3B, so the encoding is 5A3B.""}};

function switchTab(btn, lang, panelId){
  var wrap=btn.parentElement.parentElement;
  var tabs=wrap.querySelectorAll('.code-tab'),panes=wrap.querySelectorAll('.code-pane');
  for(var i=0;i<tabs.length;i++)tabs[i].classList.remove('active');
  for(var i=0;i<panes.length;i++)panes[i].classList.remove('active');
  btn.classList.add('active');
  var t=document.getElementById(panelId+'-'+lang); if(t)t.classList.add('active');
}
/* Gradebook hook: fire one standard event per graded interaction. The theme reporter
   listens for 'apcsActivity' and reads course/unit/lesson off the .lesson-page wrapper. */
function _activity(d){
  try{ var w=document.querySelector('.lesson-page');
    if(w){ d.course=w.getAttribute('data-course'); d.unit=w.getAttribute('data-unit'); d.lesson=w.getAttribute('data-lesson'); }
    document.dispatchEvent(new CustomEvent('apcsActivity',{detail:d}));
  }catch(e){}
}
/* Bridge: embedded game dispatches apcsGameScore on completion -> exercise-2 gradebook hook */
document.addEventListener('apcsGameScore', function(e){ _activity({activity:'exercise-2', earned:1, possible:1}); });
function miniMCQ(id, chosen, correct, fbId){
  var opts=document.querySelectorAll('#'+id+'-opts .mini-opt');
  opts.forEach(function(b){b.onclick=null;b.style.cursor='default';});
  var letters=['A','B','C','D'];
  opts[letters.indexOf(chosen)].classList.add(chosen===correct?'correct':'incorrect');
  if(chosen!==correct)opts[letters.indexOf(correct)].classList.add('reveal');
  var fb=document.getElementById(fbId);
  if(MINI_MSGS[id]){fb.textContent=MINI_MSGS[id][chosen]||'';fb.className='mini-fb '+(chosen===correct?'c':'w');}
}
function miniFIB(id, fbId){
  var inp=document.getElementById(id+'-inp'),fb=document.getElementById(fbId);
  var val=inp.value.trim().toLowerCase();var d=MINI_FIB[id];
  var ok=(val===String(d.correct).toLowerCase());
  inp.classList.add(ok?'correct':'incorrect');
  fb.textContent=ok?d.c:d.w; fb.className='mini-fb '+(ok?'c':'w'); inp.disabled=true;
}
function checkMCQ(qid, chosen, correct, fbId){
  var opts=document.querySelectorAll('#'+qid+'-options .mcq-option');
  opts.forEach(function(b){b.disabled=true;b.onclick=null;});
  var letters=['A','B','C','D'];
  opts[letters.indexOf(chosen)].classList.add(chosen===correct?'correct':'incorrect');
  if(chosen!==correct)opts[letters.indexOf(correct)].classList.add('revealed-correct');
  document.getElementById(fbId).classList.add('show');
  _activity({activity:'quiz',item:qid,choice:chosen});
}
function toggleFAQ(btn){
  var item=btn.parentElement,wasOpen=item.classList.contains('open');
  document.querySelectorAll('.faq-item').forEach(function(el){el.classList.remove('open');});
  if(!wasOpen)item.classList.add('open');
}
function handleCapture(){
  var email=document.getElementById('capture-email').value.trim();
  if(!email||!email.includes('@')){document.getElementById('capture-email').focus();return;}
  document.getElementById('capture-form').style.display='none';
  document.getElementById('capture-success').style.display='block';
  if(typeof window._learnq!=='undefined'){window._learnq.push(['identify',{'$email':email}]);}
}
</script>
<!-- apcs-exercises (managed) -->
<div id=""apcs-ex-links"">
<style>
#apcs-ex-links{all:initial!important;display:block!important;box-sizing:border-box!important;max-width:880px!important;margin:28px auto 0!important;padding:0 16px 8px!important;font-family:-apple-system,BlinkMacSystemFont,""Segoe UI"",Roboto,Helvetica,Arial,sans-serif!important}
#apcs-ex-links *,#apcs-ex-links *::before,#apcs-ex-links *::after{box-sizing:border-box!important}
#apcs-ex-links .ex-lbl{font-size:12px!important;font-weight:800!important;letter-spacing:.06em!important;text-transform:uppercase!important;color:#1e40af!important;-webkit-text-fill-color:#1e40af!important;margin:0 0 10px!important}
#apcs-ex-links .ex-row{display:grid!important;grid-template-columns:repeat(2,1fr)!important;gap:12px!important}
@media (max-width:640px){#apcs-ex-links .ex-row{grid-template-columns:repeat(1,1fr)!important}}
#apcs-ex-links a.ex,#apcs-ex-links a.ex:link,#apcs-ex-links a.ex:visited{display:block!important;text-decoration:none!important;border:1px solid #93c5fd!important;border-left:5px solid #1a56db!important;border-radius:0 12px 12px 0!important;background:#eff6ff!important;padding:14px 16px!important;color:#0f1f3d!important;-webkit-text-fill-color:#0f1f3d!important;font-size:16px!important;font-weight:700!important;line-height:1.35!important}
#apcs-ex-links a.ex:hover{background:#dbeafe!important}
#apcs-ex-links a.ex span{display:block!important;margin-top:4px!important;font-size:13px!important;font-weight:400!important;color:#64748b!important;-webkit-text-fill-color:#64748b!important}
#apcs-ex-links a.ex.wide{grid-column:1/-1!important}
</style>
<p class=""ex-lbl"">Exercises for Topic 2.2</p>
<div class=""ex-row"">
<a class=""ex"" href=""/pages/ap-csp-topic-2-2-exercise-1"">Exercise 1: Compression Triage<span>Work it online. Saved in your browser, not graded</span></a>
<a class=""ex"" href=""/pages/ap-csp-topic-2-2-exercise-2"">Exercise 2: Bandwidth Budget Advisor<span>Work it online. Saved in your browser, not graded</span></a>
<a class=""ex wide"" href=""/pages/ap-csp-course-bi2-data-compression-exercise-2"">Applied Challenge<span>6 questions, and every answer is recorded for your teacher</span></a>
</div>
</div>"
"ap-csp-course-bi2-extracting-information","MERGE","<!--
  PAGE: /pages/ap-csp-course-bi2-extracting-information
  TITLE: AP CSP 2.3 Extracting Information from Data | Filtering and Patterns
  META: AP CSP Topic 2.3: extracting information from data with filtering and sorting, finding patterns, metadata, and correlation versus causation. 6 exam MCQs plus the Filter/Sort Detective game.
-->

<style>
  @import url('https://fonts.googleapis.com/css2?family=DM+Serif+Display:ital@0;1&family=DM+Sans:ital,opsz,wght@0,9..40,300;0,9..40,400;0,9..40,500;0,9..40,600;0,9..40,700;1,9..40,400&display=swap');
  :root{--navy:#0f1f3d;--bi3:#1a56db;--bi3-lt:#93c5fd;--bi3-bg:#eff6ff;--bi3-dk:#1e40af;--green:#16a34a;--amber:#d97706;--red:#dc2626;--slate:#64748b;--white:#ffffff;--py:#3b82f6;--pseudo:#8b5cf6;}
  *{box-sizing:border-box;margin:0;padding:0;}
  .lesson-page{font-family:""DM Sans"",sans-serif;color:var(--navy);background:#f8fafc;line-height:1.6;}

  .lesson-breadcrumb{background:#fff;border-bottom:1px solid #e2e8f0;padding:12px 24px;}
  .lesson-breadcrumb-inner{max-width:880px;margin:0 auto;display:flex;align-items:center;gap:8px;font-size:13px;color:var(--slate);flex-wrap:wrap;}
  .lesson-breadcrumb a{color:var(--bi3)!important;-webkit-text-fill-color:var(--bi3)!important;text-decoration:none;font-weight:500;}
  .bc-sep{color:#cbd5e1;}

  .social-proof-bar{background:#fff;border-bottom:1px solid #e2e8f0;padding:10px 24px;}
  .social-proof-inner{max-width:880px;margin:0 auto;display:flex;flex-wrap:wrap;align-items:center;gap:6px 20px;font-size:13px;color:var(--slate);}
  .social-proof-item{display:flex;align-items:center;gap:5px;font-weight:500;}
  .social-proof-item strong{color:var(--navy)!important;-webkit-text-fill-color:var(--navy)!important;}

  .lesson-hero{background:var(--navy);background-image:radial-gradient(ellipse 60% 70% at 90% 20%,rgba(26,86,219,.28) 0%,transparent 60%);padding:48px 24px 40px;}
  .lesson-hero-inner{max-width:880px;margin:0 auto;}
  .lesson-hero-meta{display:flex;align-items:center;gap:10px;flex-wrap:wrap;margin-bottom:16px;}
  .lesson-num-badge{display:inline-flex;align-items:center;justify-content:center;width:44px;height:44px;border-radius:10px;background:var(--bi3);font-weight:700;font-size:14px;color:#fff!important;-webkit-text-fill-color:#fff!important;flex-shrink:0;}
  .lesson-eyebrow{font-size:12px;font-weight:700;letter-spacing:.08em;text-transform:uppercase;color:var(--bi3-lt)!important;-webkit-text-fill-color:var(--bi3-lt)!important;}
  .lesson-hero h1{font-family:""DM Serif Display"",serif!important;font-size:clamp(26px,4vw,40px)!important;line-height:1.2!important;color:#fff!important;-webkit-text-fill-color:#fff!important;margin-bottom:14px!important;}
  .lesson-hero-pills{display:flex;flex-wrap:wrap;gap:8px;}
  .lesson-pill{display:inline-flex;align-items:center;gap:5px;background:rgba(255,255,255,.08);border:1px solid rgba(255,255,255,.15);padding:5px 12px;border-radius:100px;font-size:12px;color:#e2e8f0!important;-webkit-text-fill-color:#e2e8f0!important;}
  .ced-tag{display:inline-flex;align-items:center;background:rgba(26,86,219,.25);border:1px solid rgba(147,197,253,.3);padding:4px 10px;border-radius:100px;font-size:11px;font-weight:600;color:#bfdbfe!important;-webkit-text-fill-color:#bfdbfe!important;letter-spacing:.04em;}

  /* PROGRESS STRIP */
  .bi3-progress{background:#fff!important;border-bottom:1px solid #e2e8f0!important;padding:14px 20px!important;overflow-x:auto!important;-webkit-overflow-scrolling:touch!important;}
  .bi3-progress-inner{display:flex!important;flex-direction:row!important;flex-wrap:nowrap!important;align-items:center!important;gap:0!important;width:max-content!important;min-width:100%!important;}
  .prog-step{display:flex!important;flex-direction:column!important;align-items:center!important;min-width:46px!important;text-align:center!important;flex-shrink:0!important;}
  .prog-step-link{display:flex!important;flex-direction:column!important;align-items:center!important;min-width:46px!important;text-align:center!important;flex-shrink:0!important;text-decoration:none!important;cursor:pointer!important;}
  .prog-step-link:hover .prog-dot{background:#dbeafe!important;color:var(--bi3)!important;-webkit-text-fill-color:var(--bi3)!important;border-color:var(--bi3)!important;}
  .prog-dot{width:26px!important;height:26px!important;border-radius:50%!important;display:flex!important;align-items:center!important;justify-content:center!important;font-size:9px!important;font-weight:700!important;margin-bottom:4px!important;flex-shrink:0!important;}
  .prog-dot.active{background:var(--bi3)!important;color:#fff!important;-webkit-text-fill-color:#fff!important;}
  .prog-dot.upcoming{background:#f1f5f9!important;color:#94a3b8!important;-webkit-text-fill-color:#94a3b8!important;border:2px solid #e2e8f0!important;}
  .prog-dot.done{background:#dbeafe!important;color:var(--bi3)!important;-webkit-text-fill-color:var(--bi3)!important;border:2px solid var(--bi3)!important;}
  .prog-label{font-size:8px!important;font-weight:600!important;color:#64748b!important;-webkit-text-fill-color:#64748b!important;line-height:1.2!important;white-space:nowrap!important;}
  .prog-label.active-label{color:var(--bi3)!important;-webkit-text-fill-color:var(--bi3)!important;}
  .prog-arrow{flex:1 0 4px!important;height:2px!important;background:#e2e8f0!important;margin-bottom:18px!important;min-width:4px!important;max-width:16px!important;flex-shrink:0!important;}

  /* MAIN */
  .lesson-main{max-width:880px;margin:0 auto;padding:40px 24px 80px;}
  .lesson-objectives{background:var(--bi3-bg);border-left:4px solid var(--bi3);border-radius:0 10px 10px 0;padding:20px 24px;margin-bottom:28px;}
  .lesson-objectives h2{font-size:14px!important;font-weight:700!important;color:var(--bi3-dk)!important;-webkit-text-fill-color:var(--bi3-dk)!important;text-transform:uppercase!important;letter-spacing:.06em!important;margin-bottom:12px!important;}
  .lesson-objectives ul{list-style:none;padding:0;display:flex;flex-direction:column;gap:8px;}
  .lesson-objectives li{display:flex;align-items:flex-start;gap:10px;font-size:14px;color:#1e3a8a;line-height:1.5;}
  .lesson-objectives li::before{content:""\2713"";color:var(--bi3);font-weight:700;flex-shrink:0;margin-top:1px;}
  .score-impact{background:#f0fdf4;border:1px solid #bbf7d0;border-radius:8px;padding:12px 18px;margin-bottom:28px;display:flex;align-items:center;gap:10px;font-size:14px;color:#14532d;}
  .score-impact strong{color:#14532d!important;-webkit-text-fill-color:#14532d!important;}

  /* HOOK */
  .hook-box{background:linear-gradient(135deg,#1e3a8a 0%,#1e40af 100%);border-radius:12px;padding:24px 28px;margin-bottom:32px;}
  .hook-label{font-size:11px;font-weight:700;letter-spacing:.1em;text-transform:uppercase;color:var(--bi3-lt)!important;-webkit-text-fill-color:var(--bi3-lt)!important;margin-bottom:8px;}
  .hook-box p{font-size:15px!important;color:#bfdbfe!important;-webkit-text-fill-color:#bfdbfe!important;line-height:1.7!important;margin-bottom:0!important;}

  /* LESSON SECTIONS */
  .lesson-section{margin-bottom:40px;}
  .lesson-section h2{font-family:""DM Serif Display"",serif!important;font-size:24px!important;color:var(--navy)!important;-webkit-text-fill-color:var(--navy)!important;margin-bottom:14px!important;padding-bottom:10px!important;border-bottom:2px solid var(--bi3-bg)!important;}
  .lesson-section h3{font-size:17px!important;font-weight:700!important;color:var(--navy)!important;-webkit-text-fill-color:var(--navy)!important;margin-top:24px!important;margin-bottom:10px!important;}
  .lesson-section p{font-size:15px;color:#374151;line-height:1.8;margin-bottom:14px;}
  .lesson-section ul,.lesson-section ol{padding-left:20px;margin-bottom:14px;}
  .lesson-section li{font-size:15px;color:#374151;line-height:1.7;margin-bottom:6px;}
  .lesson-section code{background:#eef2ff;color:#1e3a8a!important;-webkit-text-fill-color:#1e3a8a!important;padding:1px 6px;border-radius:5px;font-size:13px;}

  /* DUAL CODE PANEL */
  .code-panel-wrap{margin:20px 0;border-radius:12px;overflow:hidden;border:1px solid #e2e8f0;}
  .code-panel-tabs{display:flex;background:#1e293b;}
  .code-tab{padding:8px 16px;font-size:12px;font-weight:700;cursor:pointer;border:none;background:transparent;letter-spacing:.04em;transition:background .15s;font-family:inherit;}
  .code-tab.py{color:#93c5fd!important;-webkit-text-fill-color:#93c5fd!important;}
  .code-tab.pseudo{color:#c4b5fd!important;-webkit-text-fill-color:#c4b5fd!important;}
  .code-tab.active{background:rgba(255,255,255,.15)!important;}
  .code-tab-label{font-size:10px;opacity:.6;margin-left:4px;font-weight:400;}
  .code-pane{background:#0f172a;padding:18px 20px;overflow-x:auto;height:0;overflow:hidden;padding:0;}
  .code-pane.active{height:auto;overflow-x:auto;padding:18px 20px;}
  .code-pane pre{font-family:monospace;font-size:13px;line-height:1.8;margin:0;white-space:pre-wrap;word-break:break-word;max-width:100%;color:#e2e8f0!important;-webkit-text-fill-color:#e2e8f0!important;}
  .py-kw{color:#93c5fd!important;-webkit-text-fill-color:#93c5fd!important;font-weight:700;}
  .py-fn{color:#6ee7b7!important;-webkit-text-fill-color:#6ee7b7!important;}
  .py-num{color:#fde68a!important;-webkit-text-fill-color:#fde68a!important;}
  .py-str{color:#f9a8d4!important;-webkit-text-fill-color:#f9a8d4!important;}
  .py-comment{color:#475569!important;-webkit-text-fill-color:#475569!important;font-style:italic;}
  .py-var{color:#e2e8f0!important;-webkit-text-fill-color:#e2e8f0!important;}
  .py-op{color:#94a3b8!important;-webkit-text-fill-color:#94a3b8!important;}
  .ps-kw{color:#c4b5fd!important;-webkit-text-fill-color:#c4b5fd!important;font-weight:700;}
  .ps-op{color:#f9a8d4!important;-webkit-text-fill-color:#f9a8d4!important;}
  .ps-num{color:#fde68a!important;-webkit-text-fill-color:#fde68a!important;}
  .ps-str{color:#86efac!important;-webkit-text-fill-color:#86efac!important;}
  .ps-comment{color:#475569!important;-webkit-text-fill-color:#475569!important;font-style:italic;}
  .ps-var{color:#e2e8f0!important;-webkit-text-fill-color:#e2e8f0!important;}

  /* CALLOUTS */
  .callout-exam{background:#fffbeb;border:1px solid #fcd34d;border-left:4px solid var(--amber);border-radius:0 8px 8px 0;padding:16px 20px;margin:20px 0;}
  .callout-exam-label{font-size:11px;font-weight:700;letter-spacing:.08em;text-transform:uppercase;color:var(--amber)!important;-webkit-text-fill-color:var(--amber)!important;margin-bottom:6px;}
  .callout-exam p{font-size:14px!important;color:#78350f!important;-webkit-text-fill-color:#78350f!important;margin-bottom:0!important;line-height:1.6!important;}
  .callout-trap{background:#fef2f2;border:1px solid #fca5a5;border-left:4px solid var(--red);border-radius:0 8px 8px 0;padding:16px 20px;margin:20px 0;}
  .callout-trap-label{font-size:11px;font-weight:700;letter-spacing:.08em;text-transform:uppercase;color:var(--red)!important;-webkit-text-fill-color:var(--red)!important;margin-bottom:6px;}
  .callout-trap p{font-size:14px!important;color:#7f1d1d!important;-webkit-text-fill-color:#7f1d1d!important;margin-bottom:0!important;line-height:1.6!important;}

  /* MINI EXERCISES */
  .mini-ex{background:#fff;border:1px solid #bfdbfe;border-radius:12px;padding:20px 24px;margin:24px 0;}
  .mini-ex-label{display:flex;align-items:center;gap:8px;font-size:11px;font-weight:700;letter-spacing:.08em;text-transform:uppercase;color:var(--bi3-dk)!important;-webkit-text-fill-color:var(--bi3-dk)!important;margin-bottom:12px;}
  .mini-ex-q{font-size:15px;font-weight:600;color:var(--navy)!important;-webkit-text-fill-color:var(--navy)!important;margin-bottom:14px;line-height:1.5;}
  .mini-ex-code{background:#0f172a;border-radius:8px;padding:14px 16px;font-family:monospace;font-size:13px;line-height:1.8;margin-bottom:14px;overflow-x:auto;white-space:pre;display:block;}
  .mini-opts{display:flex;flex-direction:column;gap:7px;margin-bottom:10px;}
  .mini-opt{display:flex;align-items:center;gap:10px;padding:10px 14px;border:2px solid #e2e8f0;border-radius:8px;cursor:pointer;font-size:14px;font-family:monospace;color:#374151!important;-webkit-text-fill-color:#374151!important;background:#f8fafc;text-align:left;width:100%;transition:border-color .15s;}
  .mini-opt:hover{border-color:var(--bi3-lt);background:var(--bi3-bg);}
  .mini-opt.correct{border-color:var(--green)!important;background:#f0fdf4!important;color:#14532d!important;-webkit-text-fill-color:#14532d!important;}
  .mini-opt.incorrect{border-color:var(--red)!important;background:#fef2f2!important;color:#7f1d1d!important;-webkit-text-fill-color:#7f1d1d!important;}
  .mini-opt.reveal{border-color:var(--green)!important;background:#f0fdf4!important;}
  .mini-opt-letter{font-weight:700;color:var(--bi3)!important;-webkit-text-fill-color:var(--bi3)!important;min-width:18px;font-family:inherit;}
  .mini-opt.correct .mini-opt-letter{color:#14532d!important;-webkit-text-fill-color:#14532d!important;}
  .mini-opt.incorrect .mini-opt-letter{color:#7f1d1d!important;-webkit-text-fill-color:#7f1d1d!important;}
  .mini-fib-row{display:flex;gap:8px;align-items:center;flex-wrap:wrap;margin-bottom:10px;}
  .mini-fib-input{padding:8px 12px;border:2px solid #e2e8f0;border-radius:8px;font-family:monospace;font-size:14px;width:130px;outline:none;color:var(--navy)!important;background:#f8fafc;}
  .mini-fib-input:focus{border-color:var(--bi3-lt);}
  .mini-fib-input.correct{border-color:var(--green);background:#f0fdf4;}
  .mini-fib-input.incorrect{border-color:var(--red);background:#fef2f2;}
  .mini-fib-btn{padding:8px 18px;background:var(--bi3);border:none;border-radius:8px;color:#fff!important;-webkit-text-fill-color:#fff!important;font-size:13px;font-weight:700;cursor:pointer;font-family:inherit;}
  .mini-fb{font-size:13px;font-weight:500;padding:8px 12px;border-radius:7px;margin-top:6px;display:none;line-height:1.5;}
  .mini-fb.c{background:#f0fdf4;color:var(--green)!important;-webkit-text-fill-color:var(--green)!important;display:block;}
  .mini-fb.w{background:#fef2f2;color:var(--red)!important;-webkit-text-fill-color:var(--red)!important;display:block;}

  /* VOCAB */
  .vocab-table{width:100%;border-collapse:collapse;margin-bottom:24px;font-size:14px;}
  .vocab-table thead tr{background:var(--bi3);}
  .vocab-table thead th{padding:10px 16px;text-align:left;font-weight:600;color:#fff!important;-webkit-text-fill-color:#fff!important;font-size:13px;}
  .vocab-table tbody tr:nth-child(even){background:var(--bi3-bg);}
  .vocab-table tbody tr:nth-child(odd){background:#fff;}
  .vocab-table tbody td{padding:10px 16px;border-bottom:1px solid #bfdbfe;color:#374151;vertical-align:top;line-height:1.5;}
  .vocab-table tbody td:first-child{font-weight:700;color:var(--bi3-dk)!important;-webkit-text-fill-color:var(--bi3-dk)!important;white-space:nowrap;}

  /* CPT CONNECTION */
  .cpt-connection{background:#fefce8;border:1px solid #fde68a;border-left:4px solid #f59e0b;border-radius:0 10px 10px 0;padding:20px 24px;margin:28px 0;}
  .cpt-connection-label{font-size:11px;font-weight:700;letter-spacing:.08em;text-transform:uppercase;color:#92400e!important;-webkit-text-fill-color:#92400e!important;margin-bottom:8px;}
  .cpt-connection h3{font-size:16px!important;font-weight:700!important;color:#78350f!important;-webkit-text-fill-color:#78350f!important;margin:16px 0 8px!important;}
  .cpt-connection p{font-size:14px!important;color:#78350f!important;-webkit-text-fill-color:#78350f!important;line-height:1.7!important;margin-bottom:12px!important;}
  .cpt-connection a{color:#b45309!important;-webkit-text-fill-color:#b45309!important;font-weight:600;text-decoration:underline;}
  .cpt-connection code{background:#fef3c7;color:#78350f!important;-webkit-text-fill-color:#78350f!important;padding:1px 6px;border-radius:5px;font-size:13px;}
  .cpt-stems{list-style:none;padding:0;margin:0 0 8px;display:flex;flex-direction:column;gap:8px;}
  .cpt-stems li{background:#fffef5;border:1px solid #fde68a;border-radius:8px;padding:10px 14px;font-size:13px!important;color:#78350f!important;-webkit-text-fill-color:#78350f!important;line-height:1.6;}
  .cpt-code{background:#0f172a;border-radius:8px;padding:14px 16px;font-family:monospace;font-size:13px;line-height:1.8;margin:6px 0 12px;overflow-x:auto;white-space:pre;display:block;color:#e2e8f0!important;-webkit-text-fill-color:#e2e8f0!important;}

  /* EMAIL */
  .email-capture{background:linear-gradient(135deg,#1e3a8a 0%,#1e40af 100%);border-radius:12px;padding:24px 28px;margin-bottom:36px;display:flex;align-items:center;gap:24px;flex-wrap:wrap;}
  .email-capture-text{flex:1;min-width:200px;}
  .email-capture-eyebrow{font-size:11px;font-weight:700;letter-spacing:.1em;text-transform:uppercase;color:var(--bi3-lt)!important;-webkit-text-fill-color:var(--bi3-lt)!important;margin-bottom:4px;}
  .email-capture h3{font-size:16px!important;font-weight:700!important;color:#fff!important;-webkit-text-fill-color:#fff!important;margin-bottom:4px!important;}
  .email-capture p{font-size:13px!important;color:#94a3b8!important;-webkit-text-fill-color:#94a3b8!important;margin-bottom:0!important;line-height:1.5!important;}
  .email-capture-form{display:flex;gap:8px;flex-wrap:wrap;flex-shrink:0;}
  .email-capture-input{padding:10px 14px;border-radius:8px;border:1px solid rgba(255,255,255,.2);background:rgba(255,255,255,.1);color:#fff!important;font-size:14px;font-family:inherit;min-width:180px;outline:none;}
  .email-capture-btn{padding:10px 20px!important;background:var(--bi3)!important;color:#fff!important;-webkit-text-fill-color:#fff!important;border:none!important;border-radius:8px!important;font-size:14px!important;font-weight:600!important;cursor:pointer!important;font-family:inherit!important;}
  .email-capture-success{display:none;font-size:14px;color:#93c5fd!important;-webkit-text-fill-color:#93c5fd!important;font-weight:600;padding:10px 0;}

  /* MCQ */
  .mcq-section{background:#fff;border:1px solid #e2e8f0;border-radius:14px;padding:28px;margin-bottom:40px;}
  .mcq-section-header{display:flex;align-items:center;gap:12px;margin-bottom:24px;padding-bottom:16px;border-bottom:2px solid var(--bi3-bg);}
  .mcq-section-icon{width:40px;height:40px;border-radius:10px;background:var(--bi3-bg);display:flex;align-items:center;justify-content:center;font-size:18px;flex-shrink:0;}
  .mcq-section-title{font-family:""DM Serif Display"",serif;font-size:20px;color:var(--navy)!important;-webkit-text-fill-color:var(--navy)!important;}
  .mcq-section-sub{font-size:13px;color:var(--slate);}
  .mcq-item{margin-bottom:28px;padding-bottom:28px;border-bottom:1px solid #f1f5f9;}
  .mcq-item:last-child{border-bottom:none;margin-bottom:0;padding-bottom:0;}
  .mcq-q-num{font-size:11px;font-weight:700;letter-spacing:.08em;text-transform:uppercase;color:var(--slate);margin-bottom:8px;}
  .diff-tag{display:inline-block;font-size:10px;font-weight:700;letter-spacing:.06em;text-transform:uppercase;padding:2px 8px;border-radius:100px;margin-left:8px;background:#fef2f2;color:#b91c1c!important;-webkit-text-fill-color:#b91c1c!important;border:1px solid #fca5a5;}
  .mcq-q-text{font-size:15px!important;font-weight:600!important;color:#0f1f3d!important;-webkit-text-fill-color:#0f1f3d!important;line-height:1.6!important;margin-bottom:12px!important;}
  .predict-note{font-size:12px;font-style:italic;color:#64748b!important;-webkit-text-fill-color:#64748b!important;margin-bottom:12px;}
  .mcq-code{background:#0f172a;border-radius:8px;padding:12px 14px;margin:10px 0 14px;font-family:monospace;font-size:13px;line-height:1.75;color:#e2e8f0!important;-webkit-text-fill-color:#e2e8f0!important;white-space:pre;overflow-x:auto;display:block;}
  .mcq-code .k{color:#93c5fd!important;-webkit-text-fill-color:#93c5fd!important;}
  .mcq-code .s{color:#f9a8d4!important;-webkit-text-fill-color:#f9a8d4!important;}
  .mcq-code .n{color:#fde68a!important;-webkit-text-fill-color:#fde68a!important;}
  .mcq-code .c{color:#64748b!important;-webkit-text-fill-color:#64748b!important;font-style:italic;}
  .mcq-roman{list-style:none;padding:0;margin:10px 0 14px;display:flex;flex-direction:column;gap:6px;}
  .mcq-roman li{font-family:monospace;font-size:13px;color:#1e293b!important;-webkit-text-fill-color:#1e293b!important;background:#f1f5f9;border-radius:6px;padding:8px 12px;}
  .mcq-roman li strong{color:var(--bi3-dk)!important;-webkit-text-fill-color:var(--bi3-dk)!important;font-family:""DM Sans"",sans-serif;margin-right:8px;}
  .mcq-options{display:flex;flex-direction:column;gap:8px;margin-bottom:12px;}
  .mcq-option{display:flex!important;align-items:flex-start!important;gap:12px!important;padding:11px 14px!important;border:2px solid #e2e8f0!important;border-radius:8px!important;cursor:pointer!important;background:#f8fafc!important;font-size:14px!important;color:#374151!important;-webkit-text-fill-color:#374151!important;line-height:1.5!important;text-align:left!important;width:100%!important;font-family:inherit!important;}
  .mcq-option:hover{border-color:var(--bi3-lt)!important;background:var(--bi3-bg)!important;}
  .mcq-option.correct{border-color:var(--green)!important;background:#f0fdf4!important;color:#14532d!important;-webkit-text-fill-color:#14532d!important;}
  .mcq-option.incorrect{border-color:var(--red)!important;background:#fef2f2!important;color:#7f1d1d!important;-webkit-text-fill-color:#7f1d1d!important;}
  .mcq-option.revealed-correct{border-color:var(--green)!important;background:#f0fdf4!important;}
  .mcq-option-letter{font-weight:700!important;color:var(--bi3)!important;-webkit-text-fill-color:var(--bi3)!important;flex-shrink:0!important;min-width:18px!important;}
  .mcq-option.correct .mcq-option-letter{color:#14532d!important;-webkit-text-fill-color:#14532d!important;}
  .mcq-option.incorrect .mcq-option-letter{color:#7f1d1d!important;-webkit-text-fill-color:#7f1d1d!important;}
  .mcq-feedback{display:none!important;padding:12px 16px!important;border-radius:8px!important;font-size:14px!important;line-height:1.6!important;margin-top:8px!important;}
  .mcq-feedback.show{display:block!important;}
  .mcq-feedback.correct-fb{background:#f0fdf4!important;color:#14532d!important;-webkit-text-fill-color:#14532d!important;border:1px solid #bbf7d0!important;}
  .mcq-feedback.incorrect-fb{background:#fef2f2!important;color:#7f1d1d!important;-webkit-text-fill-color:#7f1d1d!important;border:1px solid #fecaca!important;}

  /* GAME */
  .game-section{background:linear-gradient(135deg,#1e3a8a 0%,#1e40af 100%);border-radius:14px;padding:28px;margin-bottom:40px;}
  .game-badge{display:inline-block;background:rgba(147,197,253,.15);border:1px solid rgba(147,197,253,.35);color:var(--bi3-lt)!important;-webkit-text-fill-color:var(--bi3-lt)!important;font-size:11px;font-weight:700;letter-spacing:.1em;text-transform:uppercase;padding:5px 14px;border-radius:100px;margin-bottom:10px;}
  .game-title{font-family:""DM Serif Display"",serif!important;font-size:24px!important;color:#fff!important;-webkit-text-fill-color:#fff!important;margin-bottom:4px!important;}
  .game-sub{font-size:13px!important;color:#94a3b8!important;-webkit-text-fill-color:#94a3b8!important;margin-bottom:20px!important;}
  .vt-score-bar{display:flex;justify-content:space-between;background:rgba(255,255,255,.06);border-radius:10px;padding:12px 20px;margin-bottom:20px;flex-wrap:wrap;gap:8px;}
  .vt-stat{text-align:center;}
  .vt-stat-val{font-size:20px;font-weight:800;color:#fff!important;-webkit-text-fill-color:#fff!important;line-height:1;}
  .vt-stat-lbl{font-size:10px;color:#94a3b8!important;-webkit-text-fill-color:#94a3b8!important;margin-top:2px;}
  .vt-code-card{background:rgba(255,255,255,.06);border:1px solid rgba(255,255,255,.1);border-radius:12px;padding:18px 20px;margin-bottom:16px;}
  .vt-code-label{font-size:11px;font-weight:700;letter-spacing:.06em;text-transform:uppercase;color:var(--bi3-lt)!important;-webkit-text-fill-color:var(--bi3-lt)!important;margin-bottom:10px;}
  .vt-code-lines{font-family:monospace;font-size:14px;line-height:2;color:#e2e8f0!important;-webkit-text-fill-color:#e2e8f0!important;}
  .vt-line{display:block;padding:2px 8px;border-radius:4px;white-space:pre;}
  .vt-line.hl{background:rgba(147,197,253,.2);color:#93c5fd!important;-webkit-text-fill-color:#93c5fd!important;}
  .vt-question{font-size:15px;font-weight:600;color:#e2e8f0!important;-webkit-text-fill-color:#e2e8f0!important;margin-bottom:14px;}
  .vt-options{display:grid;grid-template-columns:1fr 1fr;gap:8px;margin-bottom:14px;}
  .vt-btn{padding:12px;border-radius:9px;border:2px solid rgba(255,255,255,.15);background:rgba(255,255,255,.06);cursor:pointer;font-size:15px;font-weight:700;color:#e2e8f0!important;-webkit-text-fill-color:#e2e8f0!important;font-family:monospace;transition:all .15s;}
  .vt-btn:hover{border-color:var(--bi3-lt);background:rgba(26,86,219,.2);}
  .vt-btn.c{border-color:#4ade80;background:rgba(74,222,128,.15);color:#4ade80!important;-webkit-text-fill-color:#4ade80!important;}
  .vt-btn.w{border-color:#f87171;background:rgba(248,113,113,.15);color:#f87171!important;-webkit-text-fill-color:#f87171!important;}
  .vt-btn.rv{border-color:#4ade80;background:rgba(74,222,128,.08);}
  .vt-fb{padding:10px 14px;border-radius:8px;font-size:13px;font-weight:500;margin-bottom:12px;display:none;line-height:1.5;}
  .vt-fb.c{background:rgba(74,222,128,.1);color:#4ade80!important;-webkit-text-fill-color:#4ade80!important;display:block;}
  .vt-fb.w{background:rgba(248,113,113,.1);color:#f87171!important;-webkit-text-fill-color:#f87171!important;display:block;}
  .vt-next{display:none;width:100%;padding:12px;background:rgba(255,255,255,.1);border:2px solid rgba(255,255,255,.2);border-radius:8px;color:#fff!important;-webkit-text-fill-color:#fff!important;font-size:14px;font-weight:600;cursor:pointer;font-family:inherit;}
  .vt-next.show{display:block;}
  .vt-results{display:none;text-align:center;padding:20px;}
  .vt-results.show{display:block;}
  .vt-res-score{font-family:""DM Serif Display"",serif;font-size:52px;color:#fff!important;-webkit-text-fill-color:#fff!important;line-height:1;}
  .vt-res-lbl{font-size:14px;color:#94a3b8!important;-webkit-text-fill-color:#94a3b8!important;margin-bottom:12px;}
  .vt-res-msg{font-size:14px;color:#bfdbfe!important;-webkit-text-fill-color:#bfdbfe!important;margin-bottom:20px;line-height:1.6;}
  .vt-restart{background:rgba(255,255,255,.1);color:#fff!important;-webkit-text-fill-color:#fff!important;border:2px solid rgba(255,255,255,.2);border-radius:8px;padding:11px 24px;font-size:14px;font-weight:600;cursor:pointer;font-family:inherit;}

  /* CODE EDITOR (Pyodide live) */
  .code-editor-section{background:#0f172a;border-radius:14px;padding:28px;margin-bottom:40px;}
  .code-editor-badge{display:inline-block;background:rgba(147,197,253,.15);border:1px solid rgba(147,197,253,.35);color:var(--bi3-lt)!important;-webkit-text-fill-color:var(--bi3-lt)!important;font-size:11px;font-weight:700;letter-spacing:.1em;text-transform:uppercase;padding:5px 14px;border-radius:100px;margin-bottom:10px;}
  .code-editor-title{font-family:""DM Serif Display"",serif!important;font-size:22px!important;color:#fff!important;-webkit-text-fill-color:#fff!important;margin-bottom:4px!important;}
  .code-editor-sub{font-size:13px!important;color:#94a3b8!important;-webkit-text-fill-color:#94a3b8!important;margin-bottom:20px!important;line-height:1.6;}
  .code-problem{background:rgba(255,255,255,.04);border:1px solid rgba(255,255,255,.08);border-radius:10px;padding:18px 20px;margin-bottom:16px;}
  .scaffold-badge{display:inline-block;font-size:10px;font-weight:700;letter-spacing:.06em;text-transform:uppercase;padding:3px 10px;border-radius:100px;background:rgba(147,197,253,.15);color:var(--bi3-lt)!important;-webkit-text-fill-color:var(--bi3-lt)!important;border:1px solid rgba(147,197,253,.35);margin-bottom:8px;}
  .code-problem-num{font-size:11px;font-weight:700;letter-spacing:.06em;text-transform:uppercase;color:var(--bi3-lt)!important;-webkit-text-fill-color:var(--bi3-lt)!important;margin-bottom:8px;}
  .code-problem-prompt{font-size:14px!important;color:#e2e8f0!important;-webkit-text-fill-color:#e2e8f0!important;line-height:1.6!important;margin-bottom:12px!important;}
  .code-problem-prompt code{background:rgba(147,197,253,.12);color:#bfdbfe!important;-webkit-text-fill-color:#bfdbfe!important;padding:1px 6px;border-radius:5px;font-size:12px;}
  .code-textarea{width:100%;min-height:120px;background:#020617;border:2px solid rgba(255,255,255,.1);border-radius:8px;padding:14px 16px;font-family:monospace;font-size:13px;color:#e2e8f0!important;resize:vertical;outline:none;line-height:1.8;}
  .code-textarea:focus{border-color:var(--bi3-lt);}
  .code-btn-row{display:flex;gap:8px;margin-top:10px;flex-wrap:wrap;align-items:center;}
  .code-run-btn{padding:9px 20px!important;background:var(--bi3)!important;color:#fff!important;-webkit-text-fill-color:#fff!important;border:none!important;border-radius:7px!important;font-size:13px!important;font-weight:700!important;cursor:pointer!important;font-family:inherit!important;}
  .code-run-btn:disabled{opacity:.6;cursor:wait;}
  .code-hint-btn,.code-sol-btn{padding:9px 16px!important;background:rgba(255,255,255,.06)!important;color:#94a3b8!important;-webkit-text-fill-color:#94a3b8!important;border:1px solid rgba(255,255,255,.12)!important;border-radius:7px!important;font-size:13px!important;cursor:pointer!important;font-family:inherit!important;}
  .code-output{margin-top:10px;background:#020617;border-radius:8px;padding:12px 16px;font-family:monospace;font-size:13px;min-height:44px;display:none;line-height:1.7;white-space:pre-wrap;word-break:break-word;color:#e2e8f0!important;-webkit-text-fill-color:#e2e8f0!important;}
  .code-output.show{display:block;}
  .code-output.ok{color:#4ade80!important;-webkit-text-fill-color:#4ade80!important;}
  .code-output.err{color:#f87171!important;-webkit-text-fill-color:#f87171!important;}
  .code-hint{margin-top:8px;background:rgba(147,197,253,.06);border:1px solid rgba(147,197,253,.2);border-radius:8px;padding:10px 14px;font-size:13px;color:#bfdbfe!important;-webkit-text-fill-color:#bfdbfe!important;display:none;line-height:1.6;}
  .code-hint.show{display:block;}
  .code-solution{margin-top:8px;background:rgba(74,222,128,.06);border:1px solid rgba(74,222,128,.2);border-radius:8px;padding:12px 14px;font-family:monospace;font-size:13px;color:#bbf7d0!important;-webkit-text-fill-color:#bbf7d0!important;display:none;white-space:pre;line-height:1.8;overflow-x:auto;}
  .code-solution.show{display:block;}

  /* FAQ */
  .faq-section{margin-bottom:40px;}
  .faq-section h2{font-family:""DM Serif Display"",serif!important;font-size:24px!important;color:var(--navy)!important;-webkit-text-fill-color:var(--navy)!important;margin-bottom:14px!important;padding-bottom:10px!important;border-bottom:2px solid var(--bi3-bg)!important;}
  .faq-item{background:#fff;border:1px solid #e2e8f0;border-radius:10px;margin-bottom:10px;overflow:hidden;}
  .faq-q{width:100%;text-align:left;padding:16px 20px;background:none;border:none;cursor:pointer;display:flex;align-items:center;justify-content:space-between;gap:12px;font-size:15px!important;font-weight:600!important;color:var(--navy)!important;-webkit-text-fill-color:var(--navy)!important;font-family:inherit!important;line-height:1.4!important;}
  .faq-q:hover{background:#f8fafc;}
  .faq-icon{font-size:18px;color:var(--bi3)!important;-webkit-text-fill-color:var(--bi3)!important;flex-shrink:0;transition:transform .2s;font-style:normal;}
  .faq-item.open .faq-icon{transform:rotate(45deg);}
  .faq-a{display:none;padding:0 20px 16px;font-size:14px!important;color:#374151!important;-webkit-text-fill-color:#374151!important;line-height:1.7!important;border-top:1px solid #f1f5f9;}
  .faq-item.open .faq-a{display:block;}
  .faq-a code{background:#eef2ff;color:#1e3a8a!important;-webkit-text-fill-color:#1e3a8a!important;padding:1px 6px;border-radius:5px;font-size:13px;}

  /* RELATED + SUPERPACK + TEACHER + NAV */
  .related-links{background:#fff;border:1px solid #e2e8f0;border-radius:12px;padding:24px;margin-bottom:40px;}
  .related-links h3{font-size:15px!important;font-weight:700!important;color:var(--navy)!important;-webkit-text-fill-color:var(--navy)!important;margin-bottom:14px!important;}
  .related-links-grid{display:grid;grid-template-columns:repeat(auto-fill,minmax(200px,1fr));gap:8px;}
  .related-link{display:flex;align-items:center;gap:8px;padding:10px 12px;border-radius:8px;background:#f8fafc;text-decoration:none;font-size:13px!important;font-weight:500!important;color:var(--bi3)!important;-webkit-text-fill-color:var(--bi3)!important;border:1px solid #bfdbfe;transition:background .15s;line-height:1.3;}
  .related-link:link,.related-link:visited{color:var(--bi3)!important;-webkit-text-fill-color:var(--bi3)!important;}
  .related-link:hover{background:var(--bi3-bg);}
  .related-ext{color:var(--slate)!important;-webkit-text-fill-color:var(--slate)!important;border-color:#e2e8f0;}
  .superpack-slim{background:#fff;border:1px solid #bfdbfe;border-radius:10px;padding:16px 20px;display:flex;align-items:center;justify-content:space-between;gap:16px;flex-wrap:wrap;margin-bottom:36px;}
  .superpack-slim-icon{width:36px;height:36px;border-radius:8px;background:var(--bi3-bg);display:flex;align-items:center;justify-content:center;font-size:16px;flex-shrink:0;}
  .superpack-slim-text{font-size:14px;color:var(--navy)!important;-webkit-text-fill-color:var(--navy)!important;font-weight:600;line-height:1.3;}
  .superpack-slim-sub{font-size:12px;color:var(--slate);font-weight:400;display:block;margin-top:2px;}
  .superpack-slim-btn{display:inline-flex!important;align-items:center!important;gap:6px!important;background:var(--bi3)!important;color:#fff!important;-webkit-text-fill-color:#fff!important;padding:9px 18px!important;border-radius:7px!important;font-size:13px!important;font-weight:600!important;text-decoration:none!important;white-space:nowrap!important;}
  .superpack-slim-btn:link,.superpack-slim-btn:visited{color:#fff!important;-webkit-text-fill-color:#fff!important;}
  .teacher-callout{background:#f0f9ff;border:1px solid #bae6fd;border-radius:10px;padding:18px 22px;margin-bottom:28px;display:flex;align-items:flex-start;gap:14px;}
  .teacher-callout-icon{font-size:22px;flex-shrink:0;margin-top:2px;}
  .teacher-callout-body{flex:1;}
  .teacher-callout-label{font-size:12px;font-weight:700;letter-spacing:.06em;text-transform:uppercase;color:#0369a1!important;-webkit-text-fill-color:#0369a1!important;margin-bottom:4px;}
  .teacher-callout-body p{font-size:14px!important;color:#0c4a6e!important;-webkit-text-fill-color:#0c4a6e!important;margin-bottom:0!important;line-height:1.6!important;}
  .teacher-callout-body a{color:#0369a1!important;-webkit-text-fill-color:#0369a1!important;font-weight:600;text-decoration:underline;}
  .lesson-nav{display:grid;grid-template-columns:1fr 1fr;gap:14px;margin-bottom:40px;}
  .nav-card{background:#fff;border:1px solid #e2e8f0;border-radius:10px;padding:16px 20px;text-decoration:none;color:inherit;transition:box-shadow .15s;display:block;}
  .nav-card:hover{box-shadow:0 4px 16px rgba(26,86,219,.1);border-color:#bfdbfe;}
  .nav-card-dir{font-size:11px;font-weight:700;letter-spacing:.08em;text-transform:uppercase;color:var(--slate);margin-bottom:4px;}
  .nav-card-title{font-size:14px;font-weight:700;color:var(--bi3)!important;-webkit-text-fill-color:var(--bi3)!important;line-height:1.3;}
  .nav-card.next{border-left:3px solid var(--bi3);}

  @media(max-width:600px){
    .lesson-hero{padding:36px 20px 32px;}
    .lesson-main{padding:32px 20px 60px;}
    .vt-options{grid-template-columns:1fr 1fr;}
    .lesson-nav{grid-template-columns:1fr;}
    .mini-opts{gap:6px;}
  }
</style>
<style>
.code-usage{font-size:12px!important;color:#94a3b8!important;-webkit-text-fill-color:#94a3b8!important;margin:-6px 0 18px!important;padding:8px 12px!important;background:rgba(255,255,255,.04)!important;border:1px solid rgba(255,255,255,.08)!important;border-radius:8px!important;display:block!important;}
.code-usage strong{color:#bfdbfe!important;-webkit-text-fill-color:#bfdbfe!important;}
.code-problem-prompt ul.rules{margin:10px 0 4px!important;padding-left:0!important;list-style:none!important;}
.code-problem-prompt ul.rules li{position:relative;padding:3px 0 3px 20px!important;font-size:14px;color:#e2e8f0!important;-webkit-text-fill-color:#e2e8f0!important;line-height:1.55;}
.code-problem-prompt ul.rules li::before{content:""\25B8"";position:absolute;left:2px;color:#93c5fd!important;-webkit-text-fill-color:#93c5fd!important;}
.mcq-q-text ul.rules,.mini-ex-q ul.rules{margin:10px 0 4px!important;padding-left:0!important;list-style:none!important;}
.mcq-q-text ul.rules li,.mini-ex-q ul.rules li{position:relative;padding:3px 0 3px 20px!important;font-size:15px;font-weight:400;color:#1e293b!important;-webkit-text-fill-color:#1e293b!important;line-height:1.5;}
.mcq-q-text ul.rules li::before,.mini-ex-q ul.rules li::before{content:""\25B8"";position:absolute;left:2px;color:#1a56db!important;-webkit-text-fill-color:#1a56db!important;}
</style>
<style>

.lesson-visual{margin:0 0 40px!important;}
.lv-kicker{font-size:11px!important;font-weight:700!important;letter-spacing:.1em!important;text-transform:uppercase!important;color:#1a56db!important;-webkit-text-fill-color:#1a56db!important;margin:0 0 10px!important;}
/* before/after panel */
.ba{background:#fff!important;border:1px solid #e2e8f0!important;border-radius:14px!important;padding:20px!important;margin:0 0 14px!important;}
.ba-cap-top{font-size:12px!important;font-weight:700!important;letter-spacing:.06em!important;text-transform:uppercase!important;color:#1a56db!important;-webkit-text-fill-color:#1a56db!important;margin:0 0 14px!important;}
.ba-grid{display:grid!important;grid-template-columns:1fr auto 1fr!important;align-items:center!important;gap:14px!important;}
.ba-panel{border-radius:12px!important;padding:16px 14px!important;text-align:center!important;}
.ba-panel.before{background:#f8fafc!important;border:1px solid #e2e8f0!important;}
.ba-panel.after{background:#f0fdf4!important;border:1px solid #bbf7d0!important;}
.ba-label{font-size:11px!important;font-weight:700!important;letter-spacing:.05em!important;text-transform:uppercase!important;margin:0 0 8px!important;}
.ba-panel.before .ba-label{color:#64748b!important;-webkit-text-fill-color:#64748b!important;}
.ba-panel.after .ba-label{color:#166534!important;-webkit-text-fill-color:#166534!important;}
.ba-data{font-family:monospace!important;font-size:15px!important;letter-spacing:1px!important;color:#1e293b!important;-webkit-text-fill-color:#1e293b!important;word-break:break-all!important;}
.ba-meta{font-size:12px!important;color:#94a3b8!important;-webkit-text-fill-color:#94a3b8!important;margin-top:6px!important;}
.ba-arrow{font-size:26px!important;color:#1a56db!important;-webkit-text-fill-color:#1a56db!important;font-weight:700!important;}
.ba-caption{font-size:13px!important;color:#475569!important;-webkit-text-fill-color:#475569!important;line-height:1.55!important;margin:14px 0 0!important;padding-top:12px!important;border-top:1px solid #f1f5f9!important;}
.ba-caption strong{color:#166534!important;-webkit-text-fill-color:#166534!important;}
/* dark interactive card shell (shared by binary/rle/parallel/packet/io) */
.wgt{background:#0f172a!important;border-radius:16px!important;padding:22px!important;border:1px solid #1e293b!important;margin:0 0 14px!important;}
.wgt-h{font-family:""DM Serif Display"",serif!important;font-size:18px!important;color:#fff!important;-webkit-text-fill-color:#fff!important;margin:0 0 3px!important;}
.wgt-sub{font-size:13px!important;color:#93c5fd!important;-webkit-text-fill-color:#93c5fd!important;margin:0 0 18px!important;}
.wgt-btns{display:flex!important;gap:8px!important;justify-content:center!important;flex-wrap:wrap!important;margin-top:14px!important;}
.wgt-btn{font-family:""DM Sans"",sans-serif!important;font-size:13px!important;font-weight:700!important;padding:8px 14px!important;border-radius:9px!important;border:1px solid #334155!important;background:#1e293b!important;color:#cbd5e1!important;-webkit-text-fill-color:#cbd5e1!important;cursor:pointer!important;}
.wgt-btn:hover{background:#334155!important;}
.wgt-note{font-size:12.5px!important;color:#94a3b8!important;-webkit-text-fill-color:#94a3b8!important;text-align:center!important;margin:12px 0 0!important;line-height:1.5!important;}
.wgt-note.warn{color:#fca5a5!important;-webkit-text-fill-color:#fca5a5!important;}
.wgt-note.good{color:#86efac!important;-webkit-text-fill-color:#86efac!important;}
/* binary */
.bpv-strip{display:flex!important;gap:6px!important;justify-content:center!important;flex-wrap:wrap!important;}
.bpv-col{display:flex!important;flex-direction:column!important;align-items:center!important;gap:6px!important;}
.bpv-pv{font-size:12px!important;font-weight:700!important;color:#64748b!important;-webkit-text-fill-color:#64748b!important;font-variant-numeric:tabular-nums!important;}
.bpv-bit{width:44px!important;height:54px!important;border-radius:10px!important;border:2px solid #334155!important;background:#1e293b!important;color:#64748b!important;-webkit-text-fill-color:#64748b!important;font-family:monospace!important;font-size:23px!important;font-weight:700!important;cursor:pointer!important;}
.bpv-bit.on{background:#1a56db!important;border-color:#60a5fa!important;color:#fff!important;-webkit-text-fill-color:#fff!important;}
.bpv-read{display:flex!important;align-items:baseline!important;justify-content:center!important;gap:14px!important;margin:20px 0 0!important;flex-wrap:wrap!important;}
.bpv-binary{font-family:monospace!important;font-size:22px!important;letter-spacing:2px!important;color:#e2e8f0!important;-webkit-text-fill-color:#e2e8f0!important;}
.bpv-eq{font-size:22px!important;color:#64748b!important;-webkit-text-fill-color:#64748b!important;}
.bpv-dec{font-family:""DM Serif Display"",serif!important;font-size:34px!important;color:#4ade80!important;-webkit-text-fill-color:#4ade80!important;line-height:1!important;}
/* rle */
.rle-in{width:100%!important;box-sizing:border-box!important;font-family:monospace!important;font-size:15px!important;padding:10px 12px!important;border-radius:9px!important;border:1px solid #334155!important;background:#1e293b!important;color:#e2e8f0!important;-webkit-text-fill-color:#e2e8f0!important;letter-spacing:1px!important;}
.rle-row{display:flex!important;gap:12px!important;flex-wrap:wrap!important;margin-top:14px!important;}
.rle-cell{flex:1!important;min-width:130px!important;background:#1e293b!important;border-radius:10px!important;padding:12px!important;text-align:center!important;}
.rle-cell .l{font-size:11px!important;font-weight:700!important;text-transform:uppercase!important;letter-spacing:.05em!important;color:#64748b!important;-webkit-text-fill-color:#64748b!important;margin-bottom:6px!important;}
.rle-cell .v{font-family:monospace!important;font-size:16px!important;color:#e2e8f0!important;-webkit-text-fill-color:#e2e8f0!important;word-break:break-all!important;}
.rle-cell.out .v{color:#4ade80!important;-webkit-text-fill-color:#4ade80!important;}
.rle-cell .m{font-size:12px!important;color:#94a3b8!important;-webkit-text-fill-color:#94a3b8!important;margin-top:4px!important;}
/* parallel timeline */
.ptl-ctl{display:flex!important;align-items:center!important;gap:12px!important;justify-content:center!important;flex-wrap:wrap!important;margin-bottom:16px!important;}
.ptl-ctl label{font-size:13px!important;color:#cbd5e1!important;-webkit-text-fill-color:#cbd5e1!important;font-weight:700!important;}
.ptl-ctl input[type=range]{width:180px!important;}
.ptl-ctl .n{font-family:""DM Serif Display"",serif!important;font-size:22px!important;color:#93c5fd!important;-webkit-text-fill-color:#93c5fd!important;min-width:28px!important;text-align:center!important;}
.ptl-bar{height:26px!important;border-radius:6px!important;margin:8px 0!important;display:flex!important;overflow:hidden!important;}
.ptl-seg{height:100%!important;display:flex!important;align-items:center!important;justify-content:center!important;font-size:11px!important;font-weight:700!important;color:#0f172a!important;-webkit-text-fill-color:#0f172a!important;white-space:nowrap!important;}
.ptl-seg.seq{background:#fca5a5!important;}
.ptl-seg.par{background:#6ee7b7!important;}
.ptl-lbl{font-size:12px!important;color:#94a3b8!important;-webkit-text-fill-color:#94a3b8!important;margin-bottom:2px!important;}
.ptl-stat{display:flex!important;gap:18px!important;justify-content:center!important;margin-top:14px!important;flex-wrap:wrap!important;}
.ptl-stat div{text-align:center!important;}
.ptl-stat .k{font-size:11px!important;text-transform:uppercase!important;letter-spacing:.05em!important;color:#64748b!important;-webkit-text-fill-color:#64748b!important;}
.ptl-stat .v{font-family:""DM Serif Display"",serif!important;font-size:26px!important;color:#4ade80!important;-webkit-text-fill-color:#4ade80!important;}
/* packet */
.pkt-track{display:flex!important;gap:8px!important;justify-content:center!important;flex-wrap:wrap!important;min-height:64px!important;}
.pkt{width:58px!important;border-radius:9px!important;background:#1e293b!important;border:1px solid #334155!important;padding:8px 4px!important;text-align:center!important;}
.pkt .seq{font-size:10px!important;font-weight:700!important;color:#93c5fd!important;-webkit-text-fill-color:#93c5fd!important;}
.pkt .ch{font-family:monospace!important;font-size:20px!important;color:#e2e8f0!important;-webkit-text-fill-color:#e2e8f0!important;margin-top:2px!important;}
.pkt.lost{opacity:.35!important;border-style:dashed!important;}
.pkt-msg{font-family:monospace!important;font-size:20px!important;letter-spacing:3px!important;text-align:center!important;margin-top:16px!important;color:#4ade80!important;-webkit-text-fill-color:#4ade80!important;min-height:24px!important;}
/* io mapper */
.iom-flow{display:grid!important;grid-template-columns:1fr auto 1fr auto 1fr!important;align-items:center!important;gap:10px!important;}
.iom-box{background:#1e293b!important;border-radius:12px!important;padding:14px!important;text-align:center!important;}
.iom-box .l{font-size:10px!important;font-weight:700!important;text-transform:uppercase!important;letter-spacing:.05em!important;color:#64748b!important;-webkit-text-fill-color:#64748b!important;margin-bottom:6px!important;}
.iom-box .v{font-size:15px!important;font-weight:700!important;color:#e2e8f0!important;-webkit-text-fill-color:#e2e8f0!important;}
.iom-box.prog{background:#1a3a6b!important;}
.iom-box.out .v{color:#4ade80!important;-webkit-text-fill-color:#4ade80!important;}
.iom-ar{font-size:20px!important;color:#1a56db!important;-webkit-text-fill-color:#1a56db!important;font-weight:700!important;}
.iom-temp{font-family:""DM Serif Display"",serif!important;font-size:26px!important;color:#93c5fd!important;-webkit-text-fill-color:#93c5fd!important;}
@media(max-width:520px){.ba-grid{grid-template-columns:1fr!important;}.ba-arrow{transform:rotate(90deg)!important;}.iom-flow{grid-template-columns:1fr!important;}.iom-ar{transform:rotate(90deg)!important;}}

</style>

<script type=""application/ld+json"">
{""@context"": ""https://schema.org"", ""@type"": ""BreadcrumbList"", ""itemListElement"": [{""@type"": ""ListItem"", ""position"": 1, ""name"": ""AP CSP Course"", ""item"": ""https://apcsexamprep.com/pages/ap-csp-course""}, {""@type"": ""ListItem"", ""position"": 2, ""name"": ""Big Idea 2"", ""item"": ""https://apcsexamprep.com/pages/ap-csp-course-big-idea-2-data""}, {""@type"": ""ListItem"", ""position"": 3, ""name"": ""Topic 2.3: Extracting Information from Data"", ""item"": ""https://apcsexamprep.com/pages/ap-csp-course-bi2-extracting-information""}]}</script>
<script type=""application/ld+json"">
{""@context"": ""https://schema.org"", ""@type"": ""LearningResource"", ""name"": ""AP CSP Topic 2.3: Extracting Information from Data"", ""description"": ""AP CSP Topic 2.3: extracting information from data with filtering and sorting, finding patterns, metadata, and correlation versus causation. 6 exam MCQs plus the Filter/Sort Detective game."", ""url"": ""https://apcsexamprep.com/pages/ap-csp-course-bi2-extracting-information"", ""educationalLevel"": ""High School"", ""learningResourceType"": ""Lesson"", ""author"": {""@type"": ""Person"", ""name"": ""Tanner Crow""}, ""isPartOf"": {""@type"": ""Course"", ""name"": ""AP Computer Science Principles Complete Course"", ""url"": ""https://apcsexamprep.com/pages/ap-csp-course""}, ""datePublished"": ""2026-03-01""}</script>
<script type=""application/ld+json"">
{""@context"": ""https://schema.org"", ""@type"": ""FAQPage"", ""mainEntity"": [{""@type"": ""Question"", ""name"": ""What is the difference between filtering and sorting?"", ""acceptedAnswer"": {""@type"": ""Answer"", ""text"": ""Filtering selects a subset of records that meet a condition, changing which records you see. Sorting orders records by a value, changing only the arrangement, not which records are present. A question asking which records meet a condition needs a filter; a question asking for a ranking or order needs a sort.""}}, {""@type"": ""Question"", ""name"": ""What is metadata, in simple terms?"", ""acceptedAnswer"": {""@type"": ""Answer"", ""text"": ""Metadata is data about data. It describes a piece of content rather than being the content itself. For a photo, the pixels are the data, while the file size, creation date and time, author, dimensions, and GPS location are metadata. Metadata helps organize and find patterns, but details like location can be a privacy concern.""}}, {""@type"": ""Question"", ""name"": ""Why does correlation not imply causation?"", ""acceptedAnswer"": {""@type"": ""Answer"", ""text"": ""A correlation just means two variables change together. That pattern can be a coincidence, can run in the opposite direction from what you assume, or can be caused by a hidden third variable. Because the data alone cannot tell you which, a correlation is a reason to investigate further, not proof that one variable causes the other.""}}, {""@type"": ""Question"", ""name"": ""Why combine or cross-reference multiple data sets?"", ""acceptedAnswer"": {""@type"": ""Answer"", ""text"": ""A single data set has limits. Joining two sets, for example sales and weather by date, can reveal a relationship that neither set shows on its own. Before combining, the data often needs cleaning and transforming so the sets line up, otherwise the combined result can be misleading.""}}, {""@type"": ""Question"", ""name"": ""Is more data always better?"", ""acceptedAnswer"": {""@type"": ""Answer"", ""text"": ""No. Not all collected data is relevant to a given question, and a larger data set can bury the answer in noise. Larger data sets can reveal patterns that small samples miss, but only when they are processed efficiently and the irrelevant parts are filtered out. Classifying and filtering are what keep large data manageable.""}}]}</script>

<div class=""lesson-page"" data-course=""ap-csp"" data-unit=""bi-2"" data-lesson=""extracting-information"">

  <div class=""lesson-breadcrumb"">
    <div class=""lesson-breadcrumb-inner"">
      <a href=""/pages/ap-csp-course"">AP CSP Course</a><span class=""bc-sep"">›</span>
      <a href=""/pages/ap-csp-course-big-idea-2-data"">Big Idea 2</a><span class=""bc-sep"">›</span>
      <span>2.3 Extracting Information from Data</span>
    </div>
  </div>
  <div class=""social-proof-bar"">
    <div class=""social-proof-inner"">
      <span class=""social-proof-item"">⭐ <strong>5.0</strong> Wyzant rating</span>
      <span class=""social-proof-item"">📚 <strong>1,845+</strong> tutoring hours</span>
      <span class=""social-proof-item"">🏫 Built by an <strong>AP CS teacher</strong> with 11+ years experience</span>
      <span class=""social-proof-item"">🎯 <strong>70%</strong> of classroom students score 4 or 5 on AP CSP</span>
    </div>
  </div>
  <div class=""lesson-hero"">
    <div class=""lesson-hero-inner"">
      <div class=""lesson-hero-meta"">
        <div class=""lesson-num-badge"">2.3</div>
        <div><div class=""lesson-eyebrow"">Big Idea 2 • Data</div></div>
      </div>
      <h1>Extracting Information from Data</h1>
      <div class=""lesson-hero-pills"">
        <span class=""lesson-pill"">🕐 ~30 min</span>
        <span class=""lesson-pill"" style=""background:rgba(74,222,128,0.15);border-color:rgba(74,222,128,0.3);color:#4ade80!important;-webkit-text-fill-color:#4ade80!important;"">FREE</span>
        <span class=""lesson-pill"">📖 6 MCQ questions</span>
        <span class=""lesson-pill"">🎮 Filter/Sort Detective game</span>
        <span class=""ced-tag"">DAT-2.D / DAT-2.E</span>
      </div>
    </div>
  </div>
  <div class=""bi3-progress""><div class=""bi3-progress-inner"">
<a href=""/pages/ap-csp-course-bi2-binary-numbers"" class=""prog-step-link""><div class=""prog-dot done"">2.1</div>
<div class=""prog-label"">Binary</div></a>
<div class=""prog-arrow""></div>
<a href=""/pages/ap-csp-course-bi2-data-compression"" class=""prog-step-link""><div class=""prog-dot done"">2.2</div>
<div class=""prog-label"">Compress</div></a>
<div class=""prog-arrow""></div>
<div class=""prog-step"">
<div class=""prog-dot active"">2.3</div>
<div class=""prog-label active-label"">Extract</div>
</div>
<div class=""prog-arrow""></div>
<a href=""/pages/ap-csp-course-bi2-using-programs-with-data"" class=""prog-step-link""><div class=""prog-dot upcoming"">2.4</div>
<div class=""prog-label"">Programs</div></a>
</div></div>

  <div class=""lesson-main"">

    <div class=""lesson-objectives"">
      <h2>After this lesson, you will be able to:</h2>
      <ul>
        <li><span>Explain how filtering, sorting, and searching extract information from a data set</span></li>
        <li><span>Describe how finding patterns and trends turns raw data into insight and knowledge</span></li>
        <li><span>Explain why combining and cross-referencing multiple data sets can reveal insight a single set cannot</span></li>
        <li><span>Define metadata and give examples, and explain its uses and privacy concerns</span></li>
        <li><span>Explain why correlation does not imply causation when reading patterns in data</span></li>
      </ul>
    </div>
    <div class=""score-impact"">📈 <span>Big Idea 2 (Data) is 17 to 22 percent of the AP CSP exam, the largest single Big Idea on the multiple-choice section. Topic 2.3 questions ask you to read small data tables, apply filtering and sorting logic, and avoid the correlation-versus-causation trap. These are recurring, learnable points.</span>
</div>
    <div class=""hook-box"">
      <div class=""hook-label"">💡 Think about this first</div>
      <p>A city notices that on days when more ice cream is sold, more people also get sunburned, and the two rise and fall together almost perfectly all summer. A council member proposes banning ice cream to reduce sunburns. The data really does show the pattern, so what is wrong with the conclusion, and what would you have to check before deciding ice cream causes sunburns?</p>
    </div>
    <div class=""lesson-section"">
      <h2>From Data to Insight</h2>
      <p>Programs and data are used to gain <strong>insight and knowledge</strong>. Raw data by itself is just records; the value comes from <strong>extracting information</strong> that answers a question. The framework names the main operations you use to do this:</p>
      <ul>
        <li>
<strong>Filtering</strong> selects only the records that meet a condition, such as ""all sales over $100"" or ""customers in Texas.""</li>
        <li>
<strong>Sorting</strong> orders records by a value, such as newest first or highest score to lowest.</li>
        <li>
<strong>Searching</strong> locates a specific record or value within the data.</li>
        <li>
<strong>Finding patterns and trends</strong> looks across many records for a relationship, a repeated behavior, or a change over time.</li>
      </ul>
      <p>Not all collected data is relevant to a given question. Part of extracting information is deciding <strong>which</strong> data matters and setting the rest aside. A data set about weather, traffic, and store sales may hold the answer to a sales question in only two of its columns.</p>
      <div class=""callout-exam"">
        <div class=""callout-exam-label"">🎯 What the exam rewards</div>
        <p>When a question asks how to <strong>answer a specific question</strong> from a data set, match the question to the operation. ""Which records meet a condition?"" is <strong>filtering</strong>. ""What is the order or ranking?"" is <strong>sorting</strong>. Do not answer ""sort"" when the task is really to select a subset.</p>
      </div>
    </div>

    <div class=""lesson-section"">
      <h2>Filtering, Sorting, and Metadata</h2>
      <p>Here is a tiny sample data set of orders. Reading a small table like this is exactly what the exam asks you to do.</p>
      <table class=""vocab-table"">
        <tr>
<th>OrderID</th>
<th>State</th>
<th>Amount</th>
<th>Date</th>
</tr>
        <tr>
<td>101</td>
<td>TX</td>
<td>$40</td>
<td>Jun 2</td>
</tr>
        <tr>
<td>102</td>
<td>CA</td>
<td>$120</td>
<td>Jun 3</td>
</tr>
        <tr>
<td>103</td>
<td>TX</td>
<td>$95</td>
<td>Jun 5</td>
</tr>
        <tr>
<td>104</td>
<td>CA</td>
<td>$60</td>
<td>Jun 9</td>
</tr>
      </table>
      <p><strong>Filtering</strong> for <code>State = TX</code> returns rows 101 and 103. <strong>Sorting</strong> by <code>Amount</code> from high to low returns 102, 103, 104, 101. Notice that filtering changes <em>which</em> rows you see, while sorting changes only the <em>order</em>. The two operations answer different questions.</p>
      <p><strong>Metadata</strong> is data about data. It is not the content itself but information that describes it. Examples include a photo's file size, the date and time it was created, its author, its pixel dimensions, and the GPS location where it was taken. Metadata is powerful for <strong>organizing and finding patterns</strong> quickly, but because it can reveal things like where and when you were, it is also a <strong>privacy concern</strong>.</p>
      <table class=""vocab-table"">
        <tr>
<th>Term</th>
<th>What it is</th>
<th>Example</th>
</tr>
        <tr>
<td><strong>Filtering</strong></td>
<td>Selecting records that meet a condition</td>
<td>Only orders over $100</td>
</tr>
        <tr>
<td><strong>Sorting</strong></td>
<td>Ordering records by a value</td>
<td>Orders newest to oldest</td>
</tr>
        <tr>
<td><strong>Metadata</strong></td>
<td>Data that describes other data</td>
<td>A photo's date, size, and GPS location</td>
</tr>
      </table>
      <div class=""mini-ex"">
        <div class=""mini-ex-label"">Quick check</div>
        <div class=""mini-ex-q"">Using the orders table above, a manager wants to see only the orders placed in California. Which single operation directly answers this?</div>
        <div class=""mini-opts"" id=""mc-extract-1-opts"">
          <button class=""mini-opt"" onclick=""miniMCQ('mc-extract-1','A','B','mc-extract-1-fb')""><span class=""mini-opt-letter"">A</span> Sorting the table by Amount</button>
          <button class=""mini-opt"" onclick=""miniMCQ('mc-extract-1','B','B','mc-extract-1-fb')""><span class=""mini-opt-letter"">B</span> Filtering on State = CA</button>
          <button class=""mini-opt"" onclick=""miniMCQ('mc-extract-1','C','B','mc-extract-1-fb')""><span class=""mini-opt-letter"">C</span> Reading the metadata of the file</button>
          <button class=""mini-opt"" onclick=""miniMCQ('mc-extract-1','D','B','mc-extract-1-fb')""><span class=""mini-opt-letter"">D</span> Sorting the table by Date</button>
        </div>
        <div class=""mini-fb"" id=""mc-extract-1-fb""></div>
      </div>
    </div>

    <div class=""lesson-section"">
      <h2>Combining and Cross-Referencing Data</h2>
      <p>Insight often hides between data sets, not inside one. <strong>Combining</strong> or <strong>cross-referencing</strong> multiple data sets can reveal a relationship that no single set shows on its own. For example, one data set of store sales and a separate data set of daily weather, joined by date, can reveal that umbrella sales spike on rainy days, something neither table shows alone.</p>
      <p>Before data sets can be combined, they often need <strong>cleaning</strong> (fixing errors, removing duplicates, handling missing values) and <strong>transforming</strong> (putting values in a consistent format, such as the same date style). This preparation is part of extracting reliable information; combining messy or mismatched data produces misleading results.</p>
      <div class=""callout-trap"">
        <div class=""callout-trap-label"">⚠ Common trap</div>
        <p>A bigger pile of data is not automatically more useful. <strong>Not all collected data is relevant</strong> to the question being asked, and a larger data set can even bury the answer in noise unless it is filtered and organized. Scale helps reveal patterns only when the data is processed efficiently and the irrelevant parts are set aside.</p>
      </div>
    </div>

    <div class=""lesson-section"">
      <h2>Correlation Is Not Causation</h2>
      <p>This is the single most tested idea in Topic 2.3. A <strong>correlation</strong> is a pattern in which two variables tend to change together. Finding a correlation does <strong>not</strong> prove that one variable <strong>causes</strong> the other. Ice cream sales and sunburns rise together all summer, but neither causes the other; a third factor, hot sunny weather, drives both.</p>
      <p>When you see a pattern in data, the correct move is to treat it as a question to investigate, not an answer. A relationship might be real causation, it might run the opposite direction, or it might be explained by a hidden third variable. Larger data sets can make correlations easier to spot, which makes it even more important not to jump to a causal claim.</p>
      <p>Scale also matters for processing: bigger data sets can reveal patterns that small samples miss, but they demand <strong>efficient processing</strong>. Classifying and filtering records is what keeps a large data set manageable enough to search for those patterns.</p>
      <div class=""mini-ex"">
        <div class=""mini-ex-label"">Quick check</div>
        <div class=""mini-ex-q"">A data set shows that towns with more firefighters also tend to have more fires. Which conclusion is best supported?</div>
        <div class=""mini-opts"" id=""mc-extract-2-opts"">
          <button class=""mini-opt"" onclick=""miniMCQ('mc-extract-2','A','C','mc-extract-2-fb')""><span class=""mini-opt-letter"">A</span> Firefighters cause fires, so towns should hire fewer</button>
          <button class=""mini-opt"" onclick=""miniMCQ('mc-extract-2','B','C','mc-extract-2-fb')""><span class=""mini-opt-letter"">B</span> Fires prevent firefighters from being hired</button>
          <button class=""mini-opt"" onclick=""miniMCQ('mc-extract-2','C','C','mc-extract-2-fb')""><span class=""mini-opt-letter"">C</span> The two are correlated, likely because larger towns have both more fires and more firefighters</button>
          <button class=""mini-opt"" onclick=""miniMCQ('mc-extract-2','D','C','mc-extract-2-fb')""><span class=""mini-opt-letter"">D</span> There is no relationship between the two variables</button>
        </div>
        <div class=""mini-fb"" id=""mc-extract-2-fb""></div>
      </div>
    </div>
    <div class=""lesson-visual"">
      <p class=""lv-kicker"">💡 See it in action</p>
    <div class=""ba"" role=""figure"" aria-label=""Filtering extracts information: 1200 survey rows becomes 84 rows where age 13-17 AND state = TX"">
      <p class=""ba-cap-top"">📈 Filtering extracts information</p>
      <div class=""ba-grid"">
        <div class=""ba-panel before"">
<div class=""ba-label"">All records</div>
<div class=""ba-data"">1200 survey rows</div>
<div class=""ba-meta"">everything collected</div>
</div>
        <div class=""ba-arrow"" aria-hidden=""true"">→</div>
        <div class=""ba-panel after"">
<div class=""ba-label"">Filtered</div>
<div class=""ba-data"">84 rows where age 13-17 AND state = TX</div>
<div class=""ba-meta"">the subset that answers the question</div>
</div>
      </div>
      <p class=""ba-caption"">Filtering keeps only the rows that match a condition. The information you want was already in the data; filtering makes it <strong>visible</strong>.</p>
    </div>
    </div>
    <div class=""lesson-section"">
      <h2>How Topic 2.3 Is Tested on the MCQ Exam</h2>
      <p>On the multiple-choice section, 2.3 shows up as short <strong>data-table questions</strong>. You will be given a small table of records and asked what a filter or a sort would return, or which operation answers a stated question. Read carefully: a question that says ""which records"" is filtering, while ""in what order"" or ""rank"" is sorting. Watch for tasks that need <strong>two steps</strong>, such as filter first, then sort the result.</p>
      <p>The other guaranteed 2.3 question type is the <strong>correlation-versus-causation trap</strong>. A scenario presents two variables that move together and an answer choice that jumps straight to ""X causes Y."" The credited answer recognizes the pattern as a correlation and points to a possible third variable or the need for more investigation. Expect at least one metadata question too, usually asking you to identify data-about-data (file size, timestamp, GPS) or to name its privacy risk. None of these require coding; they reward careful reading and knowing the vocabulary.</p>
    </div>
    <div class=""email-capture"">
      <div class=""email-capture-text"">
        <div class=""email-capture-eyebrow"">FREE for students</div>
        <h3>Get a free AP CSP question every day</h3>
        <p>Join 3,000+ students. Daily practice, study tips, and exam strategies.</p>
      </div>
      <div>
        <div class=""email-capture-form"" id=""capture-form"">
          <input type=""email"" class=""email-capture-input"" id=""capture-email"" placeholder=""your@email.com"">
          <button class=""email-capture-btn"" onclick=""handleCapture()"">Subscribe →</button>
        </div>
        <div class=""email-capture-success"" id=""capture-success"">✓ You're in!</div>
      </div>
    </div>
    <div class=""mcq-section"">
      <div class=""mcq-section-header"">
        <div class=""mcq-section-icon"">📈</div>
        <div>
          <div class=""mcq-section-title"">MCQ Practice</div>
          <div class=""mcq-section-sub"">6 questions • Exam difficulty and above • Predict before you peek</div>
        </div>
      </div>
      <div class=""mcq-item"" data-activity=""quiz"" data-item=""q1"">
        <div class=""mcq-q-num"">Question 1 of 6<span class=""diff-tag"">Match the operation</span>
</div>
        <div class=""predict-note"">Decide which operation answers the question before reading the options.</div>
        <div class=""mcq-q-text""><p>An analyst has a table of 5,000 hospital visits with columns for patient age, department, and wait time. They need a list of only the visits to the Cardiology department. Which single operation most directly produces that list?</p></div>
        <div class=""mcq-options"" id=""q1-options"">
<button class=""mcq-option"" onclick=""checkMCQ('q1','A','C','q1-fb-A')""><span class=""mcq-option-letter"">A</span> Sorting the table by wait time from longest to shortest</button>
<button class=""mcq-option"" onclick=""checkMCQ('q1','B','C','q1-fb-B')""><span class=""mcq-option-letter"">B</span> Searching for the single longest wait time in the table</button>
<button class=""mcq-option"" onclick=""checkMCQ('q1','C','C','q1-fb-C')""><span class=""mcq-option-letter"">C</span> Filtering the table on department equal to Cardiology</button>
<button class=""mcq-option"" onclick=""checkMCQ('q1','D','C','q1-fb-D')""><span class=""mcq-option-letter"">D</span> Sorting the table by patient age from youngest to oldest</button>
</div>
<div id=""q1-fb-A"" class=""mcq-feedback incorrect-fb"">Incorrect. Sorting by wait time reorders every visit but still includes all departments; it does not narrow to Cardiology.</div>
<div id=""q1-fb-B"" class=""mcq-feedback incorrect-fb"">Incorrect. Searching for one value finds a single record, not the full list of Cardiology visits.</div>
<div id=""q1-fb-C"" class=""mcq-feedback correct-fb"">Correct. Filtering selects only the records that meet a condition, so filtering on department equal to Cardiology returns exactly the Cardiology visits.</div>
<div id=""q1-fb-D"" class=""mcq-feedback incorrect-fb"">Incorrect. Sorting by age reorders the rows but still contains every department, so it does not produce the required subset.</div>
      </div>
      <div class=""mcq-item"" data-activity=""quiz"" data-item=""q2"">
        <div class=""mcq-q-num"">Question 2 of 6<span class=""diff-tag"">Read the table</span>
</div>
        <div class=""predict-note"">Work out the two steps in order before you look.</div>
        <div class=""mcq-q-text""><p>Consider this table of student projects. Filter to only Science projects, then sort those by Score from highest to lowest. Which two projects appear at the top, in order?</p></div>
        <div class=""mcq-code"">Name    Subject   Score
Ava     Science   88
Ben     History   75
Cara    Science   93
Dan     History   91
Eli     Science   79</div>
        <div class=""mcq-options"" id=""q2-options"">
<button class=""mcq-option"" onclick=""checkMCQ('q2','A','C','q2-fb-A')""><span class=""mcq-option-letter"">A</span> Ava, then Cara</button>
<button class=""mcq-option"" onclick=""checkMCQ('q2','B','C','q2-fb-B')""><span class=""mcq-option-letter"">B</span> Dan, then Cara</button>
<button class=""mcq-option"" onclick=""checkMCQ('q2','C','C','q2-fb-C')""><span class=""mcq-option-letter"">C</span> Cara, then Ava</button>
<button class=""mcq-option"" onclick=""checkMCQ('q2','D','C','q2-fb-D')""><span class=""mcq-option-letter"">D</span> Cara, then Eli</button>
</div>
<div id=""q2-fb-A"" class=""mcq-feedback incorrect-fb"">Incorrect. Ava scored 88 and Cara scored 93, so Cara must come before Ava when sorting highest first.</div>
<div id=""q2-fb-B"" class=""mcq-feedback incorrect-fb"">Incorrect. Dan is in History, so the Science filter removes him before any sorting happens.</div>
<div id=""q2-fb-C"" class=""mcq-feedback correct-fb"">Correct. Filtering to Science keeps Ava (88), Cara (93), and Eli (79); sorting those by Score highest first gives Cara, then Ava, then Eli, so the top two are Cara then Ava.</div>
<div id=""q2-fb-D"" class=""mcq-feedback incorrect-fb"">Incorrect. Eli scored 79, the lowest Science score, so Eli cannot be in the top two.</div>
      </div>
      <div class=""mcq-item"" data-activity=""quiz"" data-item=""q3"">
        <div class=""mcq-q-num"">Question 3 of 6<span class=""diff-tag"">Correlation vs causation</span>
</div>
        <div class=""predict-note"">Predict the flaw in the causal claim first.</div>
        <div class=""mcq-q-text""><p>A researcher finds that months with higher sales of sunglasses also have higher numbers of drowning incidents, and the two track each other closely across the year. A newspaper concludes that buying sunglasses causes drownings. Which statement best evaluates this conclusion?</p></div>
        <div class=""mcq-options"" id=""q3-options"">
<button class=""mcq-option"" onclick=""checkMCQ('q3','A','B','q3-fb-A')""><span class=""mcq-option-letter"">A</span> The conclusion is valid because the two variables are strongly correlated</button>
<button class=""mcq-option"" onclick=""checkMCQ('q3','B','B','q3-fb-B')""><span class=""mcq-option-letter"">B</span> The conclusion is flawed because a correlation between two variables does not establish that one causes the other</button>
<button class=""mcq-option"" onclick=""checkMCQ('q3','C','B','q3-fb-C')""><span class=""mcq-option-letter"">C</span> The conclusion is flawed because the two variables are not correlated at all</button>
<button class=""mcq-option"" onclick=""checkMCQ('q3','D','B','q3-fb-D')""><span class=""mcq-option-letter"">D</span> The conclusion is valid because both variables increase at the same time</button>
</div>
<div id=""q3-fb-A"" class=""mcq-feedback incorrect-fb"">Incorrect. A strong correlation still does not prove causation; the reasoning error is treating the pattern as cause.</div>
<div id=""q3-fb-B"" class=""mcq-feedback correct-fb"">Correct. The variables are correlated, but correlation does not imply causation. A third factor such as warm summer weather plausibly drives both sunglasses sales and swimming, and thus drownings.</div>
<div id=""q3-fb-C"" class=""mcq-feedback incorrect-fb"">Incorrect. The data does show a correlation; the flaw is not the absence of a pattern but the leap to causation.</div>
<div id=""q3-fb-D"" class=""mcq-feedback incorrect-fb"">Incorrect. Increasing together is exactly what correlation means, and that alone does not establish cause.</div>
      </div>
      <div class=""mcq-item"" data-activity=""quiz"" data-item=""q4"">
        <div class=""mcq-q-num"">Question 4 of 6<span class=""diff-tag"">Metadata</span>
</div>
        <div class=""predict-note"">Name what metadata is before scanning the choices.</div>
        <div class=""mcq-q-text""><p>A photo-sharing app stores, for every uploaded image, the file size, the date and time it was taken, and the GPS coordinates of where it was taken. Which statement about this stored information is most accurate?</p></div>
        <div class=""mcq-options"" id=""q4-options"">
<button class=""mcq-option"" onclick=""checkMCQ('q4','A','B','q4-fb-A')""><span class=""mcq-option-letter"">A</span> It is the image content itself, so it carries no privacy risk</button>
<button class=""mcq-option"" onclick=""checkMCQ('q4','B','B','q4-fb-B')""><span class=""mcq-option-letter"">B</span> It is metadata that can help organize and find images but can also reveal a user's location and habits</button>
<button class=""mcq-option"" onclick=""checkMCQ('q4','C','B','q4-fb-C')""><span class=""mcq-option-letter"">C</span> It is metadata that has no use for finding patterns because it is not the actual picture</button>
<button class=""mcq-option"" onclick=""checkMCQ('q4','D','B','q4-fb-D')""><span class=""mcq-option-letter"">D</span> It is raw pixel data that must be decompressed before it can be read</button>
</div>
<div id=""q4-fb-A"" class=""mcq-feedback incorrect-fb"">Incorrect. File size, timestamp, and GPS are data about the image, not the pixels, and location data is a real privacy risk.</div>
<div id=""q4-fb-B"" class=""mcq-feedback correct-fb"">Correct. This is metadata, data about data. It is useful for organizing and finding patterns, but details like GPS and timestamps can expose where a user was and when, a privacy concern.</div>
<div id=""q4-fb-C"" class=""mcq-feedback incorrect-fb"">Incorrect. Metadata is very useful for finding patterns and organizing, for example grouping photos by date or place.</div>
<div id=""q4-fb-D"" class=""mcq-feedback incorrect-fb"">Incorrect. The described fields are metadata describing the image, not the pixel data of the image.</div>
      </div>
      <div class=""mcq-item"" data-activity=""quiz"" data-item=""q5"">
        <div class=""mcq-q-num"">Question 5 of 6<span class=""diff-tag"">II only style</span>
</div>
        <div class=""predict-note"">Judge each statement true or false before matching to an option.</div>
        <div class=""mcq-q-text""><p>An analyst has two separate data sets: one of daily bike-rental counts and one of daily rainfall, each keyed by date. Consider these statements:</p></div>
        <ul class=""mcq-roman"">
          <li>
<strong>I.</strong> Cross-referencing the two data sets by date could reveal how rainfall relates to rentals, an insight neither set shows alone.</li>
          <li>
<strong>II.</strong> Because the rainfall data set is larger, all of its columns are automatically relevant to the rentals question.</li>
          <li>
<strong>III.</strong> Finding that rentals drop on rainy days would prove that rain directly causes every rider's decision.</li>
        </ul>
        <div class=""mcq-options"" id=""q5-options"">
<button class=""mcq-option"" onclick=""checkMCQ('q5','A','D','q5-fb-A')""><span class=""mcq-option-letter"">A</span> I and II only</button>
<button class=""mcq-option"" onclick=""checkMCQ('q5','B','D','q5-fb-B')""><span class=""mcq-option-letter"">B</span> II and III only</button>
<button class=""mcq-option"" onclick=""checkMCQ('q5','C','D','q5-fb-C')""><span class=""mcq-option-letter"">C</span> I, II, and III</button>
<button class=""mcq-option"" onclick=""checkMCQ('q5','D','D','q5-fb-D')""><span class=""mcq-option-letter"">D</span> I only</button>
</div>
<div id=""q5-fb-A"" class=""mcq-feedback incorrect-fb"">Incorrect. Statement II is false; a larger data set does not make all of its data relevant to the question.</div>
<div id=""q5-fb-B"" class=""mcq-feedback incorrect-fb"">Incorrect. Both II and III are false, so this pairing cannot be correct.</div>
<div id=""q5-fb-C"" class=""mcq-feedback incorrect-fb"">Incorrect. Statements II and III are both false, so not all three can be correct.</div>
<div id=""q5-fb-D"" class=""mcq-feedback correct-fb"">Correct. Only statement I is sound: cross-referencing the sets by date can reveal a relationship neither shows alone. II is false because size does not make data relevant, and III overclaims causation from a pattern.</div>
      </div>
      <div class=""mcq-item"" data-activity=""quiz"" data-item=""q6"">
        <div class=""mcq-q-num"">Question 6 of 6<span class=""diff-tag"">Cross-reference</span>
</div>
        <div class=""predict-note"">Predict which combination of steps is required first.</div>
        <div class=""mcq-q-text""><p>A store has a customers table (customer ID, home city) and a separate orders table (order ID, customer ID, amount). A manager wants the total amount ordered by customers who live in Denver. Which approach correctly extracts this information?</p></div>
        <div class=""mcq-options"" id=""q6-options"">
<button class=""mcq-option"" onclick=""checkMCQ('q6','A','D','q6-fb-A')""><span class=""mcq-option-letter"">A</span> Sort the orders table by amount and report the largest value</button>
<button class=""mcq-option"" onclick=""checkMCQ('q6','B','D','q6-fb-B')""><span class=""mcq-option-letter"">B</span> Filter the orders table on amount greater than zero and add every result</button>
<button class=""mcq-option"" onclick=""checkMCQ('q6','C','D','q6-fb-C')""><span class=""mcq-option-letter"">C</span> Read the metadata of the orders file to find the Denver total</button>
<button class=""mcq-option"" onclick=""checkMCQ('q6','D','D','q6-fb-D')""><span class=""mcq-option-letter"">D</span> Cross-reference the tables on customer ID, filter to customers whose city is Denver, then sum those customers' order amounts</button>
</div>
<div id=""q6-fb-A"" class=""mcq-feedback incorrect-fb"">Incorrect. Sorting by amount and taking the largest value ignores city entirely and returns one order, not a Denver total.</div>
<div id=""q6-fb-B"" class=""mcq-feedback incorrect-fb"">Incorrect. Filtering only on amount greater than zero keeps every order from every city, so the total is not limited to Denver.</div>
<div id=""q6-fb-C"" class=""mcq-feedback incorrect-fb"">Incorrect. Metadata describes the file, not the order amounts by city, so it cannot produce the Denver total.</div>
<div id=""q6-fb-D"" class=""mcq-feedback correct-fb"">Correct. City lives in the customers table and amount lives in the orders table, so you must cross-reference on customer ID, filter to Denver customers, and then sum their order amounts.</div>
      </div>
    </div>
    <div class=""game-section"">
      <div style=""text-align:center;margin-bottom:20px;"">
        <div class=""game-badge"">🎮 Lesson Game</div>
        <div class=""game-title"">Filter/Sort Detective</div>
        <div class=""game-sub"">Filter, sort, and cross-reference tables to answer the question each round asks.</div>
      </div>
<style>
  @import url('https://fonts.googleapis.com/css2?family=DM+Serif+Display&family=DM+Sans:wght@400;500;600;700;800&display=swap');

  #fsd-game{font-family:""DM Sans"",sans-serif!important;max-width:640px;margin:0 auto;color:#0f1f3d!important;-webkit-text-fill-color:#0f1f3d!important;box-sizing:border-box;padding:0 10px;}
  #fsd-game *{box-sizing:border-box;}
  #fsd-game .fsd-card{border:1px solid #e2e8f0!important;border-radius:14px!important;background:#fff!important;overflow:hidden;}

  #fsd-game .fsd-hero{background:#0f1f3d!important;padding:20px 22px;}
  #fsd-game .fsd-title{font-family:""DM Serif Display"",serif!important;font-size:26px!important;line-height:1.1;color:#fff!important;-webkit-text-fill-color:#fff!important;margin:0 0 6px;}
  #fsd-game .fsd-sub{font-size:13px!important;color:#93c5fd!important;-webkit-text-fill-color:#93c5fd!important;margin:0;line-height:1.5;}
  #fsd-game .fsd-how{font-size:12px!important;color:#cbd5e1!important;-webkit-text-fill-color:#cbd5e1!important;margin:10px 0 0;line-height:1.5;}

  #fsd-game .fsd-bar{display:flex;gap:8px;padding:12px 14px;background:#eff6ff!important;border-bottom:1px solid #e2e8f0;flex-wrap:wrap;}
  #fsd-game .fsd-stat{flex:1;min-width:96px;background:#fff!important;border:1px solid #e2e8f0!important;border-radius:10px!important;padding:8px 10px;}
  #fsd-game .fsd-stat .k{font-size:10px!important;text-transform:uppercase;letter-spacing:.06em;color:#64748b!important;-webkit-text-fill-color:#64748b!important;font-weight:700;}
  #fsd-game .fsd-stat .v{font-size:18px!important;font-weight:800;color:#0f1f3d!important;-webkit-text-fill-color:#0f1f3d!important;font-variant-numeric:tabular-nums;}

  #fsd-game .fsd-body{padding:16px 14px;}
  #fsd-game .fsd-goal{background:#0891b2!important;border-radius:12px!important;padding:12px 14px;margin:0 0 14px;}
  #fsd-game .fsd-goal .lbl{font-size:10px!important;text-transform:uppercase;letter-spacing:.08em;font-weight:800;color:#cffafe!important;-webkit-text-fill-color:#cffafe!important;}
  #fsd-game .fsd-goal .txt{font-size:15px!important;font-weight:600;color:#fff!important;-webkit-text-fill-color:#fff!important;line-height:1.45;margin-top:3px;}

  #fsd-game .fsd-ctrls{display:flex;flex-direction:column;gap:10px;margin-bottom:12px;}
  #fsd-game .fsd-row{display:flex;gap:6px;flex-wrap:wrap;align-items:center;background:#f8fafc!important;border:1px solid #e2e8f0!important;border-radius:12px!important;padding:10px;}
  #fsd-game .fsd-row .tag{font-size:11px!important;font-weight:800;text-transform:uppercase;letter-spacing:.05em;color:#1a56db!important;-webkit-text-fill-color:#1a56db!important;width:100%;}
  #fsd-game .fsd-row.sortrow .tag{color:#7c3aed!important;-webkit-text-fill-color:#7c3aed!important;}
  #fsd-game select, #fsd-game input[type=number]{font-family:inherit;font-size:13px!important;padding:8px 9px;border:1px solid #cbd5e1!important;border-radius:8px!important;background:#fff!important;color:#0f1f3d!important;-webkit-text-fill-color:#0f1f3d!important;min-width:72px;flex:1;}
  #fsd-game input[type=number]{max-width:92px;}

  #fsd-game .fsd-btn{font-family:inherit;font-weight:700;font-size:13px!important;border:none;border-radius:8px!important;padding:9px 14px;cursor:pointer;background:#1a56db!important;color:#fff!important;-webkit-text-fill-color:#fff!important;}
  #fsd-game .fsd-btn.sort{background:#7c3aed!important;color:#fff!important;-webkit-text-fill-color:#fff!important;}
  #fsd-game .fsd-btn.ghost{background:#fff!important;color:#64748b!important;-webkit-text-fill-color:#64748b!important;border:1px solid #cbd5e1!important;}
  #fsd-game .fsd-btn.go{background:#16a34a!important;color:#fff!important;-webkit-text-fill-color:#fff!important;width:100%;padding:12px;font-size:15px!important;margin-top:4px;}
  #fsd-game .fsd-btn:active{transform:translateY(1px);}

  #fsd-game .fsd-chips{display:flex;flex-wrap:wrap;gap:6px;margin-bottom:12px;min-height:4px;}
  #fsd-game .fsd-chip{display:inline-flex;align-items:center;gap:7px;font-size:12px!important;font-weight:700;padding:6px 10px;border-radius:100px!important;background:#dbeafe!important;color:#1e40af!important;-webkit-text-fill-color:#1e40af!important;border:1px solid #bfdbfe!important;}
  #fsd-game .fsd-chip.sortchip{background:#ede9fe!important;color:#6d28d9!important;-webkit-text-fill-color:#6d28d9!important;border:1px solid #ddd6fe!important;}
  #fsd-game .fsd-chip .x{cursor:pointer;font-weight:900;color:#64748b!important;-webkit-text-fill-color:#64748b!important;line-height:1;}

  #fsd-game .fsd-tblwrap{border:1px solid #e2e8f0!important;border-radius:12px!important;overflow:hidden;margin-bottom:12px;}
  #fsd-game table{width:100%;border-collapse:collapse;font-size:13px!important;}
  #fsd-game th{background:#0f1f3d!important;color:#fff!important;-webkit-text-fill-color:#fff!important;font-weight:700;text-align:left;padding:9px 8px;font-size:12px!important;}
  #fsd-game th:first-child{width:34px;text-align:center;}
  #fsd-game td{padding:9px 8px;border-top:1px solid #eef2f7!important;color:#334155!important;-webkit-text-fill-color:#334155!important;}
  #fsd-game td:first-child{text-align:center;}
  #fsd-game tr.pick{cursor:pointer;}
  #fsd-game tr.pick:hover td{background:#f8fafc!important;}
  #fsd-game tr.sel td{background:#dcfce7!important;color:#14532d!important;-webkit-text-fill-color:#14532d!important;}
  #fsd-game tr.sel td:first-child{color:#16a34a!important;-webkit-text-fill-color:#16a34a!important;font-weight:900;}
  #fsd-game .box{display:inline-block;width:18px;height:18px;border:2px solid #cbd5e1!important;border-radius:5px!important;line-height:14px;font-weight:900;color:#16a34a!important;-webkit-text-fill-color:#16a34a!important;font-size:13px!important;}
  #fsd-game tr.sel .box{background:#16a34a!important;border-color:#16a34a!important;color:#fff!important;-webkit-text-fill-color:#fff!important;}
  #fsd-game .fsd-empty{text-align:center;padding:18px;color:#94a3b8!important;-webkit-text-fill-color:#94a3b8!important;font-size:13px!important;}

  #fsd-game .fsd-fb{border-radius:10px!important;padding:11px 13px;font-size:13px!important;line-height:1.5;margin-bottom:12px;font-weight:600;}
  #fsd-game .fsd-fb.ok{background:#dcfce7!important;color:#14532d!important;-webkit-text-fill-color:#14532d!important;border:1px solid #86efac!important;}
  #fsd-game .fsd-fb.no{background:#fef2f2!important;color:#991b1b!important;-webkit-text-fill-color:#991b1b!important;border:1px solid #fecaca!important;}

  #fsd-game .fsd-end{text-align:center;padding:26px 18px;}
  #fsd-game .fsd-end h3{font-family:""DM Serif Display"",serif!important;font-size:24px!important;color:#0f1f3d!important;-webkit-text-fill-color:#0f1f3d!important;margin:0 0 8px;}
  #fsd-game .fsd-end .big{font-size:42px!important;font-weight:800;color:#16a34a!important;-webkit-text-fill-color:#16a34a!important;margin:6px 0;}
  #fsd-game .fsd-end p{font-size:14px!important;color:#475569!important;-webkit-text-fill-color:#475569!important;line-height:1.55;margin:8px auto 16px;max-width:420px;}
  #fsd-game .fsd-hint{font-size:11px!important;color:#94a3b8!important;-webkit-text-fill-color:#94a3b8!important;text-align:center;margin:0 0 8px;}
</style>

<div class=""fsd-game"" id=""fsd-game"">
  <div class=""fsd-card"">
    <div class=""fsd-hero"">
      <h2 class=""fsd-title"">Filter and Sort Detective</h2>
      <p class=""fsd-sub"">Programs answer questions about data by filtering rows and sorting fields. Reach each target and read the answer straight off the table.</p>
      <p class=""fsd-how"">How to play: build FILTER and SORT operations to shrink the table, click the rows that match the goal, then Submit. Fewer operations earns more points.</p>
    </div>

    <div class=""fsd-bar"" id=""fsd-bar"">
      <div class=""fsd-stat"">
<div class=""k"">Round</div>
<div class=""v"" id=""fsd-round"">1 / 6</div>
</div>
      <div class=""fsd-stat"">
<div class=""k"">Score</div>
<div class=""v"" id=""fsd-score"">0</div>
</div>
      <div class=""fsd-stat"">
<div class=""k"">Operations</div>
<div class=""v"" id=""fsd-ops"">0</div>
</div>
    </div>

    <div class=""fsd-body"" id=""fsd-play"">
      <div class=""fsd-goal"">
<div class=""lbl"">Detective goal</div>
<div class=""txt"" id=""fsd-goaltxt""></div>
</div>

      <div class=""fsd-ctrls"">
        <div class=""fsd-row"">
          <span class=""tag"">Filter - keep rows that meet a condition</span>
          <select id=""fsd-fcol""></select>
          <select id=""fsd-fop""></select>
          <span id=""fsd-fvalwrap"" style=""flex:1;display:flex;""></span>
          <button class=""fsd-btn"" id=""fsd-fadd"">Add filter</button>
        </div>
        <div class=""fsd-row sortrow"">
          <span class=""tag"">Sort - order the rows by a field</span>
          <select id=""fsd-scol""></select>
          <select id=""fsd-sdir""><option value=""asc"">ascending</option>
<option value=""desc"">descending</option></select>
          <button class=""fsd-btn sort"" id=""fsd-sapply"">Apply sort</button>
        </div>
      </div>

      <div class=""fsd-chips"" id=""fsd-chips""></div>
      <div id=""fsd-fb""></div>

      <div class=""fsd-tblwrap""><table>
<thead id=""fsd-thead""></thead>
<tbody id=""fsd-tbody""></tbody>
</table></div>
      <p class=""fsd-hint"" id=""fsd-selhint"">Click rows to select your answer.</p>

      <div style=""display:flex;gap:8px;flex-wrap:wrap;"">
        <button class=""fsd-btn ghost"" id=""fsd-clear"" style=""flex:1;"">Clear operations</button>
      </div>
      <button class=""fsd-btn go"" id=""fsd-submit"">Submit answer</button>
    </div>

    <div class=""fsd-body"" id=""fsd-endscreen"" style=""display:none;"">
      <div class=""fsd-end"">
        <h3 id=""fsd-endh"">Case closed!</h3>
        <div class=""big"" id=""fsd-endscore"">0</div>
        <p id=""fsd-endmsg""></p>
        <button class=""fsd-btn go"" id=""fsd-again"" style=""max-width:220px;margin:0 auto;"">Play again</button>
      </div>
    </div>
  </div>
</div>

<script>
(function(){
  var STUDENT_COLS = [
    {key:'name',  label:'Name',  type:'text', filter:false, sort:true},
    {key:'grade', label:'Grade', type:'num',  filter:true,  sort:true},
    {key:'score', label:'Score', type:'num',  filter:true,  sort:true},
    {key:'club',  label:'Club',  type:'cat',  filter:true,  sort:true}
  ];
  var PRODUCT_COLS = [
    {key:'name',     label:'Product',  type:'text', filter:false, sort:true},
    {key:'price',    label:'Price ($)',type:'num',  filter:true,  sort:true},
    {key:'rating',   label:'Rating',   type:'num',  filter:true,  sort:true},
    {key:'category', label:'Category', type:'cat',  filter:true,  sort:true}
  ];

  var ROUNDS = [
    { cols:STUDENT_COLS,
      goal:'Select every student in Grade 11.',
      data:[
        {id:1,name:'Ava',grade:11,score:88,club:'Robotics'},
        {id:2,name:'Ben',grade:12,score:74,club:'Debate'},
        {id:3,name:'Cara',grade:11,score:91,club:'Robotics'},
        {id:4,name:'Dan',grade:10,score:66,club:'Chess'},
        {id:5,name:'Eli',grade:12,score:85,club:'Debate'},
        {id:6,name:'Fay',grade:11,score:79,club:'Chess'}
      ],
      spec:{filters:[{col:'grade',op:'=',val:11}]} },

    { cols:PRODUCT_COLS,
      goal:'Find every product priced under $20.',
      data:[
        {id:1,name:'Cable',price:8,rating:4.5,category:'Accessory'},
        {id:2,name:'Mouse',price:22,rating:4.1,category:'Peripheral'},
        {id:3,name:'Charger',price:15,rating:3.8,category:'Accessory'},
        {id:4,name:'Stand',price:35,rating:4.7,category:'Furniture'},
        {id:5,name:'Cover',price:12,rating:4.2,category:'Accessory'},
        {id:6,name:'Pad',price:18,rating:3.5,category:'Accessory'}
      ],
      spec:{filters:[{col:'price',op:'<',val:20}]} },

    { cols:STUDENT_COLS,
      goal:'Isolate the top 3 students by score among students in Grade 12.',
      data:[
        {id:1,name:'Ava',grade:12,score:88,club:'Robotics'},
        {id:2,name:'Ben',grade:11,score:74,club:'Debate'},
        {id:3,name:'Cara',grade:12,score:91,club:'Robotics'},
        {id:4,name:'Dan',grade:12,score:66,club:'Chess'},
        {id:5,name:'Eli',grade:12,score:85,club:'Debate'},
        {id:6,name:'Fay',grade:11,score:79,club:'Chess'},
        {id:7,name:'Gus',grade:12,score:95,club:'Chess'},
        {id:8,name:'Hana',grade:12,score:82,club:'Debate'}
      ],
      spec:{filters:[{col:'grade',op:'=',val:12}],sort:{col:'score',dir:'desc'},limit:3} },

    { cols:PRODUCT_COLS,
      goal:'Select every product under $25 with a rating of 4 or higher.',
      data:[
        {id:1,name:'Cable',price:8,rating:4.5,category:'Accessory'},
        {id:2,name:'Mouse',price:22,rating:4.1,category:'Peripheral'},
        {id:3,name:'Charger',price:15,rating:3.8,category:'Accessory'},
        {id:4,name:'Stand',price:35,rating:4.7,category:'Furniture'},
        {id:5,name:'Cover',price:12,rating:4.2,category:'Accessory'},
        {id:6,name:'Pad',price:18,rating:3.5,category:'Accessory'},
        {id:7,name:'Hub',price:24,rating:4.0,category:'Peripheral'},
        {id:8,name:'Lamp',price:45,rating:4.8,category:'Furniture'}
      ],
      spec:{filters:[{col:'price',op:'<',val:25},{col:'rating',op:'>=',val:4}]} },

    { cols:STUDENT_COLS,
      goal:'Find the top 2 scorers among Robotics club students with a score above 80.',
      data:[
        {id:1,name:'Ava',grade:11,score:88,club:'Robotics'},
        {id:2,name:'Ben',grade:12,score:74,club:'Debate'},
        {id:3,name:'Cara',grade:12,score:91,club:'Robotics'},
        {id:4,name:'Dan',grade:10,score:66,club:'Chess'},
        {id:5,name:'Eli',grade:12,score:85,club:'Robotics'},
        {id:6,name:'Fay',grade:11,score:79,club:'Robotics'},
        {id:7,name:'Gus',grade:12,score:95,club:'Chess'},
        {id:8,name:'Hana',grade:12,score:82,club:'Robotics'},
        {id:9,name:'Ivy',grade:11,score:90,club:'Robotics'}
      ],
      spec:{filters:[{col:'club',op:'=',val:'Robotics'},{col:'score',op:'>',val:80}],sort:{col:'score',dir:'desc'},limit:2} },

    { cols:PRODUCT_COLS,
      goal:'Select the 3 cheapest products that are rated 4 or higher.',
      data:[
        {id:1,name:'Cable',price:8,rating:4.5,category:'Accessory'},
        {id:2,name:'Mouse',price:22,rating:4.1,category:'Peripheral'},
        {id:3,name:'Charger',price:15,rating:3.8,category:'Accessory'},
        {id:4,name:'Stand',price:35,rating:4.7,category:'Furniture'},
        {id:5,name:'Cover',price:12,rating:4.2,category:'Accessory'},
        {id:6,name:'Pad',price:18,rating:3.5,category:'Accessory'},
        {id:7,name:'Hub',price:24,rating:4.0,category:'Peripheral'},
        {id:8,name:'Lamp',price:45,rating:4.8,category:'Furniture'},
        {id:9,name:'Clip',price:6,rating:4.3,category:'Accessory'}
      ],
      spec:{filters:[{col:'rating',op:'>=',val:4}],sort:{col:'price',dir:'asc'},limit:3} }
  ];

  var CONCEPTS = [
    'A filter keeps only the rows that meet a condition, then you read the survivors.',
    'Sorting reorders rows by a field so the extremes (top or bottom) land where you can grab them.',
    'To find a top N, filter to the right group first, then sort, then take from the front.',
    'Combining filters with AND narrows the data to exactly the rows that satisfy every condition.'
  ];

  var NUM_OPS = [['>','>'],['>=','>='],['=','='],['<=','<='],['<','<']];

  var roundIdx=0, totalScore=0, ended=false;
  var round, filters, sort, opsUsed, wrongSubmits, selected;

  var $=function(id){return document.getElementById(id);};

  function passes(row,f){
    var v=row[f.col];
    if(typeof v==='string') return String(v)===String(f.val);
    var rv=Number(v), fv=Number(f.val);
    if(f.op==='>') return rv>fv;
    if(f.op==='>=') return rv>=fv;
    if(f.op==='=') return rv===fv;
    if(f.op==='<=') return rv<=fv;
    if(f.op==='<') return rv<fv;
    return false;
  }
  function filtered(rows){
    return rows.filter(function(r){ return filters.every(function(f){ return passes(r,f); }); });
  }
  function sortRows(rows,s){
    var c=rows.slice();
    c.sort(function(a,b){
      var av=a[s.col], bv=b[s.col];
      if(typeof av==='string'){
        if(av===bv) return 0;
        return s.dir==='asc' ? (av<bv?-1:1) : (av>bv?-1:1);
      }
      return s.dir==='asc' ? av-bv : bv-av;
    });
    return c;
  }
  function view(){
    var v=filtered(round.data);
    if(sort) v=sortRows(v,sort);
    return v;
  }
  function target(){
    var pool=round.data.filter(function(r){ return round.spec.filters.every(function(f){ return passes(r,f); }); });
    if(round.spec.limit){ pool=sortRows(pool,round.spec.sort).slice(0,round.spec.limit); }
    return pool.map(function(r){ return r.id; });
  }
  function optimalOps(){ return round.spec.filters.length + (round.spec.limit?1:0); }

  function colByKey(k){ for(var i=0;i<round.cols.length;i++){ if(round.cols[i].key===k) return round.cols[i]; } return null; }
  function distinct(key){
    var seen={}, out=[];
    round.data.forEach(function(r){ if(!(r[key] in seen)){ seen[r[key]]=1; out.push(r[key]); } });
    return out;
  }

  function buildValControl(){
    var col=colByKey($('fsd-fcol').value);
    var opSel=$('fsd-fop'), wrap=$('fsd-fvalwrap');
    opSel.innerHTML=''; wrap.innerHTML='';
    if(!col) return;
    if(col.type==='cat'){
      var o=document.createElement('option'); o.value='='; o.innerHTML='='; opSel.appendChild(o);
      var sel=document.createElement('select'); sel.id='fsd-fval';
      distinct(col.key).forEach(function(v){ var op=document.createElement('option'); op.value=v; op.textContent=v; sel.appendChild(op); });
      wrap.appendChild(sel);
    } else {
      NUM_OPS.forEach(function(p){ var o=document.createElement('option'); o.value=p[0]; o.innerHTML=p[1]; opSel.appendChild(o); });
      opSel.value='>=';
      var inp=document.createElement('input'); inp.type='number'; inp.id='fsd-fval'; inp.step='any';
      var vals=round.data.map(function(r){return Number(r[col.key]);});
      inp.value=Math.round(vals.reduce(function(a,b){return a+b;},0)/vals.length);
      wrap.appendChild(inp);
    }
  }

  function buildControls(){
    var fcol=$('fsd-fcol'), scol=$('fsd-scol');
    fcol.innerHTML=''; scol.innerHTML='';
    round.cols.forEach(function(c){
      if(c.filter){ var o=document.createElement('option'); o.value=c.key; o.textContent=c.label; fcol.appendChild(o); }
      if(c.sort){ var s=document.createElement('option'); s.value=c.key; s.textContent=c.label; scol.appendChild(s); }
    });
    buildValControl();
  }

  function pruneSelection(){
    var vis={}; filtered(round.data).forEach(function(r){ vis[r.id]=1; });
    selected=selected.filter(function(id){ return vis[id]; });
  }

  function renderChips(){
    var c=$('fsd-chips'); c.innerHTML='';
    filters.forEach(function(f,i){
      var col=colByKey(f.col);
      var opTxt=({'>':'>','>=':'>=','=':'=','<=':'<=','<':'<'})[f.op]||f.op;
      var chip=document.createElement('span'); chip.className='fsd-chip';
      chip.innerHTML=col.label+' '+opTxt+' '+f.val+' <span class=""x"" data-i=""'+i+'"">×</span>';
      chip.querySelector('.x').onclick=function(){ filters.splice(i,1); pruneSelection(); renderAll(); };
      c.appendChild(chip);
    });
    if(sort){
      var col=colByKey(sort.col);
      var chip=document.createElement('span'); chip.className='fsd-chip sortchip';
      chip.innerHTML='Sorted by '+col.label+' ('+sort.dir+') <span class=""x"">×</span>';
      chip.querySelector('.x').onclick=function(){ sort=null; renderAll(); };
      c.appendChild(chip);
    }
  }

  function renderTable(){
    var thead=$('fsd-thead'), tbody=$('fsd-tbody');
    var head='<tr><th>Pick</th>';
    round.cols.forEach(function(c){ head+='<th>'+c.label+'</th>'; });
    thead.innerHTML=head+'</tr>';
    var rows=view();
    if(!rows.length){ tbody.innerHTML='<tr><td colspan=""'+(round.cols.length+1)+'"" class=""fsd-empty"">No rows match the current filters. Remove a filter to bring rows back.</td></tr>'; return; }
    tbody.innerHTML='';
    rows.forEach(function(r){
      var isSel=selected.indexOf(r.id)>=0;
      var tr=document.createElement('tr'); tr.className='pick'+(isSel?' sel':'');
      var cells='<td><span class=""box"">'+(isSel?'&check;':'')+'</span></td>';
      round.cols.forEach(function(c){ cells+='<td>'+r[c.key]+'</td>'; });
      tr.innerHTML=cells;
      tr.onclick=function(){
        var p=selected.indexOf(r.id);
        if(p>=0) selected.splice(p,1); else selected.push(r.id);
        renderTable(); updateSelHint();
      };
      tbody.appendChild(tr);
    });
  }

  function updateSelHint(){ $('fsd-selhint').textContent='Selected '+selected.length+' row'+(selected.length===1?'':'s')+'. Click rows to toggle.'; }

  function renderStats(){
    $('fsd-round').textContent=(roundIdx+1)+' / '+ROUNDS.length;
    $('fsd-score').textContent=totalScore;
    $('fsd-ops').textContent=opsUsed;
  }
  function renderAll(){ renderChips(); renderTable(); renderStats(); updateSelHint(); }

  function loadRound(i){
    round=ROUNDS[i]; filters=[]; sort=null; opsUsed=0; wrongSubmits=0; selected=[];
    $('fsd-goaltxt').textContent=round.goal;
    $('fsd-fb').innerHTML='';
    buildControls(); renderAll();
  }

  function feedback(cls,msg){ $('fsd-fb').innerHTML='<div class=""fsd-fb '+cls+'"">'+msg+'</div>'; }

  function sameSet(a,b){
    if(a.length!==b.length) return false;
    var s={}; a.forEach(function(x){ s[x]=1; });
    return b.every(function(x){ return s[x]; });
  }

  function submit(){
    if(!selected.length){ feedback('no','Select at least one row before submitting. Filter and sort the table, then click the matching rows.'); return; }
    var tgt=target();
    if(sameSet(selected,tgt)){
      var extra=Math.max(0,opsUsed-optimalOps());
      var pts=Math.max(20, 100 - extra*12 - wrongSubmits*20);
      totalScore+=pts;
      var eff = extra===0 && wrongSubmits===0 ? 'Perfect efficiency! ' : '';
      feedback('ok',eff+'Correct. +'+pts+' points. You used '+opsUsed+' operation'+(opsUsed===1?'':'s')+' (best case '+optimalOps()+').');
      renderStats();
      var btn=$('fsd-submit'); btn.textContent = roundIdx+1<ROUNDS.length ? 'Next round →' : 'See results →';
      btn.innerHTML = roundIdx+1<ROUNDS.length ? 'Next round →' : 'See results →';
      btn.onclick=nextRound;
    } else {
      wrongSubmits++;
      var why;
      if(selected.length>tgt.length) why='Too many rows selected. Add a filter so only rows meeting the condition remain, then pick those.';
      else if(selected.length<tgt.length) why='Too few rows. You may have filtered out an answer or missed selecting a match.';
      else why='Right count, wrong rows. Recheck the exact condition and, for a top N, the sort direction.';
      feedback('no', why+' <br>'+CONCEPTS[Math.floor(Math.random()*CONCEPTS.length)]);
      renderStats();
    }
  }

  function nextRound(){
    var btn=$('fsd-submit'); btn.textContent='Submit answer'; btn.innerHTML='Submit answer'; btn.onclick=submit;
    if(roundIdx+1<ROUNDS.length){ roundIdx++; loadRound(roundIdx); }
    else endGame();
  }

  function endGame(){
    ended=true;
    $('fsd-play').style.display='none';
    $('fsd-endscreen').style.display='block';
    $('fsd-endscore').textContent=totalScore;
    var msg;
    if(totalScore>=520) msg='Elite detective work. You filtered to the right rows and sorted to the answer with almost no wasted operations, exactly how a program processes data.';
    else if(totalScore>=400) msg='Strong work. You extracted every answer by filtering and sorting. Trim a few extra operations to push the score higher.';
    else msg='Case solved. Remember: filter to keep rows meeting a condition, then sort to order a field. That two step move answers most data questions.';
    $('fsd-endmsg').textContent=msg;
    document.dispatchEvent(new CustomEvent('apcsGameScore',{detail:{value:totalScore}}));
  }

  function resetGame(){
    roundIdx=0; totalScore=0; ended=false;
    $('fsd-endscreen').style.display='none';
    $('fsd-play').style.display='block';
    var btn=$('fsd-submit'); btn.textContent='Submit answer'; btn.innerHTML='Submit answer'; btn.onclick=submit;
    loadRound(0);
  }

  $('fsd-fcol').onchange=buildValControl;
  $('fsd-fadd').onclick=function(){
    var col=colByKey($('fsd-fcol').value);
    var valEl=$('fsd-fval');
    var raw=valEl.value;
    var val = col.type==='cat' ? raw : Number(raw);
    if(col.type!=='cat' && (raw===''||isNaN(val))){ feedback('no','Enter a number for the filter value.'); return; }
    filters.push({col:col.key, op:$('fsd-fop').value, val:val});
    opsUsed++; pruneSelection(); $('fsd-fb').innerHTML=''; renderAll();
  };
  $('fsd-sapply').onclick=function(){
    sort={col:$('fsd-scol').value, dir:$('fsd-sdir').value};
    opsUsed++; $('fsd-fb').innerHTML=''; renderAll();
  };
  $('fsd-clear').onclick=function(){
    filters=[]; sort=null; pruneSelection(); $('fsd-fb').innerHTML='';
    feedback('no','Operations cleared, but the operation counter still reflects what you used. Plan the fewest moves for the best score.');
    renderAll();
  };
  $('fsd-submit').onclick=submit;
  $('fsd-again').onclick=resetGame;

  loadRound(0);
})();
</script>
    </div>
    <div class=""faq-section"">
      <h2>Frequently Asked Questions</h2>
      <div class=""faq-item"">
        <button class=""faq-q"" onclick=""toggleFAQ(this)"">What is the difference between filtering and sorting?<i class=""faq-icon"">+</i></button>
        <div class=""faq-a"">Filtering selects a subset of records that meet a condition, changing which records you see. Sorting orders records by a value, changing only the arrangement, not which records are present. A question asking which records meet a condition needs a filter; a question asking for a ranking or order needs a sort.</div>
      </div>
      <div class=""faq-item"">
        <button class=""faq-q"" onclick=""toggleFAQ(this)"">What is metadata, in simple terms?<i class=""faq-icon"">+</i></button>
        <div class=""faq-a"">Metadata is data about data. It describes a piece of content rather than being the content itself. For a photo, the pixels are the data, while the file size, creation date and time, author, dimensions, and GPS location are metadata. Metadata helps organize and find patterns, but details like location can be a privacy concern.</div>
      </div>
      <div class=""faq-item"">
        <button class=""faq-q"" onclick=""toggleFAQ(this)"">Why does correlation not imply causation?<i class=""faq-icon"">+</i></button>
        <div class=""faq-a"">A correlation just means two variables change together. That pattern can be a coincidence, can run in the opposite direction from what you assume, or can be caused by a hidden third variable. Because the data alone cannot tell you which, a correlation is a reason to investigate further, not proof that one variable causes the other.</div>
      </div>
      <div class=""faq-item"">
        <button class=""faq-q"" onclick=""toggleFAQ(this)"">Why combine or cross-reference multiple data sets?<i class=""faq-icon"">+</i></button>
        <div class=""faq-a"">A single data set has limits. Joining two sets, for example sales and weather by date, can reveal a relationship that neither set shows on its own. Before combining, the data often needs cleaning and transforming so the sets line up, otherwise the combined result can be misleading.</div>
      </div>
      <div class=""faq-item"">
        <button class=""faq-q"" onclick=""toggleFAQ(this)"">Is more data always better?<i class=""faq-icon"">+</i></button>
        <div class=""faq-a"">No. Not all collected data is relevant to a given question, and a larger data set can bury the answer in noise. Larger data sets can reveal patterns that small samples miss, but only when they are processed efficiently and the irrelevant parts are filtered out. Classifying and filtering are what keep large data manageable.</div>
      </div>
    </div>
    <div class=""related-links"">
      <h3>🔗 Continue studying</h3>
      <div class=""related-links-grid"">
        <a href=""/pages/ap-csp-course-bi2-using-programs-with-data"" class=""related-link"">2.4 Using Programs with Data</a>
        <a href=""/pages/ap-csp-correlation-vs-causation"" class=""related-link"">Correlation vs Causation</a>
        <a href=""/pages/ap-csp-study-games-hub"" class=""related-link"">All CSP Study Games</a>
      </div>
    </div>
    <div class=""superpack-slim"">
      <div style=""display:flex;align-items:center;gap:12px;"">
        <div class=""superpack-slim-icon"">📦</div>
        <div><div class=""superpack-slim-text"">AP CSP Teacher Superpack<span class=""superpack-slim-sub"">Slides, lesson plans, unit tests for all 5 Big Ideas, $249</span>
</div></div>
      </div>
      <a href=""/products/ap-csp-teacher-superpack"" class=""superpack-slim-btn"">Get the Superpack →</a>
    </div>
    <div class=""teacher-callout"">
      <div class=""teacher-callout-icon"">🏫</div>
      <div class=""teacher-callout-body"">
        <div class=""teacher-callout-label"">For teachers</div>
        <p>Topic 2.3 is where students confuse filtering with sorting and leap from correlation to causation. Drill both with tiny tables projected on the board: give a question, have students name the operation, then predict the output. For correlation versus causation, collect a few real 'spurious correlation' graphs and ask students to propose the hidden third variable each time. The Superpack includes a data-table operations worksheet and a correlation-trap card set. <a href=""/products/ap-csp-teacher-superpack"">View what's included →</a></p>
      </div>
    </div>
    <div class=""lesson-nav"">
      <a href=""/pages/ap-csp-course-bi2-data-compression"" class=""nav-card"">
        <div class=""nav-card-dir"">← Previous</div>
        <div class=""nav-card-title"">2.2 Data Compression</div>
      </a>
      <a href=""/pages/ap-csp-course-bi2-using-programs-with-data"" class=""nav-card next"">
        <div class=""nav-card-dir"">Next lesson →</div>
        <div class=""nav-card-title"">2.4 Using Programs with Data</div>
      </a>
    </div>

  </div>
</div>

<script>
var MINI_MSGS={""mc-extract-1"": {""A"": ""Not quite. Sorting by Amount only reorders every row; it still shows all states. To see only California orders you must select a subset."", ""B"": ""Correct. Filtering on State = CA selects only the records that meet that condition, returning just the California orders."", ""C"": ""No. Metadata describes the file (its size, date, author), not which orders are from California. You need to filter the records."", ""D"": ""Not quite. Sorting by Date reorders the rows but still includes every state. Selecting only California orders is a filter.""}, ""mc-extract-2"": {""A"": ""No. A correlation does not prove causation. Nothing here shows firefighters cause fires; a third factor likely explains both."", ""B"": ""No. This invents a reverse causal claim the data does not support. The pattern is a correlation, not proof of cause."", ""C"": ""Correct. This is a classic correlation with a hidden third variable: bigger towns tend to have both more fires and more firefighters."", ""D"": ""No. There is a relationship in the data (they rise together). The point is that correlation does not establish causation, not that no pattern exists.""}};
var MINI_FIB={};

function _activity(d){
  try{ var w=document.querySelector('.lesson-page');
    if(w){ d.course=w.getAttribute('data-course'); d.unit=w.getAttribute('data-unit'); d.lesson=w.getAttribute('data-lesson'); }
    document.dispatchEvent(new CustomEvent('apcsActivity',{detail:d}));
  }catch(e){}
}
function checkMCQ(qid, chosen, correct, fbId){
  var opts=document.querySelectorAll('#'+qid+'-options .mcq-option');
  opts.forEach(function(b){b.disabled=true;b.onclick=null;});
  var letters=['A','B','C','D'];
  opts[letters.indexOf(chosen)].classList.add(chosen===correct?'correct':'incorrect');
  if(chosen!==correct)opts[letters.indexOf(correct)].classList.add('revealed-correct');
  document.getElementById(fbId).classList.add('show');
  _activity({activity:'quiz',item:qid,choice:chosen});
}
function miniMCQ(id, chosen, correct, fbId){
  var opts=document.querySelectorAll('#'+id+'-opts .mini-opt');
  opts.forEach(function(b){b.onclick=null;b.style.cursor='default';});
  var letters=['A','B','C','D'];
  opts[letters.indexOf(chosen)].classList.add(chosen===correct?'correct':'incorrect');
  if(chosen!==correct)opts[letters.indexOf(correct)].classList.add('reveal');
  var fb=document.getElementById(fbId);
  if(MINI_MSGS[id]){fb.textContent=MINI_MSGS[id][chosen]||'';fb.className='mini-fb '+(chosen===correct?'c':'w');}
}
function miniFIB(id, fbId){
  var inp=document.getElementById(id+'-inp'),fb=document.getElementById(fbId);
  var val=inp.value.trim().toLowerCase();var d=MINI_FIB[id];
  var ok=(val===String(d.correct).toLowerCase());
  inp.classList.add(ok?'correct':'incorrect');
  fb.textContent=ok?d.c:d.w; fb.className='mini-fb '+(ok?'c':'w'); inp.disabled=true;
}
function toggleFAQ(btn){
  var item=btn.parentElement,wasOpen=item.classList.contains('open');
  document.querySelectorAll('.faq-item').forEach(function(el){el.classList.remove('open');});
  if(!wasOpen)item.classList.add('open');
}
function handleCapture(){
  var email=document.getElementById('capture-email').value.trim();
  if(!email||!email.includes('@')){document.getElementById('capture-email').focus();return;}
  document.getElementById('capture-form').style.display='none';
  document.getElementById('capture-success').style.display='block';
  if(typeof window._learnq!=='undefined'){window._learnq.push(['identify',{'$email':email}]);}
}
/* Bridge: the embedded topic game dispatches 'apcsGameScore' on completion.
   Convert that single completion into the standard exercise-2 gradebook hook. */
document.addEventListener('apcsGameScore', function(e){
  _activity({activity:'exercise-2', earned:1, possible:1});
});
</script>
<!-- apcs-exercises (managed) -->
<div id=""apcs-ex-links"">
<style>
#apcs-ex-links{all:initial!important;display:block!important;box-sizing:border-box!important;max-width:880px!important;margin:28px auto 0!important;padding:0 16px 8px!important;font-family:-apple-system,BlinkMacSystemFont,""Segoe UI"",Roboto,Helvetica,Arial,sans-serif!important}
#apcs-ex-links *,#apcs-ex-links *::before,#apcs-ex-links *::after{box-sizing:border-box!important}
#apcs-ex-links .ex-lbl{font-size:12px!important;font-weight:800!important;letter-spacing:.06em!important;text-transform:uppercase!important;color:#1e40af!important;-webkit-text-fill-color:#1e40af!important;margin:0 0 10px!important}
#apcs-ex-links .ex-row{display:grid!important;grid-template-columns:repeat(2,1fr)!important;gap:12px!important}
@media (max-width:640px){#apcs-ex-links .ex-row{grid-template-columns:repeat(1,1fr)!important}}
#apcs-ex-links a.ex,#apcs-ex-links a.ex:link,#apcs-ex-links a.ex:visited{display:block!important;text-decoration:none!important;border:1px solid #93c5fd!important;border-left:5px solid #1a56db!important;border-radius:0 12px 12px 0!important;background:#eff6ff!important;padding:14px 16px!important;color:#0f1f3d!important;-webkit-text-fill-color:#0f1f3d!important;font-size:16px!important;font-weight:700!important;line-height:1.35!important}
#apcs-ex-links a.ex:hover{background:#dbeafe!important}
#apcs-ex-links a.ex span{display:block!important;margin-top:4px!important;font-size:13px!important;font-weight:400!important;color:#64748b!important;-webkit-text-fill-color:#64748b!important}
#apcs-ex-links a.ex.wide{grid-column:1/-1!important}
</style>
<p class=""ex-lbl"">Exercises for Topic 2.3</p>
<div class=""ex-row"">
<a class=""ex"" href=""/pages/ap-csp-topic-2-3-exercise-1"">Exercise 1: Claim Checker - The Streaming Survey<span>Work it online. Saved in your browser, not graded</span></a>
<a class=""ex"" href=""/pages/ap-csp-topic-2-3-exercise-2"">Exercise 2: Messy Dataset Rescue<span>Work it online. Saved in your browser, not graded</span></a>
<a class=""ex wide"" href=""/pages/ap-csp-course-bi2-extracting-information-exercise-2"">Applied Challenge<span>6 questions, and every answer is recorded for your teacher</span></a>
</div>
</div>"
"ap-csp-course-bi2-using-programs-with-data","MERGE","<!--
  PAGE: /pages/ap-csp-course-bi2-using-programs-with-data
  TITLE: AP CSP 2.4 Using Programs with Data | Cleaning, Visualizing, Scaling
  META: AP CSP Topic 2.4: using programs to process data, cleaning and transforming data, visualizations, and how programs scale to large data sets. 6 exam MCQs plus the Trend Hunter game.
-->

<style>
  @import url('https://fonts.googleapis.com/css2?family=DM+Serif+Display:ital@0;1&family=DM+Sans:ital,opsz,wght@0,9..40,300;0,9..40,400;0,9..40,500;0,9..40,600;0,9..40,700;1,9..40,400&display=swap');
  :root{--navy:#0f1f3d;--bi3:#1a56db;--bi3-lt:#93c5fd;--bi3-bg:#eff6ff;--bi3-dk:#1e40af;--green:#16a34a;--amber:#d97706;--red:#dc2626;--slate:#64748b;--white:#ffffff;--py:#3b82f6;--pseudo:#8b5cf6;}
  *{box-sizing:border-box;margin:0;padding:0;}
  .lesson-page{font-family:""DM Sans"",sans-serif;color:var(--navy);background:#f8fafc;line-height:1.6;}

  .lesson-breadcrumb{background:#fff;border-bottom:1px solid #e2e8f0;padding:12px 24px;}
  .lesson-breadcrumb-inner{max-width:880px;margin:0 auto;display:flex;align-items:center;gap:8px;font-size:13px;color:var(--slate);flex-wrap:wrap;}
  .lesson-breadcrumb a{color:var(--bi3)!important;-webkit-text-fill-color:var(--bi3)!important;text-decoration:none;font-weight:500;}
  .bc-sep{color:#cbd5e1;}

  .social-proof-bar{background:#fff;border-bottom:1px solid #e2e8f0;padding:10px 24px;}
  .social-proof-inner{max-width:880px;margin:0 auto;display:flex;flex-wrap:wrap;align-items:center;gap:6px 20px;font-size:13px;color:var(--slate);}
  .social-proof-item{display:flex;align-items:center;gap:5px;font-weight:500;}
  .social-proof-item strong{color:var(--navy)!important;-webkit-text-fill-color:var(--navy)!important;}

  .lesson-hero{background:var(--navy);background-image:radial-gradient(ellipse 60% 70% at 90% 20%,rgba(26,86,219,.28) 0%,transparent 60%);padding:48px 24px 40px;}
  .lesson-hero-inner{max-width:880px;margin:0 auto;}
  .lesson-hero-meta{display:flex;align-items:center;gap:10px;flex-wrap:wrap;margin-bottom:16px;}
  .lesson-num-badge{display:inline-flex;align-items:center;justify-content:center;width:44px;height:44px;border-radius:10px;background:var(--bi3);font-weight:700;font-size:14px;color:#fff!important;-webkit-text-fill-color:#fff!important;flex-shrink:0;}
  .lesson-eyebrow{font-size:12px;font-weight:700;letter-spacing:.08em;text-transform:uppercase;color:var(--bi3-lt)!important;-webkit-text-fill-color:var(--bi3-lt)!important;}
  .lesson-hero h1{font-family:""DM Serif Display"",serif!important;font-size:clamp(26px,4vw,40px)!important;line-height:1.2!important;color:#fff!important;-webkit-text-fill-color:#fff!important;margin-bottom:14px!important;}
  .lesson-hero-pills{display:flex;flex-wrap:wrap;gap:8px;}
  .lesson-pill{display:inline-flex;align-items:center;gap:5px;background:rgba(255,255,255,.08);border:1px solid rgba(255,255,255,.15);padding:5px 12px;border-radius:100px;font-size:12px;color:#e2e8f0!important;-webkit-text-fill-color:#e2e8f0!important;}
  .ced-tag{display:inline-flex;align-items:center;background:rgba(26,86,219,.25);border:1px solid rgba(147,197,253,.3);padding:4px 10px;border-radius:100px;font-size:11px;font-weight:600;color:#bfdbfe!important;-webkit-text-fill-color:#bfdbfe!important;letter-spacing:.04em;}

  /* PROGRESS STRIP */
  .bi3-progress{background:#fff!important;border-bottom:1px solid #e2e8f0!important;padding:14px 20px!important;overflow-x:auto!important;-webkit-overflow-scrolling:touch!important;}
  .bi3-progress-inner{display:flex!important;flex-direction:row!important;flex-wrap:nowrap!important;align-items:center!important;gap:0!important;width:max-content!important;min-width:100%!important;}
  .prog-step{display:flex!important;flex-direction:column!important;align-items:center!important;min-width:46px!important;text-align:center!important;flex-shrink:0!important;}
  .prog-step-link{display:flex!important;flex-direction:column!important;align-items:center!important;min-width:46px!important;text-align:center!important;flex-shrink:0!important;text-decoration:none!important;cursor:pointer!important;}
  .prog-step-link:hover .prog-dot{background:#dbeafe!important;color:var(--bi3)!important;-webkit-text-fill-color:var(--bi3)!important;border-color:var(--bi3)!important;}
  .prog-dot{width:26px!important;height:26px!important;border-radius:50%!important;display:flex!important;align-items:center!important;justify-content:center!important;font-size:9px!important;font-weight:700!important;margin-bottom:4px!important;flex-shrink:0!important;}
  .prog-dot.active{background:var(--bi3)!important;color:#fff!important;-webkit-text-fill-color:#fff!important;}
  .prog-dot.upcoming{background:#f1f5f9!important;color:#94a3b8!important;-webkit-text-fill-color:#94a3b8!important;border:2px solid #e2e8f0!important;}
  .prog-dot.done{background:#dbeafe!important;color:var(--bi3)!important;-webkit-text-fill-color:var(--bi3)!important;border:2px solid var(--bi3)!important;}
  .prog-label{font-size:8px!important;font-weight:600!important;color:#64748b!important;-webkit-text-fill-color:#64748b!important;line-height:1.2!important;white-space:nowrap!important;}
  .prog-label.active-label{color:var(--bi3)!important;-webkit-text-fill-color:var(--bi3)!important;}
  .prog-arrow{flex:1 0 4px!important;height:2px!important;background:#e2e8f0!important;margin-bottom:18px!important;min-width:4px!important;max-width:16px!important;flex-shrink:0!important;}

  /* MAIN */
  .lesson-main{max-width:880px;margin:0 auto;padding:40px 24px 80px;}
  .lesson-objectives{background:var(--bi3-bg);border-left:4px solid var(--bi3);border-radius:0 10px 10px 0;padding:20px 24px;margin-bottom:28px;}
  .lesson-objectives h2{font-size:14px!important;font-weight:700!important;color:var(--bi3-dk)!important;-webkit-text-fill-color:var(--bi3-dk)!important;text-transform:uppercase!important;letter-spacing:.06em!important;margin-bottom:12px!important;}
  .lesson-objectives ul{list-style:none;padding:0;display:flex;flex-direction:column;gap:8px;}
  .lesson-objectives li{display:flex;align-items:flex-start;gap:10px;font-size:14px;color:#1e3a8a;line-height:1.5;}
  .lesson-objectives li::before{content:""\2713"";color:var(--bi3);font-weight:700;flex-shrink:0;margin-top:1px;}
  .score-impact{background:#f0fdf4;border:1px solid #bbf7d0;border-radius:8px;padding:12px 18px;margin-bottom:28px;display:flex;align-items:center;gap:10px;font-size:14px;color:#14532d;}
  .score-impact strong{color:#14532d!important;-webkit-text-fill-color:#14532d!important;}

  /* HOOK */
  .hook-box{background:linear-gradient(135deg,#1e3a8a 0%,#1e40af 100%);border-radius:12px;padding:24px 28px;margin-bottom:32px;}
  .hook-label{font-size:11px;font-weight:700;letter-spacing:.1em;text-transform:uppercase;color:var(--bi3-lt)!important;-webkit-text-fill-color:var(--bi3-lt)!important;margin-bottom:8px;}
  .hook-box p{font-size:15px!important;color:#bfdbfe!important;-webkit-text-fill-color:#bfdbfe!important;line-height:1.7!important;margin-bottom:0!important;}

  /* LESSON SECTIONS */
  .lesson-section{margin-bottom:40px;}
  .lesson-section h2{font-family:""DM Serif Display"",serif!important;font-size:24px!important;color:var(--navy)!important;-webkit-text-fill-color:var(--navy)!important;margin-bottom:14px!important;padding-bottom:10px!important;border-bottom:2px solid var(--bi3-bg)!important;}
  .lesson-section h3{font-size:17px!important;font-weight:700!important;color:var(--navy)!important;-webkit-text-fill-color:var(--navy)!important;margin-top:24px!important;margin-bottom:10px!important;}
  .lesson-section p{font-size:15px;color:#374151;line-height:1.8;margin-bottom:14px;}
  .lesson-section ul,.lesson-section ol{padding-left:20px;margin-bottom:14px;}
  .lesson-section li{font-size:15px;color:#374151;line-height:1.7;margin-bottom:6px;}
  .lesson-section code{background:#eef2ff;color:#1e3a8a!important;-webkit-text-fill-color:#1e3a8a!important;padding:1px 6px;border-radius:5px;font-size:13px;}

  /* DUAL CODE PANEL */
  .code-panel-wrap{margin:20px 0;border-radius:12px;overflow:hidden;border:1px solid #e2e8f0;}
  .code-panel-tabs{display:flex;background:#1e293b;}
  .code-tab{padding:8px 16px;font-size:12px;font-weight:700;cursor:pointer;border:none;background:transparent;letter-spacing:.04em;transition:background .15s;font-family:inherit;}
  .code-tab.py{color:#93c5fd!important;-webkit-text-fill-color:#93c5fd!important;}
  .code-tab.pseudo{color:#c4b5fd!important;-webkit-text-fill-color:#c4b5fd!important;}
  .code-tab.active{background:rgba(255,255,255,.15)!important;}
  .code-tab-label{font-size:10px;opacity:.6;margin-left:4px;font-weight:400;}
  .code-pane{background:#0f172a;padding:18px 20px;overflow-x:auto;height:0;overflow:hidden;padding:0;}
  .code-pane.active{height:auto;overflow-x:auto;padding:18px 20px;}
  .code-pane pre{font-family:monospace;font-size:13px;line-height:1.8;margin:0;white-space:pre-wrap;word-break:break-word;max-width:100%;color:#e2e8f0!important;-webkit-text-fill-color:#e2e8f0!important;}
  .py-kw{color:#93c5fd!important;-webkit-text-fill-color:#93c5fd!important;font-weight:700;}
  .py-fn{color:#6ee7b7!important;-webkit-text-fill-color:#6ee7b7!important;}
  .py-num{color:#fde68a!important;-webkit-text-fill-color:#fde68a!important;}
  .py-str{color:#f9a8d4!important;-webkit-text-fill-color:#f9a8d4!important;}
  .py-comment{color:#475569!important;-webkit-text-fill-color:#475569!important;font-style:italic;}
  .py-var{color:#e2e8f0!important;-webkit-text-fill-color:#e2e8f0!important;}
  .py-op{color:#94a3b8!important;-webkit-text-fill-color:#94a3b8!important;}
  .ps-kw{color:#c4b5fd!important;-webkit-text-fill-color:#c4b5fd!important;font-weight:700;}
  .ps-op{color:#f9a8d4!important;-webkit-text-fill-color:#f9a8d4!important;}
  .ps-num{color:#fde68a!important;-webkit-text-fill-color:#fde68a!important;}
  .ps-str{color:#86efac!important;-webkit-text-fill-color:#86efac!important;}
  .ps-comment{color:#475569!important;-webkit-text-fill-color:#475569!important;font-style:italic;}
  .ps-var{color:#e2e8f0!important;-webkit-text-fill-color:#e2e8f0!important;}

  /* CALLOUTS */
  .callout-exam{background:#fffbeb;border:1px solid #fcd34d;border-left:4px solid var(--amber);border-radius:0 8px 8px 0;padding:16px 20px;margin:20px 0;}
  .callout-exam-label{font-size:11px;font-weight:700;letter-spacing:.08em;text-transform:uppercase;color:var(--amber)!important;-webkit-text-fill-color:var(--amber)!important;margin-bottom:6px;}
  .callout-exam p{font-size:14px!important;color:#78350f!important;-webkit-text-fill-color:#78350f!important;margin-bottom:0!important;line-height:1.6!important;}
  .callout-trap{background:#fef2f2;border:1px solid #fca5a5;border-left:4px solid var(--red);border-radius:0 8px 8px 0;padding:16px 20px;margin:20px 0;}
  .callout-trap-label{font-size:11px;font-weight:700;letter-spacing:.08em;text-transform:uppercase;color:var(--red)!important;-webkit-text-fill-color:var(--red)!important;margin-bottom:6px;}
  .callout-trap p{font-size:14px!important;color:#7f1d1d!important;-webkit-text-fill-color:#7f1d1d!important;margin-bottom:0!important;line-height:1.6!important;}

  /* MINI EXERCISES */
  .mini-ex{background:#fff;border:1px solid #bfdbfe;border-radius:12px;padding:20px 24px;margin:24px 0;}
  .mini-ex-label{display:flex;align-items:center;gap:8px;font-size:11px;font-weight:700;letter-spacing:.08em;text-transform:uppercase;color:var(--bi3-dk)!important;-webkit-text-fill-color:var(--bi3-dk)!important;margin-bottom:12px;}
  .mini-ex-q{font-size:15px;font-weight:600;color:var(--navy)!important;-webkit-text-fill-color:var(--navy)!important;margin-bottom:14px;line-height:1.5;}
  .mini-ex-code{background:#0f172a;border-radius:8px;padding:14px 16px;font-family:monospace;font-size:13px;line-height:1.8;margin-bottom:14px;overflow-x:auto;white-space:pre;display:block;}
  .mini-opts{display:flex;flex-direction:column;gap:7px;margin-bottom:10px;}
  .mini-opt{display:flex;align-items:center;gap:10px;padding:10px 14px;border:2px solid #e2e8f0;border-radius:8px;cursor:pointer;font-size:14px;font-family:monospace;color:#374151!important;-webkit-text-fill-color:#374151!important;background:#f8fafc;text-align:left;width:100%;transition:border-color .15s;}
  .mini-opt:hover{border-color:var(--bi3-lt);background:var(--bi3-bg);}
  .mini-opt.correct{border-color:var(--green)!important;background:#f0fdf4!important;color:#14532d!important;-webkit-text-fill-color:#14532d!important;}
  .mini-opt.incorrect{border-color:var(--red)!important;background:#fef2f2!important;color:#7f1d1d!important;-webkit-text-fill-color:#7f1d1d!important;}
  .mini-opt.reveal{border-color:var(--green)!important;background:#f0fdf4!important;}
  .mini-opt-letter{font-weight:700;color:var(--bi3)!important;-webkit-text-fill-color:var(--bi3)!important;min-width:18px;font-family:inherit;}
  .mini-opt.correct .mini-opt-letter{color:#14532d!important;-webkit-text-fill-color:#14532d!important;}
  .mini-opt.incorrect .mini-opt-letter{color:#7f1d1d!important;-webkit-text-fill-color:#7f1d1d!important;}
  .mini-fib-row{display:flex;gap:8px;align-items:center;flex-wrap:wrap;margin-bottom:10px;}
  .mini-fib-input{padding:8px 12px;border:2px solid #e2e8f0;border-radius:8px;font-family:monospace;font-size:14px;width:130px;outline:none;color:var(--navy)!important;background:#f8fafc;}
  .mini-fib-input:focus{border-color:var(--bi3-lt);}
  .mini-fib-input.correct{border-color:var(--green);background:#f0fdf4;}
  .mini-fib-input.incorrect{border-color:var(--red);background:#fef2f2;}
  .mini-fib-btn{padding:8px 18px;background:var(--bi3);border:none;border-radius:8px;color:#fff!important;-webkit-text-fill-color:#fff!important;font-size:13px;font-weight:700;cursor:pointer;font-family:inherit;}
  .mini-fb{font-size:13px;font-weight:500;padding:8px 12px;border-radius:7px;margin-top:6px;display:none;line-height:1.5;}
  .mini-fb.c{background:#f0fdf4;color:var(--green)!important;-webkit-text-fill-color:var(--green)!important;display:block;}
  .mini-fb.w{background:#fef2f2;color:var(--red)!important;-webkit-text-fill-color:var(--red)!important;display:block;}

  /* VOCAB */
  .vocab-table{width:100%;border-collapse:collapse;margin-bottom:24px;font-size:14px;}
  .vocab-table thead tr{background:var(--bi3);}
  .vocab-table thead th{padding:10px 16px;text-align:left;font-weight:600;color:#fff!important;-webkit-text-fill-color:#fff!important;font-size:13px;}
  .vocab-table tbody tr:nth-child(even){background:var(--bi3-bg);}
  .vocab-table tbody tr:nth-child(odd){background:#fff;}
  .vocab-table tbody td{padding:10px 16px;border-bottom:1px solid #bfdbfe;color:#374151;vertical-align:top;line-height:1.5;}
  .vocab-table tbody td:first-child{font-weight:700;color:var(--bi3-dk)!important;-webkit-text-fill-color:var(--bi3-dk)!important;white-space:nowrap;}

  /* CPT CONNECTION */
  .cpt-connection{background:#fefce8;border:1px solid #fde68a;border-left:4px solid #f59e0b;border-radius:0 10px 10px 0;padding:20px 24px;margin:28px 0;}
  .cpt-connection-label{font-size:11px;font-weight:700;letter-spacing:.08em;text-transform:uppercase;color:#92400e!important;-webkit-text-fill-color:#92400e!important;margin-bottom:8px;}
  .cpt-connection h3{font-size:16px!important;font-weight:700!important;color:#78350f!important;-webkit-text-fill-color:#78350f!important;margin:16px 0 8px!important;}
  .cpt-connection p{font-size:14px!important;color:#78350f!important;-webkit-text-fill-color:#78350f!important;line-height:1.7!important;margin-bottom:12px!important;}
  .cpt-connection a{color:#b45309!important;-webkit-text-fill-color:#b45309!important;font-weight:600;text-decoration:underline;}
  .cpt-connection code{background:#fef3c7;color:#78350f!important;-webkit-text-fill-color:#78350f!important;padding:1px 6px;border-radius:5px;font-size:13px;}
  .cpt-stems{list-style:none;padding:0;margin:0 0 8px;display:flex;flex-direction:column;gap:8px;}
  .cpt-stems li{background:#fffef5;border:1px solid #fde68a;border-radius:8px;padding:10px 14px;font-size:13px!important;color:#78350f!important;-webkit-text-fill-color:#78350f!important;line-height:1.6;}
  .cpt-code{background:#0f172a;border-radius:8px;padding:14px 16px;font-family:monospace;font-size:13px;line-height:1.8;margin:6px 0 12px;overflow-x:auto;white-space:pre;display:block;color:#e2e8f0!important;-webkit-text-fill-color:#e2e8f0!important;}

  /* EMAIL */
  .email-capture{background:linear-gradient(135deg,#1e3a8a 0%,#1e40af 100%);border-radius:12px;padding:24px 28px;margin-bottom:36px;display:flex;align-items:center;gap:24px;flex-wrap:wrap;}
  .email-capture-text{flex:1;min-width:200px;}
  .email-capture-eyebrow{font-size:11px;font-weight:700;letter-spacing:.1em;text-transform:uppercase;color:var(--bi3-lt)!important;-webkit-text-fill-color:var(--bi3-lt)!important;margin-bottom:4px;}
  .email-capture h3{font-size:16px!important;font-weight:700!important;color:#fff!important;-webkit-text-fill-color:#fff!important;margin-bottom:4px!important;}
  .email-capture p{font-size:13px!important;color:#94a3b8!important;-webkit-text-fill-color:#94a3b8!important;margin-bottom:0!important;line-height:1.5!important;}
  .email-capture-form{display:flex;gap:8px;flex-wrap:wrap;flex-shrink:0;}
  .email-capture-input{padding:10px 14px;border-radius:8px;border:1px solid rgba(255,255,255,.2);background:rgba(255,255,255,.1);color:#fff!important;font-size:14px;font-family:inherit;min-width:180px;outline:none;}
  .email-capture-btn{padding:10px 20px!important;background:var(--bi3)!important;color:#fff!important;-webkit-text-fill-color:#fff!important;border:none!important;border-radius:8px!important;font-size:14px!important;font-weight:600!important;cursor:pointer!important;font-family:inherit!important;}
  .email-capture-success{display:none;font-size:14px;color:#93c5fd!important;-webkit-text-fill-color:#93c5fd!important;font-weight:600;padding:10px 0;}

  /* MCQ */
  .mcq-section{background:#fff;border:1px solid #e2e8f0;border-radius:14px;padding:28px;margin-bottom:40px;}
  .mcq-section-header{display:flex;align-items:center;gap:12px;margin-bottom:24px;padding-bottom:16px;border-bottom:2px solid var(--bi3-bg);}
  .mcq-section-icon{width:40px;height:40px;border-radius:10px;background:var(--bi3-bg);display:flex;align-items:center;justify-content:center;font-size:18px;flex-shrink:0;}
  .mcq-section-title{font-family:""DM Serif Display"",serif;font-size:20px;color:var(--navy)!important;-webkit-text-fill-color:var(--navy)!important;}
  .mcq-section-sub{font-size:13px;color:var(--slate);}
  .mcq-item{margin-bottom:28px;padding-bottom:28px;border-bottom:1px solid #f1f5f9;}
  .mcq-item:last-child{border-bottom:none;margin-bottom:0;padding-bottom:0;}
  .mcq-q-num{font-size:11px;font-weight:700;letter-spacing:.08em;text-transform:uppercase;color:var(--slate);margin-bottom:8px;}
  .diff-tag{display:inline-block;font-size:10px;font-weight:700;letter-spacing:.06em;text-transform:uppercase;padding:2px 8px;border-radius:100px;margin-left:8px;background:#fef2f2;color:#b91c1c!important;-webkit-text-fill-color:#b91c1c!important;border:1px solid #fca5a5;}
  .mcq-q-text{font-size:15px!important;font-weight:600!important;color:#0f1f3d!important;-webkit-text-fill-color:#0f1f3d!important;line-height:1.6!important;margin-bottom:12px!important;}
  .predict-note{font-size:12px;font-style:italic;color:#64748b!important;-webkit-text-fill-color:#64748b!important;margin-bottom:12px;}
  .mcq-code{background:#0f172a;border-radius:8px;padding:12px 14px;margin:10px 0 14px;font-family:monospace;font-size:13px;line-height:1.75;color:#e2e8f0!important;-webkit-text-fill-color:#e2e8f0!important;white-space:pre;overflow-x:auto;display:block;}
  .mcq-code .k{color:#93c5fd!important;-webkit-text-fill-color:#93c5fd!important;}
  .mcq-code .s{color:#f9a8d4!important;-webkit-text-fill-color:#f9a8d4!important;}
  .mcq-code .n{color:#fde68a!important;-webkit-text-fill-color:#fde68a!important;}
  .mcq-code .c{color:#64748b!important;-webkit-text-fill-color:#64748b!important;font-style:italic;}
  .mcq-roman{list-style:none;padding:0;margin:10px 0 14px;display:flex;flex-direction:column;gap:6px;}
  .mcq-roman li{font-family:monospace;font-size:13px;color:#1e293b!important;-webkit-text-fill-color:#1e293b!important;background:#f1f5f9;border-radius:6px;padding:8px 12px;}
  .mcq-roman li strong{color:var(--bi3-dk)!important;-webkit-text-fill-color:var(--bi3-dk)!important;font-family:""DM Sans"",sans-serif;margin-right:8px;}
  .mcq-options{display:flex;flex-direction:column;gap:8px;margin-bottom:12px;}
  .mcq-option{display:flex!important;align-items:flex-start!important;gap:12px!important;padding:11px 14px!important;border:2px solid #e2e8f0!important;border-radius:8px!important;cursor:pointer!important;background:#f8fafc!important;font-size:14px!important;color:#374151!important;-webkit-text-fill-color:#374151!important;line-height:1.5!important;text-align:left!important;width:100%!important;font-family:inherit!important;}
  .mcq-option:hover{border-color:var(--bi3-lt)!important;background:var(--bi3-bg)!important;}
  .mcq-option.correct{border-color:var(--green)!important;background:#f0fdf4!important;color:#14532d!important;-webkit-text-fill-color:#14532d!important;}
  .mcq-option.incorrect{border-color:var(--red)!important;background:#fef2f2!important;color:#7f1d1d!important;-webkit-text-fill-color:#7f1d1d!important;}
  .mcq-option.revealed-correct{border-color:var(--green)!important;background:#f0fdf4!important;}
  .mcq-option-letter{font-weight:700!important;color:var(--bi3)!important;-webkit-text-fill-color:var(--bi3)!important;flex-shrink:0!important;min-width:18px!important;}
  .mcq-option.correct .mcq-option-letter{color:#14532d!important;-webkit-text-fill-color:#14532d!important;}
  .mcq-option.incorrect .mcq-option-letter{color:#7f1d1d!important;-webkit-text-fill-color:#7f1d1d!important;}
  .mcq-feedback{display:none!important;padding:12px 16px!important;border-radius:8px!important;font-size:14px!important;line-height:1.6!important;margin-top:8px!important;}
  .mcq-feedback.show{display:block!important;}
  .mcq-feedback.correct-fb{background:#f0fdf4!important;color:#14532d!important;-webkit-text-fill-color:#14532d!important;border:1px solid #bbf7d0!important;}
  .mcq-feedback.incorrect-fb{background:#fef2f2!important;color:#7f1d1d!important;-webkit-text-fill-color:#7f1d1d!important;border:1px solid #fecaca!important;}

  /* GAME */
  .game-section{background:linear-gradient(135deg,#1e3a8a 0%,#1e40af 100%);border-radius:14px;padding:28px;margin-bottom:40px;}
  .game-badge{display:inline-block;background:rgba(147,197,253,.15);border:1px solid rgba(147,197,253,.35);color:var(--bi3-lt)!important;-webkit-text-fill-color:var(--bi3-lt)!important;font-size:11px;font-weight:700;letter-spacing:.1em;text-transform:uppercase;padding:5px 14px;border-radius:100px;margin-bottom:10px;}
  .game-title{font-family:""DM Serif Display"",serif!important;font-size:24px!important;color:#fff!important;-webkit-text-fill-color:#fff!important;margin-bottom:4px!important;}
  .game-sub{font-size:13px!important;color:#94a3b8!important;-webkit-text-fill-color:#94a3b8!important;margin-bottom:20px!important;}
  .vt-score-bar{display:flex;justify-content:space-between;background:rgba(255,255,255,.06);border-radius:10px;padding:12px 20px;margin-bottom:20px;flex-wrap:wrap;gap:8px;}
  .vt-stat{text-align:center;}
  .vt-stat-val{font-size:20px;font-weight:800;color:#fff!important;-webkit-text-fill-color:#fff!important;line-height:1;}
  .vt-stat-lbl{font-size:10px;color:#94a3b8!important;-webkit-text-fill-color:#94a3b8!important;margin-top:2px;}
  .vt-code-card{background:rgba(255,255,255,.06);border:1px solid rgba(255,255,255,.1);border-radius:12px;padding:18px 20px;margin-bottom:16px;}
  .vt-code-label{font-size:11px;font-weight:700;letter-spacing:.06em;text-transform:uppercase;color:var(--bi3-lt)!important;-webkit-text-fill-color:var(--bi3-lt)!important;margin-bottom:10px;}
  .vt-code-lines{font-family:monospace;font-size:14px;line-height:2;color:#e2e8f0!important;-webkit-text-fill-color:#e2e8f0!important;}
  .vt-line{display:block;padding:2px 8px;border-radius:4px;white-space:pre;}
  .vt-line.hl{background:rgba(147,197,253,.2);color:#93c5fd!important;-webkit-text-fill-color:#93c5fd!important;}
  .vt-question{font-size:15px;font-weight:600;color:#e2e8f0!important;-webkit-text-fill-color:#e2e8f0!important;margin-bottom:14px;}
  .vt-options{display:grid;grid-template-columns:1fr 1fr;gap:8px;margin-bottom:14px;}
  .vt-btn{padding:12px;border-radius:9px;border:2px solid rgba(255,255,255,.15);background:rgba(255,255,255,.06);cursor:pointer;font-size:15px;font-weight:700;color:#e2e8f0!important;-webkit-text-fill-color:#e2e8f0!important;font-family:monospace;transition:all .15s;}
  .vt-btn:hover{border-color:var(--bi3-lt);background:rgba(26,86,219,.2);}
  .vt-btn.c{border-color:#4ade80;background:rgba(74,222,128,.15);color:#4ade80!important;-webkit-text-fill-color:#4ade80!important;}
  .vt-btn.w{border-color:#f87171;background:rgba(248,113,113,.15);color:#f87171!important;-webkit-text-fill-color:#f87171!important;}
  .vt-btn.rv{border-color:#4ade80;background:rgba(74,222,128,.08);}
  .vt-fb{padding:10px 14px;border-radius:8px;font-size:13px;font-weight:500;margin-bottom:12px;display:none;line-height:1.5;}
  .vt-fb.c{background:rgba(74,222,128,.1);color:#4ade80!important;-webkit-text-fill-color:#4ade80!important;display:block;}
  .vt-fb.w{background:rgba(248,113,113,.1);color:#f87171!important;-webkit-text-fill-color:#f87171!important;display:block;}
  .vt-next{display:none;width:100%;padding:12px;background:rgba(255,255,255,.1);border:2px solid rgba(255,255,255,.2);border-radius:8px;color:#fff!important;-webkit-text-fill-color:#fff!important;font-size:14px;font-weight:600;cursor:pointer;font-family:inherit;}
  .vt-next.show{display:block;}
  .vt-results{display:none;text-align:center;padding:20px;}
  .vt-results.show{display:block;}
  .vt-res-score{font-family:""DM Serif Display"",serif;font-size:52px;color:#fff!important;-webkit-text-fill-color:#fff!important;line-height:1;}
  .vt-res-lbl{font-size:14px;color:#94a3b8!important;-webkit-text-fill-color:#94a3b8!important;margin-bottom:12px;}
  .vt-res-msg{font-size:14px;color:#bfdbfe!important;-webkit-text-fill-color:#bfdbfe!important;margin-bottom:20px;line-height:1.6;}
  .vt-restart{background:rgba(255,255,255,.1);color:#fff!important;-webkit-text-fill-color:#fff!important;border:2px solid rgba(255,255,255,.2);border-radius:8px;padding:11px 24px;font-size:14px;font-weight:600;cursor:pointer;font-family:inherit;}

  /* CODE EDITOR (Pyodide live) */
  .code-editor-section{background:#0f172a;border-radius:14px;padding:28px;margin-bottom:40px;}
  .code-editor-badge{display:inline-block;background:rgba(147,197,253,.15);border:1px solid rgba(147,197,253,.35);color:var(--bi3-lt)!important;-webkit-text-fill-color:var(--bi3-lt)!important;font-size:11px;font-weight:700;letter-spacing:.1em;text-transform:uppercase;padding:5px 14px;border-radius:100px;margin-bottom:10px;}
  .code-editor-title{font-family:""DM Serif Display"",serif!important;font-size:22px!important;color:#fff!important;-webkit-text-fill-color:#fff!important;margin-bottom:4px!important;}
  .code-editor-sub{font-size:13px!important;color:#94a3b8!important;-webkit-text-fill-color:#94a3b8!important;margin-bottom:20px!important;line-height:1.6;}
  .code-problem{background:rgba(255,255,255,.04);border:1px solid rgba(255,255,255,.08);border-radius:10px;padding:18px 20px;margin-bottom:16px;}
  .scaffold-badge{display:inline-block;font-size:10px;font-weight:700;letter-spacing:.06em;text-transform:uppercase;padding:3px 10px;border-radius:100px;background:rgba(147,197,253,.15);color:var(--bi3-lt)!important;-webkit-text-fill-color:var(--bi3-lt)!important;border:1px solid rgba(147,197,253,.35);margin-bottom:8px;}
  .code-problem-num{font-size:11px;font-weight:700;letter-spacing:.06em;text-transform:uppercase;color:var(--bi3-lt)!important;-webkit-text-fill-color:var(--bi3-lt)!important;margin-bottom:8px;}
  .code-problem-prompt{font-size:14px!important;color:#e2e8f0!important;-webkit-text-fill-color:#e2e8f0!important;line-height:1.6!important;margin-bottom:12px!important;}
  .code-problem-prompt code{background:rgba(147,197,253,.12);color:#bfdbfe!important;-webkit-text-fill-color:#bfdbfe!important;padding:1px 6px;border-radius:5px;font-size:12px;}
  .code-textarea{width:100%;min-height:120px;background:#020617;border:2px solid rgba(255,255,255,.1);border-radius:8px;padding:14px 16px;font-family:monospace;font-size:13px;color:#e2e8f0!important;resize:vertical;outline:none;line-height:1.8;}
  .code-textarea:focus{border-color:var(--bi3-lt);}
  .code-btn-row{display:flex;gap:8px;margin-top:10px;flex-wrap:wrap;align-items:center;}
  .code-run-btn{padding:9px 20px!important;background:var(--bi3)!important;color:#fff!important;-webkit-text-fill-color:#fff!important;border:none!important;border-radius:7px!important;font-size:13px!important;font-weight:700!important;cursor:pointer!important;font-family:inherit!important;}
  .code-run-btn:disabled{opacity:.6;cursor:wait;}
  .code-hint-btn,.code-sol-btn{padding:9px 16px!important;background:rgba(255,255,255,.06)!important;color:#94a3b8!important;-webkit-text-fill-color:#94a3b8!important;border:1px solid rgba(255,255,255,.12)!important;border-radius:7px!important;font-size:13px!important;cursor:pointer!important;font-family:inherit!important;}
  .code-output{margin-top:10px;background:#020617;border-radius:8px;padding:12px 16px;font-family:monospace;font-size:13px;min-height:44px;display:none;line-height:1.7;white-space:pre-wrap;word-break:break-word;color:#e2e8f0!important;-webkit-text-fill-color:#e2e8f0!important;}
  .code-output.show{display:block;}
  .code-output.ok{color:#4ade80!important;-webkit-text-fill-color:#4ade80!important;}
  .code-output.err{color:#f87171!important;-webkit-text-fill-color:#f87171!important;}
  .code-hint{margin-top:8px;background:rgba(147,197,253,.06);border:1px solid rgba(147,197,253,.2);border-radius:8px;padding:10px 14px;font-size:13px;color:#bfdbfe!important;-webkit-text-fill-color:#bfdbfe!important;display:none;line-height:1.6;}
  .code-hint.show{display:block;}
  .code-solution{margin-top:8px;background:rgba(74,222,128,.06);border:1px solid rgba(74,222,128,.2);border-radius:8px;padding:12px 14px;font-family:monospace;font-size:13px;color:#bbf7d0!important;-webkit-text-fill-color:#bbf7d0!important;display:none;white-space:pre;line-height:1.8;overflow-x:auto;}
  .code-solution.show{display:block;}

  /* FAQ */
  .faq-section{margin-bottom:40px;}
  .faq-section h2{font-family:""DM Serif Display"",serif!important;font-size:24px!important;color:var(--navy)!important;-webkit-text-fill-color:var(--navy)!important;margin-bottom:14px!important;padding-bottom:10px!important;border-bottom:2px solid var(--bi3-bg)!important;}
  .faq-item{background:#fff;border:1px solid #e2e8f0;border-radius:10px;margin-bottom:10px;overflow:hidden;}
  .faq-q{width:100%;text-align:left;padding:16px 20px;background:none;border:none;cursor:pointer;display:flex;align-items:center;justify-content:space-between;gap:12px;font-size:15px!important;font-weight:600!important;color:var(--navy)!important;-webkit-text-fill-color:var(--navy)!important;font-family:inherit!important;line-height:1.4!important;}
  .faq-q:hover{background:#f8fafc;}
  .faq-icon{font-size:18px;color:var(--bi3)!important;-webkit-text-fill-color:var(--bi3)!important;flex-shrink:0;transition:transform .2s;font-style:normal;}
  .faq-item.open .faq-icon{transform:rotate(45deg);}
  .faq-a{display:none;padding:0 20px 16px;font-size:14px!important;color:#374151!important;-webkit-text-fill-color:#374151!important;line-height:1.7!important;border-top:1px solid #f1f5f9;}
  .faq-item.open .faq-a{display:block;}
  .faq-a code{background:#eef2ff;color:#1e3a8a!important;-webkit-text-fill-color:#1e3a8a!important;padding:1px 6px;border-radius:5px;font-size:13px;}

  /* RELATED + SUPERPACK + TEACHER + NAV */
  .related-links{background:#fff;border:1px solid #e2e8f0;border-radius:12px;padding:24px;margin-bottom:40px;}
  .related-links h3{font-size:15px!important;font-weight:700!important;color:var(--navy)!important;-webkit-text-fill-color:var(--navy)!important;margin-bottom:14px!important;}
  .related-links-grid{display:grid;grid-template-columns:repeat(auto-fill,minmax(200px,1fr));gap:8px;}
  .related-link{display:flex;align-items:center;gap:8px;padding:10px 12px;border-radius:8px;background:#f8fafc;text-decoration:none;font-size:13px!important;font-weight:500!important;color:var(--bi3)!important;-webkit-text-fill-color:var(--bi3)!important;border:1px solid #bfdbfe;transition:background .15s;line-height:1.3;}
  .related-link:link,.related-link:visited{color:var(--bi3)!important;-webkit-text-fill-color:var(--bi3)!important;}
  .related-link:hover{background:var(--bi3-bg);}
  .related-ext{color:var(--slate)!important;-webkit-text-fill-color:var(--slate)!important;border-color:#e2e8f0;}
  .superpack-slim{background:#fff;border:1px solid #bfdbfe;border-radius:10px;padding:16px 20px;display:flex;align-items:center;justify-content:space-between;gap:16px;flex-wrap:wrap;margin-bottom:36px;}
  .superpack-slim-icon{width:36px;height:36px;border-radius:8px;background:var(--bi3-bg);display:flex;align-items:center;justify-content:center;font-size:16px;flex-shrink:0;}
  .superpack-slim-text{font-size:14px;color:var(--navy)!important;-webkit-text-fill-color:var(--navy)!important;font-weight:600;line-height:1.3;}
  .superpack-slim-sub{font-size:12px;color:var(--slate);font-weight:400;display:block;margin-top:2px;}
  .superpack-slim-btn{display:inline-flex!important;align-items:center!important;gap:6px!important;background:var(--bi3)!important;color:#fff!important;-webkit-text-fill-color:#fff!important;padding:9px 18px!important;border-radius:7px!important;font-size:13px!important;font-weight:600!important;text-decoration:none!important;white-space:nowrap!important;}
  .superpack-slim-btn:link,.superpack-slim-btn:visited{color:#fff!important;-webkit-text-fill-color:#fff!important;}
  .teacher-callout{background:#f0f9ff;border:1px solid #bae6fd;border-radius:10px;padding:18px 22px;margin-bottom:28px;display:flex;align-items:flex-start;gap:14px;}
  .teacher-callout-icon{font-size:22px;flex-shrink:0;margin-top:2px;}
  .teacher-callout-body{flex:1;}
  .teacher-callout-label{font-size:12px;font-weight:700;letter-spacing:.06em;text-transform:uppercase;color:#0369a1!important;-webkit-text-fill-color:#0369a1!important;margin-bottom:4px;}
  .teacher-callout-body p{font-size:14px!important;color:#0c4a6e!important;-webkit-text-fill-color:#0c4a6e!important;margin-bottom:0!important;line-height:1.6!important;}
  .teacher-callout-body a{color:#0369a1!important;-webkit-text-fill-color:#0369a1!important;font-weight:600;text-decoration:underline;}
  .lesson-nav{display:grid;grid-template-columns:1fr 1fr;gap:14px;margin-bottom:40px;}
  .nav-card{background:#fff;border:1px solid #e2e8f0;border-radius:10px;padding:16px 20px;text-decoration:none;color:inherit;transition:box-shadow .15s;display:block;}
  .nav-card:hover{box-shadow:0 4px 16px rgba(26,86,219,.1);border-color:#bfdbfe;}
  .nav-card-dir{font-size:11px;font-weight:700;letter-spacing:.08em;text-transform:uppercase;color:var(--slate);margin-bottom:4px;}
  .nav-card-title{font-size:14px;font-weight:700;color:var(--bi3)!important;-webkit-text-fill-color:var(--bi3)!important;line-height:1.3;}
  .nav-card.next{border-left:3px solid var(--bi3);}

  @media(max-width:600px){
    .lesson-hero{padding:36px 20px 32px;}
    .lesson-main{padding:32px 20px 60px;}
    .vt-options{grid-template-columns:1fr 1fr;}
    .lesson-nav{grid-template-columns:1fr;}
    .mini-opts{gap:6px;}
  }
</style>
<style>
.code-usage{font-size:12px!important;color:#94a3b8!important;-webkit-text-fill-color:#94a3b8!important;margin:-6px 0 18px!important;padding:8px 12px!important;background:rgba(255,255,255,.04)!important;border:1px solid rgba(255,255,255,.08)!important;border-radius:8px!important;display:block!important;}
.code-usage strong{color:#bfdbfe!important;-webkit-text-fill-color:#bfdbfe!important;}
.code-problem-prompt ul.rules{margin:10px 0 4px!important;padding-left:0!important;list-style:none!important;}
.code-problem-prompt ul.rules li{position:relative;padding:3px 0 3px 20px!important;font-size:14px;color:#e2e8f0!important;-webkit-text-fill-color:#e2e8f0!important;line-height:1.55;}
.code-problem-prompt ul.rules li::before{content:""\25B8"";position:absolute;left:2px;color:#93c5fd!important;-webkit-text-fill-color:#93c5fd!important;}
.mcq-q-text ul.rules,.mini-ex-q ul.rules{margin:10px 0 4px!important;padding-left:0!important;list-style:none!important;}
.mcq-q-text ul.rules li,.mini-ex-q ul.rules li{position:relative;padding:3px 0 3px 20px!important;font-size:15px;font-weight:400;color:#1e293b!important;-webkit-text-fill-color:#1e293b!important;line-height:1.5;}
.mcq-q-text ul.rules li::before,.mini-ex-q ul.rules li::before{content:""\25B8"";position:absolute;left:2px;color:#1a56db!important;-webkit-text-fill-color:#1a56db!important;}
</style>
<style>

.lesson-visual{margin:0 0 40px!important;}
.lv-kicker{font-size:11px!important;font-weight:700!important;letter-spacing:.1em!important;text-transform:uppercase!important;color:#1a56db!important;-webkit-text-fill-color:#1a56db!important;margin:0 0 10px!important;}
/* before/after panel */
.ba{background:#fff!important;border:1px solid #e2e8f0!important;border-radius:14px!important;padding:20px!important;margin:0 0 14px!important;}
.ba-cap-top{font-size:12px!important;font-weight:700!important;letter-spacing:.06em!important;text-transform:uppercase!important;color:#1a56db!important;-webkit-text-fill-color:#1a56db!important;margin:0 0 14px!important;}
.ba-grid{display:grid!important;grid-template-columns:1fr auto 1fr!important;align-items:center!important;gap:14px!important;}
.ba-panel{border-radius:12px!important;padding:16px 14px!important;text-align:center!important;}
.ba-panel.before{background:#f8fafc!important;border:1px solid #e2e8f0!important;}
.ba-panel.after{background:#f0fdf4!important;border:1px solid #bbf7d0!important;}
.ba-label{font-size:11px!important;font-weight:700!important;letter-spacing:.05em!important;text-transform:uppercase!important;margin:0 0 8px!important;}
.ba-panel.before .ba-label{color:#64748b!important;-webkit-text-fill-color:#64748b!important;}
.ba-panel.after .ba-label{color:#166534!important;-webkit-text-fill-color:#166534!important;}
.ba-data{font-family:monospace!important;font-size:15px!important;letter-spacing:1px!important;color:#1e293b!important;-webkit-text-fill-color:#1e293b!important;word-break:break-all!important;}
.ba-meta{font-size:12px!important;color:#94a3b8!important;-webkit-text-fill-color:#94a3b8!important;margin-top:6px!important;}
.ba-arrow{font-size:26px!important;color:#1a56db!important;-webkit-text-fill-color:#1a56db!important;font-weight:700!important;}
.ba-caption{font-size:13px!important;color:#475569!important;-webkit-text-fill-color:#475569!important;line-height:1.55!important;margin:14px 0 0!important;padding-top:12px!important;border-top:1px solid #f1f5f9!important;}
.ba-caption strong{color:#166534!important;-webkit-text-fill-color:#166534!important;}
/* dark interactive card shell (shared by binary/rle/parallel/packet/io) */
.wgt{background:#0f172a!important;border-radius:16px!important;padding:22px!important;border:1px solid #1e293b!important;margin:0 0 14px!important;}
.wgt-h{font-family:""DM Serif Display"",serif!important;font-size:18px!important;color:#fff!important;-webkit-text-fill-color:#fff!important;margin:0 0 3px!important;}
.wgt-sub{font-size:13px!important;color:#93c5fd!important;-webkit-text-fill-color:#93c5fd!important;margin:0 0 18px!important;}
.wgt-btns{display:flex!important;gap:8px!important;justify-content:center!important;flex-wrap:wrap!important;margin-top:14px!important;}
.wgt-btn{font-family:""DM Sans"",sans-serif!important;font-size:13px!important;font-weight:700!important;padding:8px 14px!important;border-radius:9px!important;border:1px solid #334155!important;background:#1e293b!important;color:#cbd5e1!important;-webkit-text-fill-color:#cbd5e1!important;cursor:pointer!important;}
.wgt-btn:hover{background:#334155!important;}
.wgt-note{font-size:12.5px!important;color:#94a3b8!important;-webkit-text-fill-color:#94a3b8!important;text-align:center!important;margin:12px 0 0!important;line-height:1.5!important;}
.wgt-note.warn{color:#fca5a5!important;-webkit-text-fill-color:#fca5a5!important;}
.wgt-note.good{color:#86efac!important;-webkit-text-fill-color:#86efac!important;}
/* binary */
.bpv-strip{display:flex!important;gap:6px!important;justify-content:center!important;flex-wrap:wrap!important;}
.bpv-col{display:flex!important;flex-direction:column!important;align-items:center!important;gap:6px!important;}
.bpv-pv{font-size:12px!important;font-weight:700!important;color:#64748b!important;-webkit-text-fill-color:#64748b!important;font-variant-numeric:tabular-nums!important;}
.bpv-bit{width:44px!important;height:54px!important;border-radius:10px!important;border:2px solid #334155!important;background:#1e293b!important;color:#64748b!important;-webkit-text-fill-color:#64748b!important;font-family:monospace!important;font-size:23px!important;font-weight:700!important;cursor:pointer!important;}
.bpv-bit.on{background:#1a56db!important;border-color:#60a5fa!important;color:#fff!important;-webkit-text-fill-color:#fff!important;}
.bpv-read{display:flex!important;align-items:baseline!important;justify-content:center!important;gap:14px!important;margin:20px 0 0!important;flex-wrap:wrap!important;}
.bpv-binary{font-family:monospace!important;font-size:22px!important;letter-spacing:2px!important;color:#e2e8f0!important;-webkit-text-fill-color:#e2e8f0!important;}
.bpv-eq{font-size:22px!important;color:#64748b!important;-webkit-text-fill-color:#64748b!important;}
.bpv-dec{font-family:""DM Serif Display"",serif!important;font-size:34px!important;color:#4ade80!important;-webkit-text-fill-color:#4ade80!important;line-height:1!important;}
/* rle */
.rle-in{width:100%!important;box-sizing:border-box!important;font-family:monospace!important;font-size:15px!important;padding:10px 12px!important;border-radius:9px!important;border:1px solid #334155!important;background:#1e293b!important;color:#e2e8f0!important;-webkit-text-fill-color:#e2e8f0!important;letter-spacing:1px!important;}
.rle-row{display:flex!important;gap:12px!important;flex-wrap:wrap!important;margin-top:14px!important;}
.rle-cell{flex:1!important;min-width:130px!important;background:#1e293b!important;border-radius:10px!important;padding:12px!important;text-align:center!important;}
.rle-cell .l{font-size:11px!important;font-weight:700!important;text-transform:uppercase!important;letter-spacing:.05em!important;color:#64748b!important;-webkit-text-fill-color:#64748b!important;margin-bottom:6px!important;}
.rle-cell .v{font-family:monospace!important;font-size:16px!important;color:#e2e8f0!important;-webkit-text-fill-color:#e2e8f0!important;word-break:break-all!important;}
.rle-cell.out .v{color:#4ade80!important;-webkit-text-fill-color:#4ade80!important;}
.rle-cell .m{font-size:12px!important;color:#94a3b8!important;-webkit-text-fill-color:#94a3b8!important;margin-top:4px!important;}
/* parallel timeline */
.ptl-ctl{display:flex!important;align-items:center!important;gap:12px!important;justify-content:center!important;flex-wrap:wrap!important;margin-bottom:16px!important;}
.ptl-ctl label{font-size:13px!important;color:#cbd5e1!important;-webkit-text-fill-color:#cbd5e1!important;font-weight:700!important;}
.ptl-ctl input[type=range]{width:180px!important;}
.ptl-ctl .n{font-family:""DM Serif Display"",serif!important;font-size:22px!important;color:#93c5fd!important;-webkit-text-fill-color:#93c5fd!important;min-width:28px!important;text-align:center!important;}
.ptl-bar{height:26px!important;border-radius:6px!important;margin:8px 0!important;display:flex!important;overflow:hidden!important;}
.ptl-seg{height:100%!important;display:flex!important;align-items:center!important;justify-content:center!important;font-size:11px!important;font-weight:700!important;color:#0f172a!important;-webkit-text-fill-color:#0f172a!important;white-space:nowrap!important;}
.ptl-seg.seq{background:#fca5a5!important;}
.ptl-seg.par{background:#6ee7b7!important;}
.ptl-lbl{font-size:12px!important;color:#94a3b8!important;-webkit-text-fill-color:#94a3b8!important;margin-bottom:2px!important;}
.ptl-stat{display:flex!important;gap:18px!important;justify-content:center!important;margin-top:14px!important;flex-wrap:wrap!important;}
.ptl-stat div{text-align:center!important;}
.ptl-stat .k{font-size:11px!important;text-transform:uppercase!important;letter-spacing:.05em!important;color:#64748b!important;-webkit-text-fill-color:#64748b!important;}
.ptl-stat .v{font-family:""DM Serif Display"",serif!important;font-size:26px!important;color:#4ade80!important;-webkit-text-fill-color:#4ade80!important;}
/* packet */
.pkt-track{display:flex!important;gap:8px!important;justify-content:center!important;flex-wrap:wrap!important;min-height:64px!important;}
.pkt{width:58px!important;border-radius:9px!important;background:#1e293b!important;border:1px solid #334155!important;padding:8px 4px!important;text-align:center!important;}
.pkt .seq{font-size:10px!important;font-weight:700!important;color:#93c5fd!important;-webkit-text-fill-color:#93c5fd!important;}
.pkt .ch{font-family:monospace!important;font-size:20px!important;color:#e2e8f0!important;-webkit-text-fill-color:#e2e8f0!important;margin-top:2px!important;}
.pkt.lost{opacity:.35!important;border-style:dashed!important;}
.pkt-msg{font-family:monospace!important;font-size:20px!important;letter-spacing:3px!important;text-align:center!important;margin-top:16px!important;color:#4ade80!important;-webkit-text-fill-color:#4ade80!important;min-height:24px!important;}
/* io mapper */
.iom-flow{display:grid!important;grid-template-columns:1fr auto 1fr auto 1fr!important;align-items:center!important;gap:10px!important;}
.iom-box{background:#1e293b!important;border-radius:12px!important;padding:14px!important;text-align:center!important;}
.iom-box .l{font-size:10px!important;font-weight:700!important;text-transform:uppercase!important;letter-spacing:.05em!important;color:#64748b!important;-webkit-text-fill-color:#64748b!important;margin-bottom:6px!important;}
.iom-box .v{font-size:15px!important;font-weight:700!important;color:#e2e8f0!important;-webkit-text-fill-color:#e2e8f0!important;}
.iom-box.prog{background:#1a3a6b!important;}
.iom-box.out .v{color:#4ade80!important;-webkit-text-fill-color:#4ade80!important;}
.iom-ar{font-size:20px!important;color:#1a56db!important;-webkit-text-fill-color:#1a56db!important;font-weight:700!important;}
.iom-temp{font-family:""DM Serif Display"",serif!important;font-size:26px!important;color:#93c5fd!important;-webkit-text-fill-color:#93c5fd!important;}
@media(max-width:520px){.ba-grid{grid-template-columns:1fr!important;}.ba-arrow{transform:rotate(90deg)!important;}.iom-flow{grid-template-columns:1fr!important;}.iom-ar{transform:rotate(90deg)!important;}}

</style>

<script type=""application/ld+json"">
{""@context"": ""https://schema.org"", ""@type"": ""BreadcrumbList"", ""itemListElement"": [{""@type"": ""ListItem"", ""position"": 1, ""name"": ""AP CSP Course"", ""item"": ""https://apcsexamprep.com/pages/ap-csp-course""}, {""@type"": ""ListItem"", ""position"": 2, ""name"": ""Big Idea 2"", ""item"": ""https://apcsexamprep.com/pages/ap-csp-course-big-idea-2-data""}, {""@type"": ""ListItem"", ""position"": 3, ""name"": ""Topic 2.4: Using Programs with Data"", ""item"": ""https://apcsexamprep.com/pages/ap-csp-course-bi2-using-programs-with-data""}]}</script>
<script type=""application/ld+json"">
{""@context"": ""https://schema.org"", ""@type"": ""LearningResource"", ""name"": ""AP CSP Topic 2.4: Using Programs with Data"", ""description"": ""AP CSP Topic 2.4: using programs to process data, cleaning and transforming data, visualizations, and how programs scale to large data sets. 6 exam MCQs plus the Trend Hunter game."", ""url"": ""https://apcsexamprep.com/pages/ap-csp-course-bi2-using-programs-with-data"", ""educationalLevel"": ""High School"", ""learningResourceType"": ""Lesson"", ""author"": {""@type"": ""Person"", ""name"": ""Tanner Crow""}, ""isPartOf"": {""@type"": ""Course"", ""name"": ""AP Computer Science Principles Complete Course"", ""url"": ""https://apcsexamprep.com/pages/ap-csp-course""}, ""datePublished"": ""2026-03-01""}</script>
<script type=""application/ld+json"">
{""@context"": ""https://schema.org"", ""@type"": ""FAQPage"", ""mainEntity"": [{""@type"": ""Question"", ""name"": ""Why does data need to be cleaned before a program analyzes it?"", ""acceptedAnswer"": {""@type"": ""Answer"", ""text"": ""Raw data usually contains incomplete, duplicate, or invalid records and inconsistent formats. If you analyze it as is, the program computes a wrong answer: duplicates inflate counts, blanks distort averages, and mixed formats break sorting and grouping. Cleaning makes the data usable and consistent so the insight is valid.""}}, {""@type"": ""Question"", ""name"": ""What is the difference between removing records and transforming data?"", ""acceptedAnswer"": {""@type"": ""Answer"", ""text"": ""Removing records deletes rows that should not be counted, such as duplicates, blanks, or impossible values. Transforming, or standardizing, changes the form of the values that stay, such as writing every date the same way or converting units, so they can be compared. Both are cleaning, but one drops data and the other reformats it.""}}, {""@type"": ""Question"", ""name"": ""How do I know which visualization to use?"", ""acceptedAnswer"": {""@type"": ""Answer"", ""text"": ""Start from the question. Change over time fits a line graph, comparing a few categories fits a bar chart, geographic patterns fit a map, and a relationship between two numeric variables fits a scatter plot. The right choice is the one that makes the pattern the question asks about easy to see.""}}, {""@type"": ""Question"", ""name"": ""Can a visualization be misleading even if the data is real?"", ""acceptedAnswer"": {""@type"": ""Answer"", ""text"": ""Yes. A vertical axis that does not start at zero can exaggerate a tiny difference, a cherry-picked time range can hide a trend, and a chart can imply a cause that the data only shows as a correlation. Always check the axes, the source data, and whether the claim matches what the chart actually shows.""}}, {""@type"": ""Question"", ""name"": ""How does this topic connect to the Create Performance Task?"", ""acceptedAnswer"": {""@type"": ""Answer"", ""text"": ""A very common Create Task program stores data in a list and uses a student-developed procedure to process it, such as filtering or summarizing the elements. That is the same 'process data to gain insight' idea from this lesson, so practicing it here prepares you for both the task and the multiple-choice questions.""}}]}</script>

<div class=""lesson-page"" data-course=""ap-csp"" data-unit=""bi-2"" data-lesson=""using-programs-with-data"">

  <div class=""lesson-breadcrumb"">
    <div class=""lesson-breadcrumb-inner"">
      <a href=""/pages/ap-csp-course"">AP CSP Course</a><span class=""bc-sep"">›</span>
      <a href=""/pages/ap-csp-course-big-idea-2-data"">Big Idea 2</a><span class=""bc-sep"">›</span>
      <span>2.4 Using Programs with Data</span>
    </div>
  </div>
  <div class=""social-proof-bar"">
    <div class=""social-proof-inner"">
      <span class=""social-proof-item"">⭐ <strong>5.0</strong> Wyzant rating</span>
      <span class=""social-proof-item"">📚 <strong>1,845+</strong> tutoring hours</span>
      <span class=""social-proof-item"">🏫 Built by an <strong>AP CS teacher</strong> with 11+ years experience</span>
      <span class=""social-proof-item"">🎯 <strong>70%</strong> of classroom students score 4 or 5 on AP CSP</span>
    </div>
  </div>
  <div class=""lesson-hero"">
    <div class=""lesson-hero-inner"">
      <div class=""lesson-hero-meta"">
        <div class=""lesson-num-badge"">2.4</div>
        <div><div class=""lesson-eyebrow"">Big Idea 2 • Data</div></div>
      </div>
      <h1>Using Programs with Data</h1>
      <div class=""lesson-hero-pills"">
        <span class=""lesson-pill"">🕐 ~30 min</span>
        <span class=""lesson-pill"" style=""background:rgba(74,222,128,0.15);border-color:rgba(74,222,128,0.3);color:#4ade80!important;-webkit-text-fill-color:#4ade80!important;"">FREE</span>
        <span class=""lesson-pill"">📖 6 MCQ questions</span>
        <span class=""lesson-pill"">🎮 Trend Hunter game</span>
        <span class=""ced-tag"">DAT-2.E / DAT-2.F / DAT-2.G</span>
      </div>
    </div>
  </div>
  <div class=""bi3-progress""><div class=""bi3-progress-inner"">
<a href=""/pages/ap-csp-course-bi2-binary-numbers"" class=""prog-step-link""><div class=""prog-dot done"">2.1</div>
<div class=""prog-label"">Binary</div></a>
<div class=""prog-arrow""></div>
<a href=""/pages/ap-csp-course-bi2-data-compression"" class=""prog-step-link""><div class=""prog-dot done"">2.2</div>
<div class=""prog-label"">Compress</div></a>
<div class=""prog-arrow""></div>
<a href=""/pages/ap-csp-course-bi2-extracting-information"" class=""prog-step-link""><div class=""prog-dot done"">2.3</div>
<div class=""prog-label"">Extract</div></a>
<div class=""prog-arrow""></div>
<div class=""prog-step"">
<div class=""prog-dot active"">2.4</div>
<div class=""prog-label active-label"">Programs</div>
</div>
</div></div>

  <div class=""lesson-main"">

    <div class=""lesson-objectives"">
      <h2>After this lesson, you will be able to:</h2>
      <ul>
        <li><span>Explain how programs process large data sets to gain insight and knowledge</span></li>
        <li><span>Describe why data must be cleaned and give examples of cleaning steps</span></li>
        <li><span>Distinguish transforming and standardizing data from removing bad records</span></li>
        <li><span>Choose a data visualization that fits the question being asked</span></li>
        <li><span>Judge whether a claim is actually supported by the data behind a visualization</span></li>
      </ul>
    </div>
    <div class=""score-impact"">📈 <span>Big Idea 2 (Data) is 17 to 22 percent of the AP CSP exam, the largest single Big Idea. Questions on cleaning data, choosing visualizations, and deciding whether a claim is supported are frequent and predictable points, and the skill of processing a list with a program is exactly what the Create Performance Task asks you to demonstrate.</span>
</div>
    <div class=""hook-box"">
      <div class=""hook-label"">💡 Think about this first</div>
      <p>A city posts a spreadsheet of 2 million bike-share trips. Half the rows have the date written three different ways, some riders appear twice, and a few trips claim to last 40 hours. You want to answer one question: which hour of the day is busiest? You cannot read 2 million rows by hand. What does a program have to do to that messy pile before any chart you make can be trusted?</p>
    </div>
    <div class=""lesson-section"">
      <h2>Why We Point Programs at Data</h2>
      <p>The core idea of this topic is simple and heavily tested: <strong>programs are used to process data in order to gain insight and knowledge</strong>. A person can eyeball a list of ten numbers, but real data sets have thousands or millions of records. A program can <strong>filter</strong> (keep only the rows that match a condition), <strong>aggregate</strong> (count, sum, or average groups of rows), <strong>transform</strong> (change each value into a new form), and <strong>combine</strong> data from more than one source, and it can do all of that in seconds.</p>
      <p>This ability to run operations over huge collections quickly is what makes programs valuable for data. The insight is not in the raw rows; it appears only after the program has organized, summarized, or filtered them. When a question asks what a program contributes to working with data, the answer is that it <strong>finds patterns and produces information a human could not extract by hand at that scale</strong>.</p>
      <div class=""callout-exam"">
        <div class=""callout-exam-label"">🎯 What the exam rewards</div>
        <p>Tie every data operation back to a <strong>question</strong>. Programs process data to answer something specific. ""Count trips per hour to find the busiest hour"" is a purpose; ""run some code on the data"" is not. Strong answers name the operation (filter, aggregate, transform, combine) and the insight it produces.</p>
      </div>
    </div>

    <div class=""lesson-section"">
      <h2>Clean First, Then Analyze</h2>
      <p>Raw data is almost never ready to use. Before a program can produce a trustworthy result, the data usually has to be <strong>cleaned</strong>. Cleaning covers two different jobs, and the exam expects you to tell them apart:</p>
      <ul>
        <li>
<strong>Removing bad records:</strong> deleting rows that are incomplete (missing values), duplicated (the same record twice), or invalid (a trip that lasts 40 hours, an age of 900).</li>
        <li>
<strong>Transforming and standardizing:</strong> putting values into one consistent format so they can be compared, such as writing every date as YYYY-MM-DD, converting all distances to the same unit, or making all text the same capitalization.</li>
      </ul>
      <p>Both jobs make the data <strong>usable and consistent</strong>. If you skip cleaning, the program will happily compute a wrong answer: duplicate riders inflate the count, mixed date formats break the sorting, and a stray 40-hour trip wrecks the average. Cleaning is not optional polish; it is what makes the later insight valid.</p>
      <table class=""vocab-table"">
        <tr>
<th>Messy data problem</th>
<th>Cleaning step that fixes it</th>
</tr>
        <tr>
<td>Dates stored as 03/04/25, March 4 2025, and 2025-03-04</td>
<td>Transform every date into one standard format so they sort and group correctly</td>
</tr>
        <tr>
<td>The same customer appears in three rows</td>
<td>Remove duplicate records so counts are not inflated</td>
</tr>
        <tr>
<td>Some rows have a blank price field</td>
<td>Remove or flag incomplete records so averages are not distorted</td>
</tr>
        <tr>
<td>City names as ""boston"", ""Boston"", and ""BOSTON""</td>
<td>Standardize capitalization so the three are treated as one city</td>
</tr>
        <tr>
<td>A recorded age of 900 years</td>
<td>Remove or correct invalid records that fall outside a possible range</td>
</tr>
      </table>
      <div class=""mini-ex"">
        <div class=""mini-ex-label"">Quick check</div>
        <div class=""mini-ex-q"">A data set lists temperatures where some rows are in Celsius and others in Fahrenheit, with no label. Before a program can compute a meaningful average, the most important cleaning step is to:</div>
        <div class=""mini-opts"" id=""mc-progdata-1-opts"">
          <button class=""mini-opt"" onclick=""miniMCQ('mc-progdata-1','A','C','mc-progdata-1-fb')""><span class=""mini-opt-letter"">A</span> Delete every row, since the data is unusable</button>
          <button class=""mini-opt"" onclick=""miniMCQ('mc-progdata-1','B','C','mc-progdata-1-fb')""><span class=""mini-opt-letter"">B</span> Sort the rows from lowest to highest number</button>
          <button class=""mini-opt"" onclick=""miniMCQ('mc-progdata-1','C','C','mc-progdata-1-fb')""><span class=""mini-opt-letter"">C</span> Transform all temperatures into a single consistent unit</button>
          <button class=""mini-opt"" onclick=""miniMCQ('mc-progdata-1','D','C','mc-progdata-1-fb')""><span class=""mini-opt-letter"">D</span> Round every value to the nearest whole number</button>
        </div>
        <div class=""mini-fb"" id=""mc-progdata-1-fb""></div>
      </div>
    </div>

    <div class=""lesson-section"">
      <h2>Classify, Filter, and Combine at Scale</h2>
      <p>Once data is clean, programs do the heavy lifting a person cannot. They <strong>classify</strong> records into groups, <strong>filter</strong> out the rows that do not matter, and <strong>combine</strong> data from separate sources to answer richer questions. The key property is <strong>scalability</strong>: the same program that handles 100 rows handles 100 million rows, so insights that would take a human lifetimes appear almost instantly.</p>
      <p>Scale is also why <strong>efficiency</strong> matters. A slow program that works on a small sample may be unusable on the full data set. The framework connects the size of the data to the need for programs that process it efficiently, because ""it works on the test file"" is not the same as ""it finishes on the real one.""</p>
      <div class=""callout-trap"">
        <div class=""callout-trap-label"">⚠ Common trap</div>
        <p>Do not assume more data always means a better answer. A larger data set only helps if it is <strong>cleaned and relevant to the question</strong>. Ten million rows full of duplicates and invalid values will mislead a program faster than a hundred clean rows. Size supports a claim only when the data actually measures what the claim is about.</p>
      </div>
    </div>

    <div class=""lesson-section"">
      <h2>Visualizations: The Right Chart for the Question</h2>
      <p>After a program processes data, a <strong>data visualization</strong> (a chart, table, graph, or map) communicates the pattern to people. Visualizations make trends and outliers visible and can <strong>support or challenge a hypothesis</strong>. But the right visualization depends entirely on the question you are asking, and the wrong one can hide the pattern or mislead the reader.</p>
      <table class=""vocab-table"">
        <tr>
<th>Question you are asking</th>
<th>Visualization that fits</th>
</tr>
        <tr>
<td>How has a value changed over time?</td>
<td>A line graph, with time on the horizontal axis</td>
</tr>
        <tr>
<td>How do a few categories compare in size?</td>
<td>A bar chart comparing the categories</td>
</tr>
        <tr>
<td>Where do events happen geographically?</td>
<td>A map with the locations plotted</td>
</tr>
        <tr>
<td>Is there a relationship between two numeric variables?</td>
<td>A scatter plot of one variable against the other</td>
</tr>
      </table>
      <p>A visualization can also <strong>mislead</strong>, sometimes by accident and sometimes on purpose: a bar chart whose vertical axis starts at 90 instead of 0 makes a tiny difference look huge, and a chart built from uncleaned data shows a pattern that is not real. Reading a visualization critically means asking what the axes show, what data it came from, and whether the picture actually supports the claim being made about it.</p>
      <div class=""callout-exam"">
        <div class=""callout-exam-label"">🎯 What the exam rewards</div>
        <p>Any conclusion drawn from data must be <strong>supported by that data</strong>. If a visualization shows sales rising and someone claims a specific ad campaign caused it, the exam wants you to notice that the chart shows a trend, not a cause. Match the strength of the claim to what the data can actually show.</p>
      </div>
      <div class=""mini-ex"">
        <div class=""mini-ex-label"">Quick check</div>
        <div class=""mini-ex-q"">You want to show how a store's monthly revenue changed across the twelve months of one year. Which visualization best fits that question?</div>
        <div class=""mini-opts"" id=""mc-progdata-2-opts"">
          <button class=""mini-opt"" onclick=""miniMCQ('mc-progdata-2','A','B','mc-progdata-2-fb')""><span class=""mini-opt-letter"">A</span> A map of the store's location</button>
          <button class=""mini-opt"" onclick=""miniMCQ('mc-progdata-2','B','B','mc-progdata-2-fb')""><span class=""mini-opt-letter"">B</span> A line graph with months on the horizontal axis</button>
          <button class=""mini-opt"" onclick=""miniMCQ('mc-progdata-2','C','B','mc-progdata-2-fb')""><span class=""mini-opt-letter"">C</span> A single number showing the yearly total</button>
          <button class=""mini-opt"" onclick=""miniMCQ('mc-progdata-2','D','B','mc-progdata-2-fb')""><span class=""mini-opt-letter"">D</span> A scatter plot of revenue against store size</button>
        </div>
        <div class=""mini-fb"" id=""mc-progdata-2-fb""></div>
      </div>
    </div>
    <div class=""lesson-visual"">
      <p class=""lv-kicker"">💡 See it in action</p>
    <div class=""ba"" role=""figure"" aria-label=""Cleaning data before use: Austin / austin / AUSTIN, "" n becomes austin removed>
      <p class=""ba-cap-top"">📈 Cleaning data before use</p>
      <div class=""ba-grid"">
        <div class=""ba-panel before"">
<div class=""ba-label"">Raw</div>
<div class=""ba-data"">Austin / austin / AUSTIN, ""N/A"", 72F</div>
<div class=""ba-meta"">inconsistent, errors, duplicates</div>
</div>
        <div class=""ba-arrow"" aria-hidden=""true"">→</div>
        <div class=""ba-panel after"">
<div class=""ba-label"">Cleaned</div>
<div class=""ba-data"">Austin, (missing removed), 72</div>
<div class=""ba-meta"">standardized and usable</div>
</div>
      </div>
      <p class=""ba-caption"">A program cleans data by standardizing formats and removing errors and duplicates. <strong>Clean data in, trustworthy insight out.</strong></p>
    </div>
    </div>
    <div class=""lesson-section"">
      <h2>How This Shows Up on the Create Performance Task</h2>
      <p>The Create Performance Task is completed <strong>individually</strong>, and a very common design is a program that <strong>processes a list of data</strong>. You are expected to include a list that stores several elements and a <strong>student-developed procedure</strong> that does meaningful work on that list, such as filtering it, counting matches, or computing a summary. That is exactly the data processing this lesson describes: your procedure loops over the collection and produces a result, which is the ""gain insight from data"" idea in miniature.</p>
      <p>The same concepts score on the multiple-choice section. Questions about which cleaning step fixes a described problem, which visualization fits a question, and whether a claim is supported by the data are frequent, so the vocabulary here (clean, transform, standardize, filter, aggregate, visualization, supported claim, scalability) pays off on both parts of the exam.</p>
    </div>
    <div class=""email-capture"">
      <div class=""email-capture-text"">
        <div class=""email-capture-eyebrow"">FREE for students</div>
        <h3>Get a free AP CSP question every day</h3>
        <p>Join 3,000+ students. Daily practice, study tips, and exam strategies.</p>
      </div>
      <div>
        <div class=""email-capture-form"" id=""capture-form"">
          <input type=""email"" class=""email-capture-input"" id=""capture-email"" placeholder=""your@email.com"">
          <button class=""email-capture-btn"" onclick=""handleCapture()"">Subscribe →</button>
        </div>
        <div class=""email-capture-success"" id=""capture-success"">✓ You're in!</div>
      </div>
    </div>
    <div class=""mcq-section"">
      <div class=""mcq-section-header"">
        <div class=""mcq-section-icon"">📈</div>
        <div>
          <div class=""mcq-section-title"">MCQ Practice</div>
          <div class=""mcq-section-sub"">6 questions • Exam difficulty and above • Predict before you peek</div>
        </div>
      </div>
      <div class=""mcq-item"" data-activity=""quiz"" data-item=""q1"">
        <div class=""mcq-q-num"">Question 1 of 6<span class=""diff-tag"">Concept</span>
</div>
        <div class=""predict-note"">Predict what a program adds to a large data set before reading the options.</div>
        <div class=""mcq-q-text""><p>A researcher has a data set of 5 million weather readings and wants to know the average temperature for each month. Which statement best describes why a program is used for this task?</p></div>
        <div class=""mcq-options"" id=""q1-options"">
<button class=""mcq-option"" onclick=""checkMCQ('q1','A','D','q1-fb-A')""><span class=""mcq-option-letter"">A</span> A program guarantees the readings were measured correctly by the sensors</button>
<button class=""mcq-option"" onclick=""checkMCQ('q1','B','D','q1-fb-B')""><span class=""mcq-option-letter"">B</span> A program makes the data set smaller so it fits on the screen</button>
<button class=""mcq-option"" onclick=""checkMCQ('q1','C','D','q1-fb-C')""><span class=""mcq-option-letter"">C</span> A program removes the need to decide what question is being asked</button>
<button class=""mcq-option"" onclick=""checkMCQ('q1','D','D','q1-fb-D')""><span class=""mcq-option-letter"">D</span> A program can aggregate the readings into monthly averages far faster than a person could by hand</button>
</div>
<div id=""q1-fb-A"" class=""mcq-feedback incorrect-fb"">Incorrect. A program cannot verify how the physical measurements were taken; it processes the values it is given.</div>
<div id=""q1-fb-B"" class=""mcq-feedback incorrect-fb"">Incorrect. Producing an average is not about shrinking the data to fit a screen; it is about summarizing to answer a question.</div>
<div id=""q1-fb-C"" class=""mcq-feedback incorrect-fb"">Incorrect. A program still needs a question to answer. Choosing the question is the human's job, not something the program removes.</div>
<div id=""q1-fb-D"" class=""mcq-feedback correct-fb"">Correct. Programs process data to gain insight, here by aggregating millions of readings into monthly averages at a scale no person could match.</div>
      </div>
      <div class=""mcq-item"" data-activity=""quiz"" data-item=""q2"">
        <div class=""mcq-q-num"">Question 2 of 6<span class=""diff-tag"">Data cleaning scenario</span>
</div>
        <div class=""predict-note"">Name the cleaning problem before matching it to a fix.</div>
        <div class=""mcq-q-text""><p>A store combines two customer files. Some customers appear in both files, several rows have a blank email field, and the join date is written as 1/2/25 in one file and 2025-01-02 in the other. To get a trustworthy count of unique customers per join date, which combination of cleaning steps is most appropriate?</p></div>
        <div class=""mcq-options"" id=""q2-options"">
<button class=""mcq-option"" onclick=""checkMCQ('q2','A','A','q2-fb-A')""><span class=""mcq-option-letter"">A</span> Remove duplicate customers and standardize the date format so dates group correctly</button>
<button class=""mcq-option"" onclick=""checkMCQ('q2','B','A','q2-fb-B')""><span class=""mcq-option-letter"">B</span> Sort the rows alphabetically and compute the count</button>
<button class=""mcq-option"" onclick=""checkMCQ('q2','C','A','q2-fb-C')""><span class=""mcq-option-letter"">C</span> Delete the email column and leave everything else unchanged</button>
<button class=""mcq-option"" onclick=""checkMCQ('q2','D','A','q2-fb-D')""><span class=""mcq-option-letter"">D</span> Round the dates to the nearest month and keep all rows</button>
</div>
<div id=""q2-fb-A"" class=""mcq-feedback correct-fb"">Correct. Removing duplicates prevents an inflated count, and standardizing the date format lets the same day group together instead of splitting across formats.</div>
<div id=""q2-fb-B"" class=""mcq-feedback incorrect-fb"">Incorrect. Sorting does not remove the duplicates or reconcile the two date formats, so the count would still be wrong.</div>
<div id=""q2-fb-C"" class=""mcq-feedback incorrect-fb"">Incorrect. Dropping the email column ignores the real problems: duplicate customers and inconsistent dates both still corrupt the count.</div>
<div id=""q2-fb-D"" class=""mcq-feedback incorrect-fb"">Incorrect. Rounding to the nearest month loses the join date detail and does nothing about the duplicate customers.</div>
      </div>
      <div class=""mcq-item"" data-activity=""quiz"" data-item=""q3"">
        <div class=""mcq-q-num"">Question 3 of 6<span class=""diff-tag"">II and III only style</span>
</div>
        <div class=""predict-note"">Decide which statements are true before matching to an option.</div>
        <div class=""mcq-q-text""><p>Consider these claims about cleaning a data set before analysis:</p></div>
        <ul class=""mcq-roman"">
          <li>
<strong>I.</strong> Cleaning always means the data set becomes larger and more detailed.</li>
          <li>
<strong>II.</strong> Standardizing formats, such as writing all dates the same way, lets a program compare and group records correctly.</li>
          <li>
<strong>III.</strong> Removing incomplete, duplicate, or invalid records helps prevent misleading results.</li>
        </ul>
        <div class=""mcq-options"" id=""q3-options"">
<button class=""mcq-option"" onclick=""checkMCQ('q3','A','A','q3-fb-A')""><span class=""mcq-option-letter"">A</span> II and III only</button>
<button class=""mcq-option"" onclick=""checkMCQ('q3','B','A','q3-fb-B')""><span class=""mcq-option-letter"">B</span> I and II only</button>
<button class=""mcq-option"" onclick=""checkMCQ('q3','C','A','q3-fb-C')""><span class=""mcq-option-letter"">C</span> I and III only</button>
<button class=""mcq-option"" onclick=""checkMCQ('q3','D','A','q3-fb-D')""><span class=""mcq-option-letter"">D</span> I, II, and III</button>
</div>
<div id=""q3-fb-A"" class=""mcq-feedback correct-fb"">Correct. Standardizing formats (II) and removing bad records (III) are both cleaning steps. I is false because cleaning frequently shrinks the data set.</div>
<div id=""q3-fb-B"" class=""mcq-feedback incorrect-fb"">Incorrect. Statement I is false. Cleaning often removes records, so the data set does not always grow.</div>
<div id=""q3-fb-C"" class=""mcq-feedback incorrect-fb"">Incorrect. Statement I is false, and statement II is true, so this pairing cannot be right.</div>
<div id=""q3-fb-D"" class=""mcq-feedback incorrect-fb"">Incorrect. Statement I is false, so not all three can be correct.</div>
      </div>
      <div class=""mcq-item"" data-activity=""quiz"" data-item=""q4"">
        <div class=""mcq-q-num"">Question 4 of 6<span class=""diff-tag"">Does the visualization support the claim</span>
</div>
        <div class=""predict-note"">Decide what the chart can and cannot prove before you read the choices.</div>
        <div class=""mcq-q-text""><p>A blog shows a line graph of a company's website visits rising steadily over six months. The caption claims, ""Our new logo caused visits to grow."" Which criticism of this claim is most valid?</p></div>
        <div class=""mcq-options"" id=""q4-options"">
<button class=""mcq-option"" onclick=""checkMCQ('q4','A','C','q4-fb-A')""><span class=""mcq-option-letter"">A</span> A line graph can never be used to show change over time</button>
<button class=""mcq-option"" onclick=""checkMCQ('q4','B','C','q4-fb-B')""><span class=""mcq-option-letter"">B</span> The claim is fine because the line goes up, which proves the logo worked</button>
<button class=""mcq-option"" onclick=""checkMCQ('q4','C','C','q4-fb-C')""><span class=""mcq-option-letter"">C</span> The graph shows visits increased, but it does not show that the logo, rather than some other factor, caused the increase</button>
<button class=""mcq-option"" onclick=""checkMCQ('q4','D','C','q4-fb-D')""><span class=""mcq-option-letter"">D</span> The claim would only be valid if the data set were smaller</button>
</div>
<div id=""q4-fb-A"" class=""mcq-feedback incorrect-fb"">Incorrect. A line graph is an appropriate choice for change over time; that is not the flaw.</div>
<div id=""q4-fb-B"" class=""mcq-feedback incorrect-fb"">Incorrect. An upward line shows a trend, not a cause. Concluding the logo caused it goes beyond what the data supports.</div>
<div id=""q4-fb-C"" class=""mcq-feedback correct-fb"">Correct. The visualization supports that visits rose, but a rising trend is not evidence of cause. Other factors could explain the growth, so the causal claim is unsupported.</div>
<div id=""q4-fb-D"" class=""mcq-feedback incorrect-fb"">Incorrect. Shrinking the data set would weaken evidence, not fix the problem. The issue is claiming cause from a trend.</div>
      </div>
      <div class=""mcq-item"" data-activity=""quiz"" data-item=""q5"">
        <div class=""mcq-q-num"">Question 5 of 6<span class=""diff-tag"">Choose the visualization</span>
</div>
        <div class=""predict-note"">Match the question to a chart type before looking.</div>
        <div class=""mcq-q-text""><p>An analyst wants to know whether students who spend more hours studying tend to score higher on a test, using data for 500 students. Which visualization most directly reveals the relationship between the two numeric variables?</p></div>
        <div class=""mcq-options"" id=""q5-options"">
<button class=""mcq-option"" onclick=""checkMCQ('q5','A','C','q5-fb-A')""><span class=""mcq-option-letter"">A</span> A map of where each student lives</button>
<button class=""mcq-option"" onclick=""checkMCQ('q5','B','C','q5-fb-B')""><span class=""mcq-option-letter"">B</span> A single bar showing the average test score</button>
<button class=""mcq-option"" onclick=""checkMCQ('q5','C','C','q5-fb-C')""><span class=""mcq-option-letter"">C</span> A scatter plot of study hours against test score</button>
<button class=""mcq-option"" onclick=""checkMCQ('q5','D','C','q5-fb-D')""><span class=""mcq-option-letter"">D</span> A table listing all 500 students in the order they enrolled</button>
</div>
<div id=""q5-fb-A"" class=""mcq-feedback incorrect-fb"">Incorrect. A map answers a location question, not whether two numeric variables are related.</div>
<div id=""q5-fb-B"" class=""mcq-feedback incorrect-fb"">Incorrect. A single average hides the relationship between the two variables entirely.</div>
<div id=""q5-fb-C"" class=""mcq-feedback correct-fb"">Correct. A scatter plot of one numeric variable against another is built to reveal whether a relationship exists, such as higher study hours pairing with higher scores.</div>
<div id=""q5-fb-D"" class=""mcq-feedback incorrect-fb"">Incorrect. An unsorted table of 500 rows does not make the relationship visible; that is exactly the pattern a visualization should surface.</div>
      </div>
      <div class=""mcq-item"" data-activity=""quiz"" data-item=""q6"">
        <div class=""mcq-q-num"">Question 6 of 6<span class=""diff-tag"">Scalability application</span>
</div>
        <div class=""predict-note"">Predict why the sample worked but the full data set did not.</div>
        <div class=""mcq-q-text""><p>A program that flags fraudulent transactions runs in a second on a test file of 1,000 records but takes several days on the real file of 2 billion records, making it useless in practice. Which conclusion is best supported?</p></div>
        <div class=""mcq-options"" id=""q6-options"">
<button class=""mcq-option"" onclick=""checkMCQ('q6','A','B','q6-fb-A')""><span class=""mcq-option-letter"">A</span> The program produces incorrect results on small data sets</button>
<button class=""mcq-option"" onclick=""checkMCQ('q6','B','B','q6-fb-B')""><span class=""mcq-option-letter"">B</span> The program is not efficient enough to scale to the size of the real data set</button>
<button class=""mcq-option"" onclick=""checkMCQ('q6','C','B','q6-fb-C')""><span class=""mcq-option-letter"">C</span> The real data set must contain invalid records that cannot be cleaned</button>
<button class=""mcq-option"" onclick=""checkMCQ('q6','D','B','q6-fb-D')""><span class=""mcq-option-letter"">D</span> Large data sets should always be reduced to 1,000 records before processing</button>
</div>
<div id=""q6-fb-A"" class=""mcq-feedback incorrect-fb"">Incorrect. It ran correctly on the small file in a second; the issue appears only at scale.</div>
<div id=""q6-fb-B"" class=""mcq-feedback correct-fb"">Correct. A program that is fast on a sample but too slow on the full data set is not scalable. Larger data sets demand more efficient programs.</div>
<div id=""q6-fb-C"" class=""mcq-feedback incorrect-fb"">Incorrect. Nothing here points to invalid records. The described problem is running time, not data quality.</div>
<div id=""q6-fb-D"" class=""mcq-feedback incorrect-fb"">Incorrect. Throwing away most of the data to make it fast would discard the very records the analysis needs; the fix is a more efficient program.</div>
      </div>
    </div>
    <div class=""game-section"">
      <div style=""text-align:center;margin-bottom:20px;"">
        <div class=""game-badge"">🎮 Lesson Game</div>
        <div class=""game-title"">Trend Hunter</div>
        <div class=""game-sub"">Turn cleaned data into a claim, a visualization, and a defensible conclusion.</div>
      </div>
<style>
  @import url('https://fonts.googleapis.com/css2?family=DM+Serif+Display&family=DM+Sans:wght@400;500;600;700;800&display=swap');

  #th-game{font-family:""DM Sans"",sans-serif!important;max-width:560px;margin:0 auto;color:#0f1f3d!important;-webkit-text-fill-color:#0f1f3d!important;box-sizing:border-box;padding:0 4px;}
  #th-game *{box-sizing:border-box;}
  #th-game .th-card{background:#fff!important;border:1px solid #e2e8f0!important;border-radius:14px!important;overflow:hidden;}
  #th-game .th-hero{background:#0f1f3d!important;padding:18px 20px;}
  #th-game .th-title{font-family:""DM Serif Display"",serif!important;font-size:26px!important;color:#fff!important;-webkit-text-fill-color:#fff!important;line-height:1.1;margin:0;}
  #th-game .th-sub{font-size:13px!important;color:#93c5fd!important;-webkit-text-fill-color:#93c5fd!important;margin-top:6px;font-weight:500;}
  #th-game .th-how{font-size:12px!important;color:#cbd5e1!important;-webkit-text-fill-color:#cbd5e1!important;margin-top:8px;}

  #th-game .th-bar{display:flex;align-items:center;justify-content:space-between;gap:10px;padding:12px 18px;background:#eff6ff!important;border-bottom:1px solid #e2e8f0;flex-wrap:wrap;}
  #th-game .th-stat{font-size:13px!important;font-weight:700;color:#334155!important;-webkit-text-fill-color:#334155!important;}
  #th-game .th-stat b{color:#1a56db!important;-webkit-text-fill-color:#1a56db!important;font-size:15px!important;}
  #th-game .th-stat.amb b{color:#d97706!important;-webkit-text-fill-color:#d97706!important;}
  #th-game .th-stat.grn b{color:#16a34a!important;-webkit-text-fill-color:#16a34a!important;}

  #th-game .th-body{padding:18px;}
  #th-game .th-q{font-size:16px!important;font-weight:700;color:#0f1f3d!important;-webkit-text-fill-color:#0f1f3d!important;line-height:1.4;margin:0 0 4px;}
  #th-game .th-ctx{font-size:13px!important;color:#64748b!important;-webkit-text-fill-color:#64748b!important;line-height:1.5;margin:0 0 14px;}

  #th-game .th-chart{background:#f8fafc!important;border:1px solid #e2e8f0!important;border-radius:12px!important;padding:16px 14px 10px;margin-bottom:16px;}
  #th-game .th-chart .th-cap{font-size:12px!important;font-weight:700;color:#475569!important;-webkit-text-fill-color:#475569!important;text-align:center;margin-bottom:12px;}
  #th-game .th-bars{display:flex;align-items:flex-end;justify-content:space-around;gap:6px;height:150px;}
  #th-game .th-col{flex:1;display:flex;flex-direction:column;align-items:center;justify-content:flex-end;height:100%;gap:6px;}
  #th-game .th-colbar{width:100%;max-width:34px;background:#1a56db!important;border-radius:6px 6px 0 0;transition:height .4s ease;}
  #th-game .th-col.hl .th-colbar{background:#d97706!important;}
  #th-game .th-collab{font-size:10px!important;color:#64748b!important;-webkit-text-fill-color:#64748b!important;font-weight:600;text-align:center;line-height:1.1;}
  #th-game .th-colval{font-size:10px!important;color:#94a3b8!important;-webkit-text-fill-color:#94a3b8!important;font-weight:700;}
  #th-game svg{display:block;width:100%;height:auto;}

  #th-game .th-opts{display:flex;flex-direction:column;gap:10px;}
  #th-game .th-opt{width:100%;text-align:left;padding:13px 15px;border:1px solid #e2e8f0!important;border-radius:12px!important;background:#fff!important;color:#0f1f3d!important;-webkit-text-fill-color:#0f1f3d!important;font-family:inherit;font-size:14px!important;font-weight:600;cursor:pointer;transition:border-color .15s,background .15s;line-height:1.4;}
  #th-game .th-opt:hover:not(:disabled){border-color:#1a56db!important;background:#eff6ff!important;}
  #th-game .th-opt:disabled{cursor:default;}
  #th-game .th-opt.correct{border-color:#16a34a!important;background:#f0fdf4!important;color:#166534!important;-webkit-text-fill-color:#166534!important;}
  #th-game .th-opt.wrong{border-color:#dc2626!important;background:#fef2f2!important;color:#991b1b!important;-webkit-text-fill-color:#991b1b!important;}

  #th-game .th-fb{margin-top:14px;padding:13px 15px;border-radius:12px!important;font-size:13px!important;line-height:1.5;display:none;}
  #th-game .th-fb.show{display:block;}
  #th-game .th-fb.good{background:#f0fdf4!important;border:1px solid #bbf7d0!important;color:#166534!important;-webkit-text-fill-color:#166534!important;}
  #th-game .th-fb.bad{background:#fef2f2!important;border:1px solid #fecaca!important;color:#991b1b!important;-webkit-text-fill-color:#991b1b!important;}
  #th-game .th-fb b{color:inherit!important;-webkit-text-fill-color:inherit!important;}

  #th-game .th-next{margin-top:14px;width:100%;padding:13px;border:none;border-radius:12px!important;background:#1a56db!important;color:#fff!important;-webkit-text-fill-color:#fff!important;font-family:inherit;font-size:15px!important;font-weight:700;cursor:pointer;display:none;}
  #th-game .th-next.show{display:block;}

  #th-game .th-end{text-align:center;padding:26px 20px;}
  #th-game .th-endt{font-family:""DM Serif Display"",serif!important;font-size:24px!important;color:#0f1f3d!important;-webkit-text-fill-color:#0f1f3d!important;margin:0 0 6px;}
  #th-game .th-endscore{font-size:15px!important;color:#334155!important;-webkit-text-fill-color:#334155!important;margin-bottom:6px;font-weight:600;}
  #th-game .th-endscore b{color:#1a56db!important;-webkit-text-fill-color:#1a56db!important;font-size:20px!important;}
  #th-game .th-endmsg{font-size:14px!important;color:#475569!important;-webkit-text-fill-color:#475569!important;line-height:1.6;margin:12px auto 18px;max-width:400px;}
  #th-game .th-endmsg b{color:#7c3aed!important;-webkit-text-fill-color:#7c3aed!important;}
  #th-game .th-again{padding:13px 26px;border:none;border-radius:12px!important;background:#16a34a!important;color:#fff!important;-webkit-text-fill-color:#fff!important;font-family:inherit;font-size:15px!important;font-weight:700;cursor:pointer;}

  #th-game .th-prog{height:6px;background:#e2e8f0!important;border-radius:100px;overflow:hidden;margin-top:10px;}
  #th-game .th-progfill{height:100%;background:#1a56db!important;border-radius:100px;transition:width .3s ease;width:0%;}
</style>

<div class=""th-game"" id=""th-game"">
  <div class=""th-card"">
    <div class=""th-hero"">
      <h2 class=""th-title"">Trend Hunter</h2>
      <div class=""th-sub"">Extract information from data: spot trends, catch outliers, and tell correlation from causation.</div>
      <div class=""th-how"">How to play: read the chart, predict your answer, then pick the best option. Correct answers build your streak for bonus points.</div>
      <div class=""th-prog""><div class=""th-progfill"" id=""th-progfill""></div></div>
    </div>

    <div class=""th-bar"">
      <div class=""th-stat"">Round <b id=""th-round"">1</b> / <span id=""th-total"">7</span>
</div>
      <div class=""th-stat grn"">Score <b id=""th-score"">0</b>
</div>
      <div class=""th-stat amb"">Streak <b id=""th-streak"">0</b>
</div>
    </div>

    <div class=""th-body"" id=""th-play"">
      <p class=""th-q"" id=""th-qtext""></p>
      <p class=""th-ctx"" id=""th-qctx""></p>
      <div class=""th-chart"" id=""th-chart""></div>
      <div class=""th-opts"" id=""th-opts""></div>
      <div class=""th-fb"" id=""th-fb""></div>
      <button class=""th-next"" id=""th-next"">Next round ▶</button>
    </div>

    <div class=""th-body th-end"" id=""th-end"" style=""display:none;"">
      <h3 class=""th-endt"" id=""th-endt"">Data decoded!</h3>
      <div class=""th-endscore"">Final score: <b id=""th-finalscore"">0</b> points</div>
      <div class=""th-endscore"" id=""th-accuracy""></div>
      <p class=""th-endmsg"" id=""th-endmsg""></p>
      <button class=""th-again"" id=""th-again"">↻ Play again</button>
    </div>
  </div>
</div>

<script>
(function(){
  var $ = function(id){ return document.getElementById(id); };

  // ---- Chart drawing helpers (no libraries) ----
  function barChart(cap, data, hlIndex){
    var max = Math.max.apply(null, data.map(function(d){ return d.v; }));
    var html = '<div class=""th-cap"">' + cap + '</div><div class=""th-bars"">';
    data.forEach(function(d, i){
      var h = max > 0 ? Math.round((d.v / max) * 100) : 0;
      var hl = (hlIndex === i) ? ' hl' : '';
      html += '<div class=""th-col' + hl + '"">'
        + '<div class=""th-colval"">' + d.v + '</div>'
        + '<div class=""th-colbar"" style=""height:' + h + '%""></div>'
        + '<div class=""th-collab"">' + d.l + '</div></div>';
    });
    return html + '</div>';
  }

  function lineChart(cap, data){
    var W = 500, H = 170, padL = 34, padR = 14, padT = 12, padB = 26;
    var vals = data.map(function(d){ return d.v; });
    var max = Math.max.apply(null, vals), min = Math.min.apply(null, vals);
    if(max === min){ max = max + 1; min = min - 1; }
    var iw = W - padL - padR, ih = H - padT - padB;
    var pts = data.map(function(d, i){
      var x = padL + (data.length === 1 ? iw / 2 : (i / (data.length - 1)) * iw);
      var y = padT + ih - ((d.v - min) / (max - min)) * ih;
      return { x: x, y: y, d: d };
    });
    var svg = '<div class=""th-cap"">' + cap + '</div>';
    svg += '<svg viewBox=""0 0 ' + W + ' ' + H + '"" role=""img"" aria-label=""' + cap + '"">';
    // gridlines
    for(var g = 0; g <= 3; g++){
      var gy = padT + (ih / 3) * g;
      svg += '<line x1=""' + padL + '"" y1=""' + gy + '"" x2=""' + (W - padR) + '"" y2=""' + gy + '"" stroke=""#e2e8f0"" stroke-width=""1""/>';
    }
    // axis
    svg += '<line x1=""' + padL + '"" y1=""' + padT + '"" x2=""' + padL + '"" y2=""' + (padT + ih) + '"" stroke=""#94a3b8"" stroke-width=""1""/>';
    svg += '<line x1=""' + padL + '"" y1=""' + (padT + ih) + '"" x2=""' + (W - padR) + '"" y2=""' + (padT + ih) + '"" stroke=""#94a3b8"" stroke-width=""1""/>';
    // path
    var dstr = pts.map(function(p, i){ return (i === 0 ? 'M' : 'L') + p.x.toFixed(1) + ' ' + p.y.toFixed(1); }).join(' ');
    svg += '<path d=""' + dstr + '"" fill=""none"" stroke=""#1a56db"" stroke-width=""2.5"" stroke-linecap=""round"" stroke-linejoin=""round""/>';
    // points + labels
    pts.forEach(function(p){
      svg += '<circle cx=""' + p.x.toFixed(1) + '"" cy=""' + p.y.toFixed(1) + '"" r=""3.5"" fill=""#1a56db""/>';
      svg += '<text x=""' + p.x.toFixed(1) + '"" y=""' + (padT + ih + 16) + '"" font-size=""10"" fill=""#64748b"" text-anchor=""middle"" font-family=""DM Sans, sans-serif"">' + p.d.l + '</text>';
    });
    svg += '</svg>';
    return svg;
  }

  // ---- Round bank ----
  var ROUNDS = [
    {
      type: 'bar',
      cap: 'Monthly active users (thousands)',
      data: [{l:'Jan',v:12},{l:'Feb',v:19},{l:'Mar',v:27},{l:'Apr',v:34},{l:'May',v:41},{l:'Jun',v:52}],
      q: 'What overall trend does this data show?',
      ctx: 'Look at the shape of the data across all six months before you read the choices.',
      opts: [
        {t:'A steady increasing trend', ok:true},
        {t:'A steady decreasing trend', ok:false},
        {t:'A flat, unchanging trend', ok:false},
        {t:'A repeating seasonal pattern', ok:false}
      ],
      fb: 'Each month is higher than the last, so the data shows a clear increasing trend. Reading the pattern is how we extract information from raw data.'
    },
    {
      type: 'bar',
      cap: 'Daily website load time (seconds)',
      data: [{l:'S1',v:2},{l:'S2',v:2},{l:'S3',v:2},{l:'S4',v:9},{l:'S5',v:2},{l:'S6',v:2}],
      hl: 3,
      q: 'Which server reading is the outlier?',
      ctx: 'An outlier is a value that sits far outside the pattern of the rest.',
      opts: [
        {t:'Server 4, at 9 seconds', ok:true},
        {t:'Server 1, at 2 seconds', ok:false},
        {t:'Server 6, at 2 seconds', ok:false},
        {t:'There is no outlier here', ok:false}
      ],
      fb: 'Five servers cluster near 2 seconds while Server 4 jumps to 9. That single distant value is the outlier and is worth investigating separately.'
    },
    {
      type: 'line',
      cap: 'Ice cream sales and shark attacks by month',
      data: [{l:'Mar',v:10},{l:'May',v:24},{l:'Jul',v:48},{l:'Sep',v:30},{l:'Nov',v:9}],
      q: 'Ice cream sales and shark attacks rise and fall together. What is the best conclusion?',
      ctx: 'Two things moving together is a correlation. Ask what else could be driving both.',
      opts: [
        {t:'A lurking variable (warm weather) drives both; neither causes the other', ok:true},
        {t:'Eating ice cream makes people get attacked by sharks', ok:false},
        {t:'Shark attacks make people crave ice cream', ok:false},
        {t:'The two must be unrelated because it makes no sense', ok:false}
      ],
      fb: 'Correlation is not causation. Summer heat raises both ice cream sales and beach crowds, so a lurking variable explains the link. Neither one causes the other.'
    },
    {
      type: 'line',
      cap: 'Store foot traffic by quarter over two years',
      data: [{l:'Q1',v:20},{l:'Q2',v:35},{l:'Q3',v:48},{l:'Q4',v:22},{l:'Q1',v:21},{l:'Q2',v:36},{l:'Q3',v:49},{l:'Q4',v:23}],
      q: 'What trend best describes this data?',
      ctx: 'Notice how the values move within each year and then repeat.',
      opts: [
        {t:'A seasonal pattern that repeats each year', ok:true},
        {t:'A steady long term increase', ok:false},
        {t:'A steady long term decrease', ok:false},
        {t:'Completely random with no pattern', ok:false}
      ],
      fb: 'The rise-then-drop shape repeats almost identically across both years. That regular, calendar-driven cycle is a seasonal pattern.'
    },
    {
      type: 'bar',
      cap: 'Test scores across a class of students',
      data: [{l:'A',v:84},{l:'B',v:88},{l:'C',v:81},{l:'D',v:12},{l:'E',v:86},{l:'F',v:83}],
      hl: 3,
      q: 'Which value should you investigate as a likely outlier or data error?',
      ctx: 'Metadata matters: an outlier can signal a real event or a bad data entry.',
      opts: [
        {t:'Student D at 12, far below the cluster near 85', ok:true},
        {t:'Student B at 88, the highest score', ok:false},
        {t:'Student C at 81, slightly below average', ok:false},
        {t:'Every score is equally normal', ok:false}
      ],
      fb: 'Most scores sit in the 80s, so 12 stands out sharply. Outliers like this deserve a second look; it could be a real struggle or a mis-entered score.'
    },
    {
      type: 'line',
      cap: 'Number of firefighters sent vs. fire damage cost',
      data: [{l:'Small',v:5},{l:'Med',v:20},{l:'Large',v:45},{l:'Huge',v:80}],
      q: 'More firefighters at a scene correlates with more fire damage. What is the sound conclusion?',
      ctx: 'Predict the answer first: does sending help really cause damage?',
      opts: [
        {t:'Bigger fires cause both more damage and more firefighters; size is the lurking variable', ok:true},
        {t:'Sending more firefighters causes more damage', ok:false},
        {t:'Fire damage causes firefighters to appear', ok:false},
        {t:'The data proves firefighters should stay home', ok:false}
      ],
      fb: 'The fire size drives both numbers. A strong correlation still is not causation; here a lurking variable (how big the fire is) explains the whole pattern.'
    },
    {
      type: 'line',
      cap: 'App downloads: first read vs. full year of data',
      data: [{l:'W1',v:40},{l:'W2',v:44},{l:'W3',v:41},{l:'W4',v:60},{l:'W5',v:38},{l:'W6',v:42},{l:'W7',v:39}],
      hl: null,
      q: 'Early data looked like steady growth. With more weeks added, what does the fuller picture show?',
      ctx: 'More data and metadata can change the story an early trend seemed to tell.',
      opts: [
        {t:'Mostly flat with a single spike in Week 4, not real growth', ok:true},
        {t:'A confirmed steady upward trend', ok:false},
        {t:'A clear seasonal cycle', ok:false},
        {t:'A steady decline from the start', ok:false}
      ],
      fb: 'The Week 4 jump looked like a trend until more data arrived. The values hover around 40 with one spike, showing why more data can change your conclusion.'
    }
  ];

  var TOTAL = ROUNDS.length;
  var order = [], idx = 0, score = 0, streak = 0, correctCount = 0, answered = false;

  function shuffle(a){
    for(var i = a.length - 1; i > 0; i--){
      var j = Math.floor(Math.random() * (i + 1));
      var t = a[i]; a[i] = a[j]; a[j] = t;
    }
    return a;
  }

  function start(){
    order = ROUNDS.slice();
    idx = 0; score = 0; streak = 0; correctCount = 0;
    $('th-total').textContent = TOTAL;
    $('th-end').style.display = 'none';
    $('th-play').style.display = 'block';
    updateBar();
    render();
  }

  function updateBar(){
    $('th-round').textContent = Math.min(idx + 1, TOTAL);
    $('th-score').textContent = score;
    $('th-streak').textContent = streak;
    $('th-progfill').style.width = Math.round((idx / TOTAL) * 100) + '%';
  }

  function render(){
    answered = false;
    var r = order[idx];
    $('th-qtext').textContent = r.q;
    $('th-qctx').textContent = r.ctx;
    var hl = (typeof r.hl === 'number') ? r.hl : -1;
    $('th-chart').innerHTML = (r.type === 'bar')
      ? barChart(r.cap, r.data, hl)
      : lineChart(r.cap, r.data);

    // animate bars from 0 for a lively feel
    if(r.type === 'bar'){
      var bars = $('th-chart').querySelectorAll('.th-colbar');
      var heights = [];
      Array.prototype.forEach.call(bars, function(b){ heights.push(b.style.height); b.style.height = '0%'; });
      setTimeout(function(){ Array.prototype.forEach.call(bars, function(b, i){ b.style.height = heights[i]; }); }, 30);
    }

    var opts = $('th-opts');
    opts.innerHTML = '';
    var shuffled = shuffle(r.opts.map(function(o, i){ return { o:o, i:i }; }));
    shuffled.forEach(function(entry){
      var btn = document.createElement('button');
      btn.className = 'th-opt';
      btn.type = 'button';
      btn.textContent = entry.o.t;
      btn.onclick = function(){ choose(btn, entry.o, r); };
      opts.appendChild(btn);
    });

    var fb = $('th-fb'); fb.className = 'th-fb'; fb.textContent = '';
    $('th-next').className = 'th-next';
    $('th-next').innerHTML = (idx === TOTAL - 1) ? 'See results ▶' : 'Next round ▶';
    updateBar();
  }

  function choose(btn, opt, r){
    if(answered) return;
    answered = true;
    var buttons = $('th-opts').querySelectorAll('.th-opt');
    Array.prototype.forEach.call(buttons, function(b){
      b.disabled = true;
      if(b.textContent === r.opts.filter(function(o){ return o.ok; })[0].t){ b.classList.add('correct'); }
    });
    var fb = $('th-fb');
    if(opt.ok){
      score += 10 + streak * 5;
      streak += 1;
      correctCount += 1;
      fb.className = 'th-fb show good';
      fb.innerHTML = '<b>✅ Correct.</b> ' + r.fb;
    } else {
      streak = 0;
      btn.classList.add('wrong');
      fb.className = 'th-fb show bad';
      fb.innerHTML = '<b>❌ Not quite.</b> ' + r.fb;
    }
    updateBar();
    var nx = $('th-next');
    nx.className = 'th-next show';
  }

  function nextRound(){
    idx += 1;
    if(idx >= TOTAL){ end(); return; }
    render();
  }

  function end(){
    $('th-play').style.display = 'none';
    $('th-end').style.display = 'block';
    $('th-progfill').style.width = '100%';
    $('th-round').textContent = TOTAL;
    $('th-finalscore').textContent = score;
    $('th-accuracy').textContent = correctCount + ' of ' + TOTAL + ' rounds correct';
    var msg, title;
    if(correctCount === TOTAL){
      title = 'Master data detective!';
      msg = 'Flawless. You read every trend and never mistook a <b>correlation for causation</b>. Real analysts always ask what lurking variable might be hiding.';
    } else if(correctCount >= TOTAL - 2){
      title = 'Sharp analyst!';
      msg = 'Strong work spotting trends and outliers. Remember: data reveals patterns, but a correlation alone is <b>never proof of causation</b>.';
    } else {
      title = 'Keep hunting!';
      msg = 'Good start. The big idea: data shows patterns and outliers, yet two things moving together does <b>not</b> mean one causes the other. More data or metadata can change the picture.';
    }
    $('th-endt').textContent = title;
    $('th-endmsg').innerHTML = msg;
    document.dispatchEvent(new CustomEvent('apcsGameScore', { detail: { value: score } }));
  }

  $('th-next').addEventListener('click', nextRound);
  $('th-again').addEventListener('click', start);

  start();
})();
</script>
    </div>
    <div class=""faq-section"">
      <h2>Frequently Asked Questions</h2>
      <div class=""faq-item"">
        <button class=""faq-q"" onclick=""toggleFAQ(this)"">Why does data need to be cleaned before a program analyzes it?<i class=""faq-icon"">+</i></button>
        <div class=""faq-a"">Raw data usually contains incomplete, duplicate, or invalid records and inconsistent formats. If you analyze it as is, the program computes a wrong answer: duplicates inflate counts, blanks distort averages, and mixed formats break sorting and grouping. Cleaning makes the data usable and consistent so the insight is valid.</div>
      </div>
      <div class=""faq-item"">
        <button class=""faq-q"" onclick=""toggleFAQ(this)"">What is the difference between removing records and transforming data?<i class=""faq-icon"">+</i></button>
        <div class=""faq-a"">Removing records deletes rows that should not be counted, such as duplicates, blanks, or impossible values. Transforming, or standardizing, changes the form of the values that stay, such as writing every date the same way or converting units, so they can be compared. Both are cleaning, but one drops data and the other reformats it.</div>
      </div>
      <div class=""faq-item"">
        <button class=""faq-q"" onclick=""toggleFAQ(this)"">How do I know which visualization to use?<i class=""faq-icon"">+</i></button>
        <div class=""faq-a"">Start from the question. Change over time fits a line graph, comparing a few categories fits a bar chart, geographic patterns fit a map, and a relationship between two numeric variables fits a scatter plot. The right choice is the one that makes the pattern the question asks about easy to see.</div>
      </div>
      <div class=""faq-item"">
        <button class=""faq-q"" onclick=""toggleFAQ(this)"">Can a visualization be misleading even if the data is real?<i class=""faq-icon"">+</i></button>
        <div class=""faq-a"">Yes. A vertical axis that does not start at zero can exaggerate a tiny difference, a cherry-picked time range can hide a trend, and a chart can imply a cause that the data only shows as a correlation. Always check the axes, the source data, and whether the claim matches what the chart actually shows.</div>
      </div>
      <div class=""faq-item"">
        <button class=""faq-q"" onclick=""toggleFAQ(this)"">How does this topic connect to the Create Performance Task?<i class=""faq-icon"">+</i></button>
        <div class=""faq-a"">A very common Create Task program stores data in a list and uses a student-developed procedure to process it, such as filtering or summarizing the elements. That is the same 'process data to gain insight' idea from this lesson, so practicing it here prepares you for both the task and the multiple-choice questions.</div>
      </div>
    </div>
    <div class=""related-links"">
      <h3>🔗 Continue studying</h3>
      <div class=""related-links-grid"">
        <a href=""/pages/ap-csp-course-big-idea-3-algorithms"" class=""related-link"">Big Idea 3: Algorithms and Programming</a>
        <a href=""/pages/ap-csp-create-task-ultimate-guide"" class=""related-link"">Create Task Ultimate Guide</a>
        <a href=""/pages/ap-csp-study-games-hub"" class=""related-link"">All CSP Study Games</a>
      </div>
    </div>
    <div class=""superpack-slim"">
      <div style=""display:flex;align-items:center;gap:12px;"">
        <div class=""superpack-slim-icon"">📦</div>
        <div><div class=""superpack-slim-text"">AP CSP Teacher Superpack<span class=""superpack-slim-sub"">Slides, lesson plans, unit tests for all 5 Big Ideas, $249</span>
</div></div>
      </div>
      <a href=""/products/ap-csp-teacher-superpack"" class=""superpack-slim-btn"">Get the Superpack →</a>
    </div>
    <div class=""teacher-callout"">
      <div class=""teacher-callout-icon"">🏫</div>
      <div class=""teacher-callout-body"">
        <div class=""teacher-callout-label"">For teachers</div>
        <p>Data cleaning is the concept students most often underestimate, so make it tangible: hand out a deliberately messy spreadsheet (mixed date formats, duplicate rows, an impossible value) and have students list the cleaning steps before touching a chart. Then have them pick a question, choose the matching visualization, and defend whether their claim is supported. The Superpack includes a messy-data cleaning worksheet, a chart-selection reference, and a 'misleading graph' spotting activity. <a href=""/products/ap-csp-teacher-superpack"">View what's included →</a></p>
      </div>
    </div>
    <div class=""lesson-nav"">
      <a href=""/pages/ap-csp-course-bi2-extracting-information"" class=""nav-card"">
        <div class=""nav-card-dir"">← Previous</div>
        <div class=""nav-card-title"">2.3 Extracting Information from Data</div>
      </a>
      <a href=""/pages/ap-csp-course-big-idea-3-algorithms"" class=""nav-card next"">
        <div class=""nav-card-dir"">Next lesson →</div>
        <div class=""nav-card-title"">Big Idea 3: Algorithms and Programming</div>
      </a>
    </div>

  </div>
</div>

<script>
var MINI_MSGS={""mc-progdata-1"": {""A"": ""Too drastic. The data is recoverable. The values are real; they are just recorded in mixed units, which cleaning can fix."", ""B"": ""No. Sorting mixed-unit numbers is meaningless, because a 30 in Celsius is hotter than a 40 in Fahrenheit. You must standardize units first."", ""C"": ""Correct. Transforming every temperature into one consistent unit is a standardization step that makes the values comparable before any average is computed."", ""D"": ""Rounding does not fix the real problem. Values in different units still cannot be averaged together no matter how they are rounded.""}, ""mc-progdata-2"": {""A"": ""A map answers a 'where' question. Here the question is about change over time, so a map does not fit."", ""B"": ""Correct. Change over time is best shown by a line graph with time on the horizontal axis, which makes the month-to-month trend visible."", ""C"": ""A single total hides the pattern. The question is how revenue changed month to month, which one number cannot show."", ""D"": ""A scatter plot compares two numeric variables. The question is about a trend over time, not a relationship with store size.""}};
var MINI_FIB={};

function _activity(d){
  try{ var w=document.querySelector('.lesson-page');
    if(w){ d.course=w.getAttribute('data-course'); d.unit=w.getAttribute('data-unit'); d.lesson=w.getAttribute('data-lesson'); }
    document.dispatchEvent(new CustomEvent('apcsActivity',{detail:d}));
  }catch(e){}
}
function checkMCQ(qid, chosen, correct, fbId){
  var opts=document.querySelectorAll('#'+qid+'-options .mcq-option');
  opts.forEach(function(b){b.disabled=true;b.onclick=null;});
  var letters=['A','B','C','D'];
  opts[letters.indexOf(chosen)].classList.add(chosen===correct?'correct':'incorrect');
  if(chosen!==correct)opts[letters.indexOf(correct)].classList.add('revealed-correct');
  document.getElementById(fbId).classList.add('show');
  _activity({activity:'quiz',item:qid,choice:chosen});
}
function miniMCQ(id, chosen, correct, fbId){
  var opts=document.querySelectorAll('#'+id+'-opts .mini-opt');
  opts.forEach(function(b){b.onclick=null;b.style.cursor='default';});
  var letters=['A','B','C','D'];
  opts[letters.indexOf(chosen)].classList.add(chosen===correct?'correct':'incorrect');
  if(chosen!==correct)opts[letters.indexOf(correct)].classList.add('reveal');
  var fb=document.getElementById(fbId);
  if(MINI_MSGS[id]){fb.textContent=MINI_MSGS[id][chosen]||'';fb.className='mini-fb '+(chosen===correct?'c':'w');}
}
function miniFIB(id, fbId){
  var inp=document.getElementById(id+'-inp'),fb=document.getElementById(fbId);
  var val=inp.value.trim().toLowerCase();var d=MINI_FIB[id];
  var ok=(val===String(d.correct).toLowerCase());
  inp.classList.add(ok?'correct':'incorrect');
  fb.textContent=ok?d.c:d.w; fb.className='mini-fb '+(ok?'c':'w'); inp.disabled=true;
}
function toggleFAQ(btn){
  var item=btn.parentElement,wasOpen=item.classList.contains('open');
  document.querySelectorAll('.faq-item').forEach(function(el){el.classList.remove('open');});
  if(!wasOpen)item.classList.add('open');
}
function handleCapture(){
  var email=document.getElementById('capture-email').value.trim();
  if(!email||!email.includes('@')){document.getElementById('capture-email').focus();return;}
  document.getElementById('capture-form').style.display='none';
  document.getElementById('capture-success').style.display='block';
  if(typeof window._learnq!=='undefined'){window._learnq.push(['identify',{'$email':email}]);}
}
/* Bridge: the embedded topic game dispatches 'apcsGameScore' on completion.
   Convert that single completion into the standard exercise-2 gradebook hook. */
document.addEventListener('apcsGameScore', function(e){
  _activity({activity:'exercise-2', earned:1, possible:1});
});
</script>
<!-- apcs-exercises (managed) -->
<div id=""apcs-ex-links"">
<style>
#apcs-ex-links{all:initial!important;display:block!important;box-sizing:border-box!important;max-width:880px!important;margin:28px auto 0!important;padding:0 16px 8px!important;font-family:-apple-system,BlinkMacSystemFont,""Segoe UI"",Roboto,Helvetica,Arial,sans-serif!important}
#apcs-ex-links *,#apcs-ex-links *::before,#apcs-ex-links *::after{box-sizing:border-box!important}
#apcs-ex-links .ex-lbl{font-size:12px!important;font-weight:800!important;letter-spacing:.06em!important;text-transform:uppercase!important;color:#1e40af!important;-webkit-text-fill-color:#1e40af!important;margin:0 0 10px!important}
#apcs-ex-links .ex-row{display:grid!important;grid-template-columns:repeat(2,1fr)!important;gap:12px!important}
@media (max-width:640px){#apcs-ex-links .ex-row{grid-template-columns:repeat(1,1fr)!important}}
#apcs-ex-links a.ex,#apcs-ex-links a.ex:link,#apcs-ex-links a.ex:visited{display:block!important;text-decoration:none!important;border:1px solid #93c5fd!important;border-left:5px solid #1a56db!important;border-radius:0 12px 12px 0!important;background:#eff6ff!important;padding:14px 16px!important;color:#0f1f3d!important;-webkit-text-fill-color:#0f1f3d!important;font-size:16px!important;font-weight:700!important;line-height:1.35!important}
#apcs-ex-links a.ex:hover{background:#dbeafe!important}
#apcs-ex-links a.ex span{display:block!important;margin-top:4px!important;font-size:13px!important;font-weight:400!important;color:#64748b!important;-webkit-text-fill-color:#64748b!important}
#apcs-ex-links a.ex.wide{grid-column:1/-1!important}
</style>
<p class=""ex-lbl"">Exercises for Topic 2.4</p>
<div class=""ex-row"">
<a class=""ex"" href=""/pages/ap-csp-topic-2-4-exercise-1"">Exercise 1: Extraction Process Identifier<span>Work it online. Saved in your browser, not graded</span></a>
<a class=""ex"" href=""/pages/ap-csp-topic-2-4-exercise-2"">Exercise 2: Insight Pipeline Designer<span>Work it online. Saved in your browser, not graded</span></a>
<a class=""ex wide"" href=""/pages/ap-csp-course-bi2-using-programs-with-data-exercise-2"">Applied Challenge<span>6 questions, and every answer is recorded for your teacher</span></a>
</div>
</div>"
