"Handle","Command","Body HTML"
"ap-csp-filtering-sorting-practice","MERGE","<style>
#csp-fs-wrapper,#csp-fs-wrapper *{box-sizing:border-box!important;}
#csp-fs-wrapper{
  all:initial!important;display:block!important;
  font-family:'Inter','Segoe UI',Arial,sans-serif!important;
  color:#1a202c!important;-webkit-text-fill-color:#1a202c!important;
  background:#f8fafc!important;line-height:1.6!important;padding-bottom:60px!important;
}
#csp-fs-wrapper h1,#csp-fs-wrapper h2,#csp-fs-wrapper h3,#csp-fs-wrapper h4{
  font-family:'Inter','Segoe UI',Arial,sans-serif!important;-webkit-text-fill-color:inherit!important;
}
/* Hero */
#csp-fs-wrapper .fs-hero{
  background:linear-gradient(135deg,#7e22ce,#6d28d9)!important;
  padding:40px 20px!important;text-align:center!important;margin:0 -20px!important;
}
#csp-fs-wrapper .fs-hero-title{
  font-size:28px!important;font-weight:800!important;
  color:#fff!important;-webkit-text-fill-color:#fff!important;margin:12px 0 8px!important;
}
#csp-fs-wrapper .fs-hero-sub{
  font-size:15px!important;color:#e9d5ff!important;-webkit-text-fill-color:#e9d5ff!important;margin:0 0 12px!important;
}
#csp-fs-wrapper .fs-hero-badges{display:flex!important;gap:8px!important;justify-content:center!important;flex-wrap:wrap!important;margin-bottom:10px!important;}
#csp-fs-wrapper .fs-hero-badge{
  background:rgba(255,255,255,.15)!important;color:#fff!important;-webkit-text-fill-color:#fff!important;
  padding:4px 12px!important;border-radius:20px!important;font-size:12px!important;font-weight:600!important;
}
/* Global tip */
#csp-fs-wrapper .fs-global-tip{
  background:#faf5ff!important;border-left:4px solid #9333ea!important;
  padding:16px 20px!important;margin:20px!important;border-radius:6px!important;
  font-size:14px!important;color:#581c87!important;-webkit-text-fill-color:#581c87!important;
}
#csp-fs-wrapper .fs-global-tip strong{color:#4c1d95!important;-webkit-text-fill-color:#4c1d95!important;}
/* AND/OR cheat-sheet */
#csp-fs-wrapper .fs-cheatsheet{
  background:#fff!important;border:2px solid #7e22ce!important;border-radius:10px!important;
  padding:18px 22px!important;margin:16px 20px!important;
}
#csp-fs-wrapper .fs-cheatsheet-title{
  font-size:14px!important;font-weight:800!important;color:#4c1d95!important;
  -webkit-text-fill-color:#4c1d95!important;text-transform:uppercase!important;
  letter-spacing:.5px!important;margin:0 0 12px!important;
}
#csp-fs-wrapper .fs-cs-grid{display:flex!important;gap:12px!important;flex-wrap:wrap!important;}
#csp-fs-wrapper .fs-cs-card{
  flex:1!important;min-width:200px!important;padding:12px 16px!important;border-radius:8px!important;
}
#csp-fs-wrapper .fs-cs-bad{
  background:#fee2e2!important;border:1.5px solid #fca5a5!important;
}
#csp-fs-wrapper .fs-cs-good{
  background:#d1fae5!important;border:1.5px solid #6ee7b7!important;
}
#csp-fs-wrapper .fs-cs-label{
  font-size:11px!important;font-weight:700!important;text-transform:uppercase!important;
  letter-spacing:.5px!important;margin:0 0 6px!important;
}
#csp-fs-wrapper .fs-cs-bad .fs-cs-label{color:#991b1b!important;-webkit-text-fill-color:#991b1b!important;}
#csp-fs-wrapper .fs-cs-good .fs-cs-label{color:#065f46!important;-webkit-text-fill-color:#065f46!important;}
#csp-fs-wrapper .fs-cs-code{
  font-family:'Courier New',monospace!important;font-size:12px!important;
  color:#1f2937!important;-webkit-text-fill-color:#1f2937!important;
  background:rgba(255,255,255,.6)!important;padding:6px 10px!important;border-radius:4px!important;
  margin:0 0 6px!important;display:block!important;line-height:1.6!important;
}
#csp-fs-wrapper .fs-cs-why{
  font-size:12px!important;color:#374151!important;-webkit-text-fill-color:#374151!important;
}
/* Section headers */
#csp-fs-wrapper .fs-section-header{
  background:#fff!important;border-left:5px solid #9333ea!important;
  padding:16px 20px!important;margin:20px 20px 4px!important;
  border:1px solid #ede9fe!important;border-left:5px solid #9333ea!important;border-radius:0 8px 8px 0!important;
}
#csp-fs-wrapper .fs-section-header h2{
  font-size:18px!important;font-weight:800!important;color:#4c1d95!important;-webkit-text-fill-color:#4c1d95!important;margin:0 0 6px!important;
}
/* Section strategy tip */
#csp-fs-wrapper .fs-section-strategy{
  background:#fefce8!important;border:1px solid #fde68a!important;border-radius:8px!important;
  padding:12px 16px!important;margin-top:10px!important;
  font-size:13px!important;color:#78350f!important;-webkit-text-fill-color:#78350f!important;
}
#csp-fs-wrapper .fs-section-strategy strong{color:#713f12!important;-webkit-text-fill-color:#713f12!important;}
/* Score bar */
#csp-fs-wrapper .fs-score-bar{
  background:#fff!important;border:2px solid #ede9fe!important;border-radius:10px!important;
  padding:12px 24px!important;margin:12px 20px!important;display:flex!important;
  justify-content:space-between!important;align-items:center!important;
}
#csp-fs-wrapper .fs-score-label{font-size:14px!important;font-weight:600!important;color:#374151!important;-webkit-text-fill-color:#374151!important;}
#csp-fs-wrapper .fs-score-val{font-size:22px!important;font-weight:800!important;color:#7e22ce!important;-webkit-text-fill-color:#7e22ce!important;}
/* Question card */
#csp-fs-wrapper .fs-question{
  background:#fff!important;border:1px solid #e5e7eb!important;border-radius:12px!important;
  margin:16px 20px!important;padding:24px!important;box-shadow:0 1px 4px rgba(0,0,0,.06)!important;
}
#csp-fs-wrapper .fs-q-header{
  display:flex!important;align-items:center!important;flex-wrap:wrap!important;gap:10px!important;margin-bottom:16px!important;
}
#csp-fs-wrapper .fs-q-num{
  width:36px!important;height:36px!important;border-radius:50%!important;background:#7e22ce!important;
  color:#fff!important;-webkit-text-fill-color:#fff!important;font-weight:800!important;font-size:15px!important;
  display:flex!important;align-items:center!important;justify-content:center!important;flex-shrink:0!important;
}
#csp-fs-wrapper .fs-q-title{
  font-size:17px!important;font-weight:700!important;color:#111827!important;-webkit-text-fill-color:#111827!important;flex:1!important;min-width:120px!important;
}
#csp-fs-wrapper .fs-badge{padding:3px 10px!important;border-radius:12px!important;font-size:11px!important;font-weight:700!important;letter-spacing:.4px!important;}
/* Watch-for flag */
#csp-fs-wrapper .fs-watchfor{
  display:flex!important;gap:10px!important;align-items:flex-start!important;
  background:#fff7ed!important;border:1px solid #fed7aa!important;border-radius:8px!important;
  padding:10px 14px!important;margin:0 0 14px!important;font-size:13px!important;
  color:#7c2d12!important;-webkit-text-fill-color:#7c2d12!important;
}
#csp-fs-wrapper .fs-watchfor-icon{font-size:16px!important;flex-shrink:0!important;margin-top:1px!important;}
#csp-fs-wrapper .fs-watchfor strong{color:#9a3412!important;-webkit-text-fill-color:#9a3412!important;}
/* Spreadsheet table */
#csp-fs-wrapper .fs-table-wrap{overflow-x:auto!important;margin:0 0 14px!important;}
#csp-fs-wrapper .fs-table{
  width:100%!important;border-collapse:collapse!important;font-size:13px!important;min-width:360px!important;
}
#csp-fs-wrapper .fs-table th{
  background:#7e22ce!important;color:#fff!important;-webkit-text-fill-color:#fff!important;
  padding:8px 12px!important;text-align:left!important;font-weight:700!important;font-size:12px!important;white-space:nowrap!important;
}
#csp-fs-wrapper .fs-table td{
  padding:7px 12px!important;border:1px solid #e5e7eb!important;
  color:#374151!important;-webkit-text-fill-color:#374151!important;font-size:13px!important;
}
#csp-fs-wrapper .fs-table tr:nth-child(even) td{background:#f9fafb!important;}
#csp-fs-wrapper .fs-table tr.fs-match td{
  background:#d1fae5!important;font-weight:600!important;
  color:#065f46!important;-webkit-text-fill-color:#065f46!important;
}
/* Variables bar */
#csp-fs-wrapper .fs-vars{
  background:#eff6ff!important;border:1px solid #bfdbfe!important;border-radius:6px!important;
  padding:10px 14px!important;margin:0 0 14px!important;font-size:13px!important;
  color:#1e40af!important;-webkit-text-fill-color:#1e40af!important;
}
/* Actions table */
#csp-fs-wrapper .fs-actions{
  background:#f5f3ff!important;border:1px solid #ddd6fe!important;border-radius:8px!important;
  padding:12px 16px!important;margin:0 0 14px!important;
}
#csp-fs-wrapper .fs-actions-label{
  font-size:11px!important;font-weight:700!important;color:#6d28d9!important;-webkit-text-fill-color:#6d28d9!important;
  text-transform:uppercase!important;letter-spacing:.5px!important;margin:0 0 8px!important;
}
#csp-fs-wrapper .fs-action-row{display:flex!important;gap:8px!important;margin-bottom:5px!important;align-items:baseline!important;flex-wrap:wrap!important;}
#csp-fs-wrapper .fs-action-name{
  font-size:13px!important;font-weight:700!important;color:#4c1d95!important;-webkit-text-fill-color:#4c1d95!important;
  min-width:170px!important;flex-shrink:0!important;
}
#csp-fs-wrapper .fs-action-desc{font-size:13px!important;color:#374151!important;-webkit-text-fill-color:#374151!important;}
/* Trace scaffold */
#csp-fs-wrapper .fs-trace{
  background:#f0fdf4!important;border:1px solid #bbf7d0!important;border-radius:8px!important;
  padding:12px 16px!important;margin:0 0 14px!important;
}
#csp-fs-wrapper .fs-trace-label{
  font-size:11px!important;font-weight:700!important;color:#065f46!important;-webkit-text-fill-color:#065f46!important;
  text-transform:uppercase!important;letter-spacing:.5px!important;margin:0 0 8px!important;
}
#csp-fs-wrapper .fs-trace-grid{display:flex!important;gap:8px!important;flex-wrap:wrap!important;}
#csp-fs-wrapper .fs-trace-col{
  flex:1!important;min-width:160px!important;border:1px solid #d1fae5!important;
  border-radius:6px!important;background:#fff!important;overflow:hidden!important;
}
#csp-fs-wrapper .fs-trace-seq{
  background:#059669!important;color:#fff!important;-webkit-text-fill-color:#fff!important;
  font-size:11px!important;font-weight:700!important;padding:4px 10px!important;
  text-align:center!important;
}
#csp-fs-wrapper .fs-trace-steps{padding:8px 10px!important;}
#csp-fs-wrapper .fs-trace-step{
  font-size:11px!important;color:#374151!important;-webkit-text-fill-color:#374151!important;
  padding:2px 0!important;display:flex!important;align-items:center!important;gap:4px!important;
}
#csp-fs-wrapper .fs-trace-step::before{content:""→""!important;color:#9ca3af!important;-webkit-text-fill-color:#9ca3af!important;font-size:10px!important;}
#csp-fs-wrapper .fs-trace-result{
  font-size:11px!important;font-weight:700!important;padding:4px 10px!important;
  border-top:1px solid #d1fae5!important;text-align:center!important;
}
#csp-fs-wrapper .fs-trace-ok{color:#065f46!important;-webkit-text-fill-color:#065f46!important;background:#ecfdf5!important;}
#csp-fs-wrapper .fs-trace-fail{color:#991b1b!important;-webkit-text-fill-color:#991b1b!important;background:#fee2e2!important;}
/* Step defs */
#csp-fs-wrapper .fs-steps-box{
  background:#f1f5f9!important;border-radius:8px!important;padding:12px 16px!important;margin:0 0 14px!important;
}
#csp-fs-wrapper .fs-steps-label{
  font-size:11px!important;font-weight:700!important;color:#475569!important;-webkit-text-fill-color:#475569!important;
  text-transform:uppercase!important;letter-spacing:.5px!important;margin:0 0 8px!important;
}
#csp-fs-wrapper .fs-step-def{
  font-size:13px!important;color:#1e293b!important;-webkit-text-fill-color:#1e293b!important;margin-bottom:5px!important;line-height:1.6!important;
}
#csp-fs-wrapper .fs-step-def strong{color:#0f172a!important;-webkit-text-fill-color:#0f172a!important;}
/* Dep chain */
#csp-fs-wrapper .dep-chain{
  display:flex!important;align-items:center!important;flex-wrap:wrap!important;
  gap:4px!important;margin:0 0 14px!important;
}
#csp-fs-wrapper .dep-box{
  background:#7e22ce!important;color:#fff!important;-webkit-text-fill-color:#fff!important;
  padding:8px 14px!important;border-radius:8px!important;font-size:13px!important;
  font-weight:700!important;text-align:center!important;line-height:1.4!important;
}
#csp-fs-wrapper .dep-box small{
  display:block!important;font-size:10px!important;font-weight:400!important;
  color:#e9d5ff!important;-webkit-text-fill-color:#e9d5ff!important;
}
#csp-fs-wrapper .dep-arrow{
  font-size:11px!important;color:#7e22ce!important;-webkit-text-fill-color:#7e22ce!important;
  font-weight:600!important;white-space:nowrap!important;
}
/* Context and note */
#csp-fs-wrapper .fs-context{
  font-size:14px!important;color:#374151!important;-webkit-text-fill-color:#374151!important;
  margin:0 0 14px!important;line-height:1.7!important;
}
#csp-fs-wrapper .fs-note{
  background:#fefce8!important;border:1px solid #fde68a!important;border-radius:6px!important;
  padding:8px 14px!important;margin:0 0 14px!important;font-size:12px!important;
  color:#92400e!important;-webkit-text-fill-color:#92400e!important;
}
/* Segments */
#csp-fs-wrapper .fs-segments{
  background:#f8f9fa!important;border:1px solid #e5e7eb!important;border-radius:8px!important;
  padding:12px 16px!important;margin:0 0 14px!important;
}
#csp-fs-wrapper .fs-segment{
  font-family:'Courier New',Consolas,monospace!important;font-size:13px!important;
  color:#1e293b!important;-webkit-text-fill-color:#1e293b!important;
  margin-bottom:5px!important;line-height:1.6!important;
}
/* Keyword highlighting */
#csp-fs-wrapper .fs-stem .kw{
  background:#fef9c3!important;color:#713f12!important;-webkit-text-fill-color:#713f12!important;
  padding:1px 4px!important;border-radius:3px!important;font-weight:700!important;
}
/* Stem */
#csp-fs-wrapper .fs-stem{
  font-size:15px!important;color:#1f2937!important;-webkit-text-fill-color:#1f2937!important;
  margin:0 0 14px!important;line-height:1.7!important;
}
#csp-fs-wrapper .fs-stem code{
  background:#f1f5f9!important;color:#334155!important;-webkit-text-fill-color:#334155!important;
  padding:1px 6px!important;border-radius:4px!important;font-family:monospace!important;font-size:13px!important;
}
/* Select two note */
#csp-fs-wrapper .fs-select2-note{
  background:#fef3c7!important;border:1px solid #fde68a!important;border-radius:6px!important;
  padding:8px 14px!important;margin:0 0 12px!important;font-size:13px!important;font-weight:600!important;
  color:#92400e!important;-webkit-text-fill-color:#92400e!important;
}
/* Reveal / submit buttons */
#csp-fs-wrapper .fs-btn-reveal{
  display:block!important;width:100%!important;padding:13px!important;background:#7e22ce!important;
  color:#fff!important;-webkit-text-fill-color:#fff!important;border:none!important;border-radius:8px!important;
  font-size:14px!important;font-weight:700!important;cursor:pointer!important;text-align:center!important;
}
#csp-fs-wrapper .fs-btn-reveal:hover{background:#6b21a8!important;}
#csp-fs-wrapper .fs-options{margin-bottom:14px!important;}
#csp-fs-wrapper .fs-option{
  display:flex!important;align-items:flex-start!important;gap:10px!important;padding:10px 14px!important;
  border:1.5px solid #e5e7eb!important;border-radius:8px!important;margin-bottom:8px!important;cursor:pointer!important;
}
#csp-fs-wrapper .fs-option:hover{border-color:#9333ea!important;background:#faf5ff!important;}
#csp-fs-wrapper .fs-option input[type=radio],#csp-fs-wrapper .fs-option input[type=checkbox]{
  margin-top:2px!important;flex-shrink:0!important;accent-color:#7e22ce!important;
}
#csp-fs-wrapper .fs-opt-letter{
  font-weight:700!important;color:#7e22ce!important;-webkit-text-fill-color:#7e22ce!important;
  font-size:14px!important;flex-shrink:0!important;width:18px!important;
}
#csp-fs-wrapper .fs-opt-text{
  font-size:14px!important;color:#374151!important;-webkit-text-fill-color:#374151!important;line-height:1.5!important;
}
#csp-fs-wrapper .fs-btn-submit{
  display:block!important;width:100%!important;padding:12px!important;background:#059669!important;
  color:#fff!important;-webkit-text-fill-color:#fff!important;border:none!important;border-radius:8px!important;
  font-size:14px!important;font-weight:700!important;cursor:pointer!important;
}
#csp-fs-wrapper .fs-btn-submit:hover{background:#047857!important;}
/* Feedback */
#csp-fs-wrapper .fs-feedback{
  margin-top:16px!important;padding:16px 20px!important;border-radius:8px!important;font-size:14px!important;line-height:1.7!important;
}
#csp-fs-wrapper .fs-feedback-correct{background:#d1fae5!important;border-left:4px solid #059669!important;color:#064e3b!important;-webkit-text-fill-color:#064e3b!important;}
#csp-fs-wrapper .fs-feedback-incorrect{background:#fee2e2!important;border-left:4px solid #dc2626!important;color:#7f1d1d!important;-webkit-text-fill-color:#7f1d1d!important;}
#csp-fs-wrapper .fs-feedback strong{-webkit-text-fill-color:inherit!important;}
/* Final panel */
#csp-fs-wrapper .fs-final{
  background:linear-gradient(135deg,#7e22ce,#6d28d9)!important;border-radius:12px!important;
  padding:32px 24px!important;margin:16px 20px!important;text-align:center!important;
}
#csp-fs-wrapper .fs-final h2{font-size:22px!important;font-weight:800!important;color:#fff!important;-webkit-text-fill-color:#fff!important;margin:0 0 10px!important;}
#csp-fs-wrapper .fs-final-msg{font-size:15px!important;color:#e9d5ff!important;-webkit-text-fill-color:#e9d5ff!important;margin:0 0 20px!important;}
/* Nav */
#csp-fs-wrapper .fs-nav{display:flex!important;gap:12px!important;flex-wrap:wrap!important;margin:20px 20px 0!important;}
#csp-fs-wrapper .fs-btn-outline,a.fs-btn-outline,a.fs-btn-outline:link,a.fs-btn-outline:visited{
  flex:1!important;min-width:140px!important;padding:12px 16px!important;border:2px solid #7e22ce!important;
  border-radius:8px!important;color:#7e22ce!important;-webkit-text-fill-color:#7e22ce!important;
  background:#fff!important;font-weight:700!important;font-size:14px!important;
  text-align:center!important;text-decoration:none!important;display:block!important;
}
#csp-fs-wrapper .fs-btn-primary,a.fs-btn-primary,a.fs-btn-primary:link,a.fs-btn-primary:visited{
  flex:1!important;min-width:140px!important;padding:12px 16px!important;background:#7e22ce!important;
  border:2px solid #7e22ce!important;border-radius:8px!important;color:#fff!important;-webkit-text-fill-color:#fff!important;
  font-weight:700!important;font-size:14px!important;text-align:center!important;text-decoration:none!important;display:block!important;
}
</style>

<div id=""csp-fs-wrapper"">

<div class=""fs-hero"">
  <div class=""fs-hero-badges"">
    <span class=""fs-hero-badge"">10 Questions</span>
    <span class=""fs-hero-badge"">Big Idea 3</span>
    <span class=""fs-hero-badge"">3 Question Types</span>
    <span class=""fs-hero-badge"">Predict First</span>
  </div>
  <h1 class=""fs-hero-title"">AP CSP Filtering, Sorting &amp; Boolean Expressions</h1>
  <p class=""fs-hero-sub"">Big Idea 3: Algorithms &amp; Programming — Boolean Logic, Filter/Sort Ordering &amp; Algorithm Step Sequencing</p>
</div>

<div class=""fs-global-tip"">
  <strong>Exam Tip:</strong> These three question types appear on virtually every AP CSP exam.
  Keywords in the question stem are your signals — <strong>highlighted in yellow</strong> throughout this practice set.
  For ordering questions, always trace the sequence on the table before picking an answer.
  For boolean questions, ask: “can a single row ever satisfy both conditions simultaneously?”
</div>

<div class=""fs-score-bar"">
  <span class=""fs-score-label"">Your Score</span>
  <span class=""fs-score-val"" id=""fs-score-val"">0 / 10</span>
</div>

<div class=""fs-section-header"">
<h2>Section 1: Boolean Expressions</h2>
<p>Each question shows a spreadsheet. Write the correct AND/OR filter condition.</p>
<div class=""fs-section-strategy"">
<strong>Before revealing choices:</strong> (1) Underline the keywords — <em>at least</em>, <em>or less</em>, <em>AND/OR</em>. (2) Check each condition: does it filter a <em>single value</em> or <em>one of several values</em>? If one of several, you need OR inside. (3) Ask: could a single row ever satisfy both inner conditions at the same time? If not, AND is wrong.</div>
</div>

<div class=""fs-cheatsheet"">
  <div class=""fs-cheatsheet-title"">✎ Quick Rule: AND vs. OR for Multi-Value Fields</div>
  <div class=""fs-cs-grid"">
    <div class=""fs-cs-card fs-cs-bad"">
      <div class=""fs-cs-label"">✗ Wrong — Impossible Condition</div>
      <code class=""fs-cs-code"">(day = ""Friday"") AND (day = ""Saturday"")</code>
      <div class=""fs-cs-why"">A single <code>day</code> field holds <strong>one value</strong>. It can never equal two different strings simultaneously. This expression is <em>always false</em> — nothing is ever counted.</div>
    </div>
    <div class=""fs-cs-card fs-cs-good"">
      <div class=""fs-cs-label"">✓ Correct — Either Value Allowed</div>
      <code class=""fs-cs-code"">(day = ""Friday"") OR (day = ""Saturday"")</code>
      <div class=""fs-cs-why"">OR allows the field to match <strong>either</strong> value. A show on Friday evaluates the left side as true; a show on Saturday evaluates the right side as true. Both are counted.</div>
    </div>
  </div>
  <p style=""font-size:12px!important;color:#6b7280!important;-webkit-text-fill-color:#6b7280!important;margin:10px 0 0!important;"">
    <strong>Rule:</strong> When the question says “A <em>or</em> B,” “either A or B,” or lists multiple allowed values for one field → use OR between those values. Use AND only when <em>separate conditions</em> must all be true at once.
  </p>
</div>

<div class=""fs-question"" id=""qblock-q1"">
<div class=""fs-q-header"">
<div class=""fs-q-num"">1</div>
<div class=""fs-q-title"">Write the Boolean Expression</div>
<span class=""fs-badge"" style=""color:#b45309!important;-webkit-text-fill-color:#b45309!important;background:#fef3c7!important;"">Medium</span><span class=""fs-badge"" style=""color:#374151!important;-webkit-text-fill-color:#374151!important;background:#f3f4f6!important;"">Boolean Filtering</span>
</div>
<div class=""fs-table-wrap""><table class=""fs-table"">
<thead><tr>
<th>Event Name</th>
<th>Type</th>
<th>Cost ($)</th>
<th>Seats Available</th>
</tr></thead>
<tbody>
<tr class=""fs-match"">
<td>Spring Workshop</td>
<td>workshop</td>
<td>20</td>
<td>5</td>
</tr>
<tr>
<td>History Lecture</td>
<td>lecture</td>
<td>20</td>
<td>5</td>
</tr>
<tr>
<td>Art Workshop</td>
<td>workshop</td>
<td>30</td>
<td>5</td>
</tr>
<tr>
<td>Coding Workshop</td>
<td>workshop</td>
<td>25</td>
<td>0</td>
</tr>
<tr class=""fs-match"">
<td>Design Workshop</td>
<td>workshop</td>
<td>25</td>
<td>3</td>
</tr>
</tbody>
</table></div>
<p style=""font-size:11px!important;color:#065f46!important;-webkit-text-fill-color:#065f46!important;margin:4px 0 0!important;"">▮ Green rows = expected matches for this goal</p>
<div class=""fs-vars"">
<strong>Variables:</strong> <code>evType</code> = event type (string)  •  <code>cost</code> = cost in dollars (number)  •  <code>seats</code> = seats available (number)</div>
<p class=""fs-stem"">A student wants to count events that meet <strong>all three</strong> of the following criteria: the event is a workshop, the cost is $25 or <strong class=""kw"">less</strong>, and <strong class=""kw"">at least</strong> one seat is available. Which expression evaluates to <code>true</code> for events that should be counted?</p>
<button class=""fs-btn-reveal"" id=""reveal-q1"">Click to Reveal Answer Choices ↓</button>
<div class=""fs-options-panel"" id=""options-panel-q1"" style=""display:none!important;"">
<div class=""fs-options"">
<label class=""fs-option""><input type=""radio"" name=""opt-q1"" value=""0""><span class=""fs-opt-letter"">A</span><span class=""fs-opt-text"">(evType = ""workshop"") AND (cost ≤ 25) AND (seats ≥ 1)</span></label><label class=""fs-option""><input type=""radio"" name=""opt-q1"" value=""1""><span class=""fs-opt-letter"">B</span><span class=""fs-opt-text"">(evType = ""workshop"") AND (cost &lt; 25) AND (seats ≥ 1)</span></label><label class=""fs-option""><input type=""radio"" name=""opt-q1"" value=""2""><span class=""fs-opt-letter"">C</span><span class=""fs-opt-text"">(evType = ""workshop"") OR ((cost ≤ 25) AND (seats ≥ 1))</span></label><label class=""fs-option""><input type=""radio"" name=""opt-q1"" value=""3""><span class=""fs-opt-letter"">D</span><span class=""fs-opt-text"">(evType = ""workshop"") AND (cost ≤ 25) AND (seats &gt; 1)</span></label>
</div>
<button class=""fs-btn-submit"" id=""submit-q1"">Check My Answer</button>
</div>
<div class=""fs-feedback"" id=""feedback-q1"" style=""display:none!important;""></div>
</div>
<div class=""fs-question"" id=""qblock-q2"">
<div class=""fs-q-header"">
<div class=""fs-q-num"">2</div>
<div class=""fs-q-title"">AND vs. OR — The Day-of-Week Trap</div>
<span class=""fs-badge"" style=""color:#991b1b!important;-webkit-text-fill-color:#991b1b!important;background:#fee2e2!important;"">Hard</span><span class=""fs-badge"" style=""color:#374151!important;-webkit-text-fill-color:#374151!important;background:#f3f4f6!important;"">Boolean Filtering</span>
</div>
<div class=""fs-watchfor"">
<span class=""fs-watchfor-icon"">⚠</span><span><strong>Watch for:</strong> Ask yourself: can a single show be on Friday <em>and</em> Saturday at the same time?</span>
</div>
<div class=""fs-table-wrap""><table class=""fs-table"">
<thead><tr>
<th>Show Name</th>
<th>Genre</th>
<th>Day</th>
<th>Start Time</th>
</tr></thead>
<tbody>
<tr class=""fs-match"">
<td>Late Night Jazz</td>
<td>jazz</td>
<td>Friday</td>
<td>9:00 PM</td>
</tr>
<tr class=""fs-match"">
<td>Weekend Groove</td>
<td>jazz</td>
<td>Saturday</td>
<td>7:00 PM</td>
</tr>
<tr>
<td>Blues Hour</td>
<td>blues</td>
<td>Friday</td>
<td>8:00 PM</td>
</tr>
<tr>
<td>Sunday Sessions</td>
<td>jazz</td>
<td>Sunday</td>
<td>6:00 PM</td>
</tr>
<tr class=""fs-match"">
<td>Jazz Brunch</td>
<td>jazz</td>
<td>Saturday</td>
<td>11:00 AM</td>
</tr>
</tbody>
</table></div>
<p style=""font-size:11px!important;color:#065f46!important;-webkit-text-fill-color:#065f46!important;margin:4px 0 0!important;"">▮ Green rows = expected matches for this goal</p>
<div class=""fs-vars"">
<strong>Variables:</strong> <code>genre</code> = genre (string)  •  <code>day</code> = day of week (string)</div>
<p class=""fs-stem"">A student wants to count shows that are a jazz show <strong class=""kw"">AND</strong> take place on Friday <strong class=""kw"">OR</strong> Saturday. Which expression evaluates to <code>true</code> for shows that should be counted?</p>
<button class=""fs-btn-reveal"" id=""reveal-q2"">Click to Reveal Answer Choices ↓</button>
<div class=""fs-options-panel"" id=""options-panel-q2"" style=""display:none!important;"">
<div class=""fs-options"">
<label class=""fs-option""><input type=""radio"" name=""opt-q2"" value=""0""><span class=""fs-opt-letter"">A</span><span class=""fs-opt-text"">(genre = ""jazz"") AND ((day = ""Friday"") AND (day = ""Saturday""))</span></label><label class=""fs-option""><input type=""radio"" name=""opt-q2"" value=""1""><span class=""fs-opt-letter"">B</span><span class=""fs-opt-text"">(genre = ""jazz"") AND ((day = ""Friday"") OR (day = ""Saturday""))</span></label><label class=""fs-option""><input type=""radio"" name=""opt-q2"" value=""2""><span class=""fs-opt-letter"">C</span><span class=""fs-opt-text"">(genre = ""jazz"") OR ((day = ""Friday"") OR (day = ""Saturday""))</span></label><label class=""fs-option""><input type=""radio"" name=""opt-q2"" value=""3""><span class=""fs-opt-letter"">D</span><span class=""fs-opt-text"">(genre = ""jazz"") OR ((day = ""Friday"") AND (day = ""Saturday""))</span></label>
</div>
<button class=""fs-btn-submit"" id=""submit-q2"">Check My Answer</button>
</div>
<div class=""fs-feedback"" id=""feedback-q2"" style=""display:none!important;""></div>
</div>
<div class=""fs-question"" id=""qblock-q3"">
<div class=""fs-q-header"">
<div class=""fs-q-num"">3</div>
<div class=""fs-q-title"">Boundary Value — &lt; vs. ≤</div>
<span class=""fs-badge"" style=""color:#991b1b!important;-webkit-text-fill-color:#991b1b!important;background:#fee2e2!important;"">Hard</span><span class=""fs-badge"" style=""color:#374151!important;-webkit-text-fill-color:#374151!important;background:#f3f4f6!important;"">Boolean Filtering</span>
</div>
<div class=""fs-watchfor"">
<span class=""fs-watchfor-icon"">⚠</span><span><strong>Watch for:</strong> “At least 4.0” includes 4.0 itself. Which operator includes the boundary?</span>
</div>
<div class=""fs-table-wrap""><table class=""fs-table"">
<thead><tr>
<th>Product</th>
<th>Category</th>
<th>Rating</th>
<th>In Stock</th>
</tr></thead>
<tbody>
<tr class=""fs-match"">
<td>Wireless Speaker</td>
<td>electronics</td>
<td>4.5</td>
<td>true</td>
</tr>
<tr>
<td>Desk Lamp</td>
<td>electronics</td>
<td>3.5</td>
<td>true</td>
</tr>
<tr>
<td>Yoga Mat</td>
<td>fitness</td>
<td>4.5</td>
<td>true</td>
</tr>
<tr>
<td>USB Hub</td>
<td>electronics</td>
<td>4.0</td>
<td>false</td>
</tr>
<tr class=""fs-match"">
<td>Phone Stand</td>
<td>electronics</td>
<td>4.0</td>
<td>true</td>
</tr>
</tbody>
</table></div>
<p style=""font-size:11px!important;color:#065f46!important;-webkit-text-fill-color:#065f46!important;margin:4px 0 0!important;"">▮ Green rows = expected matches for this goal</p>
<div class=""fs-vars"">
<strong>Variables:</strong> <code>cat</code> = category (string)  •  <code>rating</code> = average rating (number)  •  <code>inStock</code> = availability (boolean)</div>
<p class=""fs-stem"">A student wants to count electronics products that have a rating of <strong class=""kw"">at least 4.0</strong> and are currently in stock. Which expression evaluates to <code>true</code> for products that should be counted?</p>
<button class=""fs-btn-reveal"" id=""reveal-q3"">Click to Reveal Answer Choices ↓</button>
<div class=""fs-options-panel"" id=""options-panel-q3"" style=""display:none!important;"">
<div class=""fs-options"">
<label class=""fs-option""><input type=""radio"" name=""opt-q3"" value=""0""><span class=""fs-opt-letter"">A</span><span class=""fs-opt-text"">(cat = ""electronics"") AND (rating ≥ 4.0) AND (inStock = true)</span></label><label class=""fs-option""><input type=""radio"" name=""opt-q3"" value=""1""><span class=""fs-opt-letter"">B</span><span class=""fs-opt-text"">(cat = ""electronics"") AND (rating &gt; 4.0) AND (inStock = true)</span></label><label class=""fs-option""><input type=""radio"" name=""opt-q3"" value=""2""><span class=""fs-opt-letter"">C</span><span class=""fs-opt-text"">(cat = ""electronics"") AND (rating ≥ 4.0) OR (inStock = true)</span></label><label class=""fs-option""><input type=""radio"" name=""opt-q3"" value=""3""><span class=""fs-opt-letter"">D</span><span class=""fs-opt-text"">(cat = ""electronics"") OR (rating ≥ 4.0) AND (inStock = true)</span></label>
</div>
<button class=""fs-btn-submit"" id=""submit-q3"">Check My Answer</button>
</div>
<div class=""fs-feedback"" id=""feedback-q3"" style=""display:none!important;""></div>
</div>
<div class=""fs-question"" id=""qblock-q4"">
<div class=""fs-q-header"">
<div class=""fs-q-num"">4</div>
<div class=""fs-q-title"">Multi-Value Field — The Impossible AND</div>
<span class=""fs-badge"" style=""color:#991b1b!important;-webkit-text-fill-color:#991b1b!important;background:#fee2e2!important;"">Hard</span><span class=""fs-badge"" style=""color:#374151!important;-webkit-text-fill-color:#374151!important;background:#f3f4f6!important;"">Boolean Filtering</span>
</div>
<div class=""fs-watchfor"">
<span class=""fs-watchfor-icon"">⚠</span><span><strong>Watch for:</strong> A customer has exactly ONE membership value. Can it ever equal both “gold” AND “platinum” at the same time?</span>
</div>
<div class=""fs-table-wrap""><table class=""fs-table"">
<thead><tr>
<th>Customer ID</th>
<th>Status</th>
<th>Membership</th>
<th>Orders</th>
</tr></thead>
<tbody>
<tr class=""fs-match"">
<td>C001</td>
<td>active</td>
<td>gold</td>
<td>8</td>
</tr>
<tr class=""fs-match"">
<td>C002</td>
<td>active</td>
<td>platinum</td>
<td>12</td>
</tr>
<tr>
<td>C003</td>
<td>inactive</td>
<td>gold</td>
<td>3</td>
</tr>
<tr>
<td>C004</td>
<td>active</td>
<td>silver</td>
<td>6</td>
</tr>
<tr class=""fs-match"">
<td>C005</td>
<td>active</td>
<td>gold</td>
<td>5</td>
</tr>
</tbody>
</table></div>
<p style=""font-size:11px!important;color:#065f46!important;-webkit-text-fill-color:#065f46!important;margin:4px 0 0!important;"">▮ Green rows = expected matches for this goal</p>
<div class=""fs-vars"">
<strong>Variables:</strong> <code>status</code> = account status (string)  •  <code>membership</code> = membership tier (string)</div>
<p class=""fs-stem"">A student wants to count customers who are <strong class=""kw"">active</strong> and have either a <strong class=""kw"">gold or platinum</strong> membership. Which expression evaluates to <code>true</code> for customers that should be counted?</p>
<button class=""fs-btn-reveal"" id=""reveal-q4"">Click to Reveal Answer Choices ↓</button>
<div class=""fs-options-panel"" id=""options-panel-q4"" style=""display:none!important;"">
<div class=""fs-options"">
<label class=""fs-option""><input type=""radio"" name=""opt-q4"" value=""0""><span class=""fs-opt-letter"">A</span><span class=""fs-opt-text"">(status = ""active"") AND ((membership = ""gold"") AND (membership = ""platinum""))</span></label><label class=""fs-option""><input type=""radio"" name=""opt-q4"" value=""1""><span class=""fs-opt-letter"">B</span><span class=""fs-opt-text"">(status = ""active"") AND ((membership = ""gold"") OR (membership = ""platinum""))</span></label><label class=""fs-option""><input type=""radio"" name=""opt-q4"" value=""2""><span class=""fs-opt-letter"">C</span><span class=""fs-opt-text"">(status = ""active"") OR ((membership = ""gold"") AND (membership = ""platinum""))</span></label><label class=""fs-option""><input type=""radio"" name=""opt-q4"" value=""3""><span class=""fs-opt-letter"">D</span><span class=""fs-opt-text"">(status = ""active"") OR ((membership = ""gold"") OR (membership = ""platinum""))</span></label>
</div>
<button class=""fs-btn-submit"" id=""submit-q4"">Check My Answer</button>
</div>
<div class=""fs-feedback"" id=""feedback-q4"" style=""display:none!important;""></div>
</div>
<div class=""fs-section-header"">
<h2>Section 2: Filter &amp; Sort Ordering</h2>
<p>Which sequence of filter and sort steps puts the target row at position 1?</p>
<div class=""fs-section-strategy"">
<strong>Before revealing choices:</strong> Trace each sequence on the table above. Ask two questions: (1) Does the sequence use the <em>correct sort key</em> (e.g., sort by age to find youngest — not by name)? (2) After all steps complete, which row is first? The green rows in the table show the expected matches.</div>
</div>
<div class=""fs-question"" id=""qblock-q5"">
<div class=""fs-q-header"">
<div class=""fs-q-num"">5</div>
<div class=""fs-q-title"">Which Sequences Find the Right Row?</div>
<span class=""fs-badge"" style=""color:#991b1b!important;-webkit-text-fill-color:#991b1b!important;background:#fee2e2!important;"">Hard</span><span class=""fs-badge"" style=""color:#374151!important;-webkit-text-fill-color:#374151!important;background:#f3f4f6!important;"">Filter / Sort Ordering</span>
</div>
<p class=""fs-context"">Goal: find the <strong>youngest Marketing employee</strong>. Unknown ages are stored as 0 and should be ignored. The target employee must appear in <strong>row 1</strong> when complete.</p>
<div class=""fs-table-wrap""><table class=""fs-table"">
<thead><tr>
<th>Name</th>
<th>Dept</th>
<th>Age</th>
<th>Notes</th>
</tr></thead>
<tbody>
<tr class=""fs-match"">
<td>Chen, M.</td>
<td>Marketing</td>
<td>28</td>
<td></td>
</tr>
<tr>
<td>Davis, T.</td>
<td>Marketing</td>
<td>0</td>
<td>unknown age</td>
</tr>
<tr>
<td>Adams, R.</td>
<td>Sales</td>
<td>24</td>
<td></td>
</tr>
<tr>
<td>Brown, K.</td>
<td>Marketing</td>
<td>35</td>
<td></td>
</tr>
<tr>
<td>Foster, L.</td>
<td>Marketing</td>
<td>42</td>
<td></td>
</tr>
</tbody>
</table></div>
<p style=""font-size:11px!important;color:#065f46!important;-webkit-text-fill-color:#065f46!important;margin:4px 0 0!important;"">▮ Green rows = expected matches for this goal</p>
<div class=""fs-actions"">
<div class=""fs-actions-label"">Available Actions</div>
<div class=""fs-action-row"">
<span class=""fs-action-name"">Filter by department</span><span class=""fs-action-desc"">Remove entries where dept ≠ Marketing</span>
</div>
<div class=""fs-action-row"">
<span class=""fs-action-name"">Filter unknown age</span><span class=""fs-action-desc"">Remove entries where age = 0</span>
</div>
<div class=""fs-action-row"">
<span class=""fs-action-name"">Sort by age</span><span class=""fs-action-desc"">Sort from least to greatest age</span>
</div>
<div class=""fs-action-row"">
<span class=""fs-action-name"">Sort by name</span><span class=""fs-action-desc"">Sort alphabetically by last name</span>
</div>
</div>
<div class=""fs-trace"">
<div class=""fs-trace-label"">Trace Each Sequence First</div>
<div class=""fs-trace-grid"">
<div class=""fs-trace-col"">
<div class=""fs-trace-seq"">Seq I</div>
<div class=""fs-trace-steps"">
<div class=""fs-trace-step"">Filter dept</div>
<div class=""fs-trace-step"">Filter age=0</div>
<div class=""fs-trace-step"">Sort age ASC</div>
</div>
<div class=""fs-trace-result fs-trace-ok"">Row 1 = Chen (28) ✓</div>
</div>
<div class=""fs-trace-col"">
<div class=""fs-trace-seq"">Seq II</div>
<div class=""fs-trace-steps"">
<div class=""fs-trace-step"">Filter age=0</div>
<div class=""fs-trace-step"">Sort age ASC</div>
<div class=""fs-trace-step"">Filter dept</div>
</div>
<div class=""fs-trace-result fs-trace-ok"">Row 1 = Chen (28) ✓</div>
</div>
<div class=""fs-trace-col"">
<div class=""fs-trace-seq"">Seq III</div>
<div class=""fs-trace-steps"">
<div class=""fs-trace-step"">Filter dept</div>
<div class=""fs-trace-step"">Sort name A-Z</div>
<div class=""fs-trace-step"">Filter age=0</div>
</div>
<div class=""fs-trace-result fs-trace-fail"">Row 1 = Brown (35) ✗</div>
</div>
<div class=""fs-trace-col"">
<div class=""fs-trace-seq"">Seq IV</div>
<div class=""fs-trace-steps"">
<div class=""fs-trace-step"">Sort age ASC</div>
<div class=""fs-trace-step"">Filter dept</div>
<div class=""fs-trace-step"">Filter age=0</div>
</div>
<div class=""fs-trace-result fs-trace-ok"">Row 1 = Chen (28) ✓</div>
</div>
</div>
</div>
<div class=""fs-note"">
<strong>Note:</strong> Applying a filter does not change the relative order of remaining rows.</div>
<div class=""fs-segments"">
<div class=""fs-segment"">I.   Filter by department → Filter unknown age → Sort by age</div>
<div class=""fs-segment"">II.  Filter unknown age → Sort by age → Filter by department</div>
<div class=""fs-segment"">III. Filter by department → Sort by name → Filter unknown age</div>
<div class=""fs-segment"">IV.  Sort by age → Filter by department → Filter unknown age</div>
</div>
<p class=""fs-stem"">Which of the sequences correctly places the youngest Marketing employee in <strong class=""kw"">row 1</strong>?</p>
<button class=""fs-btn-reveal"" id=""reveal-q5"">Click to Reveal Answer Choices ↓</button>
<div class=""fs-options-panel"" id=""options-panel-q5"" style=""display:none!important;"">
<div class=""fs-options"">
<label class=""fs-option""><input type=""radio"" name=""opt-q5"" value=""0""><span class=""fs-opt-letter"">A</span><span class=""fs-opt-text"">I only</span></label><label class=""fs-option""><input type=""radio"" name=""opt-q5"" value=""1""><span class=""fs-opt-letter"">B</span><span class=""fs-opt-text"">I and II only</span></label><label class=""fs-option""><input type=""radio"" name=""opt-q5"" value=""2""><span class=""fs-opt-letter"">C</span><span class=""fs-opt-text"">I, II, and IV only</span></label><label class=""fs-option""><input type=""radio"" name=""opt-q5"" value=""3""><span class=""fs-opt-letter"">D</span><span class=""fs-opt-text"">I, II, III, and IV</span></label>
</div>
<button class=""fs-btn-submit"" id=""submit-q5"">Check My Answer</button>
</div>
<div class=""fs-feedback"" id=""feedback-q5"" style=""display:none!important;""></div>
</div>
<div class=""fs-question"" id=""qblock-q6"">
<div class=""fs-q-header"">
<div class=""fs-q-num"">6</div>
<div class=""fs-q-title"">Select Two — Which Orderings Work?</div>
<span class=""fs-badge"" style=""color:#991b1b!important;-webkit-text-fill-color:#991b1b!important;background:#fee2e2!important;"">Hard</span><span class=""fs-badge"" style=""color:#374151!important;-webkit-text-fill-color:#374151!important;background:#f3f4f6!important;"">Filter / Sort Ordering — Select Two</span>
</div>
<div class=""fs-watchfor"">
<span class=""fs-watchfor-icon"">⚠</span><span><strong>Watch for:</strong> Which sort direction puts the most expensive item at row 1?</span>
</div>
<p class=""fs-context"">Goal: find the <strong>most expensive available furniture item</strong> with a listed price. Items with no price are stored as -1 and should be ignored. The target must appear in <strong>row 1</strong>.</p>
<div class=""fs-table-wrap""><table class=""fs-table"">
<thead><tr>
<th>Product</th>
<th>Category</th>
<th>Price ($)</th>
<th>Available</th>
</tr></thead>
<tbody>
<tr class=""fs-match"">
<td>Bookshelf</td>
<td>furniture</td>
<td>499</td>
<td>true</td>
</tr>
<tr>
<td>Side Table</td>
<td>furniture</td>
<td>-1</td>
<td>true</td>
</tr>
<tr>
<td>Laptop</td>
<td>electronics</td>
<td>999</td>
<td>true</td>
</tr>
<tr>
<td>Coffee Table</td>
<td>furniture</td>
<td>299</td>
<td>true</td>
</tr>
<tr>
<td>Wardrobe</td>
<td>furniture</td>
<td>599</td>
<td>false</td>
</tr>
</tbody>
</table></div>
<p style=""font-size:11px!important;color:#065f46!important;-webkit-text-fill-color:#065f46!important;margin:4px 0 0!important;"">▮ Green rows = expected matches for this goal</p>
<div class=""fs-actions"">
<div class=""fs-actions-label"">Available Actions</div>
<div class=""fs-action-row"">
<span class=""fs-action-name"">Filter by category</span><span class=""fs-action-desc"">Remove entries where category ≠ furniture</span>
</div>
<div class=""fs-action-row"">
<span class=""fs-action-name"">Filter unknown price</span><span class=""fs-action-desc"">Remove entries where price = -1</span>
</div>
<div class=""fs-action-row"">
<span class=""fs-action-name"">Filter available</span><span class=""fs-action-desc"">Remove entries where available = false</span>
</div>
<div class=""fs-action-row"">
<span class=""fs-action-name"">Sort price descending</span><span class=""fs-action-desc"">Sort greatest to least price</span>
</div>
<div class=""fs-action-row"">
<span class=""fs-action-name"">Sort price ascending</span><span class=""fs-action-desc"">Sort least to greatest price</span>
</div>
</div>
<div class=""fs-trace"">
<div class=""fs-trace-label"">Trace Each Sequence First</div>
<div class=""fs-trace-grid"">
<div class=""fs-trace-col"">
<div class=""fs-trace-seq"">Seq A</div>
<div class=""fs-trace-steps"">
<div class=""fs-trace-step"">Filter cat</div>
<div class=""fs-trace-step"">Filter avail</div>
<div class=""fs-trace-step"">Filter price=-1</div>
<div class=""fs-trace-step"">Sort DESC</div>
</div>
<div class=""fs-trace-result fs-trace-ok"">Row 1 = Bookshelf $499 ✓</div>
</div>
<div class=""fs-trace-col"">
<div class=""fs-trace-seq"">Seq B</div>
<div class=""fs-trace-steps"">
<div class=""fs-trace-step"">Filter price=-1</div>
<div class=""fs-trace-step"">Filter avail</div>
<div class=""fs-trace-step"">Sort DESC</div>
<div class=""fs-trace-step"">Filter cat</div>
</div>
<div class=""fs-trace-result fs-trace-ok"">Row 1 = Bookshelf $499 ✓</div>
</div>
<div class=""fs-trace-col"">
<div class=""fs-trace-seq"">Seq C</div>
<div class=""fs-trace-steps"">
<div class=""fs-trace-step"">Sort DESC</div>
<div class=""fs-trace-step"">Filter cat</div>
<div class=""fs-trace-step"">Filter avail</div>
<div class=""fs-trace-step"">Filter price=-1</div>
</div>
<div class=""fs-trace-result fs-trace-ok"">Row 1 = Bookshelf $499 ✓</div>
</div>
<div class=""fs-trace-col"">
<div class=""fs-trace-seq"">Seq D</div>
<div class=""fs-trace-steps"">
<div class=""fs-trace-step"">Filter cat</div>
<div class=""fs-trace-step"">Filter price=-1</div>
<div class=""fs-trace-step"">Sort ASC</div>
<div class=""fs-trace-step"">Filter avail</div>
</div>
<div class=""fs-trace-result fs-trace-fail"">Row 1 = Coffee Table $299 ✗</div>
</div>
</div>
</div>
<div class=""fs-note"">
<strong>Note:</strong> Applying a filter does not change the relative order of remaining rows.</div>
<div class=""fs-segments"">
<div class=""fs-segment"">A.  Filter category → Filter available → Filter unknown price → Sort price descending</div>
<div class=""fs-segment"">B.  Filter unknown price → Filter available → Sort price descending → Filter category</div>
<div class=""fs-segment"">C.  Sort price descending → Filter category → Filter available → Filter unknown price</div>
<div class=""fs-segment"">D.  Filter category → Filter unknown price → Sort price ascending → Filter available</div>
</div>
<p class=""fs-stem"">Select <strong class=""kw"">two</strong> sequences that correctly place the most expensive available furniture item with a listed price in <strong class=""kw"">row 1</strong>.</p>
<div class=""fs-select2-note"">ⓘ Select TWO answers.</div>
<button class=""fs-btn-reveal"" id=""reveal-q6"">Click to Reveal Answer Choices ↓</button>
<div class=""fs-options-panel"" id=""options-panel-q6"" style=""display:none!important;"">
<div class=""fs-options"">
<label class=""fs-option""><input type=""checkbox"" name=""opt-q6"" value=""0""><span class=""fs-opt-letter"">A</span><span class=""fs-opt-text"">Sequence A</span></label><label class=""fs-option""><input type=""checkbox"" name=""opt-q6"" value=""1""><span class=""fs-opt-letter"">B</span><span class=""fs-opt-text"">Sequence B</span></label><label class=""fs-option""><input type=""checkbox"" name=""opt-q6"" value=""2""><span class=""fs-opt-letter"">C</span><span class=""fs-opt-text"">Sequence C</span></label><label class=""fs-option""><input type=""checkbox"" name=""opt-q6"" value=""3""><span class=""fs-opt-letter"">D</span><span class=""fs-opt-text"">Sequence D</span></label>
</div>
<button class=""fs-btn-submit"" id=""submit-q6"">Check My Answer</button>
</div>
<div class=""fs-feedback"" id=""feedback-q6"" style=""display:none!important;""></div>
</div>
<div class=""fs-question"" id=""qblock-q7"">
<div class=""fs-q-header"">
<div class=""fs-q-num"">7</div>
<div class=""fs-q-title"">I, II, III — Which Orderings Work?</div>
<span class=""fs-badge"" style=""color:#991b1b!important;-webkit-text-fill-color:#991b1b!important;background:#fee2e2!important;"">Hard</span><span class=""fs-badge"" style=""color:#374151!important;-webkit-text-fill-color:#374151!important;background:#f3f4f6!important;"">Filter / Sort Ordering — I &amp; II Format</span>
</div>
<div class=""fs-watchfor"">
<span class=""fs-watchfor-icon"">⚠</span><span><strong>Watch for:</strong> Two sequences use the correct sort key. One uses the wrong sort key entirely.</span>
</div>
<p class=""fs-context"">Goal: find the <strong>oldest sci-fi novel</strong> with a known author and year. Unknown values are stored as “(unknown)” or -1. The target must appear in <strong>row 1</strong>.</p>
<div class=""fs-table-wrap""><table class=""fs-table"">
<thead><tr>
<th>Title</th>
<th>Author</th>
<th>Year</th>
<th>Genre</th>
</tr></thead>
<tbody>
<tr>
<td>Dune</td>
<td>Herbert</td>
<td>1965</td>
<td>sci-fi</td>
</tr>
<tr>
<td>Unknown Novel</td>
<td>(unknown)</td>
<td>1998</td>
<td>mystery</td>
</tr>
<tr class=""fs-match"">
<td>Foundation</td>
<td>Asimov</td>
<td>1951</td>
<td>sci-fi</td>
</tr>
<tr>
<td>Neuromancer</td>
<td>Gibson</td>
<td>-1</td>
<td>sci-fi</td>
</tr>
<tr>
<td>Ender's Game</td>
<td>Card</td>
<td>1985</td>
<td>sci-fi</td>
</tr>
</tbody>
</table></div>
<p style=""font-size:11px!important;color:#065f46!important;-webkit-text-fill-color:#065f46!important;margin:4px 0 0!important;"">▮ Green rows = expected matches for this goal</p>
<div class=""fs-actions"">
<div class=""fs-actions-label"">Available Actions</div>
<div class=""fs-action-row"">
<span class=""fs-action-name"">Filter by genre</span><span class=""fs-action-desc"">Remove entries where genre ≠ sci-fi</span>
</div>
<div class=""fs-action-row"">
<span class=""fs-action-name"">Filter unknown author</span><span class=""fs-action-desc"">Remove entries where author = “(unknown)”</span>
</div>
<div class=""fs-action-row"">
<span class=""fs-action-name"">Filter unknown year</span><span class=""fs-action-desc"">Remove entries where year = -1</span>
</div>
<div class=""fs-action-row"">
<span class=""fs-action-name"">Sort by year ascending</span><span class=""fs-action-desc"">Sort oldest (smallest year) to newest</span>
</div>
<div class=""fs-action-row"">
<span class=""fs-action-name"">Sort by title A-Z</span><span class=""fs-action-desc"">Sort alphabetically by title</span>
</div>
</div>
<div class=""fs-trace"">
<div class=""fs-trace-label"">Trace Each Sequence First</div>
<div class=""fs-trace-grid"">
<div class=""fs-trace-col"">
<div class=""fs-trace-seq"">Seq I</div>
<div class=""fs-trace-steps"">
<div class=""fs-trace-step"">Filter genre</div>
<div class=""fs-trace-step"">Filter unknown author</div>
<div class=""fs-trace-step"">Filter year=-1</div>
<div class=""fs-trace-step"">Sort year ASC</div>
</div>
<div class=""fs-trace-result fs-trace-ok"">Row 1 = Foundation 1951 ✓</div>
</div>
<div class=""fs-trace-col"">
<div class=""fs-trace-seq"">Seq II</div>
<div class=""fs-trace-steps"">
<div class=""fs-trace-step"">Filter year=-1</div>
<div class=""fs-trace-step"">Filter genre</div>
<div class=""fs-trace-step"">Sort year ASC</div>
<div class=""fs-trace-step"">Filter unknown author</div>
</div>
<div class=""fs-trace-result fs-trace-ok"">Row 1 = Foundation 1951 ✓</div>
</div>
<div class=""fs-trace-col"">
<div class=""fs-trace-seq"">Seq III</div>
<div class=""fs-trace-steps"">
<div class=""fs-trace-step"">Filter genre</div>
<div class=""fs-trace-step"">Sort title A-Z</div>
<div class=""fs-trace-step"">Filter unknown author</div>
<div class=""fs-trace-step"">Filter year=-1</div>
</div>
<div class=""fs-trace-result fs-trace-fail"">Row 1 = Dune 1965 ✗</div>
</div>
</div>
</div>
<div class=""fs-note"">
<strong>Note:</strong> Applying a filter does not change the relative order of remaining rows.</div>
<div class=""fs-segments"">
<div class=""fs-segment"">I.   Filter genre → Filter unknown author → Filter unknown year → Sort year ascending</div>
<div class=""fs-segment"">II.  Filter unknown year → Filter genre → Sort year ascending → Filter unknown author</div>
<div class=""fs-segment"">III. Filter genre → Sort title A-Z → Filter unknown author → Filter unknown year</div>
</div>
<p class=""fs-stem"">Which sequences correctly place the <strong class=""kw"">oldest</strong> sci-fi novel with a known author and year in <strong class=""kw"">row 1</strong>?</p>
<button class=""fs-btn-reveal"" id=""reveal-q7"">Click to Reveal Answer Choices ↓</button>
<div class=""fs-options-panel"" id=""options-panel-q7"" style=""display:none!important;"">
<div class=""fs-options"">
<label class=""fs-option""><input type=""radio"" name=""opt-q7"" value=""0""><span class=""fs-opt-letter"">A</span><span class=""fs-opt-text"">I only</span></label><label class=""fs-option""><input type=""radio"" name=""opt-q7"" value=""1""><span class=""fs-opt-letter"">B</span><span class=""fs-opt-text"">I and II only</span></label><label class=""fs-option""><input type=""radio"" name=""opt-q7"" value=""2""><span class=""fs-opt-letter"">C</span><span class=""fs-opt-text"">II and III only</span></label><label class=""fs-option""><input type=""radio"" name=""opt-q7"" value=""3""><span class=""fs-opt-letter"">D</span><span class=""fs-opt-text"">I, II, and III</span></label>
</div>
<button class=""fs-btn-submit"" id=""submit-q7"">Check My Answer</button>
</div>
<div class=""fs-feedback"" id=""feedback-q7"" style=""display:none!important;""></div>
</div>
<div class=""fs-section-header"">
<h2>Section 3: Algorithm Step Ordering</h2>
<p>Some steps depend on the output of other steps — they can’t run first.</p>
<div class=""fs-section-strategy"">
<strong>Before revealing choices:</strong> Draw the dependency chain. Ask for each step: “What data does this step need as input? Has that data been created yet?” A step cannot run before the step that produces its required input.</div>
</div>
<div class=""fs-question"" id=""qblock-q8"">
<div class=""fs-q-header"">
<div class=""fs-q-num"">8</div>
<div class=""fs-q-title"">Which Step Order Produces the Correct Result?</div>
<span class=""fs-badge"" style=""color:#b45309!important;-webkit-text-fill-color:#b45309!important;background:#fef3c7!important;"">Medium</span><span class=""fs-badge"" style=""color:#374151!important;-webkit-text-fill-color:#374151!important;background:#f3f4f6!important;"">Algorithm Step Ordering</span>
</div>
<div class=""fs-watchfor"">
<span class=""fs-watchfor-icon"">⚠</span><span><strong>Watch for:</strong> Which step must run <em>first</em> before any of the others make sense?</span>
</div>
<p class=""fs-context"">A programmer wants an algorithm that takes a list of email addresses and returns a <strong>sorted list of unique domain names</strong> (the part after the @).<br>Example: [“a@google.com”, “b@yahoo.com”, “c@google.com”] → [“google.com”, “yahoo.com”].</p>
<div class=""fs-steps-box"">
<div class=""fs-steps-label"">Algorithm Steps</div>
<div class=""fs-step-def"">
<strong>Extract:</strong> Extract the domain from each email (everything after the @)</div>
<div class=""fs-step-def"">
<strong>Remove duplicates:</strong> Remove duplicate domain names from the list</div>
<div class=""fs-step-def"">
<strong>Sort:</strong> Sort the domain names alphabetically</div>
</div>
<div class=""fs-segments"">
<div class=""fs-segment"">I.   Extract → Remove duplicates → Sort</div>
<div class=""fs-segment"">II.  Extract → Sort → Remove duplicates</div>
<div class=""fs-segment"">III. Remove duplicates → Extract → Sort</div>
<div class=""fs-segment"">IV.  Sort → Extract → Remove duplicates</div>
</div>
<p class=""fs-stem"">Executing which of the following sequences will produce the correct sorted list of unique domain names?</p>
<button class=""fs-btn-reveal"" id=""reveal-q8"">Click to Reveal Answer Choices ↓</button>
<div class=""fs-options-panel"" id=""options-panel-q8"" style=""display:none!important;"">
<div class=""fs-options"">
<label class=""fs-option""><input type=""radio"" name=""opt-q8"" value=""0""><span class=""fs-opt-letter"">A</span><span class=""fs-opt-text"">I only</span></label><label class=""fs-option""><input type=""radio"" name=""opt-q8"" value=""1""><span class=""fs-opt-letter"">B</span><span class=""fs-opt-text"">I and II only</span></label><label class=""fs-option""><input type=""radio"" name=""opt-q8"" value=""2""><span class=""fs-opt-letter"">C</span><span class=""fs-opt-text"">I, II, and IV only</span></label><label class=""fs-option""><input type=""radio"" name=""opt-q8"" value=""3""><span class=""fs-opt-letter"">D</span><span class=""fs-opt-text"">I, II, III, and IV</span></label>
</div>
<button class=""fs-btn-submit"" id=""submit-q8"">Check My Answer</button>
</div>
<div class=""fs-feedback"" id=""feedback-q8"" style=""display:none!important;""></div>
</div>
<div class=""fs-question"" id=""qblock-q9"">
<div class=""fs-q-header"">
<div class=""fs-q-num"">9</div>
<div class=""fs-q-title"">Step Dependencies — What Needs What?</div>
<span class=""fs-badge"" style=""color:#991b1b!important;-webkit-text-fill-color:#991b1b!important;background:#fee2e2!important;"">Hard</span><span class=""fs-badge"" style=""color:#374151!important;-webkit-text-fill-color:#374151!important;background:#f3f4f6!important;"">Algorithm Step Ordering</span>
</div>
<div class=""fs-watchfor"">
<span class=""fs-watchfor-icon"">⚠</span><span><strong>Watch for:</strong> Draw the dependency chain: which step’s output does each other step need as input?</span>
</div>
<p class=""fs-context"">A teacher wants an algorithm that identifies students who scored above the class average, then returns their names in alphabetical order.</p>
<div class=""fs-steps-box"">
<div class=""fs-steps-label"">Algorithm Steps</div>
<div class=""fs-step-def"">
<strong>Step A:</strong> Calculate each student’s individual average score across all assignments</div>
<div class=""fs-step-def"">
<strong>Step B:</strong> Compute the class average (mean of all individual averages from Step A)</div>
<div class=""fs-step-def"">
<strong>Step C:</strong> Keep only students whose individual average &gt; class average</div>
<div class=""fs-step-def"">
<strong>Step D:</strong> Sort the remaining student names alphabetically</div>
</div>
<div class=""dep-chain"">
<span class=""dep-box"">A<br><small>individual<br>averages</small></span><span class=""dep-arrow"">→ needs A →</span><span class=""dep-box"">B<br><small>class<br>average</small></span><span class=""dep-arrow"">→ needs B →</span><span class=""dep-box"">C<br><small>filter above<br>average</small></span><span class=""dep-arrow"">→ needs C →</span><span class=""dep-box"">D<br><small>sort<br>names</small></span>
</div>
<div class=""fs-segments"">
<div class=""fs-segment"">I.   A → B → C → D</div>
<div class=""fs-segment"">II.  B → A → C → D</div>
<div class=""fs-segment"">III. A → C → B → D</div>
<div class=""fs-segment"">IV.  A → B → D → C</div>
</div>
<p class=""fs-stem"">Which sequence correctly produces an alphabetical list of students who scored <strong class=""kw"">above the class average</strong>?</p>
<button class=""fs-btn-reveal"" id=""reveal-q9"">Click to Reveal Answer Choices ↓</button>
<div class=""fs-options-panel"" id=""options-panel-q9"" style=""display:none!important;"">
<div class=""fs-options"">
<label class=""fs-option""><input type=""radio"" name=""opt-q9"" value=""0""><span class=""fs-opt-letter"">A</span><span class=""fs-opt-text"">I only</span></label><label class=""fs-option""><input type=""radio"" name=""opt-q9"" value=""1""><span class=""fs-opt-letter"">B</span><span class=""fs-opt-text"">I and II only</span></label><label class=""fs-option""><input type=""radio"" name=""opt-q9"" value=""2""><span class=""fs-opt-letter"">C</span><span class=""fs-opt-text"">I and IV only</span></label><label class=""fs-option""><input type=""radio"" name=""opt-q9"" value=""3""><span class=""fs-opt-letter"">D</span><span class=""fs-opt-text"">I, II, and III only</span></label>
</div>
<button class=""fs-btn-submit"" id=""submit-q9"">Check My Answer</button>
</div>
<div class=""fs-feedback"" id=""feedback-q9"" style=""display:none!important;""></div>
</div>
<div class=""fs-question"" id=""qblock-q10"">
<div class=""fs-q-header"">
<div class=""fs-q-num"">10</div>
<div class=""fs-q-title"">When Does Convert Lock the Data?</div>
<span class=""fs-badge"" style=""color:#991b1b!important;-webkit-text-fill-color:#991b1b!important;background:#fee2e2!important;"">Hard</span><span class=""fs-badge"" style=""color:#374151!important;-webkit-text-fill-color:#374151!important;background:#f3f4f6!important;"">Algorithm Step Ordering</span>
</div>
<div class=""fs-watchfor"">
<span class=""fs-watchfor-icon"">⚠</span><span><strong>Watch for:</strong> Once Convert runs, the data becomes a string. Can you still Sort or Filter a string the same way you sort a list of numbers?</span>
</div>
<p class=""fs-context"">A programmer wants an algorithm that takes a list of numbers and returns a <strong>formatted string</strong> of perfect squares in order, separated by commas.<br>Example: [16, 7, 4, 25, 3, 9] → “4, 9, 16, 25”</p>
<div class=""fs-steps-box"">
<div class=""fs-steps-label"">Algorithm Steps</div>
<div class=""fs-step-def"">
<strong>Filter:</strong> Keep only numbers that are perfect squares (1, 4, 9, 16, 25, …)</div>
<div class=""fs-step-def"">
<strong>Sort:</strong> Sort the remaining numbers from least to greatest</div>
<div class=""fs-step-def"">
<strong>Convert:</strong> Join the list of numbers into a single comma-separated string</div>
</div>
<div class=""fs-segments"">
<div class=""fs-segment"">I.   Filter → Sort → Convert</div>
<div class=""fs-segment"">II.  Sort → Filter → Convert</div>
<div class=""fs-segment"">III. Filter → Convert → Sort</div>
<div class=""fs-segment"">IV.  Convert → Filter → Sort</div>
</div>
<p class=""fs-stem"">Which of the following correctly identifies <strong class=""kw"">all</strong> sequences that produce the correct result?</p>
<button class=""fs-btn-reveal"" id=""reveal-q10"">Click to Reveal Answer Choices ↓</button>
<div class=""fs-options-panel"" id=""options-panel-q10"" style=""display:none!important;"">
<div class=""fs-options"">
<label class=""fs-option""><input type=""radio"" name=""opt-q10"" value=""0""><span class=""fs-opt-letter"">A</span><span class=""fs-opt-text"">I only</span></label><label class=""fs-option""><input type=""radio"" name=""opt-q10"" value=""1""><span class=""fs-opt-letter"">B</span><span class=""fs-opt-text"">I and II only</span></label><label class=""fs-option""><input type=""radio"" name=""opt-q10"" value=""2""><span class=""fs-opt-letter"">C</span><span class=""fs-opt-text"">I, II, and III only</span></label><label class=""fs-option""><input type=""radio"" name=""opt-q10"" value=""3""><span class=""fs-opt-letter"">D</span><span class=""fs-opt-text"">I, II, III, and IV</span></label>
</div>
<button class=""fs-btn-submit"" id=""submit-q10"">Check My Answer</button>
</div>
<div class=""fs-feedback"" id=""feedback-q10"" style=""display:none!important;""></div>
</div>

<div class=""fs-final"" id=""fs-final-panel"" style=""display:none!important;"">
  <h2>Practice Complete!</h2>
  <p class=""fs-final-msg"" id=""fs-final-msg""></p>
  <div class=""fs-nav"">
    <a href=""/pages/ap-csp-topics"" class=""fs-btn-outline"">← All AP CSP Topics</a>
    <a href=""/pages/ap-csp-qotd-hub"" class=""fs-btn-primary"">Daily Practice Questions →</a>
  </div>
</div>

<div class=""fs-nav"">
  <a href=""/pages/ap-csp-topics"" class=""fs-btn-outline"">← All AP CSP Topics</a>
  <a href=""/pages/ap-computer-science-principles-resources"" class=""fs-btn-primary"">AP CSP Hub →</a>
</div>

</div>

<script>
var FS_QUESTIONS = [{""id"": ""q1"", ""num"": 1, ""section"": 1, ""title"": ""Write the Boolean Expression"", ""difficulty"": ""Medium"", ""diffColor"": ""#b45309"", ""diffBg"": ""#fef3c7"", ""topic"": ""Boolean Filtering"", ""spreadsheet"": {""cols"": [""Event Name"", ""Type"", ""Cost ($)"", ""Seats Available""], ""rows"": [[""Spring Workshop"", ""workshop"", ""20"", ""5""], [""History Lecture"", ""lecture"", ""20"", ""5""], [""Art Workshop"", ""workshop"", ""30"", ""5""], [""Coding Workshop"", ""workshop"", ""25"", ""0""], [""Design Workshop"", ""workshop"", ""25"", ""3""]], ""matchRows"": [0, 4]}, ""vars"": ""\u003ccode\u003eevType\u003c/code\u003e = event type (string)  •  \u003ccode\u003ecost\u003c/code\u003e = cost in dollars (number)  •  \u003ccode\u003eseats\u003c/code\u003e = seats available (number)"", ""watchFor"": null, ""stem"": ""A student wants to count events that meet \u003cstrong\u003eall three\u003c/strong\u003e of the following criteria: the event is a workshop, the cost is $25 or \u003cstrong class=\""kw\""\u003eless\u003c/strong\u003e, and \u003cstrong class=\""kw\""\u003eat least\u003c/strong\u003e one seat is available. Which expression evaluates to \u003ccode\u003etrue\u003c/code\u003e for events that should be counted?"", ""options"": [""(evType = \""workshop\"") AND (cost ≤ 25) AND (seats ≥ 1)"", ""(evType = \""workshop\"") AND (cost < 25) AND (seats ≥ 1)"", ""(evType = \""workshop\"") OR ((cost ≤ 25) AND (seats ≥ 1))"", ""(evType = \""workshop\"") AND (cost ≤ 25) AND (seats > 1)""], ""answer"": 0, ""explanation"": ""\u003cstrong\u003eOption A is correct.\u003c/strong\u003e All three conditions must hold simultaneously → AND connects all three. Cost “$25 or less” = \u003ccode\u003e≤ 25\u003c/code\u003e. Seats “at least one” = \u003ccode\u003e≥ 1\u003c/code\u003e.\u003cbr\u003e\u003cbr\u003e\u003cstrong\u003eB:\u003c/strong\u003e \u003ccode\u003ecost < 25\u003c/code\u003e excludes $25 events — boundary error.\u003cbr\u003e\u003cstrong\u003eC:\u003c/strong\u003e OR lets non-workshop rows through as long as they’re cheap and have seats.\u003cbr\u003e\u003cstrong\u003eD:\u003c/strong\u003e \u003ccode\u003eseats > 1\u003c/code\u003e excludes events with exactly 1 seat — “at least one” means ≥ 1, not > 1.""}, {""id"": ""q2"", ""num"": 2, ""section"": 1, ""title"": ""AND vs. OR — The Day-of-Week Trap"", ""difficulty"": ""Hard"", ""diffColor"": ""#991b1b"", ""diffBg"": ""#fee2e2"", ""topic"": ""Boolean Filtering"", ""spreadsheet"": {""cols"": [""Show Name"", ""Genre"", ""Day"", ""Start Time""], ""rows"": [[""Late Night Jazz"", ""jazz"", ""Friday"", ""9:00 PM""], [""Weekend Groove"", ""jazz"", ""Saturday"", ""7:00 PM""], [""Blues Hour"", ""blues"", ""Friday"", ""8:00 PM""], [""Sunday Sessions"", ""jazz"", ""Sunday"", ""6:00 PM""], [""Jazz Brunch"", ""jazz"", ""Saturday"", ""11:00 AM""]], ""matchRows"": [0, 1, 4]}, ""vars"": ""\u003ccode\u003egenre\u003c/code\u003e = genre (string)  •  \u003ccode\u003eday\u003c/code\u003e = day of week (string)"", ""watchFor"": ""Ask yourself: can a single show be on Friday \u003cem\u003eand\u003c/em\u003e Saturday at the same time?"", ""stem"": ""A student wants to count shows that are a jazz show \u003cstrong class=\""kw\""\u003eAND\u003c/strong\u003e take place on Friday \u003cstrong class=\""kw\""\u003eOR\u003c/strong\u003e Saturday. Which expression evaluates to \u003ccode\u003etrue\u003c/code\u003e for shows that should be counted?"", ""options"": [""(genre = \""jazz\"") AND ((day = \""Friday\"") AND (day = \""Saturday\""))"", ""(genre = \""jazz\"") AND ((day = \""Friday\"") OR (day = \""Saturday\""))"", ""(genre = \""jazz\"") OR ((day = \""Friday\"") OR (day = \""Saturday\""))"", ""(genre = \""jazz\"") OR ((day = \""Friday\"") AND (day = \""Saturday\""))""], ""answer"": 1, ""explanation"": ""\u003cstrong\u003eOption B is correct.\u003c/strong\u003e A show has exactly one \u003ccode\u003eday\u003c/code\u003e value. To allow either Friday or Saturday, you need OR between the day conditions.\u003cbr\u003e\u003cbr\u003e\u003cstrong\u003eA:\u003c/strong\u003e \u003ccode\u003e(day = \""Friday\"") AND (day = \""Saturday\"")\u003c/code\u003e requires one show to be on \u003cem\u003eboth\u003c/em\u003e days simultaneously — impossible. This inner expression is \u003cem\u003ealways false\u003c/em\u003e, so nothing is ever counted.\u003cbr\u003e\u003cstrong\u003eC:\u003c/strong\u003e The outer OR means any jazz show qualifies (regardless of day) AND any Friday/Saturday show qualifies (regardless of genre).\u003cbr\u003e\u003cstrong\u003eD:\u003c/strong\u003e Same impossible AND trap inside — reduces to just \u003ccode\u003egenre = \""jazz\""\u003c/code\u003e.""}, {""id"": ""q3"", ""num"": 3, ""section"": 1, ""title"": ""Boundary Value — < vs. ≤"", ""difficulty"": ""Hard"", ""diffColor"": ""#991b1b"", ""diffBg"": ""#fee2e2"", ""topic"": ""Boolean Filtering"", ""spreadsheet"": {""cols"": [""Product"", ""Category"", ""Rating"", ""In Stock""], ""rows"": [[""Wireless Speaker"", ""electronics"", ""4.5"", ""true""], [""Desk Lamp"", ""electronics"", ""3.5"", ""true""], [""Yoga Mat"", ""fitness"", ""4.5"", ""true""], [""USB Hub"", ""electronics"", ""4.0"", ""false""], [""Phone Stand"", ""electronics"", ""4.0"", ""true""]], ""matchRows"": [0, 4]}, ""vars"": ""\u003ccode\u003ecat\u003c/code\u003e = category (string)  •  \u003ccode\u003erating\u003c/code\u003e = average rating (number)  •  \u003ccode\u003einStock\u003c/code\u003e = availability (boolean)"", ""watchFor"": ""“At least 4.0” includes 4.0 itself. Which operator includes the boundary?"", ""stem"": ""A student wants to count electronics products that have a rating of \u003cstrong class=\""kw\""\u003eat least 4.0\u003c/strong\u003e and are currently in stock. Which expression evaluates to \u003ccode\u003etrue\u003c/code\u003e for products that should be counted?"", ""options"": [""(cat = \""electronics\"") AND (rating ≥ 4.0) AND (inStock = true)"", ""(cat = \""electronics\"") AND (rating > 4.0) AND (inStock = true)"", ""(cat = \""electronics\"") AND (rating ≥ 4.0) OR (inStock = true)"", ""(cat = \""electronics\"") OR (rating ≥ 4.0) AND (inStock = true)""], ""answer"": 0, ""explanation"": ""\u003cstrong\u003eOption A is correct.\u003c/strong\u003e “At least 4.0” = \u003ccode\u003e≥ 4.0\u003c/code\u003e (includes 4.0). All three conditions must hold → AND connects all three.\u003cbr\u003e\u003cbr\u003e\u003cstrong\u003eB:\u003c/strong\u003e \u003ccode\u003e> 4.0\u003c/code\u003e excludes the Phone Stand (rated exactly 4.0) — boundary error.\u003cbr\u003e\u003cstrong\u003eC:\u003c/strong\u003e The OR means any in-stock item (any category, any rating) gets counted.\u003cbr\u003e\u003cstrong\u003eD:\u003c/strong\u003e The outer OR means any electronics item regardless of rating or stock also qualifies.""}, {""id"": ""q4"", ""num"": 4, ""section"": 1, ""title"": ""Multi-Value Field — The Impossible AND"", ""difficulty"": ""Hard"", ""diffColor"": ""#991b1b"", ""diffBg"": ""#fee2e2"", ""topic"": ""Boolean Filtering"", ""spreadsheet"": {""cols"": [""Customer ID"", ""Status"", ""Membership"", ""Orders""], ""rows"": [[""C001"", ""active"", ""gold"", ""8""], [""C002"", ""active"", ""platinum"", ""12""], [""C003"", ""inactive"", ""gold"", ""3""], [""C004"", ""active"", ""silver"", ""6""], [""C005"", ""active"", ""gold"", ""5""]], ""matchRows"": [0, 1, 4]}, ""vars"": ""\u003ccode\u003estatus\u003c/code\u003e = account status (string)  •  \u003ccode\u003emembership\u003c/code\u003e = membership tier (string)"", ""watchFor"": ""A customer has exactly ONE membership value. Can it ever equal both “gold” AND “platinum” at the same time?"", ""stem"": ""A student wants to count customers who are \u003cstrong class=\""kw\""\u003eactive\u003c/strong\u003e and have either a \u003cstrong class=\""kw\""\u003egold or platinum\u003c/strong\u003e membership. Which expression evaluates to \u003ccode\u003etrue\u003c/code\u003e for customers that should be counted?"", ""options"": [""(status = \""active\"") AND ((membership = \""gold\"") AND (membership = \""platinum\""))"", ""(status = \""active\"") AND ((membership = \""gold\"") OR (membership = \""platinum\""))"", ""(status = \""active\"") OR ((membership = \""gold\"") AND (membership = \""platinum\""))"", ""(status = \""active\"") OR ((membership = \""gold\"") OR (membership = \""platinum\""))""], ""answer"": 1, ""explanation"": ""\u003cstrong\u003eOption B is correct.\u003c/strong\u003e Each customer has exactly one membership value. To allow gold \u003cem\u003eor\u003c/em\u003e platinum, use OR between those two conditions.\u003cbr\u003e\u003cbr\u003e\u003cstrong\u003eA:\u003c/strong\u003e \u003ccode\u003e(membership = \""gold\"") AND (membership = \""platinum\"")\u003c/code\u003e requires one field to hold two different values at once — \u003cem\u003ealways false\u003c/em\u003e. Zero customers would ever be counted.\u003cbr\u003e\u003cstrong\u003eC & D:\u003c/strong\u003e The outer OR means any active customer qualifies regardless of membership, and any gold/platinum member qualifies regardless of status.""}, {""id"": ""q5"", ""num"": 5, ""section"": 2, ""title"": ""Which Sequences Find the Right Row?"", ""difficulty"": ""Hard"", ""diffColor"": ""#991b1b"", ""diffBg"": ""#fee2e2"", ""topic"": ""Filter / Sort Ordering"", ""spreadsheet"": {""cols"": [""Name"", ""Dept"", ""Age"", ""Notes""], ""rows"": [[""Chen, M."", ""Marketing"", ""28"", """"], [""Davis, T."", ""Marketing"", ""0"", ""unknown age""], [""Adams, R."", ""Sales"", ""24"", """"], [""Brown, K."", ""Marketing"", ""35"", """"], [""Foster, L."", ""Marketing"", ""42"", """"]], ""matchRows"": [0]}, ""actions"": [{""name"": ""Filter by department"", ""desc"": ""Remove entries where dept ≠ Marketing""}, {""name"": ""Filter unknown age"", ""desc"": ""Remove entries where age = 0""}, {""name"": ""Sort by age"", ""desc"": ""Sort from least to greatest age""}, {""name"": ""Sort by name"", ""desc"": ""Sort alphabetically by last name""}], ""traceSteps"": [{""seq"": ""I"", ""steps"": [""Filter dept"", ""Filter age=0"", ""Sort age ASC""], ""result"": ""Row 1 = Chen (28) ✓""}, {""seq"": ""II"", ""steps"": [""Filter age=0"", ""Sort age ASC"", ""Filter dept""], ""result"": ""Row 1 = Chen (28) ✓""}, {""seq"": ""III"", ""steps"": [""Filter dept"", ""Sort name A-Z"", ""Filter age=0""], ""result"": ""Row 1 = Brown (35) ✗""}, {""seq"": ""IV"", ""steps"": [""Sort age ASC"", ""Filter dept"", ""Filter age=0""], ""result"": ""Row 1 = Chen (28) ✓""}], ""context"": ""Goal: find the \u003cstrong\u003eyoungest Marketing employee\u003c/strong\u003e. Unknown ages are stored as 0 and should be ignored. The target employee must appear in \u003cstrong\u003erow 1\u003c/strong\u003e when complete."", ""note"": ""Applying a filter does not change the relative order of remaining rows."", ""watchFor"": null, ""segments"": [""I.   Filter by department → Filter unknown age → Sort by age"", ""II.  Filter unknown age → Sort by age → Filter by department"", ""III. Filter by department → Sort by name → Filter unknown age"", ""IV.  Sort by age → Filter by department → Filter unknown age""], ""stem"": ""Which of the sequences correctly places the youngest Marketing employee in \u003cstrong class=\""kw\""\u003erow 1\u003c/strong\u003e?"", ""options"": [""I only"", ""I and II only"", ""I, II, and IV only"", ""I, II, III, and IV""], ""answer"": 2, ""explanation"": ""\u003cstrong\u003eI, II, and IV all work.\u003c/strong\u003e\u003cbr\u003e\u003cstrong\u003eI:\u003c/strong\u003e Filter Marketing → {Chen28, Davis0, Brown35, Foster42}. Filter age=0 → {Chen28, Brown35, Foster42}. Sort ASC → row 1 = Chen 28. ✓\u003cbr\u003e\u003cstrong\u003eII:\u003c/strong\u003e Filter age=0 → {Chen28, Adams24, Brown35, Foster42}. Sort ASC → {Adams24, Chen28, Brown35, Foster42}. Filter Marketing → {Chen28, Brown35, Foster42}. Row 1 = Chen 28. ✓\u003cbr\u003e\u003cstrong\u003eIV:\u003c/strong\u003e Sort ASC → {Davis0, Adams24, Chen28, Brown35, Foster42}. Filter Marketing → {Davis0, Chen28, Brown35, Foster42}. Filter age=0 → {Chen28, Brown35, Foster42}. Row 1 = Chen 28. ✓\u003cbr\u003e\u003cbr\u003e\u003cstrong\u003eIII fails:\u003c/strong\u003e Sorting by name (A-Z) puts Brown (age 35) at row 1, not the youngest employee.""}, {""id"": ""q6"", ""num"": 6, ""section"": 2, ""title"": ""Select Two — Which Orderings Work?"", ""difficulty"": ""Hard"", ""diffColor"": ""#991b1b"", ""diffBg"": ""#fee2e2"", ""topic"": ""Filter / Sort Ordering — Select Two"", ""selectTwo"": true, ""spreadsheet"": {""cols"": [""Product"", ""Category"", ""Price ($)"", ""Available""], ""rows"": [[""Bookshelf"", ""furniture"", ""499"", ""true""], [""Side Table"", ""furniture"", ""-1"", ""true""], [""Laptop"", ""electronics"", ""999"", ""true""], [""Coffee Table"", ""furniture"", ""299"", ""true""], [""Wardrobe"", ""furniture"", ""599"", ""false""]], ""matchRows"": [0]}, ""actions"": [{""name"": ""Filter by category"", ""desc"": ""Remove entries where category ≠ furniture""}, {""name"": ""Filter unknown price"", ""desc"": ""Remove entries where price = -1""}, {""name"": ""Filter available"", ""desc"": ""Remove entries where available = false""}, {""name"": ""Sort price descending"", ""desc"": ""Sort greatest to least price""}, {""name"": ""Sort price ascending"", ""desc"": ""Sort least to greatest price""}], ""traceSteps"": [{""seq"": ""A"", ""steps"": [""Filter cat"", ""Filter avail"", ""Filter price=-1"", ""Sort DESC""], ""result"": ""Row 1 = Bookshelf $499 ✓""}, {""seq"": ""B"", ""steps"": [""Filter price=-1"", ""Filter avail"", ""Sort DESC"", ""Filter cat""], ""result"": ""Row 1 = Bookshelf $499 ✓""}, {""seq"": ""C"", ""steps"": [""Sort DESC"", ""Filter cat"", ""Filter avail"", ""Filter price=-1""], ""result"": ""Row 1 = Bookshelf $499 ✓""}, {""seq"": ""D"", ""steps"": [""Filter cat"", ""Filter price=-1"", ""Sort ASC"", ""Filter avail""], ""result"": ""Row 1 = Coffee Table $299 ✗""}], ""context"": ""Goal: find the \u003cstrong\u003emost expensive available furniture item\u003c/strong\u003e with a listed price. Items with no price are stored as -1 and should be ignored. The target must appear in \u003cstrong\u003erow 1\u003c/strong\u003e."", ""note"": ""Applying a filter does not change the relative order of remaining rows."", ""watchFor"": ""Which sort direction puts the most expensive item at row 1?"", ""segments"": [""A.  Filter category → Filter available → Filter unknown price → Sort price descending"", ""B.  Filter unknown price → Filter available → Sort price descending → Filter category"", ""C.  Sort price descending → Filter category → Filter available → Filter unknown price"", ""D.  Filter category → Filter unknown price → Sort price ascending → Filter available""], ""stem"": ""Select \u003cstrong class=\""kw\""\u003etwo\u003c/strong\u003e sequences that correctly place the most expensive available furniture item with a listed price in \u003cstrong class=\""kw\""\u003erow 1\u003c/strong\u003e."", ""options"": [""Sequence A"", ""Sequence B"", ""Sequence C"", ""Sequence D""], ""answer"": [0, 1], ""explanation"": ""\u003cstrong\u003eSequences A and B are the best answers for “select two.”\u003c/strong\u003e (C also technically works, but D always fails.)\u003cbr\u003e\u003cbr\u003e\u003cstrong\u003eA:\u003c/strong\u003e Filter furniture, filter unavailable, filter price=-1, sort DESC. Remaining: $499, $299. Row 1 = $499. ✓\u003cbr\u003e\u003cstrong\u003eB:\u003c/strong\u003e Filter price=-1, filter unavailable, sort DESC (laptop $999 at top), filter furniture. Row 1 = $499. ✓\u003cbr\u003e\u003cstrong\u003eC:\u003c/strong\u003e Sort DESC first ($999, $599, $499, $299, -1), filter furniture ($599, $499, $299, -1), filter available ($499, $299, -1), filter price=-1 ($499, $299). Row 1 = $499. ✓\u003cbr\u003e\u003cbr\u003e\u003cstrong\u003eD fails:\u003c/strong\u003e Sort price \u003cem\u003eascending\u003c/em\u003e puts the cheapest item at row 1 ($299 Coffee Table), not the most expensive.""}, {""id"": ""q7"", ""num"": 7, ""section"": 2, ""title"": ""I, II, III — Which Orderings Work?"", ""difficulty"": ""Hard"", ""diffColor"": ""#991b1b"", ""diffBg"": ""#fee2e2"", ""topic"": ""Filter / Sort Ordering — I & II Format"", ""spreadsheet"": {""cols"": [""Title"", ""Author"", ""Year"", ""Genre""], ""rows"": [[""Dune"", ""Herbert"", ""1965"", ""sci-fi""], [""Unknown Novel"", ""(unknown)"", ""1998"", ""mystery""], [""Foundation"", ""Asimov"", ""1951"", ""sci-fi""], [""Neuromancer"", ""Gibson"", ""-1"", ""sci-fi""], [""Ender's Game"", ""Card"", ""1985"", ""sci-fi""]], ""matchRows"": [2]}, ""actions"": [{""name"": ""Filter by genre"", ""desc"": ""Remove entries where genre ≠ sci-fi""}, {""name"": ""Filter unknown author"", ""desc"": ""Remove entries where author = “(unknown)”""}, {""name"": ""Filter unknown year"", ""desc"": ""Remove entries where year = -1""}, {""name"": ""Sort by year ascending"", ""desc"": ""Sort oldest (smallest year) to newest""}, {""name"": ""Sort by title A-Z"", ""desc"": ""Sort alphabetically by title""}], ""traceSteps"": [{""seq"": ""I"", ""steps"": [""Filter genre"", ""Filter unknown author"", ""Filter year=-1"", ""Sort year ASC""], ""result"": ""Row 1 = Foundation 1951 ✓""}, {""seq"": ""II"", ""steps"": [""Filter year=-1"", ""Filter genre"", ""Sort year ASC"", ""Filter unknown author""], ""result"": ""Row 1 = Foundation 1951 ✓""}, {""seq"": ""III"", ""steps"": [""Filter genre"", ""Sort title A-Z"", ""Filter unknown author"", ""Filter year=-1""], ""result"": ""Row 1 = Dune 1965 ✗""}], ""context"": ""Goal: find the \u003cstrong\u003eoldest sci-fi novel\u003c/strong\u003e with a known author and year. Unknown values are stored as “(unknown)” or -1. The target must appear in \u003cstrong\u003erow 1\u003c/strong\u003e."", ""note"": ""Applying a filter does not change the relative order of remaining rows."", ""watchFor"": ""Two sequences use the correct sort key. One uses the wrong sort key entirely."", ""segments"": [""I.   Filter genre → Filter unknown author → Filter unknown year → Sort year ascending"", ""II.  Filter unknown year → Filter genre → Sort year ascending → Filter unknown author"", ""III. Filter genre → Sort title A-Z → Filter unknown author → Filter unknown year""], ""stem"": ""Which sequences correctly place the \u003cstrong class=\""kw\""\u003eoldest\u003c/strong\u003e sci-fi novel with a known author and year in \u003cstrong class=\""kw\""\u003erow 1\u003c/strong\u003e?"", ""options"": [""I only"", ""I and II only"", ""II and III only"", ""I, II, and III""], ""answer"": 1, ""explanation"": ""\u003cstrong\u003eI and II both work.\u003c/strong\u003e\u003cbr\u003e\u003cstrong\u003eI:\u003c/strong\u003e Filter sci-fi, filter unknown author (no change), filter year=-1 (removes Neuromancer), sort ASC: 1951, 1965, 1985. Row 1 = Foundation. ✓\u003cbr\u003e\u003cstrong\u003eII:\u003c/strong\u003e Filter year=-1 (removes Neuromancer), filter sci-fi (keeps Dune, Foundation, Ender’s Game), sort ASC: 1951, 1965, 1985, filter unknown author (no change). Row 1 = Foundation. ✓\u003cbr\u003e\u003cbr\u003e\u003cstrong\u003eIII fails:\u003c/strong\u003e Sorting A-Z by title puts “Dune” (1965) at row 1 — not the oldest book. Foundation (1951) sorts after Dune alphabetically.""}, {""id"": ""q8"", ""num"": 8, ""section"": 3, ""title"": ""Which Step Order Produces the Correct Result?"", ""difficulty"": ""Medium"", ""diffColor"": ""#b45309"", ""diffBg"": ""#fef3c7"", ""topic"": ""Algorithm Step Ordering"", ""context"": ""A programmer wants an algorithm that takes a list of email addresses and returns a \u003cstrong\u003esorted list of unique domain names\u003c/strong\u003e (the part after the @).\u003cbr\u003eExample: [“a@google.com”, “b@yahoo.com”, “c@google.com”] → [“google.com”, “yahoo.com”]."", ""stepDefs"": [{""label"": ""Extract"", ""desc"": ""Extract the domain from each email (everything after the @)""}, {""label"": ""Remove duplicates"", ""desc"": ""Remove duplicate domain names from the list""}, {""label"": ""Sort"", ""desc"": ""Sort the domain names alphabetically""}], ""watchFor"": ""Which step must run \u003cem\u003efirst\u003c/em\u003e before any of the others make sense?"", ""segments"": [""I.   Extract → Remove duplicates → Sort"", ""II.  Extract → Sort → Remove duplicates"", ""III. Remove duplicates → Extract → Sort"", ""IV.  Sort → Extract → Remove duplicates""], ""stem"": ""Executing which of the following sequences will produce the correct sorted list of unique domain names?"", ""options"": [""I only"", ""I and II only"", ""I, II, and IV only"", ""I, II, III, and IV""], ""answer"": 1, ""explanation"": ""\u003cstrong\u003eI and II both work.\u003c/strong\u003e\u003cbr\u003e\u003cstrong\u003eI:\u003c/strong\u003e Extract → [google.com, yahoo.com, google.com]. Remove dups → [google.com, yahoo.com]. Sort → [google.com, yahoo.com]. ✓\u003cbr\u003e\u003cstrong\u003eII:\u003c/strong\u003e Extract → [google.com, yahoo.com, google.com]. Sort → [google.com, google.com, yahoo.com]. Remove dups → [google.com, yahoo.com]. ✓\u003cbr\u003e\u003cbr\u003e\u003cstrong\u003eIII fails:\u003c/strong\u003e You can’t remove duplicate \u003cem\u003edomains\u003c/em\u003e before extracting them. The full emails “a@google.com” and “c@google.com” are not duplicates, so Remove dups does nothing. Domains stay duplicated after Extract.\u003cbr\u003e\u003cstrong\u003eIV fails:\u003c/strong\u003e Sorting full email addresses doesn’t sort domain names. The extracted domains inherit email-sort order, not domain-sort order — works by coincidence on some inputs but not guaranteed.""}, {""id"": ""q9"", ""num"": 9, ""section"": 3, ""title"": ""Step Dependencies — What Needs What?"", ""difficulty"": ""Hard"", ""diffColor"": ""#991b1b"", ""diffBg"": ""#fee2e2"", ""topic"": ""Algorithm Step Ordering"", ""context"": ""A teacher wants an algorithm that identifies students who scored above the class average, then returns their names in alphabetical order."", ""stepDefs"": [{""label"": ""Step A"", ""desc"": ""Calculate each student’s individual average score across all assignments""}, {""label"": ""Step B"", ""desc"": ""Compute the class average (mean of all individual averages from Step A)""}, {""label"": ""Step C"", ""desc"": ""Keep only students whose individual average > class average""}, {""label"": ""Step D"", ""desc"": ""Sort the remaining student names alphabetically""}], ""watchFor"": ""Draw the dependency chain: which step’s output does each other step need as input?"", ""depChain"": ""\u003cdiv class=\""dep-chain\""\u003e\u003cspan class=\""dep-box\""\u003eA\u003cbr\u003e\u003csmall\u003eindividual\u003cbr\u003eaverages\u003c/small\u003e\u003c/span\u003e\u003cspan class=\""dep-arrow\""\u003e→ needs A →\u003c/span\u003e\u003cspan class=\""dep-box\""\u003eB\u003cbr\u003e\u003csmall\u003eclass\u003cbr\u003eaverage\u003c/small\u003e\u003c/span\u003e\u003cspan class=\""dep-arrow\""\u003e→ needs B →\u003c/span\u003e\u003cspan class=\""dep-box\""\u003eC\u003cbr\u003e\u003csmall\u003efilter above\u003cbr\u003eaverage\u003c/small\u003e\u003c/span\u003e\u003cspan class=\""dep-arrow\""\u003e→ needs C →\u003c/span\u003e\u003cspan class=\""dep-box\""\u003eD\u003cbr\u003e\u003csmall\u003esort\u003cbr\u003enames\u003c/small\u003e\u003c/span\u003e\u003c/div\u003e"", ""segments"": [""I.   A → B → C → D"", ""II.  B → A → C → D"", ""III. A → C → B → D"", ""IV.  A → B → D → C""], ""stem"": ""Which sequence correctly produces an alphabetical list of students who scored \u003cstrong class=\""kw\""\u003eabove the class average\u003c/strong\u003e?"", ""options"": [""I only"", ""I and II only"", ""I and IV only"", ""I, II, and III only""], ""answer"": 0, ""explanation"": ""\u003cstrong\u003eOnly Sequence I works.\u003c/strong\u003e\u003cbr\u003e\u003cstrong\u003eI (A→B→C→D):\u003c/strong\u003e Every dependency is met in order. ✓\u003cbr\u003e\u003cbr\u003e\u003cstrong\u003eII fails:\u003c/strong\u003e B computes the \u003cem\u003emean of individual averages\u003c/em\u003e — but individual averages don’t exist yet (A hasn’t run). B has no data to work with.\u003cbr\u003e\u003cstrong\u003eIII fails:\u003c/strong\u003e C compares each student’s average against the class average — but the class average (B) hasn’t been computed yet. There is nothing to compare against.\u003cbr\u003e\u003cstrong\u003eIV fails:\u003c/strong\u003e D sorts alphabetically before C filters. After C runs, the remaining students are in filter-output order, not alphabetical order. The list is unsorted.""}, {""id"": ""q10"", ""num"": 10, ""section"": 3, ""title"": ""When Does Convert Lock the Data?"", ""difficulty"": ""Hard"", ""diffColor"": ""#991b1b"", ""diffBg"": ""#fee2e2"", ""topic"": ""Algorithm Step Ordering"", ""context"": ""A programmer wants an algorithm that takes a list of numbers and returns a \u003cstrong\u003eformatted string\u003c/strong\u003e of perfect squares in order, separated by commas.\u003cbr\u003eExample: [16, 7, 4, 25, 3, 9] → “4, 9, 16, 25”"", ""stepDefs"": [{""label"": ""Filter"", ""desc"": ""Keep only numbers that are perfect squares (1, 4, 9, 16, 25, …)""}, {""label"": ""Sort"", ""desc"": ""Sort the remaining numbers from least to greatest""}, {""label"": ""Convert"", ""desc"": ""Join the list of numbers into a single comma-separated string""}], ""watchFor"": ""Once Convert runs, the data becomes a string. Can you still Sort or Filter a string the same way you sort a list of numbers?"", ""segments"": [""I.   Filter → Sort → Convert"", ""II.  Sort → Filter → Convert"", ""III. Filter → Convert → Sort"", ""IV.  Convert → Filter → Sort""], ""stem"": ""Which of the following correctly identifies \u003cstrong class=\""kw\""\u003eall\u003c/strong\u003e sequences that produce the correct result?"", ""options"": [""I only"", ""I and II only"", ""I, II, and III only"", ""I, II, III, and IV""], ""answer"": 1, ""explanation"": ""\u003cstrong\u003eI and II both produce the correct result.\u003c/strong\u003e\u003cbr\u003e\u003cstrong\u003eI:\u003c/strong\u003e Filter → [16,4,25,9]. Sort → [4,9,16,25]. Convert → “4, 9, 16, 25”. ✓\u003cbr\u003e\u003cstrong\u003eII:\u003c/strong\u003e Sort all → [3,4,7,9,16,25]. Filter → [4,9,16,25] (already in sorted order). Convert → “4, 9, 16, 25”. ✓\u003cbr\u003e\u003cbr\u003e\u003cstrong\u003eIII fails:\u003c/strong\u003e After Filter → [16,4,25,9], Convert produces the \u003cem\u003estring\u003c/em\u003e “16, 4, 25, 9”. You cannot numerically sort a string — the data type has changed. ✗\u003cbr\u003e\u003cstrong\u003eIV fails:\u003c/strong\u003e Convert runs first on all input, producing “16, 7, 4, 25, 3, 9”. Filtering and sorting a string of mixed numbers doesn’t work the same way as filtering a numeric list. ✗""}];
(function(){
var correct=0,answered=0,TOTAL=FS_QUESTIONS.length;
function setupQ(q){
  var qid=q.id;
  var revBtn=document.getElementById('reveal-'+qid);
  var optPanel=document.getElementById('options-panel-'+qid);
  if(revBtn&&optPanel){
    revBtn.addEventListener('click',function(){
      optPanel.style.setProperty('display','block','important');
      revBtn.style.setProperty('display','none','important');
    });
  }
  var subBtn=document.getElementById('submit-'+qid);
  if(!subBtn)return;
  subBtn.addEventListener('click',function(){
    var letters=['A','B','C','D'];
    var isMulti=Array.isArray(q.answer);
    var ok=false,choiceDesc='';
    if(isMulti){
      var checked=[].slice.call(document.querySelectorAll('input[name=""opt-'+qid+'""]:checked'));
      var chosen=checked.map(function(el){return parseInt(el.value);}).sort();
      var expected=q.answer.slice().sort();
      ok=JSON.stringify(chosen)===JSON.stringify(expected);
      choiceDesc=chosen.map(function(v){return letters[v];}).join(' and ');
      if(chosen.length===0){alert('Please select two answers.');return;}
    } else {
      var sel=document.querySelector('input[name=""opt-'+qid+'""]:checked');
      if(!sel){alert('Please select an answer first.');return;}
      var choice=parseInt(sel.value);
      ok=(choice===q.answer);
      choiceDesc=letters[choice];
    }
    var correctDesc=isMulti?q.answer.map(function(v){return letters[v];}).join(' and '):letters[q.answer];
    var fbEl=document.getElementById('feedback-'+qid);
    if(fbEl){
      fbEl.style.setProperty('display','block','important');
      fbEl.className='fs-feedback '+(ok?'fs-feedback-correct':'fs-feedback-incorrect');
      fbEl.innerHTML=(ok
        ?'<strong>✓ Correct!</strong> '
        :'<strong>✗ Incorrect.</strong> You chose <strong>'+choiceDesc+'</strong>; correct is <strong>'+correctDesc+'</strong>.<br>'
      )+q.explanation;
    }
    var inputs=document.querySelectorAll('input[name=""opt-'+qid+'""]');
    for(var j=0;j<inputs.length;j++)inputs[j].disabled=true;
    subBtn.disabled=true;subBtn.style.opacity='0.5';
    answered++;if(ok)correct++;updateScore();
  });
}
function updateScore(){
  var el=document.getElementById('fs-score-val');
  if(el)el.textContent=correct+' / '+TOTAL;
  if(answered===TOTAL){
    var fp=document.getElementById('fs-final-panel');
    if(fp)fp.style.setProperty('display','block','important');
    var msg=document.getElementById('fs-final-msg');
    if(msg){
      var pct=correct/TOTAL;
      if(pct>=0.9)msg.innerHTML=correct+'/'+TOTAL+' — Excellent! These question types are exam strengths.';
      else if(pct>=0.7)msg.innerHTML=correct+'/'+TOTAL+' — Strong work! Review the watch-for notes on questions you missed.';
      else if(pct>=0.5)msg.innerHTML=correct+'/'+TOTAL+' — Keep practicing. Focus on the AND vs OR rule and step dependency logic.';
      else msg.innerHTML=correct+'/'+TOTAL+' — Re-read each explanation. Key rule: a single field can never equal two different values at once (needs OR, not AND).';
    }
  }
}
document.addEventListener('DOMContentLoaded',function(){
  for(var i=0;i<FS_QUESTIONS.length;i++)setupQ(FS_QUESTIONS[i]);
  updateScore();
});
})();
</script>"
"ap-cyber-unit-5-lesson-4","MERGE","<style>
.page-title,.article__title,.page__title,.template-page h1:first-of-type{display:none!important;}
#apcyber-wrapper{all:initial!important;display:block!important;font-family:'Georgia',serif!important;color:#1E1B4B!important;background:#fff!important;line-height:1.6!important;-webkit-font-smoothing:antialiased!important;max-width:860px!important;margin:0 auto!important;padding:0 20px 60px!important;}
#apcyber-wrapper *{box-sizing:border-box!important;}
#apcyber-wrapper h1{font-size:2em!important;font-weight:700!important;color:#1E1B4B!important;margin:0 0 8px!important;line-height:1.25!important;font-family:'Georgia',serif!important;}
#apcyber-wrapper h2{font-size:1.35em!important;font-weight:700!important;color:#1E1B4B!important;margin:32px 0 10px!important;font-family:'Georgia',serif!important;border-bottom:2px solid #DDD6FE!important;padding-bottom:6px!important;}
#apcyber-wrapper h3{font-size:1.1em!important;font-weight:700!important;color:#6B21A8!important;margin:20px 0 8px!important;font-family:'Georgia',serif!important;}
#apcyber-wrapper p{margin:0 0 14px!important;font-family:'Georgia',serif!important;color:#374151!important;}
#apcyber-wrapper ul,#apcyber-wrapper ol{margin:0 0 14px 20px!important;color:#374151!important;}
#apcyber-wrapper li{margin-bottom:6px!important;font-family:'Georgia',serif!important;}
#apcyber-wrapper code{background:#F3F4F6!important;border:1px solid #E5E7EB!important;padding:1px 5px!important;border-radius:3px!important;font-family:Consolas,Monaco,monospace!important;font-size:.88em!important;color:#1E1B4B!important;}
#apcyber-wrapper pre{background:#1E293B!important;color:#E2E8F0!important;padding:18px!important;border-radius:8px!important;overflow-x:auto!important;font-family:Consolas,Monaco,monospace!important;font-size:.875em!important;line-height:1.6!important;margin:0 0 16px!important;white-space:pre!important;}
#apcyber-wrapper .lesson-hero{background:linear-gradient(135deg,#1E1B4B 0%,#3B0764 60%,#4C1D95 100%)!important;color:#fff!important;padding:36px 28px 28px!important;border-radius:12px!important;margin-bottom:28px!important;}
#apcyber-wrapper .lesson-hero .eyebrow{font-size:.75em!important;font-weight:700!important;letter-spacing:1.5px!important;text-transform:uppercase!important;color:#C4B5FD!important;margin-bottom:8px!important;font-family:'Georgia',serif!important;}
#apcyber-wrapper .lesson-hero h1{color:#fff!important;font-size:1.75em!important;margin-bottom:10px!important;}
#apcyber-wrapper .lesson-hero .sub{color:#DDD6FE!important;font-size:.95em!important;margin:0!important;}
#apcyber-wrapper .obj-box{background:#F5F0FF!important;border-left:4px solid #7C3AED!important;border-radius:0 8px 8px 0!important;padding:16px 20px!important;margin-bottom:24px!important;}
#apcyber-wrapper .obj-box strong{color:#6B21A8!important;display:block!important;margin-bottom:6px!important;font-family:'Georgia',serif!important;}
#apcyber-wrapper .concept-box{background:#EFF6FF!important;border-left:4px solid #2563EB!important;border-radius:0 8px 8px 0!important;padding:16px 20px!important;margin:16px 0!important;}
#apcyber-wrapper .concept-box strong{color:#1D4ED8!important;display:block!important;margin-bottom:4px!important;}
#apcyber-wrapper .warn-box{background:#FEF2F2!important;border-left:4px solid #EF4444!important;border-radius:0 8px 8px 0!important;padding:16px 20px!important;margin:16px 0!important;}
#apcyber-wrapper .warn-box strong{color:#B91C1C!important;display:block!important;margin-bottom:4px!important;}
#apcyber-wrapper .tip-box{background:#F0FDF4!important;border-left:4px solid #16A34A!important;border-radius:0 8px 8px 0!important;padding:16px 20px!important;margin:16px 0!important;}
#apcyber-wrapper .tip-box strong{color:#15803D!important;display:block!important;margin-bottom:4px!important;}
#apcyber-wrapper .key-terms{background:#FFFBEB!important;border:1px solid #FCD34D!important;border-radius:8px!important;padding:16px 20px!important;margin:20px 0!important;}
#apcyber-wrapper .key-terms strong{color:#92400E!important;display:block!important;margin-bottom:8px!important;}
#apcyber-wrapper .key-terms dl{margin:0!important;}
#apcyber-wrapper .key-terms dt{font-weight:700!important;color:#1E1B4B!important;margin-top:6px!important;}
#apcyber-wrapper .key-terms dd{margin:2px 0 0 16px!important;color:#374151!important;}
#apcyber-wrapper table{width:100%!important;border-collapse:collapse!important;margin:16px 0!important;font-size:.9em!important;}
#apcyber-wrapper th{background:#1E1B4B!important;color:#fff!important;padding:10px 12px!important;text-align:left!important;font-family:'Georgia',serif!important;}
#apcyber-wrapper td{padding:9px 12px!important;border-bottom:1px solid #E5E7EB!important;color:#374151!important;vertical-align:top!important;}
#apcyber-wrapper tr:nth-child(even) td{background:#F9FAFB!important;}
#apcyber-wrapper .cfu-section{background:#F9FAFB!important;border:1px solid #E5E7EB!important;border-radius:10px!important;padding:24px!important;margin:28px 0!important;}
#apcyber-wrapper .cfu-section h2{margin-top:0!important;border-color:#E5E7EB!important;}
#apcyber-wrapper .cfu-q{background:#fff!important;border:1px solid #E5E7EB!important;border-radius:8px!important;padding:16px 18px!important;margin:14px 0!important;}
#apcyber-wrapper .cfu-q p.stem{font-weight:700!important;color:#1E1B4B!important;margin-bottom:10px!important;}
#apcyber-wrapper .cfu-opt{display:flex!important;align-items:flex-start!important;gap:10px!important;padding:8px 10px!important;border-radius:6px!important;cursor:pointer!important;margin:4px 0!important;border:1px solid transparent!important;transition:background .15s!important;}
#apcyber-wrapper .cfu-opt:hover{background:#EDE9FE!important;border-color:#C4B5FD!important;}
#apcyber-wrapper .cfu-opt input{margin-top:3px!important;flex-shrink:0!important;accent-color:#7C3AED!important;}
#apcyber-wrapper .cfu-opt label{cursor:pointer!important;color:#374151!important;font-family:'Georgia',serif!important;font-size:.95em!important;}
#apcyber-wrapper .cfu-opt.correct{background:#F0FDF4!important;border-color:#86EFAC!important;}
#apcyber-wrapper .cfu-opt.wrong{background:#FEF2F2!important;border-color:#FCA5A5!important;}
#apcyber-wrapper .cfu-feedback{margin-top:10px!important;padding:10px 14px!important;border-radius:6px!important;font-size:.9em!important;display:none!important;}
#apcyber-wrapper .cfu-feedback.show{display:block!important;}
#apcyber-wrapper .cfu-feedback.ok{background:#F0FDF4!important;color:#15803D!important;border:1px solid #86EFAC!important;}
#apcyber-wrapper .cfu-feedback.no{background:#FEF2F2!important;color:#B91C1C!important;border:1px solid #FCA5A5!important;}
#apcyber-wrapper .btn-check{background:#6B21A8!important;color:#fff!important;border:none!important;padding:10px 22px!important;border-radius:6px!important;cursor:pointer!important;font-family:'Georgia',serif!important;font-weight:700!important;font-size:.95em!important;margin-top:12px!important;}
#apcyber-wrapper .btn-check:link,#apcyber-wrapper .btn-check:visited{color:#fff!important;}
#apcyber-wrapper .score-panel{background:#1E1B4B!important;color:#fff!important;border-radius:10px!important;padding:20px 24px!important;margin-top:20px!important;display:none!important;}
#apcyber-wrapper .score-panel.show{display:block!important;}
#apcyber-wrapper .score-panel .score-num{font-size:2em!important;font-weight:700!important;color:#A78BFA!important;}
#apcyber-wrapper .nav-row{display:flex!important;justify-content:space-between!important;align-items:center!important;margin-top:36px!important;padding-top:20px!important;border-top:1px solid #E5E7EB!important;}
#apcyber-wrapper .nav-btn{display:inline-block!important;padding:10px 20px!important;border-radius:6px!important;font-family:'Georgia',serif!important;font-weight:700!important;font-size:.9em!important;text-decoration:none!important;background:#6B21A8!important;color:#fff!important;}
#apcyber-wrapper .nav-btn:link,#apcyber-wrapper .nav-btn:visited{color:#fff!important;text-decoration:none!important;}
#apcyber-wrapper .nav-btn:hover{background:#7C3AED!important;}
#apcyber-wrapper .nav-btn.secondary{background:#F5F0FF!important;color:#6B21A8!important;}
#apcyber-wrapper .nav-btn.secondary:link,#apcyber-wrapper .nav-btn.secondary:visited{color:#6B21A8!important;}
#apcyber-wrapper .extension{background:#FDF4FF!important;border:1px solid #E9D5FF!important;border-radius:8px!important;padding:16px 20px!important;margin:24px 0!important;}
#apcyber-wrapper .extension strong{color:#7C3AED!important;display:block!important;margin-bottom:6px!important;}
#apcyber-wrapper .matching-pair{display:grid!important;grid-template-columns:1fr 1fr!important;gap:8px!important;margin:8px 0!important;align-items:center!important;}
#apcyber-wrapper select.match-sel{padding:7px 10px!important;border:1px solid #DDD6FE!important;border-radius:6px!important;font-family:'Georgia',serif!important;font-size:.9em!important;color:#1E1B4B!important;background:#fff!important;width:100%!important;}
#apcyber-wrapper .cloze-blank{border:none!important;border-bottom:2px solid #7C3AED!important;background:transparent!important;font-family:'Georgia',serif!important;font-size:.95em!important;color:#1E1B4B!important;width:130px!important;padding:2px 4px!important;outline:none!important;}
</style>
<style>
/* ===== CANONICAL LESSON ADDITIONS ===== */
#apcyber-wrapper .ch-header{background:linear-gradient(135deg,#1E1B4B 0%,#3B0764 60%,#4C1D95 100%)!important;color:#fff!important;padding:36px 28px 24px!important;border-radius:12px!important;margin-bottom:24px!important;}
#apcyber-wrapper .ch-eyebrow{font-size:.75em!important;font-weight:700!important;letter-spacing:1.5px!important;text-transform:uppercase!important;color:#C4B5FD!important;margin-bottom:8px!important;font-family:Georgia,serif!important;}
#apcyber-wrapper .ch-header h1{color:#fff!important;font-size:1.75em!important;margin-bottom:8px!important;}
#apcyber-wrapper .ch-header .ch-sub{color:#DDD6FE!important;font-size:.95em!important;margin:0 0 12px!important;}
#apcyber-wrapper .ch-meta{display:flex!important;flex-wrap:wrap!important;gap:8px!important;margin-top:12px!important;}
#apcyber-wrapper .ch-badge{background:rgba(255,255,255,.12)!important;color:#E9D5FF!important;-webkit-text-fill-color:#E9D5FF!important;font-size:.75em!important;font-weight:600!important;padding:3px 10px!important;border-radius:20px!important;font-family:Georgia,serif!important;}
#apcyber-wrapper .info-box{padding:16px 20px!important;border-radius:8px!important;margin:16px 0!important;}
#apcyber-wrapper .info-box.exam{background:#FFFBEB!important;border-left:4px solid #D97706!important;}
#apcyber-wrapper .info-box.exam .box-label{font-size:.75em!important;font-weight:700!important;text-transform:uppercase!important;letter-spacing:1.5px!important;color:#D97706!important;display:block!important;margin-bottom:6px!important;font-family:Georgia,serif!important;}
#apcyber-wrapper .info-box.exam p{margin:0 0 6px!important;color:#374151!important;font-size:.95em!important;}
#apcyber-wrapper .ek-toggle{background:#FDF4FF!important;border:1px solid #E9D5FF!important;border-radius:8px!important;padding:14px 18px!important;margin:16px 0!important;cursor:pointer!important;display:flex!important;justify-content:space-between!important;align-items:center!important;}
#apcyber-wrapper .ek-toggle .ek-label{font-size:.7em!important;font-weight:700!important;text-transform:uppercase!important;letter-spacing:1.5px!important;color:#D97706!important;font-family:Georgia,serif!important;}
#apcyber-wrapper .ek-toggle h3{margin:4px 0 0!important;font-size:1em!important;font-weight:700!important;color:#1E1B4B!important;}
#apcyber-wrapper .ek-chev{font-size:18px!important;color:#6B21A8!important;-webkit-text-fill-color:#6B21A8!important;transition:transform .2s!important;}
#apcyber-wrapper .ek-body{display:none!important;margin-top:14px!important;}
#apcyber-wrapper .bell-card{border:1px solid #D1FAE5!important;border-top:3px solid #059669!important;border-radius:8px!important;padding:16px 20px!important;margin:16px 0!important;background:#F0FDF4!important;}
#apcyber-wrapper .bell-card .bell-label{font-size:.7em!important;font-weight:700!important;text-transform:uppercase!important;letter-spacing:1.5px!important;color:#059669!important;display:block!important;margin-bottom:4px!important;font-family:Georgia,serif!important;}
#apcyber-wrapper .bell-card .bell-sub{font-size:.85em!important;color:#6B7280!important;margin-bottom:10px!important;}
#apcyber-wrapper .bell-card ol{font-size:.95em!important;line-height:2!important;padding-left:20px!important;color:#374151!important;}
#apcyber-wrapper .bell-answers{background:#fff!important;border:1px solid #BBF7D0!important;border-radius:6px!important;padding:12px 16px!important;margin-top:10px!important;display:none!important;}
#apcyber-wrapper .bell-answers.show{display:block!important;}
#apcyber-wrapper .btn-toggle{background:#059669!important;color:#fff!important;border:none!important;padding:8px 16px!important;border-radius:6px!important;cursor:pointer!important;font-size:.85em!important;font-weight:700!important;font-family:Georgia,serif!important;margin-top:8px!important;}
#apcyber-wrapper .btn-toggle:link,#apcyber-wrapper .btn-toggle:visited{color:#fff!important;}
#apcyber-wrapper .toc-card{background:#F9FAFB!important;border:1px solid #E5E7EB!important;border-radius:8px!important;padding:16px 20px!important;margin:16px 0!important;}
#apcyber-wrapper .toc-card h3{font-size:1em!important;font-weight:700!important;color:#1E1B4B!important;margin:0 0 10px!important;}
#apcyber-wrapper .toc-card ol{margin:0!important;padding-left:20px!important;font-size:.9em!important;}
#apcyber-wrapper .toc-card li{margin-bottom:4px!important;color:#374151!important;}
#apcyber-wrapper .toc-card a:link,.toc-card a:visited{color:#6B21A8!important;-webkit-text-fill-color:#6B21A8!important;}
#apcyber-wrapper .obj-list{list-style:none!important;padding:0!important;margin:0!important;}
#apcyber-wrapper .obj-list li{display:flex!important;gap:8px!important;align-items:flex-start!important;margin-bottom:6px!important;font-size:.95em!important;color:#374151!important;}
#apcyber-wrapper .obj-check::before{content:""☐""!important;font-size:1em!important;flex-shrink:0!important;}
#apcyber-wrapper .mistakes-table{width:100%!important;border-collapse:collapse!important;margin:16px 0!important;font-size:.88em!important;}
#apcyber-wrapper .mistakes-table th{background:#1E1B4B!important;color:#fff!important;padding:10px 12px!important;text-align:left!important;}
#apcyber-wrapper .mistakes-table td{padding:9px 12px!important;border-bottom:1px solid #E5E7EB!important;color:#374151!important;vertical-align:top!important;}
#apcyber-wrapper .mistakes-table tr:nth-child(even) td{background:#F9FAFB!important;}
#apcyber-wrapper .exit-card{border:1px solid #FECACA!important;border-top:3px solid #DC2626!important;border-radius:8px!important;padding:16px 20px!important;margin:16px 0!important;background:#FEF2F2!important;}
#apcyber-wrapper .exit-card .exit-label{font-size:.7em!important;font-weight:700!important;text-transform:uppercase!important;letter-spacing:1.5px!important;color:#DC2626!important;display:block!important;margin-bottom:4px!important;font-family:Georgia,serif!important;}
#apcyber-wrapper .exit-card .exit-sub{font-size:.85em!important;color:#6B7280!important;margin-bottom:10px!important;}
#apcyber-wrapper .exit-card ol{font-size:.95em!important;line-height:2!important;padding-left:20px!important;color:#374151!important;}
#apcyber-wrapper .exit-answers{background:#fff!important;border:1px solid #FECACA!important;border-radius:6px!important;padding:12px 16px!important;margin-top:10px!important;display:none!important;}
#apcyber-wrapper .exit-answers.show{display:block!important;}
#apcyber-wrapper .btn-exit-toggle{background:#DC2626!important;color:#fff!important;border:none!important;padding:8px 16px!important;border-radius:6px!important;cursor:pointer!important;font-size:.85em!important;font-weight:700!important;font-family:Georgia,serif!important;margin-top:8px!important;}
#apcyber-wrapper .btn-exit-toggle:link,#apcyber-wrapper .btn-exit-toggle:visited{color:#fff!important;}
#apcyber-wrapper .tutor-cta{background:linear-gradient(135deg,#1E0D40 0%,#2E1065 60%,#1E3A5F 100%)!important;border-radius:12px!important;padding:28px 32px!important;margin:28px 0 20px!important;display:flex!important;align-items:center!important;gap:24px!important;flex-wrap:wrap!important;}
#apcyber-wrapper .tutor-cta-text{flex:1!important;min-width:200px!important;}
#apcyber-wrapper .tutor-cta-text strong{display:block!important;color:#E9D5FF!important;-webkit-text-fill-color:#E9D5FF!important;font-size:1.05em!important;margin-bottom:6px!important;font-family:Georgia,serif!important;}
#apcyber-wrapper .tutor-cta-text p{color:#C4B5FD!important;-webkit-text-fill-color:#C4B5FD!important;font-size:.88em!important;margin:0!important;}
#apcyber-wrapper .tutor-cta-btn{display:inline-block!important;background:#7C3AED!important;color:#fff!important;-webkit-text-fill-color:#fff!important;padding:10px 22px!important;border-radius:6px!important;font-weight:700!important;font-family:Georgia,serif!important;font-size:.9em!important;text-decoration:none!important;white-space:nowrap!important;}
#apcyber-wrapper .tutor-cta-btn:link,#apcyber-wrapper .tutor-cta-btn:visited{color:#fff!important;-webkit-text-fill-color:#fff!important;text-decoration:none!important;}
#apcyber-wrapper .author-box{border:1px solid #E5E7EB!important;border-radius:10px!important;padding:20px 24px!important;margin:20px 0!important;display:flex!important;gap:18px!important;align-items:flex-start!important;flex-wrap:wrap!important;}
#apcyber-wrapper .author-info{flex:1!important;min-width:200px!important;}
#apcyber-wrapper .author-name{font-size:1.05em!important;font-weight:700!important;color:#1E1B4B!important;margin:0 0 4px!important;font-family:Georgia,serif!important;}
#apcyber-wrapper .author-title{font-size:.85em!important;color:#6B7280!important;margin:0 0 8px!important;}
#apcyber-wrapper .author-stats{display:flex!important;flex-wrap:wrap!important;gap:8px!important;margin-top:8px!important;}
#apcyber-wrapper .author-stat{background:#F5F0FF!important;color:#6B21A8!important;-webkit-text-fill-color:#6B21A8!important;font-size:.8em!important;font-weight:600!important;padding:3px 10px!important;border-radius:20px!important;font-family:Georgia,serif!important;}
#apcyber-wrapper .related-grid{display:grid!important;grid-template-columns:repeat(auto-fill,minmax(200px,1fr))!important;gap:12px!important;margin-top:12px!important;}
#apcyber-wrapper .related-card{display:block!important;padding:12px 16px!important;border:1px solid #DDD6FE!important;border-radius:8px!important;text-decoration:none!important;transition:border-color .15s,background .15s!important;}
#apcyber-wrapper .related-card:hover{background:#F5F0FF!important;border-color:#A78BFA!important;}
#apcyber-wrapper .related-card:link,.related-card:visited{color:#1E1B4B!important;text-decoration:none!important;}
#apcyber-wrapper .related-card .rc-label{font-size:.7em!important;font-weight:700!important;text-transform:uppercase!important;letter-spacing:1px!important;color:#7C3AED!important;margin-bottom:4px!important;font-family:Georgia,serif!important;}
#apcyber-wrapper .related-card .rc-title{font-size:.9em!important;font-weight:700!important;color:#1E1B4B!important;font-family:Georgia,serif!important;}
#apcyber-wrapper .section-num{background:#6B21A8!important;color:#fff!important;-webkit-text-fill-color:#fff!important;font-size:.75em!important;font-weight:700!important;padding:2px 8px!important;border-radius:4px!important;margin-right:8px!important;font-family:Georgia,serif!important;}
#apcyber-wrapper .atk-scenario{background:#F8F4FF!important;border:1px solid #DDD6FE!important;border-radius:8px!important;padding:14px 18px!important;margin:12px 0!important;}
#apcyber-wrapper .atk-scenario strong{color:#6B21A8!important;}
</style><div id=""apcyber-wrapper"" data-lesson-id=""5.4"">
<div class=""ch-header"">
  <div class=""ch-eyebrow"">Unit 5 — Securing Applications and Data  |  Topic 5.4</div>
  <h1>Asymmetric Cryptography</h1>
  <p class=""ch-sub"">Public/private key pairs, RSA and ECC, key-length security, keyspace mathematics, and OpenSSL asymmetric commands.</p>
  <div class=""ch-meta"">
    <span class=""ch-badge"">Lesson 4 of 6</span>
    <span class=""ch-badge"">~45 min</span>
    <span class=""ch-badge"">LO 5.4.A – 5.4.C</span>
    <span class=""ch-badge"">Skills: Mitigate Risk</span>
  </div>
</div>

<div class=""info-box exam"">
  <span class=""box-label"">★ AP Exam Focus — Topic 5.4</span>
  <p>• The sender encrypts with the RECEIVER'S public key; only the receiver's private key can decrypt it — this is the single most-tested concept in 5.4</p>
  <p>• Private key rules: never share it; if compromised or exposed, delete the entire key pair and generate a new one</p>
  <p>• Keyspace: n-bit key → keyspace 2<sup>n</sup>; average brute-force guesses = 2<sup>n-1</sup>; longer key = more secure but slower</p>
  <p>• Key-length comparison is ONLY valid within the same algorithm: AES-128 vs AES-256 ✓ valid; AES-128 vs RSA-2048 ✗ invalid</p>
  <p>• Common asymmetric algorithms: RSA and ECC (elliptic curve cryptography)</p>
  <p>• OpenSSL asymmetric commands: <code>genrsa</code> generates the key pair; <code>rsa -pubout</code> extracts the public key; <code>pkeyutl -encrypt -pubin</code> encrypts; <code>pkeyutl -decrypt</code> decrypts</p>
</div>
<div class=""ek-toggle"" onclick=""var b=document.getElementById('ek54-body');var c=document.getElementById('ek54-chev');b.style.display=b.style.display==='none'?'block':'none';c.style.transform=c.style.transform?'':'rotate(180deg)';"">
<div>
<span class=""ek-label"">College Board Essential Knowledge Coverage</span><h3>Topic 5.4 — What Is Testable</h3>
</div>
<span class=""ek-chev"" id=""ek54-chev"">▼</span>
</div>
<div id=""ek54-body"" class=""ek-body""><table class=""vocab-table"">
<thead><tr>
<th>CED Ref</th>
<th>Essential Knowledge</th>
<th>Covered In</th>
</tr></thead>
<tbody>
<tr>
<td style=""font-weight:700!important;white-space:nowrap!important;"">5.4.A.1</td>
<td>Asymmetric encryption allows secure communication without pre-arranging a shared secret key</td>
<td style=""color:#6B7280!important;font-size:.88em!important;"">Section 2 — Key Pairs</td>
</tr>
<tr>
<td style=""font-weight:700!important;white-space:nowrap!important;"">5.4.A.2</td>
<td>Key pairs: generated together through a mathematical process; one designated public, one private; mathematical inverses of each other; either key can encrypt, only the partner key can decrypt</td>
<td style=""color:#6B7280!important;font-size:.88em!important;"">Section 2 — Key Pairs</td>
</tr>
<tr>
<td style=""font-weight:700!important;white-space:nowrap!important;"">5.4.A.3</td>
<td>Private key must be stored securely; if compromised/exposed/stolen/corrupted, delete the entire key pair and generate a new one; public key is published for anyone to use</td>
<td style=""color:#6B7280!important;font-size:.88em!important;"">Section 2 — Private Key Security</td>
</tr>
<tr>
<td style=""font-weight:700!important;white-space:nowrap!important;"">5.4.A.4</td>
<td>To send information securely: sender uses RECEIVER'S public key to encrypt; only receiver's private key can decrypt</td>
<td style=""color:#6B7280!important;font-size:.88em!important;"">Section 2 — Encryption Direction</td>
</tr>
<tr>
<td style=""font-weight:700!important;white-space:nowrap!important;"">5.4.B.1</td>
<td>Longer keys → larger keyspaces; n-bit key has keyspace 2<sup>n</sup>
</td>
<td style=""color:#6B7280!important;font-size:.88em!important;"">Section 3 — Keyspace</td>
</tr>
<tr>
<td style=""font-weight:700!important;white-space:nowrap!important;"">5.4.B.2</td>
<td>Average brute-force guesses to find correct key = 2<sup>n</sup>/2 = 2<sup>n-1</sup>
</td>
<td style=""color:#6B7280!important;font-size:.88em!important;"">Section 3 — Keyspace</td>
</tr>
<tr>
<td style=""font-weight:700!important;white-space:nowrap!important;"">5.4.B.3</td>
<td>Longer keys are more secure but require more time to encrypt/decrypt</td>
<td style=""color:#6B7280!important;font-size:.88em!important;"">Section 3 — Security vs Speed</td>
</tr>
<tr>
<td style=""font-weight:700!important;white-space:nowrap!important;"">5.4.B.4</td>
<td>Computing power continues to improve; key-length recommendations are periodically increased to account for this</td>
<td style=""color:#6B7280!important;font-size:.88em!important;"">Section 3 — Future-Proofing</td>
</tr>
<tr>
<td style=""font-weight:700!important;white-space:nowrap!important;"">5.4.B.5</td>
<td>Key-length comparison only valid within the same algorithm (AES-128 vs AES-256 valid; RSA vs AES invalid)</td>
<td style=""color:#6B7280!important;font-size:.88em!important;"">Section 3 — Comparison Rule</td>
</tr>
<tr>
<td style=""font-weight:700!important;white-space:nowrap!important;"">5.4.C.1</td>
<td>Common asymmetric algorithms: RSA and ECC; used in digital signatures and certificates</td>
<td style=""color:#6B7280!important;font-size:.88em!important;"">Section 4 — Algorithms</td>
</tr>
<tr>
<td style=""font-weight:700!important;white-space:nowrap!important;"">5.4.C.2</td>
<td>Can use CLI (OpenSSL), specialized software, or web tools for asymmetric encryption</td>
<td style=""color:#6B7280!important;font-size:.88em!important;"">Section 4 — Tools</td>
</tr>
<tr>
<td style=""font-weight:700!important;white-space:nowrap!important;"">5.4.C.3</td>
<td>OpenSSL commands: genrsa to generate key pair; rsa -pubout to extract public key; pkeyutl -encrypt to encrypt; pkeyutl -decrypt to decrypt</td>
<td style=""color:#6B7280!important;font-size:.88em!important;"">Section 4 — OpenSSL Commands</td>
</tr>
</tbody>
</table></div>
<div class=""bell-card"">
<span class=""bell-label"">♡ Bellringer — 3 Questions, 5 Minutes</span><p class=""bell-sub"">Answer independently. No notes.</p>
<ol>
<li>Alice wants to send Bob a secret message using asymmetric encryption. Whose key does Alice use to encrypt, and whose key does Bob use to decrypt? Why can this work without Alice and Bob ever meeting to share a secret?</li>
<li>Bob generates an RSA key pair. His laptop is stolen and the thief finds his private key. What must Bob do, and why can't he just generate a new public key and keep the old private key?</li>
<li>An algorithm uses a 10-bit key. What is the keyspace? On average, how many guesses does a brute-force attack need to find the correct key?</li>
</ol>
<button class=""btn-toggle"" onclick=""var el=document.getElementById('bell-ans');el.classList.toggle('show');this.textContent=el.classList.contains('show')?'Hide Answer Key':'Show Answer Key'"">Show Answer Key</button><div class=""bell-answers"" id=""bell-ans"">
<p style=""margin:4px 0!important;font-size:.9em!important;color:#374151!important;font-family:Georgia,serif!important;""><strong>Q1:</strong> Alice encrypts with BOB'S public key. Bob decrypts with HIS OWN private key. This works without meeting because the public key is publicly distributed — Alice does not need a pre-shared secret. Only Bob's matching private key can reverse the encryption.</p>
<p style=""margin:4px 0!important;font-size:.9em!important;color:#374151!important;font-family:Georgia,serif!important;""><strong>Q2:</strong> Bob must delete the ENTIRE key pair (both public and private key) and generate a completely new pair. The two keys are mathematically linked — keeping the old private key means the old public key remains exploitable. Security rests entirely on the private key remaining secret.</p>
<p style=""margin:4px 0!important;font-size:.9em!important;color:#374151!important;font-family:Georgia,serif!important;""><strong>Q3:</strong> Keyspace: 2<sup>10</sup> = 1,024 possible keys. Average brute-force guesses: 2<sup>10</sup>/2 = 2<sup>9</sup> = 512 guesses (half the keyspace on average).</p>
</div>
</div>
<div class=""toc-card"">
<h3>In This Lesson</h3>
<ol>
<li><a href=""#lo54"">5.4.1 — Learning Objectives</a></li>
<li><a href=""#keypairs"">5.4.2 — Asymmetric Key Pairs (5.4.A)</a></li>
<li><a href=""#keylength"">5.4.3 — Key Length and Security (5.4.B)</a></li>
<li><a href=""#algos"">5.4.4 — RSA, ECC, and OpenSSL Commands (5.4.C)</a></li>
<li><a href=""#cfu54"">5.4.5 — Check for Understanding (10 Questions)</a></li>
<li><a href=""#mistakes54"">5.4.6 — Common AP Exam Mistakes</a></li>
<li><a href=""#faq54"">5.4.7 — Key Terms &amp; FAQ</a></li>
</ol>
</div>

<div id=""lo54"">
<h2>
<span class=""section-num"">1</span> 5.4.1 — Learning Objectives</h2>
<ul class=""obj-list"">
<li>
<span class=""obj-check""></span>Explain how asymmetric key pairs work and determine the correct key to use when sending or receiving encrypted data (5.4.A)</li>
<li>
<span class=""obj-check""></span>Explain why private key security is critical and what must happen if a private key is compromised (5.4.A)</li>
<li>
<span class=""obj-check""></span>Calculate keyspace size (2<sup>n</sup>) and average brute-force guesses (2<sup>n-1</sup>); explain the security-speed trade-off for key length (5.4.B)</li>
<li>
<span class=""obj-check""></span>Identify RSA and ECC as common asymmetric algorithms and interpret/write OpenSSL asymmetric commands (5.4.C)</li>
</ul>
</div>

<div class=""key-terms"">
<strong>Key Terms</strong><dl>
<dt>Asymmetric encryption</dt>
<dd>Encryption using a mathematically linked key pair. Either key can encrypt; only the partner key can decrypt.</dd>
<dt>Public key</dt>
<dd>The half of the key pair that is published openly for anyone to use for encryption.</dd>
<dt>Private key</dt>
<dd>The half of the key pair kept secret by the owner, used to decrypt data encrypted with the corresponding public key.</dd>
<dt>Key pair</dt>
<dd>A public key and private key generated together as mathematical inverses; must be treated as a single unit.</dd>
<dt>RSA</dt>
<dd>Rivest-Shamir-Adleman. Common asymmetric algorithm used for encryption and digital signatures.</dd>
<dt>ECC</dt>
<dd>Elliptic Curve Cryptography. Asymmetric algorithm providing strong security with shorter keys than RSA.</dd>
<dt>Digital signature</dt>
<dd>A use of asymmetric cryptography to verify that a message or document came from the claimed sender and was not altered.</dd>
<dt>Digital certificate</dt>
<dd>A credential that binds a public key to an identity, issued by a trusted certificate authority.</dd>
</dl>
</div>

<div id=""keypairs"">
<h2>
<span class=""section-num"">2</span> 5.4.2 — Asymmetric Key Pairs (5.4.A)</h2>
<p>Asymmetric encryption solves the fundamental weakness of symmetric encryption: the key-sharing problem. With symmetric encryption, both parties must somehow securely exchange a secret key before communicating. Asymmetric encryption eliminates this requirement.</p>

<div class=""concept-box"">
<strong>How Key Pairs Work (5.4.A.2)</strong>
<ul>
<li>A key pair consists of a <strong>public key</strong> and a <strong>private key</strong> generated simultaneously through a mathematical process.</li>
<li>The two keys are <strong>mathematical inverses</strong>: each key can reverse the operation performed by its partner.</li>
<li>Either key can encrypt data, but <strong>only the partner key can decrypt it</strong>.</li>
<li>The public key is shared openly with the world. The private key is stored securely by the owner and never shared.</li>
</ul>
</div>

<h3>Encryption Direction — The Most-Tested Concept</h3>
<div class=""warn-box"">
<strong>Who Encrypts With What? (5.4.A.4)</strong>
<p>Alice wants to send Bob a secret message:</p>
<ol style=""margin:8px 0!important;padding-left:20px!important;"">
<li>Alice obtains Bob's <strong>public key</strong> (publicly available).</li>
<li>Alice encrypts the message using <strong>Bob's public key</strong>.</li>
<li>Alice sends the ciphertext to Bob.</li>
<li>Bob decrypts with <strong>his own private key</strong> — the only key in the world that can reverse the encryption done with his public key.</li>
</ol>
<p>Eve intercepts the ciphertext. Eve has Bob's public key too (it's public). But Eve cannot decrypt because she does not have Bob's private key.</p>
</div>

<h3>Private Key Security (5.4.A.3)</h3>
<div class=""warn-box"">
<strong>Private Key Compromise Rule</strong>
<p>If a private key is <em>exposed, shared, stolen, corrupted, or compromised in any way</em>, the entire key pair becomes unusable and must be:</p>
<ol style=""margin:8px 0!important;padding-left:20px!important;"">
<li>
<strong>Deleted completely</strong> (both public and private key).</li>
<li>
<strong>Replaced with a new key pair</strong> generated from scratch.</li>
</ol>
<p>Why both keys? The public and private keys are mathematically linked. If the private key is known, the security of anything encrypted with the corresponding public key is broken. The public key alone cannot be ""reused"" with a new private key.</p>
</div>
</div>

<div id=""keylength"">
<h2>
<span class=""section-num"">3</span> 5.4.3 — Key Length and Security (5.4.B)</h2>
<p>All cryptographic security ultimately rests on making brute-force key-guessing computationally infeasible. Key length determines keyspace size, which determines how long an exhaustive search would take.</p>

<table>
<tr>
<th>Key Length</th>
<th>Keyspace</th>
<th>Avg Brute-Force Guesses</th>
</tr>
<tr>
<td>8-bit</td>
<td>2<sup>8</sup> = 256</td>
<td>128</td>
</tr>
<tr>
<td>16-bit</td>
<td>2<sup>16</sup> = 65,536</td>
<td>32,768</td>
</tr>
<tr>
<td>128-bit</td>
<td>2<sup>128</sup> ≈ 3.4 × 10<sup>38</sup>
</td>
<td>2<sup>127</sup> ≈ 1.7 × 10<sup>38</sup>
</td>
</tr>
<tr>
<td>256-bit</td>
<td>2<sup>256</sup> ≈ 1.2 × 10<sup>77</sup>
</td>
<td>2<sup>255</sup> ≈ 5.8 × 10<sup>76</sup>
</td>
</tr>
</table>

<div class=""concept-box"">
<strong>Key-Length Comparison Rule (5.4.B.5 — CED Exact)</strong>
<ul>
<li>✓ Valid: AES-128 vs AES-256 (same algorithm)</li>
<li>✓ Valid: RSA-2048 vs RSA-4096 (same algorithm)</li>
<li>✗ Invalid: AES-128 vs RSA-2048 (different algorithms — different mathematical structures)</li>
</ul>
<p>The CED uses these exact three examples. An RSA-2048 key is not ""more secure"" than an AES-128 key just because 2048 &gt; 128. They cannot be compared.</p>
</div>

<div class=""tip-box"">
<strong>Why Key Recommendations Change Over Time (5.4.B.4)</strong>
<p>Computing power doubles roughly every 18–24 months. As hardware improves, the time needed to brute-force a given key length shrinks. Key-length recommendations (from NIST and other standards bodies) are periodically increased to stay ahead of improvements in processing speed. A key length that is secure today may become breakable in 20 years.</p>
</div>
</div>

<div id=""algos"">
<h2>
<span class=""section-num"">4</span> 5.4.4 — RSA, ECC, and OpenSSL Commands (5.4.C)</h2>
<p>The two asymmetric algorithms on the AP exam are RSA and ECC. Both generate key pairs and use the public-key-encrypts / private-key-decrypts model from 5.4.A. They differ in their mathematical foundations and key-length efficiency.</p>

<table>
<tr>
<th>Algorithm</th>
<th>Full Name</th>
<th>Used For</th>
<th>Key Strength</th>
</tr>
<tr>
<td><strong>RSA</strong></td>
<td>Rivest-Shamir-Adleman</td>
<td>Encryption, digital signatures, certificates</td>
<td>Requires longer keys (2048–4096 bit) for strong security</td>
</tr>
<tr>
<td><strong>ECC</strong></td>
<td>Elliptic Curve Cryptography</td>
<td>Encryption, digital signatures, TLS</td>
<td>Shorter keys provide equivalent security (256-bit ECC ≈ 3072-bit RSA)</td>
</tr>
</table>

<div class=""concept-box"">
<strong>OpenSSL Asymmetric Commands (5.4.C.3 — CED Exact)</strong>
<pre>
# Step 1: Generate a 2048-bit RSA key pair, save to rsa.pem
openssl genrsa -out rsa.pem 2048

# Step 2: Extract the public key from rsa.pem into public.pem
openssl rsa -pubout -in rsa.pem -outform PEM -out public.pem

# Step 3: Encrypt the file ""test"" using the public key
openssl pkeyutl -encrypt -pubin -inkey public.pem -in test -out test.enc

# Step 4: Decrypt test.enc using the private key (rsa.pem)
openssl pkeyutl -decrypt -inkey rsa.pem -in test.enc -out test
</pre>
<p>Command breakdown:</p>
<ul style=""margin:8px 0!important;"">
<li>
<code>genrsa -out rsa.pem 2048</code> — generates RSA key pair (both keys), saves to <code>rsa.pem</code>
</li>
<li>
<code>rsa -pubout -in rsa.pem -out public.pem</code> — extracts only the public key</li>
<li>
<code>pkeyutl -encrypt -pubin -inkey public.pem</code> — encrypts with public key (<code>-pubin</code> = public key input)</li>
<li>
<code>pkeyutl -decrypt -inkey rsa.pem</code> — decrypts with private key (no <code>-pubin</code>)</li>
</ul>
</div>

<div class=""tip-box"">
<strong>AP FRQ Connection</strong>
<p>The free-response question may give you an OpenSSL command and ask whether it is encrypting or decrypting, and what key file is being used. Key questions: (1) Is it <code>-encrypt</code> or <code>-decrypt</code>? (2) Does it use <code>-pubin</code> (public key) or no flag (private key)? (3) What is the <code>-inkey</code> file — is it a public key file or a private key pair file?</p>
</div>
</div>

<div class=""cfu-section"" id=""cfu54"">
<h2>Check for Understanding — Topic 5.4</h2>
<div class=""cfu-q"" id=""v4q1"">
<p class=""stem"">1. Alice wants to send a confidential message to Bob using asymmetric encryption. Alice has Bob's public key. Which of the following correctly describes the encryption and decryption process?</p>
<div class=""cfu-opt"" onclick=""pick('v4q1','A')"">
<input type=""radio"" name=""v4q1"" id=""v4q1A""><label for=""v4q1A"">(A) Alice encrypts with her own private key; Bob decrypts with Alice's public key</label>
</div>
<div class=""cfu-opt"" onclick=""pick('v4q1','B')"">
<input type=""radio"" name=""v4q1"" id=""v4q1B""><label for=""v4q1B"">(B) Alice encrypts with Bob's public key; Bob decrypts with his own private key</label>
</div>
<div class=""cfu-opt"" onclick=""pick('v4q1','C')"">
<input type=""radio"" name=""v4q1"" id=""v4q1C""><label for=""v4q1C"">(C) Alice encrypts with her own public key; Bob decrypts with his own private key</label>
</div>
<div class=""cfu-opt"" onclick=""pick('v4q1','D')"">
<input type=""radio"" name=""v4q1"" id=""v4q1D""><label for=""v4q1D"">(D) Alice encrypts with Bob's private key; Bob decrypts with his own public key</label>
</div>
<div class=""cfu-feedback"" id=""v4q1-fb""></div>
</div>
<div class=""cfu-q"" id=""v4q2"">
<p class=""stem"">2. Bob discovers that his RSA private key was accidentally included in a code commit that was pushed to a public GitHub repository. What must Bob do?</p>
<div class=""cfu-opt"" onclick=""pick('v4q2','A')"">
<input type=""radio"" name=""v4q2"" id=""v4q2A""><label for=""v4q2A"">(A) Delete the entire key pair (both public and private keys) and generate a completely new key pair, since the security of the encryption depends on the private key remaining secret</label>
</div>
<div class=""cfu-opt"" onclick=""pick('v4q2','B')"">
<input type=""radio"" name=""v4q2"" id=""v4q2B""><label for=""v4q2B"">(B) Delete only the private key file and generate a new private key while keeping the existing public key</label>
</div>
<div class=""cfu-opt"" onclick=""pick('v4q2','C')"">
<input type=""radio"" name=""v4q2"" id=""v4q2C""><label for=""v4q2C"">(C) Change the passphrase on the existing private key file and continue using the same key pair</label>
</div>
<div class=""cfu-opt"" onclick=""pick('v4q2','D')"">
<input type=""radio"" name=""v4q2"" id=""v4q2D""><label for=""v4q2D"">(D) Notify users to stop sending encrypted messages until the GitHub commit is removed, then resume using the existing key pair</label>
</div>
<div class=""cfu-feedback"" id=""v4q2-fb""></div>
</div>
<div class=""cfu-q"" id=""v4q3"">
<p class=""stem"">3. A security team compares RSA-2048 to AES-128 and argues that RSA-2048 must be more secure because 2048 &gt; 128. What is wrong with this reasoning?</p>
<div class=""cfu-opt"" onclick=""pick('v4q3','A')"">
<input type=""radio"" name=""v4q3"" id=""v4q3A""><label for=""v4q3A"">(A) Nothing; larger key length always means greater security, regardless of algorithm</label>
</div>
<div class=""cfu-opt"" onclick=""pick('v4q3','B')"">
<input type=""radio"" name=""v4q3"" id=""v4q3B""><label for=""v4q3B"">(B) The team is correct for symmetric algorithms but incorrect for asymmetric ones like RSA</label>
</div>
<div class=""cfu-opt"" onclick=""pick('v4q3','C')"">
<input type=""radio"" name=""v4q3"" id=""v4q3C""><label for=""v4q3C"">(C) Key-length comparison is only valid within the same algorithm; RSA and AES use fundamentally different mathematical structures, so their key lengths cannot be directly compared</label>
</div>
<div class=""cfu-opt"" onclick=""pick('v4q3','D')"">
<input type=""radio"" name=""v4q3"" id=""v4q3D""><label for=""v4q3D"">(D) RSA is always less secure than AES because asymmetric algorithms require larger keys to achieve the same protection</label>
</div>
<div class=""cfu-feedback"" id=""v4q3-fb""></div>
</div>
<div class=""cfu-q"" id=""v4q4"">
<p class=""stem"">4. An analyst examines this OpenSSL command:<br><code>openssl pkeyutl -encrypt -pubin -inkey public.pem -in secret.txt -out secret.enc</code><br>Which of the following BEST describes what this command does?</p>
<div class=""cfu-opt"" onclick=""pick('v4q4','A')"">
<input type=""radio"" name=""v4q4"" id=""v4q4A""><label for=""v4q4A"">(A) Decrypts <code>secret.enc</code> using the private key in <code>public.pem</code> and writes plaintext to <code>secret.txt</code></label>
</div>
<div class=""cfu-opt"" onclick=""pick('v4q4','B')"">
<input type=""radio"" name=""v4q4"" id=""v4q4B""><label for=""v4q4B"">(B) Generates a new RSA key pair and saves the public key to <code>public.pem</code></label>
</div>
<div class=""cfu-opt"" onclick=""pick('v4q4','C')"">
<input type=""radio"" name=""v4q4"" id=""v4q4C""><label for=""v4q4C"">(C) Encrypts <code>secret.txt</code> using the public key from <code>public.pem</code> and writes the ciphertext to <code>secret.enc</code></label>
</div>
<div class=""cfu-opt"" onclick=""pick('v4q4','D')"">
<input type=""radio"" name=""v4q4"" id=""v4q4D""><label for=""v4q4D"">(D) Extracts the public key from a private key file named <code>public.pem</code></label>
</div>
<div class=""cfu-feedback"" id=""v4q4-fb""></div>
</div>
<div class=""cfu-q"" id=""v4q5"">
<p class=""stem"">5. Which of the following OpenSSL commands correctly generates a 2048-bit RSA key pair and saves it to a file named <code>mykey.pem</code>?</p>
<div class=""cfu-opt"" onclick=""pick('v4q5','A')"">
<input type=""radio"" name=""v4q5"" id=""v4q5A""><label for=""v4q5A"">(A) <code>openssl rsa -pubout -in mykey.pem -outform PEM -out public.pem</code></label>
</div>
<div class=""cfu-opt"" onclick=""pick('v4q5','B')"">
<input type=""radio"" name=""v4q5"" id=""v4q5B""><label for=""v4q5B"">(B) <code>openssl pkeyutl -decrypt -inkey mykey.pem -in cipher.enc -out plain.txt</code></label>
</div>
<div class=""cfu-opt"" onclick=""pick('v4q5','C')"">
<input type=""radio"" name=""v4q5"" id=""v4q5C""><label for=""v4q5C"">(C) <code>openssl enc -aes-128-cbc -e -in data.txt -k password -out mykey.pem</code></label>
</div>
<div class=""cfu-opt"" onclick=""pick('v4q5','D')"">
<input type=""radio"" name=""v4q5"" id=""v4q5D""><label for=""v4q5D"">(D) <code>openssl genrsa -out mykey.pem 2048</code></label>
</div>
<div class=""cfu-feedback"" id=""v4q5-fb""></div>
</div>
<div class=""cfu-q"" id=""v4q6"">
<p class=""stem"">6. A 16-bit RSA key has keyspace 2<sup>16</sup>. An adversary brute-forces it after 28,000 guesses. A 17-bit key has keyspace 2<sup>17</sup>. On average, how many guesses would the adversary need for the 17-bit key?</p>
<div class=""cfu-opt"" onclick=""pick('v4q6','A')"">
<input type=""radio"" name=""v4q6"" id=""v4q6A""><label for=""v4q6A"">(A) 29,000 guesses, because adding one bit adds approximately 1,000 guesses</label>
</div>
<div class=""cfu-opt"" onclick=""pick('v4q6','B')"">
<input type=""radio"" name=""v4q6"" id=""v4q6B""><label for=""v4q6B"">(B) 32,768 guesses (2<sup>15</sup>), because the average is half the 17-bit keyspace</label>
</div>
<div class=""cfu-opt"" onclick=""pick('v4q6','C')"">
<input type=""radio"" name=""v4q6"" id=""v4q6C""><label for=""v4q6C"">(C) 56,000 guesses, because doubling the key length doubles the average guesses</label>
</div>
<div class=""cfu-opt"" onclick=""pick('v4q6','D')"">
<input type=""radio"" name=""v4q6"" id=""v4q6D""><label for=""v4q6D"">(D) 65,536 guesses (2<sup>16</sup>), because the adversary must try the entire 17-bit keyspace on average</label>
</div>
<div class=""cfu-feedback"" id=""v4q6-fb""></div>
</div>
<div class=""cfu-q"" id=""v4q7"">
<p class=""stem"">7. Which of the following statements about asymmetric vs. symmetric encryption is TRUE?</p>
<div class=""cfu-opt"" onclick=""pick('v4q7','A')"">
<input type=""radio"" name=""v4q7"" id=""v4q7A""><label for=""v4q7A"">(A) Asymmetric encryption is faster than symmetric encryption, making it preferred for encrypting large files</label>
</div>
<div class=""cfu-opt"" onclick=""pick('v4q7','B')"">
<input type=""radio"" name=""v4q7"" id=""v4q7B""><label for=""v4q7B"">(B) Symmetric encryption requires a pre-shared secret key; asymmetric encryption solves this by allowing the public key to be distributed openly without a secure channel</label>
</div>
<div class=""cfu-opt"" onclick=""pick('v4q7','C')"">
<input type=""radio"" name=""v4q7"" id=""v4q7C""><label for=""v4q7C"">(C) Symmetric encryption uses two keys; asymmetric encryption uses one</label>
</div>
<div class=""cfu-opt"" onclick=""pick('v4q7','D')"">
<input type=""radio"" name=""v4q7"" id=""v4q7D""><label for=""v4q7D"">(D) Asymmetric encryption is only used for disk encryption; symmetric encryption is only used for network traffic</label>
</div>
<div class=""cfu-feedback"" id=""v4q7-fb""></div>
</div>
<div class=""cfu-q"" id=""v4q8"">
<p class=""stem"">8. An organization uses RSA for all encrypted communications. Their cryptography policy states that key-length recommendations must be reviewed every 3 years. Why is this review cycle necessary?</p>
<div class=""cfu-opt"" onclick=""pick('v4q8','A')"">
<input type=""radio"" name=""v4q8"" id=""v4q8A""><label for=""v4q8A"">(A) Computing power improves over time, reducing the time needed to brute-force a key; what was secure 3 years ago may no longer provide sufficient protection against current hardware</label>
</div>
<div class=""cfu-opt"" onclick=""pick('v4q8','B')"">
<input type=""radio"" name=""v4q8"" id=""v4q8B""><label for=""v4q8B"">(B) RSA keys expire automatically after 3 years and must be regenerated regardless of computing advances</label>
</div>
<div class=""cfu-opt"" onclick=""pick('v4q8','C')"">
<input type=""radio"" name=""v4q8"" id=""v4q8C""><label for=""v4q8C"">(C) RSA algorithm updates require all existing key pairs to be regenerated when the standard is revised</label>
</div>
<div class=""cfu-opt"" onclick=""pick('v4q8','D')"">
<input type=""radio"" name=""v4q8"" id=""v4q8D""><label for=""v4q8D"">(D) The review is unnecessary; once a key is strong enough (e.g., 2048-bit), it remains secure indefinitely because the keyspace never changes</label>
</div>
<div class=""cfu-feedback"" id=""v4q8-fb""></div>
</div>
<div class=""cfu-q"" id=""v4q9"">
<p class=""stem"">9. Consider these three statements about asymmetric encryption:<br>I. Either key in a key pair can be used to encrypt data.<br>II. The private key can be shared with trusted parties for efficiency.<br>III. If data is encrypted with the public key, only the private key can decrypt it.<br>Which statements are TRUE?</p>
<div class=""cfu-opt"" onclick=""pick('v4q9','A')"">
<input type=""radio"" name=""v4q9"" id=""v4q9A""><label for=""v4q9A"">(A) I only</label>
</div>
<div class=""cfu-opt"" onclick=""pick('v4q9','B')"">
<input type=""radio"" name=""v4q9"" id=""v4q9B""><label for=""v4q9B"">(B) I, II, and III</label>
</div>
<div class=""cfu-opt"" onclick=""pick('v4q9','C')"">
<input type=""radio"" name=""v4q9"" id=""v4q9C""><label for=""v4q9C"">(C) II and III only</label>
</div>
<div class=""cfu-opt"" onclick=""pick('v4q9','D')"">
<input type=""radio"" name=""v4q9"" id=""v4q9D""><label for=""v4q9D"">(D) I and III only</label>
</div>
<div class=""cfu-feedback"" id=""v4q9-fb""></div>
</div>
<div class=""cfu-q"" id=""v4q10"">
<p class=""stem"">10. An OpenSSL command is: <code>openssl pkeyutl -decrypt -inkey rsa.pem -in message.enc -out message.txt</code>. What role does <code>rsa.pem</code> play, and what does the absence of <code>-pubin</code> indicate?</p>
<div class=""cfu-opt"" onclick=""pick('v4q10','A')"">
<input type=""radio"" name=""v4q10"" id=""v4q10A""><label for=""v4q10A"">(A) <code>rsa.pem</code> is a public key file; the absence of <code>-pubin</code> is an error that would cause the command to fail</label>
</div>
<div class=""cfu-opt"" onclick=""pick('v4q10','B')"">
<input type=""radio"" name=""v4q10"" id=""v4q10B""><label for=""v4q10B"">(B) <code>rsa.pem</code> is the encrypted input; the output is written to <code>message.enc</code></label>
</div>
<div class=""cfu-opt"" onclick=""pick('v4q10','C')"">
<input type=""radio"" name=""v4q10"" id=""v4q10C""><label for=""v4q10C"">(C) <code>rsa.pem</code> contains the private key (key pair file); the absence of <code>-pubin</code> indicates this is decryption using the private key, not encryption using a public key</label>
</div>
<div class=""cfu-opt"" onclick=""pick('v4q10','D')"">
<input type=""radio"" name=""v4q10"" id=""v4q10D""><label for=""v4q10D"">(D) <code>rsa.pem</code> is a certificate file; <code>-pubin</code> is only required for certificate-based operations</label>
</div>
<div class=""cfu-feedback"" id=""v4q10-fb""></div>
</div>
<button class=""btn-check"" onclick=""gradeAll()"">Check Answers</button><div class=""score-panel"" id=""score-panel"">
<div>Score: <span class=""score-num"" id=""score-num""></span>
</div>
<p id=""score-msg"" style=""margin:8px 0 0;color:#DDD6FE!important;font-family:Georgia,serif!important;""></p>
</div>
</div>
<h2>⚠ Common AP Exam Mistakes — Topic 5.4</h2>
<table class=""mistakes-table"">
<thead><tr>
<th>Common Mistake</th>
<th>Why It's Wrong</th>
<th>Correct Thinking</th>
</tr></thead>
<tbody>
<tr>
<td><strong>Encrypting with the sender's key</strong></td>
<td>Students say Alice encrypts with her own private key. Wrong: Alice encrypts with the RECEIVER'S (Bob's) public key. The point is that only Bob can decrypt with his private key.</td>
<td style=""color:#15803D!important;"">Encrypt with RECIPIENT'S public key. Decrypt with YOUR OWN private key. The encryption protects data so only the intended recipient can read it.</td>
</tr>
<tr>
<td><strong>Thinking only one key can encrypt</strong></td>
<td>Both keys in a pair can encrypt. But only the PARTNER key can decrypt. If encrypted with public key, only private can decrypt. If encrypted with private key (e.g., for signatures), only public can verify.</td>
<td style=""color:#15803D!important;"">Either key encrypts. Only the other key decrypts. The AP exam tests sender/receiver scenarios, which always use: public key encrypts, private key decrypts.</td>
</tr>
<tr>
<td><strong>Replacing only the private key after compromise</strong></td>
<td>If the private key is compromised, students think they can keep the public key and generate a new private key. Wrong: the two keys are mathematically linked. The public key cannot be reused with a different private key.</td>
<td style=""color:#15803D!important;"">Compromise = delete BOTH keys. Generate a completely new pair. The mathematical link means you cannot mix keys from different generation events.</td>
</tr>
<tr>
<td><strong>Comparing RSA key length to AES key length</strong></td>
<td>Students think RSA-2048 and AES-128 can be directly compared and that RSA-2048 is stronger because 2048 &gt; 128. The CED explicitly states cross-algorithm comparison is invalid.</td>
<td style=""color:#15803D!important;"">Valid: RSA-2048 vs RSA-4096. Valid: AES-128 vs AES-256. Invalid: RSA-2048 vs AES-128. Different math, different structures, different security models.</td>
</tr>
<tr>
<td><strong>Thinking keyspace doubles when key length doubles</strong></td>
<td>Doubling from 128 to 256 bits does not double the keyspace; it squares it. 2<sup>256</sup> = (2<sup>128</sup>)<sup>2</sup>. This is an exponential, not linear, relationship.</td>
<td style=""color:#15803D!important;"">Each additional bit doubles the keyspace. 128→129 bits: keyspace doubles. 128→256 bits: keyspace is multiplied by 2<sup>128</sup>. Never just ""doubled.""</td>
</tr>
</tbody>
</table>
<div id=""faq54"">
<h2>
<span class=""section-num"">8</span> 5.4.7 — Key Terms &amp; FAQ</h2>
<div class=""concept-box"">
<strong>Frequently Asked Questions</strong>
<p><strong>Q: Can the private key be used to encrypt and the public key to decrypt?</strong><br>
A: Technically yes — either key can encrypt, only the partner decrypts. When a private key is used to encrypt (as in digital signatures), the public key is used to verify/decrypt. But in standard confidential messaging (the AP exam focus), the convention is: public key encrypts, private key decrypts.</p>
<p><strong>Q: What is a digital signature and how does it relate to 5.4?</strong><br>
A: A digital signature uses the private key to sign (encrypt a hash of) a document. Anyone with the public key can verify the signature. This proves: (1) the document came from the private key holder, and (2) it was not altered after signing. Digital signatures are listed in 5.4.C.1 as an application of asymmetric cryptography.</p>
<p><strong>Q: Why does ECC achieve the same security with shorter keys than RSA?</strong><br>
A: RSA security depends on the difficulty of factoring large numbers. ECC security depends on the difficulty of the elliptic curve discrete logarithm problem, which is mathematically harder to crack at equivalent key lengths. This is why a 256-bit ECC key provides roughly the same protection as a 3072-bit RSA key.</p>
<p><strong>Q: In the OpenSSL command, what is stored in rsa.pem vs public.pem?</strong><br>
A: <code>rsa.pem</code> (generated by <code>genrsa</code>) contains BOTH the public and private key. <code>public.pem</code> (extracted by <code>rsa -pubout</code>) contains ONLY the public key. You share <code>public.pem</code> freely; you protect <code>rsa.pem</code> at all costs.</p>
</div>
</div>
<div class=""exit-card"">
<span class=""exit-label"">📋 Exit Ticket — Topic 5.4 | 5 Questions | Ready for Canvas / Google Classroom</span><p class=""exit-sub"">Students submit before leaving.</p>
<ol>
<li>Explain the asymmetric encryption process for confidential messaging: who generates what, which key is used to encrypt, which key is used to decrypt, and why this eliminates the key-sharing problem of symmetric encryption. <em>(AP Skill: Explain Mechanisms)</em>
</li>
<li>A company's private RSA key was discovered in a publicly accessible configuration file. List the two steps the company must take and explain why keeping the existing public key is not an option. <em>(AP Skill: Determine Response)</em>
</li>
<li>For a 256-bit key, calculate: (a) the keyspace size (express as 2<sup>n</sup>), and (b) the average number of brute-force guesses required. Then explain why doubling the key length from 128 to 256 bits does not merely double the security. <em>(AP Skill: Analyze Key Length)</em>
</li>
<li>Write the four OpenSSL commands needed to: (1) generate a 2048-bit RSA key pair saved to <code>key.pem</code>, (2) extract the public key to <code>pub.pem</code>, (3) encrypt <code>data.txt</code> using the public key to produce <code>data.enc</code>, and (4) decrypt <code>data.enc</code> back to <code>data.txt</code>. <em>(AP Skill: Write Commands)</em>
</li>
<li>RSA-4096 and AES-128 are both strong encryption choices. Can you say one is ""more secure"" than the other based on key length alone? Justify your answer using the CED comparison rule. <em>(AP Skill: Evaluate Algorithms)</em>
</li>
</ol>
<button class=""btn-exit-toggle"" onclick=""var el=document.getElementById('exit-ans');el.classList.toggle('show');this.textContent=el.classList.contains('show')?'Hide Answer Key':'Show Answer Key'"">Show Answer Key</button><div class=""exit-answers"" id=""exit-ans"">
<p style=""margin:4px 0!important;font-size:.9em!important;color:#374151!important;font-family:Georgia,serif!important;""><strong>Q1:</strong> The receiver (Bob) generates a key pair. The public key is shared openly. Alice (sender) encrypts with Bob's public key. Bob decrypts with his own private key. This eliminates the key-sharing problem because the public key can be sent over any channel — knowing it does not allow decryption.</p>
<p style=""margin:4px 0!important;font-size:.9em!important;color:#374151!important;font-family:Georgia,serif!important;""><strong>Q2:</strong> Step 1: Delete the entire key pair (both public and private keys). Step 2: Generate a completely new key pair. Keeping the existing public key is impossible because public and private keys are mathematically linked — a new private key cannot be generated to work with the old public key.</p>
<p style=""margin:4px 0!important;font-size:.9em!important;color:#374151!important;font-family:Georgia,serif!important;""><strong>Q3:</strong> (a) Keyspace = 2<sup>256</sup>. (b) Average guesses = 2<sup>255</sup>. Doubling key length from 128 to 256 does not double security — it squares the keyspace. 2<sup>256</sup> = (2<sup>128</sup>)<sup>2</sup>, making the keyspace 2<sup>128</sup> times larger, an astronomically larger improvement than 2x.</p>
<p style=""margin:4px 0!important;font-size:.9em!important;color:#374151!important;font-family:Georgia,serif!important;""><strong>Q4:</strong> 1. <code>openssl genrsa -out key.pem 2048</code> 2. <code>openssl rsa -pubout -in key.pem -outform PEM -out pub.pem</code> 3. <code>openssl pkeyutl -encrypt -pubin -inkey pub.pem -in data.txt -out data.enc</code> 4. <code>openssl pkeyutl -decrypt -inkey key.pem -in data.enc -out data.txt</code></p>
<p style=""margin:4px 0!important;font-size:.9em!important;color:#374151!important;font-family:Georgia,serif!important;""><strong>Q5:</strong> No. Key-length comparison is only valid within the same algorithm (CED 5.4.B.5). RSA and AES use fundamentally different mathematical structures. RSA-4096 cannot be said to be more or less secure than AES-128 based on the numbers 4096 and 128 alone.</p>
</div>
</div>
<div class=""tutor-cta"">
<div class=""tutor-cta-text"">
<strong>Struggling with asymmetric cryptography and OpenSSL commands?</strong><p>Tanner Crow — AP CS teacher, 5.0 Wyzant rating, 2,067+ tutoring hours. Book a session and nail the exam.</p>
</div>
<a href=""/pages/ap-computer-science-a-tutor"" class=""tutor-cta-btn"">Book a Session →</a>
</div>
<div class=""author-box""><div class=""author-info"">
<p class=""author-name"">Tanner Crow</p>
<p class=""author-title"">AP Computer Science Teacher — Blue Valley North High School, Overland Park KS</p>
<p style=""font-size:.88em!important;color:#374151!important;margin:0!important;"">11+ years teaching AP CS. 5.0 Wyzant rating, 2,067+ tutoring hours, 499+ reviews.</p>
<div class=""author-stats"">
<span class=""author-stat"">11+ Years Teaching</span><span class=""author-stat"">2,067+ Tutoring Hours</span><span class=""author-stat"">499+ Five-Star Reviews</span>
</div>
</div></div>
<h2>Continue Learning</h2>
<div class=""related-grid"">
<a href=""/pages/ap-cyber-unit-5-lesson-5"" class=""related-card""><div class=""rc-label"">Next →</div>
<div class=""rc-title"">5.5: Protecting Applications</div></a><a href=""/pages/ap-cyber-unit-5-lesson-3"" class=""related-card""><div class=""rc-label"">Review</div>
<div class=""rc-title"">5.3: Symmetric Cryptography and AES</div></a><a href=""/pages/ap-cybersecurity-practice-exam"" class=""related-card""><div class=""rc-label"">Practice</div>
<div class=""rc-title"">AP Cybersecurity Practice Exam</div></a>
</div>
<div class=""nav-row"">
<a href=""/pages/ap-cyber-unit-5-lesson-3-quiz"" class=""nav-btn secondary"">← Lesson 5.3 Quiz</a><a href=""/pages/ap-cyber-unit-5-lesson-4-exercise-1"" class=""nav-btn"">Exercise 1 →</a>
</div>
</div>
<script>var ANS={v4q1:""B"",v4q2:""A"",v4q3:""C"",v4q4:""C"",v4q5:""D"",v4q6:""D"",v4q7:""B"",v4q8:""A"",v4q9:""D"",v4q10:""C""};var EX={v4q1:""In asymmetric encryption for confidential messaging: sender encrypts with the RECIPIENT'S public key; recipient decrypts with THEIR OWN private key. Options A and D involve the wrong key files. Option C uses Alice's own keys, which would mean only Alice can decrypt."",v4q2:""The CED explicitly states: if the private key is compromised in any way, the entire key pair must be deleted and a new one generated (5.4.A.3). Options A and D involve keeping the compromised key. Option B incorrectly thinks a new private key can pair with the old public key — the two are mathematically linked."",v4q3:""CED 5.4.B.5 states key-length comparison is only valid within the same algorithm. RSA and AES use different mathematical structures, so their key lengths cannot be directly compared. A 128-bit AES key is not \""weaker\"" than a 2048-bit RSA key in any meaningful sense."",v4q4:""The flag <code>-encrypt</code> means encryption operation. The <code>-pubin</code> flag means the key input is a public key. <code>-inkey public.pem</code> is the public key. <code>-in secret.txt</code> is the plaintext input. <code>-out secret.enc</code> is the ciphertext output."",v4q5:""<code>openssl genrsa -out mykey.pem 2048</code> generates a new RSA key pair (2048-bit) and saves it to <code>mykey.pem</code>. Option A extracts a public key. Option B decrypts a file. Option C performs AES symmetric encryption."",v4q6:""Average brute-force guesses for an n-bit key = 2<sup>n-1</sup>. For a 17-bit key: 2<sup>17-1</sup> = 2<sup>16</sup> = 65,536 guesses. This is consistent with the 16-bit observation: 16-bit avg = 2<sup>15</sup> = 32,768; the adversary found it in 28,000 which is slightly below average — they got lucky. For 17-bit: 65,536 average guesses."",v4q7:""Symmetric encryption requires a pre-shared secret key (the key-sharing problem). Asymmetric encryption solves this: the public key can be distributed openly to anyone; no secure channel is needed to share it. Option A is wrong — symmetric is faster for bulk data. Option C reverses symmetric/asymmetric key counts."",v4q8:""CED 5.4.B.4: computing power improves continuously, allowing software to guess keys faster. Key-length recommendations are periodically increased to account for this. What is computationally infeasible today may become feasible in the future."",v4q9:""Statement I is true: either key can encrypt. Statement III is true: if public key encrypts, only private key can decrypt (they are mathematical inverses). Statement II is FALSE: the private key must NEVER be shared with anyone — that is the entire basis of the security model."",v4q10:""<code>rsa.pem</code> generated by <code>genrsa</code> contains the full key pair (both public and private). The <code>-decrypt</code> flag means decryption. The absence of <code>-pubin</code> means the key file is a full key pair file (private key available), not just a public key file. This is the correct decryption command.""};</script><script>function pick(q,l){document.getElementById(q+l).checked=true;}function gradeAll(){var sc=0,tot=Object.keys(ANS).length;for(var q in ANS){var s=document.querySelector('input[name=""'+q+'""]:checked'),fb=document.getElementById(q+'-fb');document.querySelectorAll('#'+q+' .cfu-opt').forEach(function(o){o.classList.remove('correct','wrong');});if(s){var p=s.id.replace(q,''),c=ANS[q];document.getElementById(q+c).closest('.cfu-opt').classList.add('correct');if(p===c){sc++;fb.className='cfu-feedback ok show';fb.innerHTML='✓ '+EX[q];}else{document.getElementById(q+p).closest('.cfu-opt').classList.add('wrong');fb.className='cfu-feedback no show';fb.innerHTML='✗ Correct: <strong>'+c+'</strong>. '+EX[q];}}else{fb.className='cfu-feedback no show';fb.innerHTML='✗ No answer selected.';}}var el=document.getElementById('score-panel');el.classList.add('show');document.getElementById('score-num').textContent=sc+'/'+tot;var pct=sc/tot,m=pct===1?'Perfect — exam-ready.':pct>=0.8?'Strong — review any misses.':pct>=0.6?'Good — revisit the lesson.':'Review the lesson before moving on.';document.getElementById('score-msg').innerHTML=m;}</script>
<!--APCYBER-LESSON-NAV-START--><style>
#apcyber-lesson-nav, #apcyber-lesson-nav *{all:initial!important;box-sizing:border-box!important;
 font-family:-apple-system,BlinkMacSystemFont,'Segoe UI',Roboto,Helvetica,Arial,sans-serif!important}
#apcyber-lesson-nav{display:block!important;margin:48px auto 8px!important;max-width:880px!important;
 padding:0 16px!important}
#apcyber-lesson-nav .aln-card{display:block!important;background:#FFFFFF!important;
 border:1px solid #E5E1F2!important;border-top:4px solid #6B21A8!important;border-radius:14px!important;
 padding:22px 22px 18px!important;box-shadow:0 6px 22px rgba(30,27,75,.07)!important}
#apcyber-lesson-nav .aln-eyebrow{display:block!important;font-size:12px!important;font-weight:700!important;
 letter-spacing:.09em!important;text-transform:uppercase!important;color:#6B21A8!important;
 -webkit-text-fill-color:#6B21A8!important;margin:0 0 14px!important}
#apcyber-lesson-nav .aln-pn{display:flex!important;gap:12px!important;flex-wrap:wrap!important;margin:0 0 16px!important}
#apcyber-lesson-nav .aln-step{flex:1 1 0!important;min-width:200px!important;display:block!important;
 text-decoration:none!important;border:1px solid #E5E1F2!important;border-radius:11px!important;
 padding:13px 15px!important;background:#FAF8FF!important}
#apcyber-lesson-nav .aln-step:link,#apcyber-lesson-nav .aln-step:visited{color:#1E1B4B!important;-webkit-text-fill-color:#1E1B4B!important}
#apcyber-lesson-nav .aln-step.next{background:#1E1B4B!important;border-color:#1E1B4B!important}
#apcyber-lesson-nav .aln-step.next:link,#apcyber-lesson-nav .aln-step.next:visited{color:#FFFFFF!important;-webkit-text-fill-color:#FFFFFF!important}
#apcyber-lesson-nav .aln-dir{display:block!important;font-size:11px!important;font-weight:700!important;
 letter-spacing:.06em!important;text-transform:uppercase!important;color:#8A7FB0!important;
 -webkit-text-fill-color:#8A7FB0!important;margin:0 0 4px!important}
#apcyber-lesson-nav .aln-step.next .aln-dir{color:#E8A020!important;-webkit-text-fill-color:#E8A020!important;text-align:right!important}
#apcyber-lesson-nav .aln-ttl{display:block!important;font-size:15px!important;font-weight:600!important;line-height:1.3!important}
#apcyber-lesson-nav .aln-step.next .aln-ttl{text-align:right!important}
#apcyber-lesson-nav .aln-links{display:flex!important;flex-wrap:wrap!important;align-items:center!important;
 gap:8px 18px!important;padding-top:15px!important;border-top:1px solid #EDE9FE!important}
#apcyber-lesson-nav .aln-lbl{font-size:13px!important;font-weight:700!important;color:#6B21A8!important;-webkit-text-fill-color:#6B21A8!important}
#apcyber-lesson-nav .aln-links a:link,#apcyber-lesson-nav .aln-links a:visited{font-size:14px!important;
 font-weight:500!important;color:#0F766E!important;-webkit-text-fill-color:#0F766E!important;
 text-decoration:none!important;border-bottom:1px solid rgba(15,118,110,.35)!important;padding-bottom:1px!important}
@media(max-width:560px){#apcyber-lesson-nav .aln-step{flex:1 1 100%!important}}
</style><div id=""apcyber-lesson-nav""><div class=""aln-card"">
<span class=""aln-eyebrow"">AP Cybersecurity · Unit 5 · Lesson 5.4</span><div class=""aln-pn"">
<a class=""aln-step prev"" href=""/pages/ap-cyber-unit-5-lesson-3""><span class=""aln-dir"">← Previous</span><span class=""aln-ttl"">5.3 Hashing</span></a><a class=""aln-step next"" href=""/pages/ap-cyber-unit-5-lesson-5""><span class=""aln-dir"">Next →</span><span class=""aln-ttl"">5.5 Protecting Applications</span></a>
</div>
<div class=""aln-links"">
<span class=""aln-lbl"">Keep going:</span><a href=""/pages/ap-cybersecurity-unit-5-securing-applications-and-data"">Unit 5 Study Guide</a><a href=""/pages/ap-cyber-unit-5-exam"">Unit 5 Exam</a><a href=""/pages/ap-cybersecurity-complete-course-guide"">Course Guide</a><a href=""/pages/ap-cybersecurity-study-guide"">All Study Guides</a><a href=""/pages/ap-cybersecurity-practice-questions"">Practice Questions</a><a href=""/pages/ap-cybersecurity-score-calculator"">Score Calculator</a>
</div>
</div></div><!--APCYBER-LESSON-NAV-END-->"
"ap-cyber-unit-5-lesson-5","MERGE","<style>
.page-title,.article__title,.page__title,.template-page h1:first-of-type{display:none!important;}
#apcyber-wrapper{all:initial!important;display:block!important;font-family:'Georgia',serif!important;color:#1E1B4B!important;background:#fff!important;line-height:1.6!important;-webkit-font-smoothing:antialiased!important;max-width:860px!important;margin:0 auto!important;padding:0 20px 60px!important;}
#apcyber-wrapper *{box-sizing:border-box!important;}
#apcyber-wrapper h1{font-size:2em!important;font-weight:700!important;color:#1E1B4B!important;margin:0 0 8px!important;line-height:1.25!important;font-family:'Georgia',serif!important;}
#apcyber-wrapper h2{font-size:1.35em!important;font-weight:700!important;color:#1E1B4B!important;margin:32px 0 10px!important;font-family:'Georgia',serif!important;border-bottom:2px solid #DDD6FE!important;padding-bottom:6px!important;}
#apcyber-wrapper h3{font-size:1.1em!important;font-weight:700!important;color:#6B21A8!important;margin:20px 0 8px!important;font-family:'Georgia',serif!important;}
#apcyber-wrapper p{margin:0 0 14px!important;font-family:'Georgia',serif!important;color:#374151!important;}
#apcyber-wrapper ul,#apcyber-wrapper ol{margin:0 0 14px 20px!important;color:#374151!important;}
#apcyber-wrapper li{margin-bottom:6px!important;font-family:'Georgia',serif!important;}
#apcyber-wrapper code{background:#F3F4F6!important;border:1px solid #E5E7EB!important;padding:1px 5px!important;border-radius:3px!important;font-family:Consolas,Monaco,monospace!important;font-size:.88em!important;color:#1E1B4B!important;}
#apcyber-wrapper pre{background:#1E293B!important;color:#E2E8F0!important;padding:18px!important;border-radius:8px!important;overflow-x:auto!important;font-family:Consolas,Monaco,monospace!important;font-size:.875em!important;line-height:1.6!important;margin:0 0 16px!important;white-space:pre!important;}
#apcyber-wrapper .lesson-hero{background:linear-gradient(135deg,#1E1B4B 0%,#3B0764 60%,#4C1D95 100%)!important;color:#fff!important;padding:36px 28px 28px!important;border-radius:12px!important;margin-bottom:28px!important;}
#apcyber-wrapper .lesson-hero .eyebrow{font-size:.75em!important;font-weight:700!important;letter-spacing:1.5px!important;text-transform:uppercase!important;color:#C4B5FD!important;margin-bottom:8px!important;font-family:'Georgia',serif!important;}
#apcyber-wrapper .lesson-hero h1{color:#fff!important;font-size:1.75em!important;margin-bottom:10px!important;}
#apcyber-wrapper .lesson-hero .sub{color:#DDD6FE!important;font-size:.95em!important;margin:0!important;}
#apcyber-wrapper .obj-box{background:#F5F0FF!important;border-left:4px solid #7C3AED!important;border-radius:0 8px 8px 0!important;padding:16px 20px!important;margin-bottom:24px!important;}
#apcyber-wrapper .obj-box strong{color:#6B21A8!important;display:block!important;margin-bottom:6px!important;font-family:'Georgia',serif!important;}
#apcyber-wrapper .concept-box{background:#EFF6FF!important;border-left:4px solid #2563EB!important;border-radius:0 8px 8px 0!important;padding:16px 20px!important;margin:16px 0!important;}
#apcyber-wrapper .concept-box strong{color:#1D4ED8!important;display:block!important;margin-bottom:4px!important;}
#apcyber-wrapper .warn-box{background:#FEF2F2!important;border-left:4px solid #EF4444!important;border-radius:0 8px 8px 0!important;padding:16px 20px!important;margin:16px 0!important;}
#apcyber-wrapper .warn-box strong{color:#B91C1C!important;display:block!important;margin-bottom:4px!important;}
#apcyber-wrapper .tip-box{background:#F0FDF4!important;border-left:4px solid #16A34A!important;border-radius:0 8px 8px 0!important;padding:16px 20px!important;margin:16px 0!important;}
#apcyber-wrapper .tip-box strong{color:#15803D!important;display:block!important;margin-bottom:4px!important;}
#apcyber-wrapper .key-terms{background:#FFFBEB!important;border:1px solid #FCD34D!important;border-radius:8px!important;padding:16px 20px!important;margin:20px 0!important;}
#apcyber-wrapper .key-terms strong{color:#92400E!important;display:block!important;margin-bottom:8px!important;}
#apcyber-wrapper .key-terms dl{margin:0!important;}
#apcyber-wrapper .key-terms dt{font-weight:700!important;color:#1E1B4B!important;margin-top:6px!important;}
#apcyber-wrapper .key-terms dd{margin:2px 0 0 16px!important;color:#374151!important;}
#apcyber-wrapper table{width:100%!important;border-collapse:collapse!important;margin:16px 0!important;font-size:.9em!important;}
#apcyber-wrapper th{background:#1E1B4B!important;color:#fff!important;padding:10px 12px!important;text-align:left!important;font-family:'Georgia',serif!important;}
#apcyber-wrapper td{padding:9px 12px!important;border-bottom:1px solid #E5E7EB!important;color:#374151!important;vertical-align:top!important;}
#apcyber-wrapper tr:nth-child(even) td{background:#F9FAFB!important;}
#apcyber-wrapper .cfu-section{background:#F9FAFB!important;border:1px solid #E5E7EB!important;border-radius:10px!important;padding:24px!important;margin:28px 0!important;}
#apcyber-wrapper .cfu-section h2{margin-top:0!important;border-color:#E5E7EB!important;}
#apcyber-wrapper .cfu-q{background:#fff!important;border:1px solid #E5E7EB!important;border-radius:8px!important;padding:16px 18px!important;margin:14px 0!important;}
#apcyber-wrapper .cfu-q p.stem{font-weight:700!important;color:#1E1B4B!important;margin-bottom:10px!important;}
#apcyber-wrapper .cfu-opt{display:flex!important;align-items:flex-start!important;gap:10px!important;padding:8px 10px!important;border-radius:6px!important;cursor:pointer!important;margin:4px 0!important;border:1px solid transparent!important;transition:background .15s!important;}
#apcyber-wrapper .cfu-opt:hover{background:#EDE9FE!important;border-color:#C4B5FD!important;}
#apcyber-wrapper .cfu-opt input{margin-top:3px!important;flex-shrink:0!important;accent-color:#7C3AED!important;}
#apcyber-wrapper .cfu-opt label{cursor:pointer!important;color:#374151!important;font-family:'Georgia',serif!important;font-size:.95em!important;}
#apcyber-wrapper .cfu-opt.correct{background:#F0FDF4!important;border-color:#86EFAC!important;}
#apcyber-wrapper .cfu-opt.wrong{background:#FEF2F2!important;border-color:#FCA5A5!important;}
#apcyber-wrapper .cfu-feedback{margin-top:10px!important;padding:10px 14px!important;border-radius:6px!important;font-size:.9em!important;display:none!important;}
#apcyber-wrapper .cfu-feedback.show{display:block!important;}
#apcyber-wrapper .cfu-feedback.ok{background:#F0FDF4!important;color:#15803D!important;border:1px solid #86EFAC!important;}
#apcyber-wrapper .cfu-feedback.no{background:#FEF2F2!important;color:#B91C1C!important;border:1px solid #FCA5A5!important;}
#apcyber-wrapper .btn-check{background:#6B21A8!important;color:#fff!important;border:none!important;padding:10px 22px!important;border-radius:6px!important;cursor:pointer!important;font-family:'Georgia',serif!important;font-weight:700!important;font-size:.95em!important;margin-top:12px!important;}
#apcyber-wrapper .btn-check:link,#apcyber-wrapper .btn-check:visited{color:#fff!important;}
#apcyber-wrapper .score-panel{background:#1E1B4B!important;color:#fff!important;border-radius:10px!important;padding:20px 24px!important;margin-top:20px!important;display:none!important;}
#apcyber-wrapper .score-panel.show{display:block!important;}
#apcyber-wrapper .score-panel .score-num{font-size:2em!important;font-weight:700!important;color:#A78BFA!important;}
#apcyber-wrapper .nav-row{display:flex!important;justify-content:space-between!important;align-items:center!important;margin-top:36px!important;padding-top:20px!important;border-top:1px solid #E5E7EB!important;}
#apcyber-wrapper .nav-btn{display:inline-block!important;padding:10px 20px!important;border-radius:6px!important;font-family:'Georgia',serif!important;font-weight:700!important;font-size:.9em!important;text-decoration:none!important;background:#6B21A8!important;color:#fff!important;}
#apcyber-wrapper .nav-btn:link,#apcyber-wrapper .nav-btn:visited{color:#fff!important;text-decoration:none!important;}
#apcyber-wrapper .nav-btn:hover{background:#7C3AED!important;}
#apcyber-wrapper .nav-btn.secondary{background:#F5F0FF!important;color:#6B21A8!important;}
#apcyber-wrapper .nav-btn.secondary:link,#apcyber-wrapper .nav-btn.secondary:visited{color:#6B21A8!important;}
#apcyber-wrapper .extension{background:#FDF4FF!important;border:1px solid #E9D5FF!important;border-radius:8px!important;padding:16px 20px!important;margin:24px 0!important;}
#apcyber-wrapper .extension strong{color:#7C3AED!important;display:block!important;margin-bottom:6px!important;}
#apcyber-wrapper .matching-pair{display:grid!important;grid-template-columns:1fr 1fr!important;gap:8px!important;margin:8px 0!important;align-items:center!important;}
#apcyber-wrapper select.match-sel{padding:7px 10px!important;border:1px solid #DDD6FE!important;border-radius:6px!important;font-family:'Georgia',serif!important;font-size:.9em!important;color:#1E1B4B!important;background:#fff!important;width:100%!important;}
#apcyber-wrapper .cloze-blank{border:none!important;border-bottom:2px solid #7C3AED!important;background:transparent!important;font-family:'Georgia',serif!important;font-size:.95em!important;color:#1E1B4B!important;width:130px!important;padding:2px 4px!important;outline:none!important;}
</style>
<style>
/* ===== CANONICAL LESSON ADDITIONS ===== */
#apcyber-wrapper .ch-header{background:linear-gradient(135deg,#1E1B4B 0%,#3B0764 60%,#4C1D95 100%)!important;color:#fff!important;padding:36px 28px 24px!important;border-radius:12px!important;margin-bottom:24px!important;}
#apcyber-wrapper .ch-eyebrow{font-size:.75em!important;font-weight:700!important;letter-spacing:1.5px!important;text-transform:uppercase!important;color:#C4B5FD!important;margin-bottom:8px!important;font-family:Georgia,serif!important;}
#apcyber-wrapper .ch-header h1{color:#fff!important;font-size:1.75em!important;margin-bottom:8px!important;}
#apcyber-wrapper .ch-header .ch-sub{color:#DDD6FE!important;font-size:.95em!important;margin:0 0 12px!important;}
#apcyber-wrapper .ch-meta{display:flex!important;flex-wrap:wrap!important;gap:8px!important;margin-top:12px!important;}
#apcyber-wrapper .ch-badge{background:rgba(255,255,255,.12)!important;color:#E9D5FF!important;-webkit-text-fill-color:#E9D5FF!important;font-size:.75em!important;font-weight:600!important;padding:3px 10px!important;border-radius:20px!important;font-family:Georgia,serif!important;}
#apcyber-wrapper .info-box{padding:16px 20px!important;border-radius:8px!important;margin:16px 0!important;}
#apcyber-wrapper .info-box.exam{background:#FFFBEB!important;border-left:4px solid #D97706!important;}
#apcyber-wrapper .info-box.exam .box-label{font-size:.75em!important;font-weight:700!important;text-transform:uppercase!important;letter-spacing:1.5px!important;color:#D97706!important;display:block!important;margin-bottom:6px!important;font-family:Georgia,serif!important;}
#apcyber-wrapper .info-box.exam p{margin:0 0 6px!important;color:#374151!important;font-size:.95em!important;}
#apcyber-wrapper .ek-toggle{background:#FDF4FF!important;border:1px solid #E9D5FF!important;border-radius:8px!important;padding:14px 18px!important;margin:16px 0!important;cursor:pointer!important;display:flex!important;justify-content:space-between!important;align-items:center!important;}
#apcyber-wrapper .ek-toggle .ek-label{font-size:.7em!important;font-weight:700!important;text-transform:uppercase!important;letter-spacing:1.5px!important;color:#D97706!important;font-family:Georgia,serif!important;}
#apcyber-wrapper .ek-toggle h3{margin:4px 0 0!important;font-size:1em!important;font-weight:700!important;color:#1E1B4B!important;}
#apcyber-wrapper .ek-chev{font-size:18px!important;color:#6B21A8!important;-webkit-text-fill-color:#6B21A8!important;transition:transform .2s!important;}
#apcyber-wrapper .ek-body{display:none!important;margin-top:14px!important;}
#apcyber-wrapper .bell-card{border:1px solid #D1FAE5!important;border-top:3px solid #059669!important;border-radius:8px!important;padding:16px 20px!important;margin:16px 0!important;background:#F0FDF4!important;}
#apcyber-wrapper .bell-card .bell-label{font-size:.7em!important;font-weight:700!important;text-transform:uppercase!important;letter-spacing:1.5px!important;color:#059669!important;display:block!important;margin-bottom:4px!important;font-family:Georgia,serif!important;}
#apcyber-wrapper .bell-card .bell-sub{font-size:.85em!important;color:#6B7280!important;margin-bottom:10px!important;}
#apcyber-wrapper .bell-card ol{font-size:.95em!important;line-height:2!important;padding-left:20px!important;color:#374151!important;}
#apcyber-wrapper .bell-answers{background:#fff!important;border:1px solid #BBF7D0!important;border-radius:6px!important;padding:12px 16px!important;margin-top:10px!important;display:none!important;}
#apcyber-wrapper .bell-answers.show{display:block!important;}
#apcyber-wrapper .btn-toggle{background:#059669!important;color:#fff!important;border:none!important;padding:8px 16px!important;border-radius:6px!important;cursor:pointer!important;font-size:.85em!important;font-weight:700!important;font-family:Georgia,serif!important;margin-top:8px!important;}
#apcyber-wrapper .btn-toggle:link,#apcyber-wrapper .btn-toggle:visited{color:#fff!important;}
#apcyber-wrapper .toc-card{background:#F9FAFB!important;border:1px solid #E5E7EB!important;border-radius:8px!important;padding:16px 20px!important;margin:16px 0!important;}
#apcyber-wrapper .toc-card h3{font-size:1em!important;font-weight:700!important;color:#1E1B4B!important;margin:0 0 10px!important;}
#apcyber-wrapper .toc-card ol{margin:0!important;padding-left:20px!important;font-size:.9em!important;}
#apcyber-wrapper .toc-card li{margin-bottom:4px!important;color:#374151!important;}
#apcyber-wrapper .toc-card a:link,.toc-card a:visited{color:#6B21A8!important;-webkit-text-fill-color:#6B21A8!important;}
#apcyber-wrapper .obj-list{list-style:none!important;padding:0!important;margin:0!important;}
#apcyber-wrapper .obj-list li{display:flex!important;gap:8px!important;align-items:flex-start!important;margin-bottom:6px!important;font-size:.95em!important;color:#374151!important;}
#apcyber-wrapper .obj-check::before{content:""☐""!important;font-size:1em!important;flex-shrink:0!important;}
#apcyber-wrapper .mistakes-table{width:100%!important;border-collapse:collapse!important;margin:16px 0!important;font-size:.88em!important;}
#apcyber-wrapper .mistakes-table th{background:#1E1B4B!important;color:#fff!important;padding:10px 12px!important;text-align:left!important;}
#apcyber-wrapper .mistakes-table td{padding:9px 12px!important;border-bottom:1px solid #E5E7EB!important;color:#374151!important;vertical-align:top!important;}
#apcyber-wrapper .mistakes-table tr:nth-child(even) td{background:#F9FAFB!important;}
#apcyber-wrapper .exit-card{border:1px solid #FECACA!important;border-top:3px solid #DC2626!important;border-radius:8px!important;padding:16px 20px!important;margin:16px 0!important;background:#FEF2F2!important;}
#apcyber-wrapper .exit-card .exit-label{font-size:.7em!important;font-weight:700!important;text-transform:uppercase!important;letter-spacing:1.5px!important;color:#DC2626!important;display:block!important;margin-bottom:4px!important;font-family:Georgia,serif!important;}
#apcyber-wrapper .exit-card .exit-sub{font-size:.85em!important;color:#6B7280!important;margin-bottom:10px!important;}
#apcyber-wrapper .exit-card ol{font-size:.95em!important;line-height:2!important;padding-left:20px!important;color:#374151!important;}
#apcyber-wrapper .exit-answers{background:#fff!important;border:1px solid #FECACA!important;border-radius:6px!important;padding:12px 16px!important;margin-top:10px!important;display:none!important;}
#apcyber-wrapper .exit-answers.show{display:block!important;}
#apcyber-wrapper .btn-exit-toggle{background:#DC2626!important;color:#fff!important;border:none!important;padding:8px 16px!important;border-radius:6px!important;cursor:pointer!important;font-size:.85em!important;font-weight:700!important;font-family:Georgia,serif!important;margin-top:8px!important;}
#apcyber-wrapper .btn-exit-toggle:link,#apcyber-wrapper .btn-exit-toggle:visited{color:#fff!important;}
#apcyber-wrapper .tutor-cta{background:linear-gradient(135deg,#1E0D40 0%,#2E1065 60%,#1E3A5F 100%)!important;border-radius:12px!important;padding:28px 32px!important;margin:28px 0 20px!important;display:flex!important;align-items:center!important;gap:24px!important;flex-wrap:wrap!important;}
#apcyber-wrapper .tutor-cta-text{flex:1!important;min-width:200px!important;}
#apcyber-wrapper .tutor-cta-text strong{display:block!important;color:#E9D5FF!important;-webkit-text-fill-color:#E9D5FF!important;font-size:1.05em!important;margin-bottom:6px!important;font-family:Georgia,serif!important;}
#apcyber-wrapper .tutor-cta-text p{color:#C4B5FD!important;-webkit-text-fill-color:#C4B5FD!important;font-size:.88em!important;margin:0!important;}
#apcyber-wrapper .tutor-cta-btn{display:inline-block!important;background:#7C3AED!important;color:#fff!important;-webkit-text-fill-color:#fff!important;padding:10px 22px!important;border-radius:6px!important;font-weight:700!important;font-family:Georgia,serif!important;font-size:.9em!important;text-decoration:none!important;white-space:nowrap!important;}
#apcyber-wrapper .tutor-cta-btn:link,#apcyber-wrapper .tutor-cta-btn:visited{color:#fff!important;-webkit-text-fill-color:#fff!important;text-decoration:none!important;}
#apcyber-wrapper .author-box{border:1px solid #E5E7EB!important;border-radius:10px!important;padding:20px 24px!important;margin:20px 0!important;display:flex!important;gap:18px!important;align-items:flex-start!important;flex-wrap:wrap!important;}
#apcyber-wrapper .author-info{flex:1!important;min-width:200px!important;}
#apcyber-wrapper .author-name{font-size:1.05em!important;font-weight:700!important;color:#1E1B4B!important;margin:0 0 4px!important;font-family:Georgia,serif!important;}
#apcyber-wrapper .author-title{font-size:.85em!important;color:#6B7280!important;margin:0 0 8px!important;}
#apcyber-wrapper .author-stats{display:flex!important;flex-wrap:wrap!important;gap:8px!important;margin-top:8px!important;}
#apcyber-wrapper .author-stat{background:#F5F0FF!important;color:#6B21A8!important;-webkit-text-fill-color:#6B21A8!important;font-size:.8em!important;font-weight:600!important;padding:3px 10px!important;border-radius:20px!important;font-family:Georgia,serif!important;}
#apcyber-wrapper .related-grid{display:grid!important;grid-template-columns:repeat(auto-fill,minmax(200px,1fr))!important;gap:12px!important;margin-top:12px!important;}
#apcyber-wrapper .related-card{display:block!important;padding:12px 16px!important;border:1px solid #DDD6FE!important;border-radius:8px!important;text-decoration:none!important;transition:border-color .15s,background .15s!important;}
#apcyber-wrapper .related-card:hover{background:#F5F0FF!important;border-color:#A78BFA!important;}
#apcyber-wrapper .related-card:link,.related-card:visited{color:#1E1B4B!important;text-decoration:none!important;}
#apcyber-wrapper .related-card .rc-label{font-size:.7em!important;font-weight:700!important;text-transform:uppercase!important;letter-spacing:1px!important;color:#7C3AED!important;margin-bottom:4px!important;font-family:Georgia,serif!important;}
#apcyber-wrapper .related-card .rc-title{font-size:.9em!important;font-weight:700!important;color:#1E1B4B!important;font-family:Georgia,serif!important;}
#apcyber-wrapper .section-num{background:#6B21A8!important;color:#fff!important;-webkit-text-fill-color:#fff!important;font-size:.75em!important;font-weight:700!important;padding:2px 8px!important;border-radius:4px!important;margin-right:8px!important;font-family:Georgia,serif!important;}
#apcyber-wrapper .atk-scenario{background:#F8F4FF!important;border:1px solid #DDD6FE!important;border-radius:8px!important;padding:14px 18px!important;margin:12px 0!important;}
#apcyber-wrapper .atk-scenario strong{color:#6B21A8!important;}
</style><div id=""apcyber-wrapper"" data-lesson-id=""5.5"">
<div class=""ch-header"">
  <div class=""ch-eyebrow"">Unit 5 — Securing Applications and Data  |  Topic 5.5</div>
  <h1>Protecting Applications</h1>
  <p class=""ch-sub"">Secure by design, secure by default, input sanitization, control characters, and defense against injection attacks.</p>
  <div class=""ch-meta"">
    <span class=""ch-badge"">Lesson 5 of 6</span>
    <span class=""ch-badge"">~30 min</span>
    <span class=""ch-badge"">LO 5.5.A – 5.5.B</span>
    <span class=""ch-badge"">Skills: Mitigate Risk</span>
  </div>
</div>

<div class=""info-box exam"">
  <span class=""box-label"">★ AP Exam Focus — Topic 5.5</span>
  <p>• Secure by design: three principles — (1) take ownership of customer security outcomes, (2) embrace radical transparency, (3) build organizational leadership for security</p>
  <p>• Secure by default: security features enabled out of the box; devices/software secure without user configuration</p>
  <p>• Control characters: the characters that applications use to process input — single quote (<code>'</code>), double quote (<code>""</code>), and semicolon (<code>;</code>)</p>
  <p>• Input sanitization: removing or rejecting control characters from user input before processing — defends against SQL injection, XSS, and directory traversal simultaneously</p>
  <p>• Sanitization vs. validation: validation checks if input meets criteria; sanitization removes/rejects dangerous characters</p>
</div>
<div class=""ek-toggle"" onclick=""var b=document.getElementById('ek55-body');var c=document.getElementById('ek55-chev');b.style.display=b.style.display==='none'?'block':'none';c.style.transform=c.style.transform?'':'rotate(180deg)';"">
<div>
<span class=""ek-label"">College Board Essential Knowledge Coverage</span><h3>Topic 5.5 — What Is Testable</h3>
</div>
<span class=""ek-chev"" id=""ek55-chev"">▼</span>
</div>
<div id=""ek55-body"" class=""ek-body""><table class=""vocab-table"">
<thead><tr>
<th>CED Ref</th>
<th>Essential Knowledge</th>
<th>Covered In</th>
</tr></thead>
<tbody>
<tr>
<td style=""font-weight:700!important;white-space:nowrap!important;"">5.5.A.1</td>
<td>Secure by design: initiative encouraging companies to include security in all phases of product development including design; security is a design principle, not just a technical feature</td>
<td style=""color:#6B7280!important;font-size:.88em!important;"">Section 2 — Secure by Design</td>
</tr>
<tr>
<td style=""font-weight:700!important;white-space:nowrap!important;"">5.5.A.2</td>
<td>Three secure by design principles: (1) take ownership of customer security outcomes, (2) embrace radical transparency and accountability, (3) build organizational structure and leadership focused on security</td>
<td style=""color:#6B7280!important;font-size:.88em!important;"">Section 2 — Three Principles</td>
</tr>
<tr>
<td style=""font-weight:700!important;white-space:nowrap!important;"">5.5.A.3</td>
<td>Secure by default: security features enabled by default out of the box; software and devices should be secure to use without user configuration</td>
<td style=""color:#6B7280!important;font-size:.88em!important;"">Section 2 — Secure by Default</td>
</tr>
<tr>
<td style=""font-weight:700!important;white-space:nowrap!important;"">5.5.B.1</td>
<td>Control characters: single quote, double quote, and semicolon. Applications use these to process user input; adversaries exploit them to inject commands.</td>
<td style=""color:#6B7280!important;font-size:.88em!important;"">Section 3 — Control Characters</td>
</tr>
<tr>
<td style=""font-weight:700!important;white-space:nowrap!important;"">5.5.B.2</td>
<td>Input sanitization: verification function removes/rejects control characters and validates input; protects against SQL injection, XSS, and directory traversal attacks</td>
<td style=""color:#6B7280!important;font-size:.88em!important;"">Section 3 — Sanitization</td>
</tr>
</tbody>
</table></div>
<div class=""bell-card"">
<span class=""bell-label"">♡ Bellringer — 3 Questions, 5 Minutes</span><p class=""bell-sub"">Answer independently. No notes.</p>
<ol>
<li>A router is sold with all security features disabled by default, requiring users to manually enable the firewall, change the default password, and turn on WPA3. Does this router follow ""secure by default"" principles? What should the manufacturer do differently?</li>
<li>A developer writes a search function. A user enters: <code>apple' OR '1'='1</code>. The apostrophe in the input is a control character. What attack does this enable, and what should the developer have done to prevent it?</li>
<li>Name the three characters the CED identifies as control characters that applications use to process input. For each, give one example of how an adversary could use it in an attack.</li>
</ol>
<button class=""btn-toggle"" onclick=""var el=document.getElementById('bell-ans');el.classList.toggle('show');this.textContent=el.classList.contains('show')?'Hide Answer Key':'Show Answer Key'"">Show Answer Key</button><div class=""bell-answers"" id=""bell-ans"">
<p style=""margin:4px 0!important;font-size:.9em!important;color:#374151!important;font-family:Georgia,serif!important;""><strong>Q1:</strong> No. Secure by default means security features must be ENABLED out of the box. The router should ship with: firewall enabled, WPA3 on, and no default password (require setup before use). Users should not need to opt into security.</p>
<p style=""margin:4px 0!important;font-size:.9em!important;color:#374151!important;font-family:Georgia,serif!important;""><strong>Q2:</strong> SQL injection. The single quote terminates the string in the SQL query; the rest alters query logic. Prevention: sanitize input by removing/rejecting single quotes and other control characters before building the query (or use parameterized queries).</p>
<p style=""margin:4px 0!important;font-size:.9em!important;color:#374151!important;font-family:Georgia,serif!important;""><strong>Q3:</strong> Single quote ('): terminates SQL string fields, enabling injection. Double quote (""): terminates HTML attribute values, enabling XSS. Semicolon (;): terminates SQL statements, enabling a second injected command (e.g., DROP TABLE).</p>
</div>
</div>
<div class=""toc-card"">
<h3>In This Lesson</h3>
<ol>
<li><a href=""#lo55"">5.5.1 — Learning Objectives</a></li>
<li><a href=""#sbd"">5.5.2 — Secure by Design and Secure by Default (5.5.A)</a></li>
<li><a href=""#sanitize"">5.5.3 — Input Sanitization and Control Characters (5.5.B)</a></li>
<li><a href=""#cfu55"">5.5.4 — Check for Understanding (10 Questions)</a></li>
<li><a href=""#mistakes55"">5.5.5 — Common AP Exam Mistakes</a></li>
<li><a href=""#faq55"">5.5.6 — Key Terms &amp; FAQ</a></li>
</ol>
</div>

<div id=""lo55"">
<h2>
<span class=""section-num"">1</span> 5.5.1 — Learning Objectives</h2>
<ul class=""obj-list"">
<li>
<span class=""obj-check""></span>Identify the three principles of secure by design and the concept of secure by default (5.5.A)</li>
<li>
<span class=""obj-check""></span>Explain what control characters are and how input sanitization protects applications against SQL injection, XSS, and directory traversal (5.5.B)</li>
<li>
<span class=""obj-check""></span>Distinguish input sanitization from input validation (5.5.B)</li>
</ul>
</div>

<div class=""key-terms"">
<strong>Key Terms</strong><dl>
<dt>Secure by design</dt>
<dd>An initiative requiring that security be built into all phases of product development, not added after the fact.</dd>
<dt>Secure by default</dt>
<dd>Security features are enabled by default; products are safe to use immediately out of the box without user configuration.</dd>
<dt>Control characters</dt>
<dd>Characters that applications use to process user input: single quote (<code>'</code>), double quote (<code>""</code>), semicolon (<code>;</code>).</dd>
<dt>Input sanitization</dt>
<dd>A verification function that removes or rejects control characters and potentially malicious input before processing.</dd>
<dt>Input validation</dt>
<dd>Checking whether user input meets expected criteria (type, format, length) before processing. Related to but distinct from sanitization.</dd>
</dl>
</div>

<div id=""sbd"">
<h2>
<span class=""section-num"">2</span> 5.5.2 — Secure by Design and Secure by Default (5.5.A)</h2>
<p>The AP exam includes two related but distinct principles for application security: secure by design addresses how products are built; secure by default addresses how they behave when first deployed.</p>

<h3>Secure by Design (5.5.A.1–2)</h3>
<p>Secure by design is an initiative that encourages companies to treat security as a foundational design principle — not a feature bolted on after development. It has three specific principles tested on the AP exam:</p>

<table>
<tr>
<th>#</th>
<th>Principle</th>
<th>What It Means</th>
</tr>
<tr>
<td>1</td>
<td><strong>Take ownership of customer security outcomes</strong></td>
<td>Companies are responsible for building products that meet their customers' security needs. Security is not the user's problem.</td>
</tr>
<tr>
<td>2</td>
<td><strong>Embrace radical transparency and accountability</strong></td>
<td>Share security-related product news and updates quickly. Public disclosure of vulnerabilities improves security for everyone.</td>
</tr>
<tr>
<td>3</td>
<td><strong>Build organizational structure and leadership for security</strong></td>
<td>Companies need leaders who are focused on security and maintain a security-first posture at the executive level.</td>
</tr>
</table>

<h3>Secure by Default (5.5.A.3)</h3>
<p>Secure by default is a component of secure by design. It means that security features are <em>enabled by default</em> when a product is deployed. Users should not need to configure or enable security — the product should be safe to use immediately out of the box.</p>

<div class=""concept-box"">
<strong>Secure by Default Examples</strong>
<ul>
<li>A router ships with its firewall enabled and requires the user to set a custom password before first use (no default <code>admin/admin</code>).</li>
<li>A web framework automatically escapes user input in database queries, preventing SQL injection by default.</li>
<li>An operating system ships with automatic security updates enabled, not requiring the user to turn them on.</li>
<li>A phone encrypts its storage by default, not requiring the user to enable encryption manually.</li>
</ul>
</div>

<div class=""tip-box"">
<strong>AP Exam Tip</strong>
<p>If an exam question describes a product where security features must be manually enabled by the user, that product does NOT follow secure by default. If it asks about whether a company's security responsibility extends to the design phase, that's secure by design. Know which of the three principles applies to each scenario.</p>
</div>
</div>

<div id=""sanitize"">
<h2>
<span class=""section-num"">3</span> 5.5.3 — Input Sanitization and Control Characters (5.5.B)</h2>
<p>Most application attacks in Unit 5 — SQL injection, XSS, and directory traversal — share a common enabler: the application processes user input without checking it for dangerous content. Input sanitization is the defensive measure that addresses all three simultaneously.</p>

<h3>Control Characters (5.5.B.1)</h3>
<p>Applications use special characters to parse and process user input. These <strong>control characters</strong> define the structure of queries, HTML attributes, and file paths. When an adversary includes these characters in their input, they can break out of the intended data context and inject commands.</p>

<table>
<tr>
<th>Control Character</th>
<th>How Applications Use It</th>
<th>How Attackers Exploit It</th>
</tr>
<tr>
<td>Single quote <code>'</code>
</td>
<td>Terminates string values in SQL queries</td>
<td>Breaks out of the string context to inject SQL commands</td>
</tr>
<tr>
<td>Double quote <code>""</code>
</td>
<td>Terminates HTML attribute values</td>
<td>Breaks out of an HTML attribute to inject JavaScript (XSS)</td>
</tr>
<tr>
<td>Semicolon <code>;</code>
</td>
<td>Terminates SQL statements; used in other query languages</td>
<td>Ends the first statement and starts a second injected statement</td>
</tr>
</table>

<h3>Input Sanitization (5.5.B.2)</h3>
<p>When programmers write applications that accept user input, they should include a sanitization function that either:</p>
<ul>
<li>
<strong>Removes</strong> potentially malicious characters from the input before processing, or</li>
<li>
<strong>Rejects</strong> the input entirely and returns an error, forcing the user to provide valid input.</li>
</ul>

<div class=""concept-box"">
<strong>What Sanitization Protects Against (5.5.B.2 — CED Exact)</strong>
<ul>
<li>SQL injection attacks</li>
<li>XSS attacks</li>
<li>Directory traversal attacks</li>
</ul>
<p>By removing or rejecting control characters like <code>'</code>, <code>""</code>, and <code>;</code>, plus path manipulation characters like <code>../</code>, sanitization removes the adversary's ability to break out of the intended data context. A sanitized input becomes just data — it cannot be interpreted as a command.</p>
</div>

<div class=""warn-box"">
<strong>Sanitization vs. Validation — Know the Difference</strong>
<p><strong>Validation</strong> checks whether input meets expected criteria: is it the right type? The right length? Does it match an expected pattern (e.g., is it a valid email address)?</p>
<p><strong>Sanitization</strong> removes or escapes dangerous characters from input that passes validation — or rejects input that contains them.</p>
<p>Both are needed. Validation alone does not remove dangerous characters; sanitization alone may not catch semantically invalid input.</p>
</div>
</div>

<div class=""cfu-section"" id=""cfu55"">
<h2>Check for Understanding — Topic 5.5</h2>
<div class=""cfu-q"" id=""w5q1"">
<p class=""stem"">1. A smart home thermostat ships with all security features disabled. The user must manually log into an admin console and enable the firewall, change the default password, and activate encrypted communications. Which principle does this thermostat FAIL to follow?</p>
<div class=""cfu-opt"" onclick=""pick('w5q1','A')"">
<input type=""radio"" name=""w5q1"" id=""w5q1A""><label for=""w5q1A"">(A) Secure by design — the product was designed without considering customer security outcomes</label>
</div>
<div class=""cfu-opt"" onclick=""pick('w5q1','B')"">
<input type=""radio"" name=""w5q1"" id=""w5q1B""><label for=""w5q1B"">(B) Secure by default — security features are not enabled out of the box; users must manually configure them</label>
</div>
<div class=""cfu-opt"" onclick=""pick('w5q1','C')"">
<input type=""radio"" name=""w5q1"" id=""w5q1C""><label for=""w5q1C"">(C) Input sanitization — the thermostat does not validate user input on the admin console</label>
</div>
<div class=""cfu-opt"" onclick=""pick('w5q1','D')"">
<input type=""radio"" name=""w5q1"" id=""w5q1D""><label for=""w5q1D"">(D) Radical transparency — the thermostat manufacturer did not disclose the default security settings publicly</label>
</div>
<div class=""cfu-feedback"" id=""w5q1-fb""></div>
</div>
<div class=""cfu-q"" id=""w5q2"">
<p class=""stem"">2. Which of the following BEST describes the ""take ownership of customer security outcomes"" principle of secure by design?</p>
<div class=""cfu-opt"" onclick=""pick('w5q2','A')"">
<input type=""radio"" name=""w5q2"" id=""w5q2A""><label for=""w5q2A"">(A) Companies should build products that meet the security needs of their customers, treating security as a design responsibility rather than the user's problem</label>
</div>
<div class=""cfu-opt"" onclick=""pick('w5q2','B')"">
<input type=""radio"" name=""w5q2"" id=""w5q2B""><label for=""w5q2B"">(B) Companies should require users to configure their own security settings to ensure ownership</label>
</div>
<div class=""cfu-opt"" onclick=""pick('w5q2','C')"">
<input type=""radio"" name=""w5q2"" id=""w5q2C""><label for=""w5q2C"">(C) Companies should disclose all security vulnerabilities publicly within 24 hours of discovery</label>
</div>
<div class=""cfu-opt"" onclick=""pick('w5q2','D')"">
<input type=""radio"" name=""w5q2"" id=""w5q2D""><label for=""w5q2D"">(D) Companies should allow security researchers to test their products freely in exchange for responsible disclosure</label>
</div>
<div class=""cfu-feedback"" id=""w5q2-fb""></div>
</div>
<div class=""cfu-q"" id=""w5q3"">
<p class=""stem"">3. A developer writes code that checks whether a submitted phone number contains only digits before storing it. An adversary submits a phone number containing a single quote character. The validation function accepts it because it only checks for digit count, not content. What attack might this enable, and what additional defense should the developer add?</p>
<div class=""cfu-opt"" onclick=""pick('w5q3','A')"">
<input type=""radio"" name=""w5q3"" id=""w5q3A""><label for=""w5q3A"">(A) Buffer overflow; the developer should add server-side length restrictions</label>
</div>
<div class=""cfu-opt"" onclick=""pick('w5q3','B')"">
<input type=""radio"" name=""w5q3"" id=""w5q3B""><label for=""w5q3B"">(B) Directory traversal; the developer should strip any path characters from the phone number field</label>
</div>
<div class=""cfu-opt"" onclick=""pick('w5q3','C')"">
<input type=""radio"" name=""w5q3"" id=""w5q3C""><label for=""w5q3C"">(C) SQL injection; the developer should add sanitization to remove or reject the single quote before the value is used in a database query</label>
</div>
<div class=""cfu-opt"" onclick=""pick('w5q3','D')"">
<input type=""radio"" name=""w5q3"" id=""w5q3D""><label for=""w5q3D"">(D) XSS; the developer should validate that the phone number is rendered in a separate HTML attribute</label>
</div>
<div class=""cfu-feedback"" id=""w5q3-fb""></div>
</div>
<div class=""cfu-q"" id=""w5q4"">
<p class=""stem"">4. Which of the following inputs MOST clearly demonstrates an adversary attempting to exploit a control character?</p>
<div class=""cfu-opt"" onclick=""pick('w5q4','A')"">
<input type=""radio"" name=""w5q4"" id=""w5q4A""><label for=""w5q4A"">(A) <code>JohnSmith</code></label>
</div>
<div class=""cfu-opt"" onclick=""pick('w5q4','B')"">
<input type=""radio"" name=""w5q4"" id=""w5q4B""><label for=""w5q4B"">(B) <code>password123</code></label>
</div>
<div class=""cfu-opt"" onclick=""pick('w5q4','C')"">
<input type=""radio"" name=""w5q4"" id=""w5q4C""><label for=""w5q4C"">(C) <code>alice@example.com</code></label>
</div>
<div class=""cfu-opt"" onclick=""pick('w5q4','D')"">
<input type=""radio"" name=""w5q4"" id=""w5q4D""><label for=""w5q4D"">(D) <code>Robert'); DROP TABLE students; --</code></label>
</div>
<div class=""cfu-feedback"" id=""w5q4-fb""></div>
</div>
<div class=""cfu-q"" id=""w5q5"">
<p class=""stem"">5. According to the CED, input sanitization protects against which of the following attack types? Select the MOST complete answer.</p>
<div class=""cfu-opt"" onclick=""pick('w5q5','A')"">
<input type=""radio"" name=""w5q5"" id=""w5q5A""><label for=""w5q5A"">(A) SQL injection only, because sanitization specifically targets SQL control characters</label>
</div>
<div class=""cfu-opt"" onclick=""pick('w5q5','B')"">
<input type=""radio"" name=""w5q5"" id=""w5q5B""><label for=""w5q5B"">(B) SQL injection and XSS only, because sanitization removes HTML and SQL special characters</label>
</div>
<div class=""cfu-opt"" onclick=""pick('w5q5','C')"">
<input type=""radio"" name=""w5q5"" id=""w5q5C""><label for=""w5q5C"">(C) SQL injection, XSS, and directory traversal attacks</label>
</div>
<div class=""cfu-opt"" onclick=""pick('w5q5','D')"">
<input type=""radio"" name=""w5q5"" id=""w5q5D""><label for=""w5q5D"">(D) SQL injection, XSS, directory traversal, and buffer overflow attacks</label>
</div>
<div class=""cfu-feedback"" id=""w5q5-fb""></div>
</div>
<div class=""cfu-q"" id=""w5q6"">
<p class=""stem"">6. A web application receives the following input in a comment field: <code>&lt;script&gt;document.cookie&lt;/script&gt;</code>. A sanitization function removes the <code>&lt;</code> and <code>&gt;</code> angle brackets before storing the comment. Which attack does this sanitization defend against?</p>
<div class=""cfu-opt"" onclick=""pick('w5q6','A')"">
<input type=""radio"" name=""w5q6"" id=""w5q6A""><label for=""w5q6A"">(A) SQL injection, because removing angle brackets prevents SQL commands from executing</label>
</div>
<div class=""cfu-opt"" onclick=""pick('w5q6','B')"">
<input type=""radio"" name=""w5q6"" id=""w5q6B""><label for=""w5q6B"">(B) XSS, because removing the tag delimiters prevents the browser from interpreting the input as executable JavaScript</label>
</div>
<div class=""cfu-opt"" onclick=""pick('w5q6','C')"">
<input type=""radio"" name=""w5q6"" id=""w5q6C""><label for=""w5q6C"">(C) Directory traversal, because the angle brackets could be used to navigate file paths</label>
</div>
<div class=""cfu-opt"" onclick=""pick('w5q6','D')"">
<input type=""radio"" name=""w5q6"" id=""w5q6D""><label for=""w5q6D"">(D) Buffer overflow, because removing characters reduces the total input length</label>
</div>
<div class=""cfu-feedback"" id=""w5q6-fb""></div>
</div>
<div class=""cfu-q"" id=""w5q7"">
<p class=""stem"">7. A company's CISO mandates that all security researchers who discover vulnerabilities in the company's products must be given a 90-day window before they publicly disclose. During that time, the company commits to releasing a patch and notifying affected customers. Which secure by design principle does this policy reflect?</p>
<div class=""cfu-opt"" onclick=""pick('w5q7','A')"">
<input type=""radio"" name=""w5q7"" id=""w5q7A""><label for=""w5q7A"">(A) Take ownership of customer security outcomes</label>
</div>
<div class=""cfu-opt"" onclick=""pick('w5q7','B')"">
<input type=""radio"" name=""w5q7"" id=""w5q7B""><label for=""w5q7B"">(B) Build organizational structure and leadership for security</label>
</div>
<div class=""cfu-opt"" onclick=""pick('w5q7','C')"">
<input type=""radio"" name=""w5q7"" id=""w5q7C""><label for=""w5q7C"">(C) Embrace radical transparency and accountability</label>
</div>
<div class=""cfu-opt"" onclick=""pick('w5q7','D')"">
<input type=""radio"" name=""w5q7"" id=""w5q7D""><label for=""w5q7D"">(D) Secure by default</label>
</div>
<div class=""cfu-feedback"" id=""w5q7-fb""></div>
</div>
<div class=""cfu-q"" id=""w5q8"">
<p class=""stem"">8. Which of the following BEST explains why removing the semicolon character from user input is a useful security control in applications that interact with a database?</p>
<div class=""cfu-opt"" onclick=""pick('w5q8','A')"">
<input type=""radio"" name=""w5q8"" id=""w5q8A""><label for=""w5q8A"">(A) The semicolon is used in HTML to terminate attributes, so removing it prevents XSS attacks on database-connected pages</label>
</div>
<div class=""cfu-opt"" onclick=""pick('w5q8','B')"">
<input type=""radio"" name=""w5q8"" id=""w5q8B""><label for=""w5q8B"">(B) Semicolons terminate SQL statements; removing them from user input prevents adversaries from appending a second injected SQL command after the legitimate query</label>
</div>
<div class=""cfu-opt"" onclick=""pick('w5q8','C')"">
<input type=""radio"" name=""w5q8"" id=""w5q8C""><label for=""w5q8C"">(C) Semicolons are used in file paths to navigate directories, so removing them prevents directory traversal</label>
</div>
<div class=""cfu-opt"" onclick=""pick('w5q8','D')"">
<input type=""radio"" name=""w5q8"" id=""w5q8D""><label for=""w5q8D"">(D) Semicolons exceed the maximum character length for database fields and would cause a buffer overflow if not removed</label>
</div>
<div class=""cfu-feedback"" id=""w5q8-fb""></div>
</div>
<div class=""cfu-q"" id=""w5q9"">
<p class=""stem"">9. A developer uses a sanitization function that removes the single quote, double quote, and semicolon from all form submissions before processing. An adversary submits: <code>../../../etc/passwd</code>. Does the sanitization function prevent this attack?</p>
<div class=""cfu-opt"" onclick=""pick('w5q9','A')"">
<input type=""radio"" name=""w5q9"" id=""w5q9A""><label for=""w5q9A"">(A) No; the directory traversal sequence <code>../</code> does not use single quotes, double quotes, or semicolons — the sanitization function must also handle path-manipulation characters like <code>../</code></label>
</div>
<div class=""cfu-opt"" onclick=""pick('w5q9','B')"">
<input type=""radio"" name=""w5q9"" id=""w5q9B""><label for=""w5q9B"">(B) Yes; removing single quotes and semicolons also removes the ability to construct path traversal sequences</label>
</div>
<div class=""cfu-opt"" onclick=""pick('w5q9','C')"">
<input type=""radio"" name=""w5q9"" id=""w5q9C""><label for=""w5q9C"">(C) Yes; the function removes enough characters to break the file path before it reaches the file system</label>
</div>
<div class=""cfu-opt"" onclick=""pick('w5q9','D')"">
<input type=""radio"" name=""w5q9"" id=""w5q9D""><label for=""w5q9D"">(D) No; directory traversal only affects SQL databases, which the sanitization function does protect</label>
</div>
<div class=""cfu-feedback"" id=""w5q9-fb""></div>
</div>
<div class=""cfu-q"" id=""w5q10"">
<p class=""stem"">10. Which of the following CORRECTLY pairs a control character with the attack type it most directly enables?</p>
<div class=""cfu-opt"" onclick=""pick('w5q10','A')"">
<input type=""radio"" name=""w5q10"" id=""w5q10A""><label for=""w5q10A"">(A) Single quote (') — buffer overflow</label>
</div>
<div class=""cfu-opt"" onclick=""pick('w5q10','B')"">
<input type=""radio"" name=""w5q10"" id=""w5q10B""><label for=""w5q10B"">(B) Semicolon (;) — XSS via JavaScript execution in browser</label>
</div>
<div class=""cfu-opt"" onclick=""pick('w5q10','C')"">
<input type=""radio"" name=""w5q10"" id=""w5q10C""><label for=""w5q10C"">(C) Double quote ("") — directory traversal via file path manipulation</label>
</div>
<div class=""cfu-opt"" onclick=""pick('w5q10','D')"">
<input type=""radio"" name=""w5q10"" id=""w5q10D""><label for=""w5q10D"">(D) Single quote (') — SQL injection via string context escape</label>
</div>
<div class=""cfu-feedback"" id=""w5q10-fb""></div>
</div>
<button class=""btn-check"" onclick=""gradeAll()"">Check Answers</button><div class=""score-panel"" id=""score-panel"">
<div>Score: <span class=""score-num"" id=""score-num""></span>
</div>
<p id=""score-msg"" style=""margin:8px 0 0;color:#DDD6FE!important;font-family:Georgia,serif!important;""></p>
</div>
</div>
<h2>⚠ Common AP Exam Mistakes — Topic 5.5</h2>
<table class=""mistakes-table"">
<thead><tr>
<th>Common Mistake</th>
<th>Why It's Wrong</th>
<th>Correct Thinking</th>
</tr></thead>
<tbody>
<tr>
<td><strong>Confusing secure by default with secure by design</strong></td>
<td>Secure by design is the broader initiative (security in all development phases). Secure by default is a specific component of it (security features ON out of the box). Students treat them as identical.</td>
<td style=""color:#15803D!important;"">Secure by design = the philosophy. Secure by default = one of its specific implementations. A product can follow secure by design principles broadly but still fail secure by default on specific settings.</td>
</tr>
<tr>
<td><strong>Thinking sanitization makes validation unnecessary</strong></td>
<td>Sanitization removes dangerous characters; validation checks whether input is correct. A sanitized string might still be logically invalid (wrong format, wrong length). Both are needed.</td>
<td style=""color:#15803D!important;"">Validation checks correctness. Sanitization removes danger. Run both: validate first (reject wrong-type input), then sanitize (remove dangerous characters from what passes validation).</td>
</tr>
<tr>
<td><strong>Missing that semicolons are SQL statement terminators</strong></td>
<td>Students know the single quote breaks SQL strings but miss that the semicolon ends statements, allowing a second command. The combination '... ; DROP TABLE ...' uses both.</td>
<td style=""color:#15803D!important;"">Single quote = breaks out of string. Semicolon = ends the first statement and starts a new one. Both are control characters the CED identifies explicitly.</td>
</tr>
<tr>
<td><strong>Saying input sanitization only protects against SQL injection</strong></td>
<td>5.5.B.2 explicitly lists three attack types sanitization addresses: SQL injection, XSS, and directory traversal. Students often associate sanitization only with SQL.</td>
<td style=""color:#15803D!important;"">Sanitization protects against all three injection/traversal attack types by removing the control characters each attack relies on.</td>
</tr>
<tr>
<td><strong>Confusing ""secure by default"" with ""no default password""</strong></td>
<td>Secure by default covers all security features, not just passwords. Firmware updates, encryption, firewalls, and access controls that are disabled by default all violate secure by default.</td>
<td style=""color:#15803D!important;"">Secure by default: every security feature ships enabled. Users should not need to ""turn on"" security. This includes passwords, but also encryption, update settings, firewalls, and any other security control.</td>
</tr>
</tbody>
</table>
<div id=""faq55"">
<h2>
<span class=""section-num"">6</span> 5.5.6 — Key Terms &amp; FAQ</h2>
<div class=""concept-box"">
<strong>Frequently Asked Questions</strong>
<p><strong>Q: Does input sanitization replace parameterized queries (prepared statements)?</strong><br>
A: The CED focuses on sanitization as the defense. In professional practice, parameterized queries are the gold standard for SQL injection prevention because they never concatenate user input into SQL syntax at all. Sanitization removes dangerous characters; parameterized queries separate data from code entirely. Both achieve protection; the CED tests sanitization.</p>
<p><strong>Q: Is the semicolon a control character in contexts other than SQL?</strong><br>
A: Yes. In many query languages, scripting contexts, and command-line shells, the semicolon separates statements. The CED identifies it as a control character in the context of application input processing.</p>
<p><strong>Q: What is the difference between ""removing"" and ""escaping"" a control character?</strong><br>
A: Removing means deleting the character from the input entirely. Escaping means replacing it with a safe representation (e.g., replacing <code>'</code> with <code>\'</code> so the database treats it as literal data, not syntax). Both are forms of sanitization; the CED uses the term ""sanitize"" without specifying which technique.</p>
<p><strong>Q: Does secure by design apply to hardware, or just software?</strong><br>
A: The CED applies it to ""products"" broadly, including hardware devices. A router, a smart thermostat, or an IoT device that ships insecure-by-default violates secure by default. The principle applies to any product with security-relevant features.</p>
</div>
</div>
<div class=""exit-card"">
<span class=""exit-label"">📋 Exit Ticket — Topic 5.5 | 5 Questions | Ready for Canvas / Google Classroom</span><p class=""exit-sub"">Students submit before leaving.</p>
<ol>
<li>Name the three principles of secure by design from the CED. For each, write one sentence explaining what it requires companies to do. <em>(AP Skill: Identify Principles)</em>
</li>
<li>Explain the difference between secure by design and secure by default, and give one concrete example of a product that violates secure by default. <em>(AP Skill: Distinguish Concepts)</em>
</li>
<li>List the three control characters identified in the CED. For each, identify one attack type it enables and explain how input sanitization removes that attack vector. <em>(AP Skill: Explain Mechanisms)</em>
</li>
<li>A developer builds a form that accepts a username. A user submits: <code>admin""; DELETE FROM users WHERE ""1""=""1</code>. Identify the attack type, which control character enables it, and what the developer should do to prevent it. <em>(AP Skill: Identify and Mitigate)</em>
</li>
<li>According to 5.5.B.2, input sanitization protects against SQL injection, XSS, and directory traversal. Explain why a single sanitization approach addresses all three of these fundamentally different attack types. <em>(AP Skill: Analyze Controls)</em>
</li>
</ol>
<button class=""btn-exit-toggle"" onclick=""var el=document.getElementById('exit-ans');el.classList.toggle('show');this.textContent=el.classList.contains('show')?'Hide Answer Key':'Show Answer Key'"">Show Answer Key</button><div class=""exit-answers"" id=""exit-ans"">
<p style=""margin:4px 0!important;font-size:.9em!important;color:#374151!important;font-family:Georgia,serif!important;""><strong>Q1:</strong> (1) Take ownership of customer security outcomes: build products that meet customers' security needs. (2) Embrace radical transparency and accountability: share security news and vulnerabilities quickly. (3) Build organizational structure and leadership: have security-focused leaders with a security-first posture.</p>
<p style=""margin:4px 0!important;font-size:.9em!important;color:#374151!important;font-family:Georgia,serif!important;""><strong>Q2:</strong> Secure by design is the broad initiative requiring security in all development phases. Secure by default is a specific outcome: security features must be enabled out of the box. Example violation: a router that ships with its firewall disabled and a default password of ""admin"" requires user action to be secure.</p>
<p style=""margin:4px 0!important;font-size:.9em!important;color:#374151!important;font-family:Georgia,serif!important;""><strong>Q3:</strong> Single quote ('): enables SQL injection (breaks string context in SQL); sanitization removes/rejects it. Double quote (""): enables XSS (breaks HTML attribute context); sanitization removes/rejects it. Semicolon (;): enables second SQL statements; sanitization removes/rejects it.</p>
<p style=""margin:4px 0!important;font-size:.9em!important;color:#374151!important;font-family:Georgia,serif!important;""><strong>Q4:</strong> SQL injection or XSS (likely SQL injection based on DELETE statement). The double quote ("") breaks out of the string context. Prevention: sanitization function that removes/rejects double quotes and semicolons before the input is processed.</p>
<p style=""margin:4px 0!important;font-size:.9em!important;color:#374151!important;font-family:Georgia,serif!important;""><strong>Q5:</strong> All three attacks exploit the application's failure to distinguish between user-supplied data and command syntax. Control characters are what allow attackers to break out of the ""data"" context and be interpreted as commands. By removing those control characters, sanitization prevents any of the three attacks — they all require the same class of dangerous characters to work.</p>
</div>
</div>
<div class=""tutor-cta"">
<div class=""tutor-cta-text"">
<strong>Struggling with AP Cybersecurity application security principles?</strong><p>Tanner Crow — AP CS teacher, 5.0 Wyzant rating, 2,067+ tutoring hours. Book a session and nail the exam.</p>
</div>
<a href=""/pages/ap-computer-science-a-tutor"" class=""tutor-cta-btn"">Book a Session →</a>
</div>
<div class=""author-box""><div class=""author-info"">
<p class=""author-name"">Tanner Crow</p>
<p class=""author-title"">AP Computer Science Teacher — Blue Valley North High School, Overland Park KS</p>
<p style=""font-size:.88em!important;color:#374151!important;margin:0!important;"">11+ years teaching AP CS. 5.0 Wyzant rating, 2,067+ tutoring hours, 499+ reviews.</p>
<div class=""author-stats"">
<span class=""author-stat"">11+ Years Teaching</span><span class=""author-stat"">2,067+ Tutoring Hours</span><span class=""author-stat"">499+ Five-Star Reviews</span>
</div>
</div></div>
<h2>Continue Learning</h2>
<div class=""related-grid"">
<a href=""/pages/ap-cyber-unit-5-lesson-6"" class=""related-card""><div class=""rc-label"">Next →</div>
<div class=""rc-title"">5.6: Detecting Attacks on Data and Applications</div></a><a href=""/pages/ap-cyber-unit-5-lesson-1"" class=""related-card""><div class=""rc-label"">Review</div>
<div class=""rc-title"">5.1: Application Attack Types</div></a><a href=""/pages/ap-cybersecurity-practice-exam"" class=""related-card""><div class=""rc-label"">Practice</div>
<div class=""rc-title"">AP Cybersecurity Practice Exam</div></a>
</div>
<div class=""nav-row"">
<a href=""/pages/ap-cyber-unit-5-lesson-4-quiz"" class=""nav-btn secondary"">← Lesson 5.4 Quiz</a><a href=""/pages/ap-cyber-unit-5-lesson-5-exercise-1"" class=""nav-btn"">Exercise 1 →</a>
</div>
</div>
<script>var ANS={w5q1:""B"",w5q2:""A"",w5q3:""C"",w5q4:""D"",w5q5:""C"",w5q6:""B"",w5q7:""C"",w5q8:""B"",w5q9:""A"",w5q10:""D""};var EX={w5q1:""Secure by default means security features are enabled out of the box without user configuration (5.5.A.3). This thermostat requires manual configuration of every security feature — it is the opposite of secure by default."",w5q2:""CED 5.5.A.2 principle 1: \""Companies should build products that meet the security needs of their customers.\"" This means security is a company responsibility, not delegated to users."",w5q3:""The single quote is a SQL control character. When the validation only checks digit count and passes the apostrophe-containing input to a database query, it enables SQL injection. Sanitization would remove or reject the single quote before the value reaches the query."",w5q4:""The sequence <code>Robert'); DROP TABLE students; --</code> contains a closing parenthesis and single quote (breaks out of the SQL string), a semicolon (ends the first statement), a DROP TABLE command (destructive SQL), and <code>--</code> (comments out the rest). This is the textbook SQL injection control character pattern."",w5q5:""CED 5.5.B.2 explicitly lists all three: SQL injection, XSS, and directory traversal. Buffer overflow is not in this list — it is addressed differently (server-side length enforcement on buffers, not character sanitization)."",w5q6:""XSS requires the browser to interpret <code>&lt;script&gt;</code> as an HTML tag, which triggers JavaScript execution. Removing <code><</code> and <code>></code> means the browser sees literal text rather than markup, preventing the script from being parsed and executed."",w5q7:""CED 5.5.A.2 principle 2: \""Companies should embrace radical transparency and accountability. Sharing relevant security-related product news and updates quickly increases security for everyone.\"" The coordinated disclosure window + patch commitment + customer notification is radical transparency."",w5q8:""The semicolon terminates SQL statements (5.5.B.1). An adversary appends <code>; DROP TABLE orders; --</code> to turn one statement into two — the first legitimate, the second destructive. Removing semicolons from input prevents this statement-chaining technique."",w5q9:""The <code>../</code> sequence used in directory traversal does not contain single quotes, double quotes, or semicolons. The sanitization function as described would not remove it. Directory traversal requires additional sanitization that removes <code>../</code> and similar path-manipulation sequences."",w5q10:""The single quote is the primary SQL control character. It terminates string values in SQL queries, allowing an adversary to break out of the string context and inject SQL commands. Options A, B, and C misassign characters to the wrong attack types.""};</script><script>function pick(q,l){document.getElementById(q+l).checked=true;}function gradeAll(){var sc=0,tot=Object.keys(ANS).length;for(var q in ANS){var s=document.querySelector('input[name=""'+q+'""]:checked'),fb=document.getElementById(q+'-fb');document.querySelectorAll('#'+q+' .cfu-opt').forEach(function(o){o.classList.remove('correct','wrong');});if(s){var p=s.id.replace(q,''),c=ANS[q];document.getElementById(q+c).closest('.cfu-opt').classList.add('correct');if(p===c){sc++;fb.className='cfu-feedback ok show';fb.innerHTML='✓ '+EX[q];}else{document.getElementById(q+p).closest('.cfu-opt').classList.add('wrong');fb.className='cfu-feedback no show';fb.innerHTML='✗ Correct: <strong>'+c+'</strong>. '+EX[q];}}else{fb.className='cfu-feedback no show';fb.innerHTML='✗ No answer selected.';}}var el=document.getElementById('score-panel');el.classList.add('show');document.getElementById('score-num').textContent=sc+'/'+tot;var pct=sc/tot,m=pct===1?'Perfect — exam-ready.':pct>=0.8?'Strong — review any misses.':pct>=0.6?'Good — revisit the lesson.':'Review the lesson before moving on.';document.getElementById('score-msg').innerHTML=m;}</script>
<!--APCYBER-LESSON-NAV-START--><style>
#apcyber-lesson-nav, #apcyber-lesson-nav *{all:initial!important;box-sizing:border-box!important;
 font-family:-apple-system,BlinkMacSystemFont,'Segoe UI',Roboto,Helvetica,Arial,sans-serif!important}
#apcyber-lesson-nav{display:block!important;margin:48px auto 8px!important;max-width:880px!important;
 padding:0 16px!important}
#apcyber-lesson-nav .aln-card{display:block!important;background:#FFFFFF!important;
 border:1px solid #E5E1F2!important;border-top:4px solid #6B21A8!important;border-radius:14px!important;
 padding:22px 22px 18px!important;box-shadow:0 6px 22px rgba(30,27,75,.07)!important}
#apcyber-lesson-nav .aln-eyebrow{display:block!important;font-size:12px!important;font-weight:700!important;
 letter-spacing:.09em!important;text-transform:uppercase!important;color:#6B21A8!important;
 -webkit-text-fill-color:#6B21A8!important;margin:0 0 14px!important}
#apcyber-lesson-nav .aln-pn{display:flex!important;gap:12px!important;flex-wrap:wrap!important;margin:0 0 16px!important}
#apcyber-lesson-nav .aln-step{flex:1 1 0!important;min-width:200px!important;display:block!important;
 text-decoration:none!important;border:1px solid #E5E1F2!important;border-radius:11px!important;
 padding:13px 15px!important;background:#FAF8FF!important}
#apcyber-lesson-nav .aln-step:link,#apcyber-lesson-nav .aln-step:visited{color:#1E1B4B!important;-webkit-text-fill-color:#1E1B4B!important}
#apcyber-lesson-nav .aln-step.next{background:#1E1B4B!important;border-color:#1E1B4B!important}
#apcyber-lesson-nav .aln-step.next:link,#apcyber-lesson-nav .aln-step.next:visited{color:#FFFFFF!important;-webkit-text-fill-color:#FFFFFF!important}
#apcyber-lesson-nav .aln-dir{display:block!important;font-size:11px!important;font-weight:700!important;
 letter-spacing:.06em!important;text-transform:uppercase!important;color:#8A7FB0!important;
 -webkit-text-fill-color:#8A7FB0!important;margin:0 0 4px!important}
#apcyber-lesson-nav .aln-step.next .aln-dir{color:#E8A020!important;-webkit-text-fill-color:#E8A020!important;text-align:right!important}
#apcyber-lesson-nav .aln-ttl{display:block!important;font-size:15px!important;font-weight:600!important;line-height:1.3!important}
#apcyber-lesson-nav .aln-step.next .aln-ttl{text-align:right!important}
#apcyber-lesson-nav .aln-links{display:flex!important;flex-wrap:wrap!important;align-items:center!important;
 gap:8px 18px!important;padding-top:15px!important;border-top:1px solid #EDE9FE!important}
#apcyber-lesson-nav .aln-lbl{font-size:13px!important;font-weight:700!important;color:#6B21A8!important;-webkit-text-fill-color:#6B21A8!important}
#apcyber-lesson-nav .aln-links a:link,#apcyber-lesson-nav .aln-links a:visited{font-size:14px!important;
 font-weight:500!important;color:#0F766E!important;-webkit-text-fill-color:#0F766E!important;
 text-decoration:none!important;border-bottom:1px solid rgba(15,118,110,.35)!important;padding-bottom:1px!important}
@media(max-width:560px){#apcyber-lesson-nav .aln-step{flex:1 1 100%!important}}
</style><div id=""apcyber-lesson-nav""><div class=""aln-card"">
<span class=""aln-eyebrow"">AP Cybersecurity · Unit 5 · Lesson 5.5</span><div class=""aln-pn"">
<a class=""aln-step prev"" href=""/pages/ap-cyber-unit-5-lesson-4""><span class=""aln-dir"">← Previous</span><span class=""aln-ttl"">5.4 Asymmetric Cryptography</span></a><a class=""aln-step next"" href=""/pages/ap-cyber-unit-5-lesson-6""><span class=""aln-dir"">Next →</span><span class=""aln-ttl"">5.6 Detecting Attacks on Data and Applications</span></a>
</div>
<div class=""aln-links"">
<span class=""aln-lbl"">Keep going:</span><a href=""/pages/ap-cybersecurity-unit-5-securing-applications-and-data"">Unit 5 Study Guide</a><a href=""/pages/ap-cyber-unit-5-exam"">Unit 5 Exam</a><a href=""/pages/ap-cybersecurity-complete-course-guide"">Course Guide</a><a href=""/pages/ap-cybersecurity-study-guide"">All Study Guides</a><a href=""/pages/ap-cybersecurity-practice-questions"">Practice Questions</a><a href=""/pages/ap-cybersecurity-score-calculator"">Score Calculator</a>
</div>
</div></div><!--APCYBER-LESSON-NAV-END-->"
